vector,request,expected,observed,latency_us,correct
0,000011003b22001b,0000110022000000,0000110022000000,15035.3,True
1,0001110015220038,0001110022000000,0001110022000000,21561.6,True
2,0002110027220053,0002110022000000,0002110022000000,12287.0,True
3,0003110010220008,0003110022000000,0003110022000000,17719.1,True
4,0004110042220043,0004110022000000,0004110022000000,15960.5,True
5,0005110018220055,0005110022000000,0005110022000000,16806.8,True
6,000611002c220001,0006110022000000,0006110022000000,16816.0,True
7,0007110024220031,0007110022000000,0007110022000000,17180.1,True
8,0008110023220043,0008110022000000,0008110022000000,16765.0,True
9,000911005322003b,0009110022000000,0009110022000000,16692.0,True
10,000a11000b220006,000a110022000000,000a110022000000,17743.9,True
11,000b110049220024,000b110022000000,000b110022000000,16494.5,True
12,000c11005e220021,000c110022000000,000c110022000000,16804.1,True
13,000d110053220018,000d110022000000,000d110022000000,16975.7,True
14,000e110044220041,000e110022000000,000e110022000000,16989.9,True
15,000f11000322000d,000f110022000000,000f110022000000,16701.2,True
16,0010220045110020,0010220211000000,0010220211000000,17163.7,True
17,001111004622004e,0011110222020000,0011110222020000,16920.7,True
18,001211003d220015,0012110222010000,0012110222010000,16590.9,True
19,001311003722005b,0013110222020000,0013110222020000,17257.6,True
20,001422002f110049,0014220211020000,0014220211020000,17110.9,True
21,001522001c110014,0015220111010000,0015220111010000,16731.8,True
22,0016110013220022,0016110122010000,0016110122010000,17086.0,True
23,001722003111004b,0017220211020000,0017220211020000,16820.8,True
24,001822003e110010,0018220211010000,0018220211010000,16924.4,True
25,0019220052110061,0019220211020000,0019220211020000,16877.6,True
26,001a11000b22004e,001a110122020000,001a110122020000,16788.1,True
27,001b110016220040,001b110122020000,001b110122020000,17176.1,True
28,001c22002c110043,001c220111020000,001c220111020000,17040.4,True
29,001d110057220051,001d110222020000,001d110222020000,16885.3,True
30,001e11003022005a,001e110222020000,001e110222020000,17063.9,True
31,001f22005a11005d,001f220211020000,001f220211020000,16868.7,True
32,0020110034220014,0020110122010000,0020110122010000,16927.6,True
33,0021220054110059,0021220211020000,0021220211020000,16739.0,True
34,002222004411005f,0022220211020000,0022220211020000,17282.2,True
35,0023110052220063,0023110222020000,0023110222020000,16627.9,True
36,0024110015220030,0024110122010000,0024110122010000,17100.9,True
37,0025220050110057,0025220211020000,0025220211020000,18822.1,True
38,002622001c110016,0026220111010000,0026220111010000,16479.1,True
39,0027220041110004,0027220111010000,0027220111010000,15842.6,True
40,002811003822003d,0028110122010000,0028110122010000,16619.3,True
41,002911002f220042,0029110122010000,0029110122010000,16419.5,True
42,002a22004a11002e,002a220211010000,002a220211010000,17059.0,True
43,002b22002211000f,002b220111010000,002b220111010000,18891.0,True
44,002c110057220003,002c110222010000,002c110222010000,15060.1,True
45,002d11003f220030,002d110222010000,002d110222010000,16902.1,True
46,002e11003b220023,002e110222010000,002e110222010000,21034.8,True
47,002f220041110028,002f220211010000,002f220211010000,12945.6,True
48,003022002d11000d,0030220111010000,0030220111010000,16648.9,True
49,0031110045220047,0031110222020000,0031110222020000,16991.6,True
50,003222002611004a,0032220111020000,0032220111020000,16912.8,True
51,003322003311001b,0033220211010000,0033220211010000,16959.7,True
52,0034110046220017,0034110222010000,0034110222010000,16932.6,True
53,0035220062110039,0035220211020000,0035220211020000,16871.4,True
54,003622000911004b,0036220111020000,0036220111020000,17871.3,True
55,003711001822001a,0037110122010000,0037110122010000,16696.1,True
56,0038110014220008,0038110122010000,0038110122010000,16435.7,True
57,0039220063110040,0039220211020000,0039220211020000,16997.8,True
58,003a22003911003b,003a220211020000,003a220211020000,16823.7,True
59,003b22001e110020,003b220111010000,003b220111010000,17149.6,True
60,003c11003e22000e,003c110222010000,003c110222010000,16713.6,True
61,003d220058110033,003d220211020000,003d220211020000,16971.2,True
62,003e220004110038,003e220111020000,003e220111020000,16956.3,True
63,003f11001a220016,003f110122010000,003f110122010000,17295.0,True
64,0040220058110059,0040220211020000,0040220211020000,16591.5,True
65,004122006311005f,0041220211020000,0041220211020000,17035.6,True
66,004222002611004f,0042220111020000,0042220111020000,16915.0,True
67,004311005c220024,0043110222010000,0043110222010000,17031.8,True
68,0044220032110010,0044220211010000,0044220211010000,16833.0,True
69,0045110033220059,0045110122020000,0045110122020000,16952.3,True
70,004622001c11004e,0046220111020000,0046220111020000,17461.3,True
71,004711005122004d,0047110222020000,0047110222020000,16883.7,True
72,004822005d110039,0048220211010000,0048220211010000,16569.4,True
73,004911003e220048,0049110222020000,0049110222020000,16939.8,True
74,004a22001e11003f,004a220111020000,004a220111020000,17250.5,True
75,004b220052110012,004b220211010000,004b220211010000,16978.0,True
76,004c11000222003b,004c110122020000,004c110122020000,16745.2,True
77,004d22001f11004d,004d220111020000,004d220111020000,19352.3,True
78,004e11000a220044,004e110122020000,004e110122020000,14469.4,True
79,004f220031110045,004f220111020000,004f220111020000,16873.2,True
80,0050110052220034,0050110222010000,0050110222010000,16946.0,True
81,0051110040220012,0051110222010000,0051110222010000,17385.1,True
82,005222004d110001,0052220211010000,0052220211010000,17461.4,True
83,0053110053220000,0053110222010000,0053110222010000,16286.6,True
84,005422004c11004d,0054220211020000,0054220211020000,16488.2,True
85,0055110052220052,0055110222020000,0055110222020000,25354.5,True
86,005622001611000d,0056220111010000,0056220111010000,12045.9,True
87,0057110051220048,0057110222020000,0057110222020000,13536.6,True
88,0058220056110055,0058220211020000,0058220211020000,16908.3,True
89,0059220018110011,0059220111010000,0059220111010000,18166.9,True
90,005a110010220009,005a110122010000,005a110122010000,16816.8,True
91,005b22000d110045,005b220111020000,005b220111020000,16036.4,True
92,005c110049220057,005c110222020000,005c110222020000,17932.4,True
93,005d110048220051,005d110222020000,005d110222020000,15626.4,True
94,005e22003a110020,005e220211010000,005e220211010000,16928.3,True
95,005f220020110020,005f220111010000,005f220111010000,19330.7,True
96,006011003a220056,0060110222020000,0060110222020000,14494.0,True
97,006122005311002f,0061220211010000,0061220211010000,17039.2,True
98,006222001a110007,0062220111010000,0062220111010000,16920.8,True
99,0063220057110026,0063220211010000,0063220211010000,16980.9,True
100,000011ee1d22afe0,0000110022000000,0000110022000000,16915.6,True
101,000111e99722ddf7,0001110022000000,0001110022000000,16972.0,True
102,000211267a22e479,0002110022000000,0002110022000000,17204.5,True
103,000311bea8222780,0003110022000000,0003110022000000,16714.9,True
104,00041116fb228dcc,0004110022000000,0004110022000000,17445.9,True
105,0005118f7f220c27,0005110022000000,0005110022000000,16742.5,True
106,0006113dbc22f4bf,0006110022000000,0006110022000000,16817.0,True
107,000711b6e5220adc,0007110022000000,0007110022000000,16789.2,True
108,0008118b06227397,0008110022000000,0008110022000000,17168.8,True
109,000911b63c222b1c,0009110022000000,0009110022000000,16945.6,True
110,000a1198d92268cf,000a110022000000,000a110022000000,16777.4,True
111,000b118168221f47,000b110022000000,000b110022000000,17258.5,True
112,000c111e3822e5da,000c110022000000,000c110022000000,16860.9,True
113,000d117e8d229175,000d110022000000,000d110022000000,16866.6,True
114,000e118a0b220b58,000e110022000000,000e110022000000,16953.0,True
115,000f11e169229a81,000f110022000000,000f110022000000,16881.2,True
116,001011cef522fda4,0010110022000000,0010110022000000,17024.0,True
117,001111d457223d4c,0011110022010000,0011110022010000,16944.2,True
118,001222a2671110c8,0012220211010000,0012220211010000,17170.8,True
119,001311286022d8eb,0013110122020000,0013110122020000,16707.9,True
120,0014114151229508,0014110122020000,0014110122020000,17086.6,True
121,0015226489115aaf,0015220111010000,0015220111010000,16620.3,True
122,00161113482273f8,0016110122010000,0016110122010000,17604.7,True
123,00171136d422f62e,0017110122020000,0017110122020000,29783.9,True
124,0018220dfb11b9e3,0018220111020000,0018220111020000,3358.0,True
125,0019119a8222cc6e,0019110222020000,0019110222020000,16991.2,True
126,001a22a3081136de,001a220211010000,001a220211010000,16991.6,True
127,001b1126f1223cb2,001b110122010000,001b110122010000,16965.9,True
128,001c11259e222577,001c110122010000,001c110122010000,16945.5,True
129,001d11d08d2211e2,001d110222010000,001d110222010000,16999.4,True
130,001e225a14110c39,001e220111010000,001e220111010000,18206.5,True
131,001f11b35622b0e8,001f110222020000,001f110222020000,15272.3,True
132,0020112fee222009,0020110122010000,0020110122010000,16968.5,True
133,002111e08822f437,0021110222020000,0021110222020000,17041.9,True
134,00221159c22244c2,0022110122010000,0022110122010000,17051.3,True
135,0023229dad1190fa,0023220211020000,0023220211020000,16795.2,True
136,002422bf8611e686,0024220211020000,0024220211020000,17389.6,True
137,002522280f114b5f,0025220111010000,0025220111010000,16568.3,True
138,002611399b226457,0026110122010000,0026110122010000,17812.9,True
139,002722062a11e47f,0027220111020000,0027220111020000,17624.8,True
140,002811e51122d600,0028110222020000,0028110222020000,16763.6,True
141,0029119815225f17,0029110222010000,0029110222010000,15842.3,True
142,002a22e9001171bb,002a220211010000,002a220211010000,17563.0,True
143,002b116052225e62,002b110122010000,002b110122010000,16188.1,True
144,002c1165b1226ae4,002c110122010000,002c110122010000,17305.8,True
145,002d1186d82295f2,002d110222020000,002d110222020000,16443.0,True
146,002e22d7dc11128e,002e220211010000,002e220211010000,16978.3,True
147,002f22550111e452,002f220111020000,002f220111020000,16930.8,True
148,003022b270113c1e,0030220211010000,0030220211010000,17069.0,True
149,003111122022288b,0031110122010000,0031110122010000,16793.5,True
150,003222225711a782,0032220111020000,0032220111020000,16923.1,True
151,003311aa52220cbb,0033110222010000,0033110222010000,17105.8,True
152,003411a8c622a03b,0034110222020000,0034110222020000,16685.2,True
153,0035117a01229cd1,0035110122020000,0035110122020000,16842.5,True
154,003622348511c815,0036220111020000,0036220111020000,16852.0,True
155,003722fc9611e70a,0037220211020000,0037220211020000,17026.2,True
156,003811c76622b497,0038110222020000,0038110222020000,16872.3,True
157,00391181192290e7,0039110122020000,0039110122020000,17024.9,True
158,003a228dec115bc3,003a220211010000,003a220211010000,16919.9,True
159,003b119b1c222e1a,003b110222010000,003b110222010000,16952.8,True
160,003c22074f11185b,003c220111010000,003c220111010000,16966.9,True
161,003d22c48811cbf1,003d220211020000,003d220211020000,16881.0,True
162,003e11fced220edd,003e110222010000,003e110222010000,16987.5,True
163,003f22ecfa115784,003f220211010000,003f220211010000,17046.8,True
164,0040113d9f22e9bf,0040110122020000,0040110122020000,16841.8,True
165,004111ae48224d1c,0041110222010000,0041110222010000,17011.9,True
166,0042113d392238d8,0042110122010000,0042110122010000,17854.0,True
167,00431135a5226a08,0043110122010000,0043110122010000,16089.0,True
168,004411308c224688,0044110122010000,0044110122010000,16868.7,True
169,0045221aa11107ea,0045220111010000,0045220111010000,16964.3,True
170,0046222332111ace,0046220111010000,0046220111010000,16950.4,True
171,004722aa1011325e,0047220211010000,0047220211010000,16934.3,True
172,00481159a32223c7,0048110122010000,0048110122010000,17049.7,True
173,004911dba9229c0b,0049110222020000,0049110222020000,16930.6,True
174,004a228dd611fd77,004a220211020000,004a220211020000,16947.3,True
175,004b11ce6222dcf3,004b110222020000,004b110222020000,16948.7,True
176,004c223aae11ccac,004c220111020000,004c220111020000,17208.1,True
177,004d22058911f25d,004d220111020000,004d220111020000,16977.4,True
178,004e11968522130d,004e110222010000,004e110222010000,16921.1,True
179,004f11aa90227373,004f110222020000,004f110222020000,16944.9,True
180,0050227bc01154ce,0050220211010000,0050220211010000,16955.4,True
181,005111eed422368e,0051110222010000,0051110222010000,17089.1,True
182,005222cc9411fb03,0052220211020000,0052220211020000,16521.3,True
183,00531186112218cf,0053110122010000,0053110122010000,17230.5,True
184,005411398a228df5,0054110122020000,0054110122020000,16927.2,True
185,0055227aee11afa8,0055220211020000,0055220211020000,16991.8,True
186,005622e0fe11da8f,0056220211020000,0056220211020000,16988.5,True
187,0057223bc71186e5,0057220111010000,0057220111010000,16982.7,True
188,0058227ade111256,0058220211010000,0058220211010000,16557.8,True
189,005911c4aa2271c9,0059110222020000,0059110222020000,17399.7,True
190,005a113b1d22faa0,005a110122020000,005a110122020000,16771.6,True
191,005b22c7a811993b,005b220211010000,005b220211010000,16582.3,True
192,005c22874d1158b8,005c220211010000,005c220211010000,16941.5,True
193,005d22b613117b8d,005d220211010000,005d220211010000,17129.1,True
194,005e22c4b211297d,005e220211010000,005e220211010000,16880.5,True
195,005f22ba6d11ad01,005f220211020000,005f220211020000,16847.8,True
196,0060229ae1119940,0060220211020000,0060220211020000,16889.0,True
197,006122e6ba11f791,0061220211020000,0061220211020000,16960.0,True
198,006211e84a22d67b,0062110222020000,0062110222020000,17045.8,True
199,0063227e6d11438e,0063220111010000,0063220111010000,16886.0,True
200,000011003b22001b,0000110022000000,0000110022000000,17240.9,True
201,0001110015220038,0001110022000000,0001110022000000,16790.7,True
202,0002110027220053,0002110022000000,0002110022000000,17000.1,True
203,0003110010220008,0003110022000000,0003110022000000,16791.8,True
204,0004110042220043,0004110022000000,0004110022000000,17231.5,True
205,0005110018220055,0005110022000000,0005110022000000,16499.8,True
206,000611002c220001,0006110022000000,0006110022000000,17264.3,True
207,0007110024220031,0007110022000000,0007110022000000,16932.9,True
208,0008110023220043,0008110022000000,0008110022000000,16956.3,True
209,000911005322003b,0009110022000000,0009110022000000,17085.5,True
210,000a11000b220006,000a110022000000,000a110022000000,16581.5,True
211,000b110049220024,000b110022000000,000b110022000000,17160.7,True
212,000c11005e220021,000c110022000000,000c110022000000,17006.6,True
213,000d110053220018,000d110022000000,000d110022000000,16898.8,True
214,000e110044220041,000e110022000000,000e110022000000,16777.7,True
215,000f11000322000d,000f110022000000,000f110022000000,17093.4,True
216,0010220045110020,0010220211000000,0010220211000000,17435.6,True
217,001111004622004e,0011110222020000,0011110222020000,16301.5,True
218,001211003d220015,0012110222010000,0012110222010000,17046.8,True
219,001311003722005b,0013110222020000,0013110222020000,16974.8,True
220,001422002f110049,0014220211020000,0014220211020000,16965.2,True
221,001522001c110014,0015220111010000,0015220111010000,16800.7,True
222,0016110013220022,0016110122010000,0016110122010000,17051.3,True
223,001722003111004b,0017220211020000,0017220211020000,17069.0,True
224,001822003e110010,0018220211010000,0018220211010000,16964.7,True
225,0019220052110061,0019220211020000,0019220211020000,16623.0,True
226,001a11000b22004e,001a110122020000,001a110122020000,17062.9,True
227,001b110016220040,001b110122020000,001b110122020000,17037.9,True
228,001c22002c110043,001c220111020000,001c220111020000,16985.1,True
229,001d110057220051,001d110222020000,001d110222020000,16788.6,True
230,001e11003022005a,001e110222020000,001e110222020000,17115.1,True
231,001f22005a11005d,001f220211020000,001f220211020000,16843.3,True
232,0020110034220014,0020110122010000,0020110122010000,16987.1,True
233,0021220054110059,0021220211020000,0021220211020000,16818.6,True
234,002222004411005f,0022220211020000,0022220211020000,16899.6,True
235,0023110052220063,0023110222020000,0023110222020000,16928.8,True
236,0024110015220030,0024110122010000,0024110122010000,17525.0,True
237,0025220050110057,0025220211020000,0025220211020000,14662.4,True
238,002622001c110016,0026220111010000,0026220111010000,17033.0,True
239,0027220041110004,0027220111010000,0027220111010000,20049.6,True
240,002811003822003d,0028110122010000,0028110122010000,15076.9,True
241,002911002f220042,0029110122010000,0029110122010000,17640.1,True
242,002a22004a11002e,002a220211010000,002a220211010000,14787.8,True
243,002b22002211000f,002b220111010000,002b220111010000,16880.5,True
244,002c110057220003,002c110222010000,002c110222010000,17137.4,True
245,002d11003f220030,002d110222010000,002d110222010000,16742.6,True
246,002e11003b220023,002e110222010000,002e110222010000,17147.5,True
247,002f220041110028,002f220211010000,002f220211010000,16805.2,True
248,003022002d11000d,0030220111010000,0030220111010000,16814.6,True
249,0031110045220047,0031110222020000,0031110222020000,16993.2,True
250,003222002611004a,0032220111020000,0032220111020000,16999.7,True
251,003322003311001b,0033220211010000,0033220211010000,16863.4,True
252,0034110046220017,0034110222010000,0034110222010000,16806.6,True
253,0035220062110039,0035220211020000,0035220211020000,16851.5,True
254,003622000911004b,0036220111020000,0036220111020000,17091.1,True
255,003711001822001a,0037110122010000,0037110122010000,17122.9,True
256,0038110014220008,0038110122010000,0038110122010000,16722.2,True
257,0039220063110040,0039220211020000,0039220211020000,17145.1,True
258,003a22003911003b,003a220211020000,003a220211020000,16822.0,True
259,003b22001e110020,003b220111010000,003b220111010000,17047.4,True
260,003c11003e22000e,003c110222010000,003c110222010000,16936.3,True
261,003d220058110033,003d220211020000,003d220211020000,16909.1,True
262,003e220004110038,003e220111020000,003e220111020000,16827.5,True
263,003f11001a220016,003f110122010000,003f110122010000,16996.5,True
264,0040220058110059,0040220211020000,0040220211020000,16906.2,True
265,004122006311005f,0041220211020000,0041220211020000,17051.0,True
266,004222002611004f,0042220111020000,0042220111020000,16914.8,True
267,004311005c220024,0043110222010000,0043110222010000,16824.4,True
268,0044220032110010,0044220211010000,0044220211010000,17115.7,True
269,0045110033220059,0045110122020000,0045110122020000,16755.5,True
270,004622001c11004e,0046220111020000,0046220111020000,16869.5,True
271,004711005122004d,0047110222020000,0047110222020000,17103.0,True
272,004822005d110039,0048220211010000,0048220211010000,16790.2,True
273,004911003e220048,0049110222020000,0049110222020000,16801.9,True
274,004a22001e11003f,004a220111020000,004a220111020000,16912.1,True
275,004b220052110012,004b220211010000,004b220211010000,17461.5,True
276,004c11000222003b,004c110122020000,004c110122020000,16287.9,True
277,004d22001f11004d,004d220111020000,004d220111020000,17181.3,True
278,004e11000a220044,004e110122020000,004e110122020000,16917.9,True
279,004f220031110045,004f220111020000,004f220111020000,17020.2,True
280,0050110052220034,0050110222010000,0050110222010000,16745.5,True
281,0051110040220012,0051110222010000,0051110222010000,17134.9,True
282,005222004d110001,0052220211010000,0052220211010000,16944.6,True
283,0053110053220000,0053110222010000,0053110222010000,17206.8,True
284,005422004c11004d,0054220211020000,0054220211020000,22802.8,True
285,0055110052220052,0055110222020000,0055110222020000,10669.1,True
286,005622001611000d,0056220111010000,0056220111010000,16843.4,True
287,0057110051220048,0057110222020000,0057110222020000,17156.0,True
288,0058220056110055,0058220211020000,0058220211020000,18224.1,True
289,0059220018110011,0059220111010000,0059220111010000,16691.1,True
290,005a110010220009,005a110122010000,005a110122010000,17438.9,True
291,005b22000d110045,005b220111020000,005b220111020000,15460.0,True
292,005c110049220057,005c110222020000,005c110222020000,18325.0,True
293,005d110048220051,005d110222020000,005d110222020000,18698.6,True
294,005e22003a110020,005e220211010000,005e220211010000,14862.0,True
295,005f220020110020,005f220111010000,005f220111010000,15592.5,True
296,006011003a220056,0060110222020000,0060110222020000,17332.2,True
297,006122005311002f,0061220211010000,0061220211010000,15760.5,True
298,006222001a110007,0062220111010000,0062220111010000,16844.0,True
299,0063220057110026,0063220211010000,0063220211010000,24086.5,True
300,000011ee1d22afe0,0000110022000000,0000110022000000,9720.4,True
301,000111e99722ddf7,0001110022000000,0001110022000000,16931.2,True
302,000211267a22e479,0002110022000000,0002110022000000,17030.2,True
303,000311bea8222780,0003110022000000,0003110022000000,18758.0,True
304,00041116fb228dcc,0004110022000000,0004110022000000,15375.1,True
305,0005118f7f220c27,0005110022000000,0005110022000000,16660.3,True
306,0006113dbc22f4bf,0006110022000000,0006110022000000,17235.7,True
307,000711b6e5220adc,0007110022000000,0007110022000000,16943.7,True
308,0008118b06227397,0008110022000000,0008110022000000,16949.1,True
309,000911b63c222b1c,0009110022000000,0009110022000000,16936.0,True
310,000a1198d92268cf,000a110022000000,000a110022000000,16877.7,True
311,000b118168221f47,000b110022000000,000b110022000000,16986.1,True
312,000c111e3822e5da,000c110022000000,000c110022000000,17012.5,True
313,000d117e8d229175,000d110022000000,000d110022000000,16836.5,True
314,000e118a0b220b58,000e110022000000,000e110022000000,17020.2,True
315,000f11e169229a81,000f110022000000,000f110022000000,16935.3,True
316,001011cef522fda4,0010110022000000,0010110022000000,16942.3,True
317,001111d457223d4c,0011110022010000,0011110022010000,16955.0,True
318,001222a2671110c8,0012220211010000,0012220211010000,17563.1,True
319,001311286022d8eb,0013110122020000,0013110122020000,16463.7,True
320,0014114151229508,0014110122020000,0014110122020000,16933.2,True
321,0015226489115aaf,0015220111010000,0015220111010000,16804.1,True
322,00161113482273f8,0016110122010000,0016110122010000,16695.9,True
323,00171136d422f62e,0017110122020000,0017110122020000,17177.9,True
324,0018220dfb11b9e3,0018220111020000,0018220111020000,16928.1,True
325,0019119a8222cc6e,0019110222020000,0019110222020000,17013.9,True
326,001a22a3081136de,001a220211010000,001a220211010000,17322.5,True
327,001b1126f1223cb2,001b110122010000,001b110122010000,16465.3,True
328,001c11259e222577,001c110122010000,001c110122010000,16972.2,True
329,001d11d08d2211e2,001d110222010000,001d110222010000,16909.3,True
330,001e225a14110c39,001e220111010000,001e220111010000,17071.4,True
331,001f11b35622b0e8,001f110222020000,001f110222020000,16864.5,True
332,0020112fee222009,0020110122010000,0020110122010000,16954.0,True
333,002111e08822f437,0021110222020000,0021110222020000,16906.8,True
334,00221159c22244c2,0022110122010000,0022110122010000,17543.1,True
335,0023229dad1190fa,0023220211020000,0023220211020000,16018.3,True
336,002422bf8611e686,0024220211020000,0024220211020000,17163.4,True
337,002522280f114b5f,0025220111010000,0025220111010000,16817.3,True
338,002611399b226457,0026110122010000,0026110122010000,17108.7,True
339,002722062a11e47f,0027220111020000,0027220111020000,19362.4,True
340,002811e51122d600,0028110222020000,0028110222020000,18620.7,True
341,0029119815225f17,0029110222010000,0029110222010000,13654.0,True
342,002a22e9001171bb,002a220211010000,002a220211010000,16183.1,True
343,002b116052225e62,002b110122010000,002b110122010000,16556.6,True
344,002c1165b1226ae4,002c110122010000,002c110122010000,16985.8,True
345,002d1186d82295f2,002d110222020000,002d110222020000,16919.6,True
346,002e22d7dc11128e,002e220211010000,002e220211010000,16938.5,True
347,002f22550111e452,002f220111020000,002f220111020000,17191.3,True
348,003022b270113c1e,0030220211010000,0030220211010000,16824.5,True
349,003111122022288b,0031110122010000,0031110122010000,17078.5,True
350,003222225711a782,0032220111020000,0032220111020000,16968.6,True
351,003311aa52220cbb,0033110222010000,0033110222010000,16896.9,True
352,003411a8c622a03b,0034110222020000,0034110222020000,16618.5,True
353,0035117a01229cd1,0035110122020000,0035110122020000,17195.6,True
354,003622348511c815,0036220111020000,0036220111020000,16884.0,True
355,003722fc9611e70a,0037220211020000,0037220211020000,16996.9,True
356,003811c76622b497,0038110222020000,0038110222020000,16947.5,True
357,00391181192290e7,0039110122020000,0039110122020000,18137.5,True
358,003a228dec115bc3,003a220211010000,003a220211010000,21161.1,True
359,003b119b1c222e1a,003b110222010000,003b110222010000,11330.5,True
360,003c22074f11185b,003c220111010000,003c220111010000,16808.2,True
361,003d22c48811cbf1,003d220211020000,003d220211020000,17142.2,True
362,003e11fced220edd,003e110222010000,003e110222010000,16955.2,True
363,003f22ecfa115784,003f220211010000,003f220211010000,16944.9,True
364,0040113d9f22e9bf,0040110122020000,0040110122020000,16937.2,True
365,004111ae48224d1c,0041110222010000,0041110222010000,16922.9,True
366,0042113d392238d8,0042110122010000,0042110122010000,16671.0,True
367,00431135a5226a08,0043110122010000,0043110122010000,16914.3,True
368,004411308c224688,0044110122010000,0044110122010000,16933.0,True
369,0045221aa11107ea,0045220111010000,0045220111010000,16997.5,True
370,0046222332111ace,0046220111010000,0046220111010000,16938.0,True
371,004722aa1011325e,0047220211010000,0047220211010000,16964.7,True
372,00481159a32223c7,0048110122010000,0048110122010000,17102.3,True
373,004911dba9229c0b,0049110222020000,0049110222020000,16837.0,True
374,004a228dd611fd77,004a220211020000,004a220211020000,16947.2,True
375,004b11ce6222dcf3,004b110222020000,004b110222020000,16866.9,True
376,004c223aae11ccac,004c220111020000,004c220111020000,17677.1,True
377,004d22058911f25d,004d220111020000,004d220111020000,16037.6,True
378,004e11968522130d,004e110222010000,004e110222010000,16985.3,True
379,004f11aa90227373,004f110222020000,004f110222020000,17068.1,True
380,0050227bc01154ce,0050220211010000,0050220211010000,17042.6,True
381,005111eed422368e,0051110222010000,0051110222010000,16709.8,True
382,005222cc9411fb03,0052220211020000,0052220211020000,17262.1,True
383,00531186112218cf,0053110122010000,0053110122010000,16999.0,True
384,005411398a228df5,0054110122020000,0054110122020000,16829.8,True
385,0055227aee11afa8,0055220211020000,0055220211020000,16986.4,True
386,005622e0fe11da8f,0056220211020000,0056220211020000,16838.6,True
387,0057223bc71186e5,0057220111010000,0057220111010000,16903.7,True
388,0058227ade111256,0058220211010000,0058220211010000,17039.7,True
389,005911c4aa2271c9,0059110222020000,0059110222020000,19281.5,True
390,005a113b1d22faa0,005a110122020000,005a110122020000,18031.6,True
391,005b22c7a811993b,005b220211010000,005b220211010000,16953.3,True
392,005c22874d1158b8,005c220211010000,005c220211010000,13668.4,True
393,005d22b613117b8d,005d220211010000,005d220211010000,16535.4,True
394,005e22c4b211297d,005e220211010000,005e220211010000,16823.3,True
395,005f22ba6d11ad01,005f220211020000,005f220211020000,17695.1,True
396,0060229ae1119940,0060220211020000,0060220211020000,16570.9,True
397,006122e6ba11f791,0061220211020000,0061220211020000,16630.8,True
398,006211e84a22d67b,0062110222020000,0062110222020000,16903.5,True
399,0063227e6d11438e,0063220111010000,0063220111010000,16969.1,True
400,000011ffff22ffff,0000110022000000,0000110022000000,16925.8,True
401,000122ffff11ffff,0001220011000000,0001220011000000,16998.0,True
402,000211ffff22ffff,0002110022000000,0002110022000000,17122.6,True
403,000322ffff11ffff,0003220011000000,0003220011000000,16559.9,True
404,000411ffff22ffff,0004110022000000,0004110022000000,17192.7,True
405,000522ffff11ffff,0005220011000000,0005220011000000,16430.1,True
406,000611ffff22ffff,0006110022000000,0006110022000000,17338.4,True
407,000722ffff11ffff,0007220011000000,0007220011000000,16781.8,True
408,000811ffff22ffff,0008110022000000,0008110022000000,19526.8,True
409,000922ffff11ffff,0009220011000000,0009220011000000,14595.0,True
410,000a11ffff22ffff,000a110022000000,000a110022000000,16787.0,True
411,000b22ffff11ffff,000b220011000000,000b220011000000,17001.5,True
412,000c11ffff22ffff,000c110022000000,000c110022000000,16719.5,True
413,000d22ffff11ffff,000d220011000000,000d220011000000,16995.5,True
414,000e11ffff22ffff,000e110022000000,000e110022000000,16974.7,True
415,000f22ffff11ffff,000f220011000000,000f220011000000,16855.5,True
416,001011ffff22ffff,0010110022000000,0010110022000000,17071.6,True
417,001122ffff11ffff,0011220011000000,0011220011000000,19898.3,True
418,001211ffff22ffff,0012110022000000,0012110022000000,13958.6,True
419,001322ffff11ffff,0013220011000000,0013220011000000,17058.6,True
420,001411ffff22ffff,0014110022000000,0014110022000000,16812.2,True
421,001522ffff11ffff,0015220011000000,0015220011000000,17067.7,True
422,001611ffff22ffff,0016110022000000,0016110022000000,16958.0,True
423,001722ffff11ffff,0017220011000000,0017220011000000,16907.7,True
424,001811ffff22ffff,0018110022000000,0018110022000000,16897.7,True
425,001922ffff11ffff,0019220011000000,0019220011000000,16941.1,True
426,001a11ffff22ffff,001a110022000000,001a110022000000,16626.8,True
427,001b22ffff11ffff,001b220011000000,001b220011000000,17246.6,True
428,001c11ffff22ffff,001c110022000000,001c110022000000,16991.0,True
429,001d22ffff11ffff,001d220011000000,001d220011000000,16717.1,True
430,001e11ffff22ffff,001e110022000000,001e110022000000,16782.5,True
431,001f22ffff11ffff,001f220011000000,001f220011000000,16874.5,True
432,002011ffff22ffff,0020110022000000,0020110022000000,16847.3,True
433,002122ffff11ffff,0021220011000000,0021220011000000,17085.5,True
434,002211ffff22ffff,0022110022000000,0022110022000000,16753.2,True
435,002322ffff11ffff,0023220011000000,0023220011000000,17134.9,True
436,002411ffff22ffff,0024110022000000,0024110022000000,16900.1,True
437,002522ffff11ffff,0025220011000000,0025220011000000,17193.9,True
438,002611ffff22ffff,0026110022000000,0026110022000000,16661.8,True
439,002722ffff11ffff,0027220011000000,0027220011000000,19570.9,True
440,002811ffff22ffff,0028110022000000,0028110022000000,14521.4,True
441,002922ffff11ffff,0029220011000000,0029220011000000,17493.2,True
442,002a11ffff22ffff,002a110022000000,002a110022000000,16054.3,True
443,002b22ffff11ffff,002b220011000000,002b220011000000,16940.8,True
444,002c11ffff22ffff,002c110022000000,002c110022000000,17506.8,True
445,002d22ffff11ffff,002d220011000000,002d220011000000,16352.3,True
446,002e11ffff22ffff,002e110022000000,002e110022000000,16854.1,True
447,002f22ffff11ffff,002f220011000000,002f220011000000,18207.2,True
448,003011ffff22ffff,0030110022000000,0030110022000000,15748.0,True
449,003122ffff11ffff,0031220011000000,0031220011000000,16922.7,True
450,003211ffff22ffff,0032110022000000,0032110022000000,16997.5,True
451,003322ffff11ffff,0033220011000000,0033220011000000,16970.0,True
452,003411ffff22ffff,0034110022000000,0034110022000000,16839.6,True
453,003522ffff11ffff,0035220011000000,0035220011000000,16930.2,True
454,003611ffff22ffff,0036110022000000,0036110022000000,16968.0,True
455,003722ffff11ffff,0037220011000000,0037220011000000,17024.0,True
456,003811ffff22ffff,0038110022000000,0038110022000000,16720.6,True
457,003922ffff11ffff,0039220011000000,0039220011000000,17167.9,True
458,003a11ffff22ffff,003a110022000000,003a110022000000,16932.3,True
459,003b22ffff11ffff,003b220011000000,003b220011000000,16622.7,True
460,003c11ffff22ffff,003c110022000000,003c110022000000,17223.3,True
461,003d22ffff11ffff,003d220011000000,003d220011000000,16873.3,True
462,003e11ffff22ffff,003e110022000000,003e110022000000,16937.2,True
463,003f22ffff11ffff,003f220011000000,003f220011000000,17012.8,True
464,004011ffff22ffff,0040110022000000,0040110022000000,17013.8,True
465,004122ffff11ffff,0041220011000000,0041220011000000,16625.3,True
466,004211ffff22ffff,0042110022000000,0042110022000000,17404.1,True
467,004322ffff11ffff,0043220011000000,0043220011000000,16816.3,True
468,004411ffff22ffff,0044110022000000,0044110022000000,16794.6,True
469,004522ffff11ffff,0045220011000000,0045220011000000,17295.9,True
470,004611ffff22ffff,0046110022000000,0046110022000000,16881.8,True
471,004722ffff11ffff,0047220011000000,0047220011000000,16499.1,True
472,004811ffff22ffff,0048110022000000,0048110022000000,16901.4,True
473,004922ffff11ffff,0049220011000000,0049220011000000,17288.5,True
474,004a11ffff22ffff,004a110022000000,004a110022000000,16758.3,True
475,004b22ffff11ffff,004b220011000000,004b220011000000,16981.9,True
476,004c11ffff22ffff,004c110022000000,004c110022000000,16666.3,True
477,004d22ffff11ffff,004d220011000000,004d220011000000,17030.0,True
478,004e11ffff22ffff,004e110022000000,004e110022000000,17068.8,True
479,004f22ffff11ffff,004f220011000000,004f220011000000,17070.5,True
480,005011ffff22ffff,0050110022000000,0050110022000000,16774.2,True
481,005122ffff11ffff,0051220011000000,0051220011000000,16948.3,True
482,005211ffff22ffff,0052110022000000,0052110022000000,16944.4,True
483,005322ffff11ffff,0053220011000000,0053220011000000,17151.6,True
484,005411ffff22ffff,0054110022000000,0054110022000000,16528.8,True
485,005522ffff11ffff,0055220011000000,0055220011000000,16835.7,True
486,005611ffff22ffff,0056110022000000,0056110022000000,16954.4,True
487,005722ffff11ffff,0057220011000000,0057220011000000,17064.5,True
488,005811ffff22ffff,0058110022000000,0058110022000000,16737.4,True
489,005922ffff11ffff,0059220011000000,0059220011000000,17069.5,True
490,005a11ffff22ffff,005a110022000000,005a110022000000,18329.9,True
491,005b22ffff11ffff,005b220011000000,005b220011000000,17298.1,True
492,005c11ffff22ffff,005c110022000000,005c110022000000,16994.9,True
493,005d22ffff11ffff,005d220011000000,005d220011000000,17222.2,True
494,005e11ffff22ffff,005e110022000000,005e110022000000,17593.4,True
495,005f22ffff11ffff,005f220011000000,005f220011000000,15771.2,True
496,0000110000220000,0000110022000000,0000110022000000,16093.6,True
497,0001220000110000,0001220011000000,0001220011000000,17188.2,True
498,0002110000220000,0002110022000000,0002110022000000,15855.8,True
499,0003220000110000,0003220011000000,0003220011000000,17597.3,True
500,0004110000220000,0004110022000000,0004110022000000,16559.3,True
501,0005220000110000,0005220011000000,0005220011000000,16662.2,True
502,0006110000220000,0006110022000000,0006110022000000,16833.0,True
503,0007220000110000,0007220011000000,0007220011000000,17019.3,True
504,0008110000220000,0008110022000000,0008110022000000,16978.8,True
505,0009220000110000,0009220011000000,0009220011000000,16920.3,True
506,000a110000220000,000a110022000000,000a110022000000,17040.4,True
507,000b220000110000,000b220011000000,000b220011000000,16836.6,True
508,000c110000220000,000c110022000000,000c110022000000,16966.0,True
509,000d220000110000,000d220011000000,000d220011000000,17073.2,True
510,000e110000220000,000e110022000000,000e110022000000,16982.5,True
511,000f220000110000,000f220011000000,000f220011000000,16967.2,True
512,0010110000220000,0010110022000000,0010110022000000,16890.5,True
513,0011220000110000,0011220011000000,0011220011000000,16861.3,True
514,0012110000220000,0012110022000000,0012110022000000,17156.0,True
515,0013220000110000,0013220011000000,0013220011000000,16829.9,True
516,0014110000220000,0014110022000000,0014110022000000,16992.6,True
517,0015220000110000,0015220011000000,0015220011000000,17050.0,True
518,0016110000220000,0016110022000000,0016110022000000,16842.8,True
519,0017220000110000,0017220011000000,0017220011000000,17090.5,True
520,0018110000220000,0018110022000000,0018110022000000,17014.7,True
521,0019220000110000,0019220011000000,0019220011000000,16983.3,True
522,001a110000220000,001a110022000000,001a110022000000,16920.7,True
523,001b220000110000,001b220011000000,001b220011000000,17012.5,True
524,001c110000220000,001c110022000000,001c110022000000,17155.4,True
525,001d220000110000,001d220011000000,001d220011000000,16695.4,True
526,001e110000220000,001e110022000000,001e110022000000,17111.3,True
527,001f220000110000,001f220011000000,001f220011000000,16600.1,True
528,0020110000220000,0020110022000000,0020110022000000,16897.8,True
529,0021220000110000,0021220011000000,0021220011000000,17183.3,True
530,0022110000220000,0022110022000000,0022110022000000,16842.9,True
531,0023220000110000,0023220011000000,0023220011000000,17175.4,True
532,0024110000220000,0024110022000000,0024110022000000,16562.8,True
533,0025220000110000,0025220011000000,0025220011000000,17084.1,True
534,0026110000220000,0026110022000000,0026110022000000,17190.3,True
535,0027220000110000,0027220011000000,0027220011000000,16479.3,True
536,0028110000220000,0028110022000000,0028110022000000,17007.0,True
537,0029220000110000,0029220011000000,0029220011000000,16959.1,True
538,002a110000220000,002a110022000000,002a110022000000,16960.1,True
539,002b220000110000,002b220011000000,002b220011000000,18248.6,True
540,002c110000220000,002c110022000000,002c110022000000,16135.6,True
541,002d220000110000,002d220011000000,002d220011000000,16600.1,True
542,002e110000220000,002e110022000000,002e110022000000,16683.6,True
543,002f220000110000,002f220011000000,002f220011000000,16972.3,True
544,0030110000220000,0030110022000000,0030110022000000,16952.5,True
545,0031220000110000,0031220011000000,0031220011000000,16782.3,True
546,0032110000220000,0032110022000000,0032110022000000,17188.3,True
547,0033220000110000,0033220011000000,0033220011000000,16908.6,True
548,0034110000220000,0034110022000000,0034110022000000,16743.5,True
549,0035220000110000,0035220011000000,0035220011000000,17461.0,True
550,0036110000220000,0036110022000000,0036110022000000,16561.0,True
551,0037220000110000,0037220011000000,0037220011000000,16928.2,True
552,0038110000220000,0038110022000000,0038110022000000,17782.6,True
553,0039220000110000,0039220011000000,0039220011000000,16017.6,True
554,003a110000220000,003a110022000000,003a110022000000,17046.7,True
555,003b220000110000,003b220011000000,003b220011000000,16880.2,True
556,003c110000220000,003c110022000000,003c110022000000,16955.2,True
557,003d220000110000,003d220011000000,003d220011000000,17022.7,True
558,003e110000220000,003e110022000000,003e110022000000,16906.6,True
559,003f220000110000,003f220011000000,003f220011000000,17384.4,True
560,0040110000220000,0040110022000000,0040110022000000,16685.0,True
561,0041220000110000,0041220011000000,0041220011000000,17000.7,True
562,0042110000220000,0042110022000000,0042110022000000,16955.1,True
563,0043220000110000,0043220011000000,0043220011000000,17076.4,True
564,0044110000220000,0044110022000000,0044110022000000,16806.5,True
565,0045220000110000,0045220011000000,0045220011000000,16928.6,True
566,0046110000220000,0046110022000000,0046110022000000,16893.8,True
567,0047220000110000,0047220011000000,0047220011000000,17030.3,True
568,0048110000220000,0048110022000000,0048110022000000,16701.4,True
569,0049220000110000,0049220011000000,0049220011000000,16845.7,True
570,004a110000220000,004a110022000000,004a110022000000,17359.9,True
571,004b220000110000,004b220011000000,004b220011000000,16823.2,True
572,004c110000220000,004c110022000000,004c110022000000,16602.8,True
573,004d220000110000,004d220011000000,004d220011000000,17113.3,True
574,004e110000220000,004e110022000000,004e110022000000,16774.7,True
575,004f220000110000,004f220011000000,004f220011000000,16982.6,True
576,0050110000220000,0050110022000000,0050110022000000,17199.5,True
577,0051220000110000,0051220011000000,0051220011000000,16979.1,True
578,0052110000220000,0052110022000000,0052110022000000,16671.1,True
579,0053220000110000,0053220011000000,0053220011000000,16820.7,True
580,0054110000220000,0054110022000000,0054110022000000,17060.1,True
581,0055220000110000,0055220011000000,0055220011000000,16853.9,True
582,0056110000220000,0056110022000000,0056110022000000,16999.8,True
583,0057220000110000,0057220011000000,0057220011000000,17228.3,True
584,0058110000220000,0058110022000000,0058110022000000,16945.6,True
585,0059220000110000,0059220011000000,0059220011000000,16845.4,True
586,005a110000220000,005a110022000000,005a110022000000,16910.4,True
587,005b220000110000,005b220011000000,005b220011000000,16953.7,True
588,005c110000220000,005c110022000000,005c110022000000,16901.0,True
589,005d220000110000,005d220011000000,005d220011000000,16879.6,True
590,005e110000220000,005e110022000000,005e110022000000,18336.7,True
591,005f220000110000,005f220011000000,005f220011000000,15945.6,True
592,000011000022ffff,0000110022000000,0000110022000000,18580.6,True
593,000122000011ffff,0001220011000000,0001220011000000,26513.7,True
594,000211000022ffff,0002110022000000,0002110022000000,7217.3,True
595,000322000011ffff,0003220011000000,0003220011000000,17681.7,True
596,000411000022ffff,0004110022000000,0004110022000000,16736.0,True
597,000522000011ffff,0005220011000000,0005220011000000,15656.5,True
598,000611000022ffff,0006110022000000,0006110022000000,16979.0,True
599,000722000011ffff,0007220011000000,0007220011000000,17558.7,True
600,000811000022ffff,0008110022000000,0008110022000000,14985.6,True
601,000922000011ffff,0009220011000000,0009220011000000,18406.0,True
602,000a11000022ffff,000a110022000000,000a110022000000,15322.5,True
603,000b22000011ffff,000b220011000000,000b220011000000,17369.1,True
604,000c11000022ffff,000c110022000000,000c110022000000,16739.4,True
605,000d22000011ffff,000d220011000000,000d220011000000,17204.6,True
606,000e11000022ffff,000e110022000000,000e110022000000,16512.5,True
607,000f22000011ffff,000f220011000000,000f220011000000,16949.4,True
608,001011000022ffff,0010110122020000,0010110122020000,16950.5,True
609,001122000011ffff,0011220111020000,0011220111020000,16771.8,True
610,001211000022ffff,0012110122020000,0012110122020000,17184.3,True
611,001322000011ffff,0013220111020000,0013220111020000,16873.0,True
612,001411000022ffff,0014110122020000,0014110122020000,17145.1,True
613,001522000011ffff,0015220111020000,0015220111020000,16670.1,True
614,001611000022ffff,0016110122020000,0016110122020000,16786.2,True
615,001722000011ffff,0017220111020000,0017220111020000,22281.9,True
616,001811000022ffff,0018110122020000,0018110122020000,11590.6,True
617,001922000011ffff,0019220111020000,0019220111020000,16984.0,True
618,001a11000022ffff,001a110122020000,001a110122020000,17057.5,True
619,001b22000011ffff,001b220111020000,001b220111020000,16874.1,True
620,001c11000022ffff,001c110122020000,001c110122020000,16841.0,True
621,001d22000011ffff,001d220111020000,001d220111020000,17059.4,True
622,001e11000022ffff,001e110122020000,001e110122020000,16906.8,True
623,001f22000011ffff,001f220111020000,001f220111020000,16889.8,True
624,002011000022ffff,0020110122020000,0020110122020000,16842.7,True
625,002122000011ffff,0021220111020000,0021220111020000,16875.8,True
626,002211000022ffff,0022110122020000,0022110122020000,20045.0,True
627,002322000011ffff,0023220111020000,0023220111020000,13848.6,True
628,002411000022ffff,0024110122020000,0024110122020000,16846.9,True
629,002522000011ffff,0025220111020000,0025220111020000,17475.6,True
630,002611000022ffff,0026110122020000,0026110122020000,16869.9,True
631,002722000011ffff,0027220111020000,0027220111020000,16642.3,True
632,002811000022ffff,0028110122020000,0028110122020000,16907.5,True
633,002922000011ffff,0029220111020000,0029220111020000,17222.6,True
634,002a11000022ffff,002a110122020000,002a110122020000,16719.0,True
635,002b22000011ffff,002b220111020000,002b220111020000,16936.3,True
636,002c11000022ffff,002c110122020000,002c110122020000,16932.4,True
637,002d22000011ffff,002d220111020000,002d220111020000,17093.7,True
638,002e11000022ffff,002e110122020000,002e110122020000,16892.7,True
639,002f22000011ffff,002f220111020000,002f220111020000,16767.4,True
640,003011000022ffff,0030110122020000,0030110122020000,20446.1,True
641,003122000011ffff,0031220111020000,0031220111020000,14415.8,True
642,003211000022ffff,0032110122020000,0032110122020000,16728.4,True
643,003322000011ffff,0033220111020000,0033220111020000,17140.8,True
644,003411000022ffff,0034110122020000,0034110122020000,16244.1,True
645,003522000011ffff,0035220111020000,0035220111020000,18583.4,True
646,003611000022ffff,0036110122020000,0036110122020000,14886.8,True
647,003722000011ffff,0037220111020000,0037220111020000,20003.4,True
648,003811000022ffff,0038110122020000,0038110122020000,14908.3,True
649,003922000011ffff,0039220111020000,0039220111020000,16727.1,True
650,003a11000022ffff,003a110122020000,003a110122020000,16234.0,True
651,003b22000011ffff,003b220111020000,003b220111020000,16725.3,True
652,003c11000022ffff,003c110122020000,003c110122020000,17025.9,True
653,003d22000011ffff,003d220111020000,003d220111020000,16851.1,True
654,003e11000022ffff,003e110122020000,003e110122020000,16997.0,True
655,003f22000011ffff,003f220111020000,003f220111020000,16858.6,True
656,004011000022ffff,0040110122020000,0040110122020000,17465.0,True
657,004122000011ffff,0041220111020000,0041220111020000,16748.1,True
658,004211000022ffff,0042110122020000,0042110122020000,18813.9,True
659,004322000011ffff,0043220111020000,0043220111020000,14755.7,True
660,004411000022ffff,0044110122020000,0044110122020000,16808.7,True
661,004522000011ffff,0045220111020000,0045220111020000,17030.5,True
662,004611000022ffff,0046110122020000,0046110122020000,16802.5,True
663,004722000011ffff,0047220111020000,0047220111020000,17370.7,True
664,004811000022ffff,0048110122020000,0048110122020000,16832.0,True
665,004922000011ffff,0049220111020000,0049220111020000,16912.6,True
666,004a11000022ffff,004a110122020000,004a110122020000,16961.2,True
667,004b22000011ffff,004b220111020000,004b220111020000,16970.2,True
668,004c11000022ffff,004c110122020000,004c110122020000,16939.6,True
669,004d22000011ffff,004d220111020000,004d220111020000,16953.4,True
670,004e11000022ffff,004e110122020000,004e110122020000,16929.0,True
671,004f22000011ffff,004f220111020000,004f220111020000,17135.7,True
672,005011000022ffff,0050110122020000,0050110122020000,16556.7,True
673,005122000011ffff,0051220111020000,0051220111020000,17245.0,True
674,005211000022ffff,0052110122020000,0052110122020000,16809.5,True
675,005322000011ffff,0053220111020000,0053220111020000,17068.3,True
676,005411000022ffff,0054110122020000,0054110122020000,16653.0,True
677,005522000011ffff,0055220111020000,0055220111020000,17098.2,True
678,005611000022ffff,0056110122020000,0056110122020000,16762.6,True
679,005722000011ffff,0057220111020000,0057220111020000,17239.6,True
680,005811000022ffff,0058110122020000,0058110122020000,16592.6,True
681,005922000011ffff,0059220111020000,0059220111020000,17147.4,True
682,005a11000022ffff,005a110122020000,005a110122020000,16832.3,True
683,005b22000011ffff,005b220111020000,005b220111020000,17176.8,True
684,005c11000022ffff,005c110122020000,005c110122020000,16902.8,True
685,005d22000011ffff,005d220111020000,005d220111020000,16912.3,True
686,005e11000022ffff,005e110122020000,005e110122020000,16908.6,True
687,005f22000011ffff,005f220111020000,005f220111020000,16941.7,True
688,0000117fff228000,0000110022000000,0000110022000000,16708.7,True
689,0001227fff118000,0001220011000000,0001220011000000,17109.5,True
690,0002117fff228000,0002110022000000,0002110022000000,16685.2,True
691,0003227fff118000,0003220011000000,0003220011000000,17627.9,True
692,0004117fff228000,0004110022000000,0004110022000000,17581.8,True
693,0005227fff118000,0005220011000000,0005220011000000,15167.4,True
694,0006117fff228000,0006110022000000,0006110022000000,17201.1,True
695,0007227fff118000,0007220011000000,0007220011000000,17583.1,True
696,0008117fff228000,0008110022000000,0008110022000000,15408.1,True
697,0009227fff118000,0009220011000000,0009220011000000,16884.0,True
698,000a117fff228000,000a110022000000,000a110022000000,17856.9,True
699,000b227fff118000,000b220011000000,000b220011000000,17873.7,True
700,000c117fff228000,000c110022000000,000c110022000000,15078.4,True
701,000d227fff118000,000d220011000000,000d220011000000,16977.5,True
702,000e117fff228000,000e110022000000,000e110022000000,17130.2,True
703,000f227fff118000,000f220011000000,000f220011000000,16896.6,True
704,0010117fff228000,0010110022020000,0010110022020000,17099.1,True
705,0011227fff118000,0011220211020000,0011220211020000,17031.5,True
706,0012117fff228000,0012110222020000,0012110222020000,16838.7,True
707,0013227fff118000,0013220211020000,0013220211020000,16588.8,True
708,0014117fff228000,0014110222020000,0014110222020000,16708.4,True
709,0015227fff118000,0015220211020000,0015220211020000,17270.1,True
710,0016117fff228000,0016110222020000,0016110222020000,16941.2,True
711,0017227fff118000,0017220211020000,0017220211020000,16577.4,True
712,0018117fff228000,0018110222020000,0018110222020000,17982.9,True
713,0019227fff118000,0019220211020000,0019220211020000,15895.3,True
714,001a117fff228000,001a110222020000,001a110222020000,16923.9,True
715,001b227fff118000,001b220211020000,001b220211020000,16966.3,True
716,001c117fff228000,001c110222020000,001c110222020000,16789.4,True
717,001d227fff118000,001d220211020000,001d220211020000,18649.7,True
718,001e117fff228000,001e110222020000,001e110222020000,15180.3,True
719,001f227fff118000,001f220211020000,001f220211020000,17133.8,True
720,0020117fff228000,0020110222020000,0020110222020000,16926.2,True
721,0021227fff118000,0021220211020000,0021220211020000,16980.8,True
722,0022117fff228000,0022110222020000,0022110222020000,17168.8,True
723,0023227fff118000,0023220211020000,0023220211020000,16686.0,True
724,0024117fff228000,0024110222020000,0024110222020000,16959.0,True
725,0025227fff118000,0025220211020000,0025220211020000,16946.1,True
726,0026117fff228000,0026110222020000,0026110222020000,16939.8,True
727,0027227fff118000,0027220211020000,0027220211020000,17506.3,True
728,0028117fff228000,0028110222020000,0028110222020000,16659.2,True
729,0029227fff118000,0029220211020000,0029220211020000,16463.4,True
730,002a117fff228000,002a110222020000,002a110222020000,17257.9,True
731,002b227fff118000,002b220211020000,002b220211020000,16781.2,True
732,002c117fff228000,002c110222020000,002c110222020000,17059.4,True
733,002d227fff118000,002d220211020000,002d220211020000,17030.3,True
734,002e117fff228000,002e110222020000,002e110222020000,16842.2,True
735,002f227fff118000,002f220211020000,002f220211020000,16901.9,True
736,0030117fff228000,0030110222020000,0030110222020000,16990.4,True
737,0031227fff118000,0031220211020000,0031220211020000,16554.4,True
738,0032117fff228000,0032110222020000,0032110222020000,17051.6,True
739,0033227fff118000,0033220211020000,0033220211020000,16939.2,True
740,0034117fff228000,0034110222020000,0034110222020000,16961.3,True
741,0035227fff118000,0035220211020000,0035220211020000,17801.0,True
742,0036117fff228000,0036110222020000,0036110222020000,17125.7,True
743,0037227fff118000,0037220211020000,0037220211020000,16519.3,True
744,0038117fff228000,0038110222020000,0038110222020000,18152.7,True
745,0039227fff118000,0039220211020000,0039220211020000,14868.4,True
746,003a117fff228000,003a110222020000,003a110222020000,16932.7,True
747,003b227fff118000,003b220211020000,003b220211020000,19181.5,True
748,003c117fff228000,003c110222020000,003c110222020000,14982.6,True
749,003d227fff118000,003d220211020000,003d220211020000,16775.6,True
750,003e117fff228000,003e110222020000,003e110222020000,16820.0,True
751,003f227fff118000,003f220211020000,003f220211020000,17150.5,True
752,0040117fff228000,0040110222020000,0040110222020000,16920.2,True
753,0041227fff118000,0041220211020000,0041220211020000,16521.9,True
754,0042117fff228000,0042110222020000,0042110222020000,22352.0,True
755,0043227fff118000,0043220211020000,0043220211020000,11394.8,True
756,0044117fff228000,0044110222020000,0044110222020000,16957.3,True
757,0045227fff118000,0045220211020000,0045220211020000,16910.2,True
758,0046117fff228000,0046110222020000,0046110222020000,16991.0,True
759,0047227fff118000,0047220211020000,0047220211020000,17735.3,True
760,0048117fff228000,0048110222020000,0048110222020000,16313.2,True
761,0049227fff118000,0049220211020000,0049220211020000,16684.1,True
762,004a117fff228000,004a110222020000,004a110222020000,17198.2,True
763,004b227fff118000,004b220211020000,004b220211020000,17088.6,True
764,004c117fff228000,004c110222020000,004c110222020000,16805.3,True
765,004d227fff118000,004d220211020000,004d220211020000,16970.9,True
766,004e117fff228000,004e110222020000,004e110222020000,16693.3,True
767,004f227fff118000,004f220211020000,004f220211020000,17216.9,True
768,0050117fff228000,0050110222020000,0050110222020000,16880.1,True
769,0051227fff118000,0051220211020000,0051220211020000,17102.2,True
770,0052117fff228000,0052110222020000,0052110222020000,16771.0,True
771,0053227fff118000,0053220211020000,0053220211020000,17031.6,True
772,0054117fff228000,0054110222020000,0054110222020000,16869.6,True
773,0055227fff118000,0055220211020000,0055220211020000,17013.9,True
774,0056117fff228000,0056110222020000,0056110222020000,16885.4,True
775,0057227fff118000,0057220211020000,0057220211020000,16946.7,True
776,0058117fff228000,0058110222020000,0058110222020000,16985.7,True
777,0059227fff118000,0059220211020000,0059220211020000,16925.4,True
778,005a117fff228000,005a110222020000,005a110222020000,16914.7,True
779,005b227fff118000,005b220211020000,005b220211020000,17098.0,True
780,005c117fff228000,005c110222020000,005c110222020000,16779.3,True
781,005d227fff118000,005d220211020000,005d220211020000,17080.4,True
782,005e117fff228000,005e110222020000,005e110222020000,16789.3,True
783,005f227fff118000,005f220211020000,005f220211020000,17300.7,True
784,0000110001220000,0000110022000000,0000110022000000,16377.9,True
785,0001220000110001,0001220011000000,0001220011000000,17324.8,True
786,0002110001220000,0002110022000000,0002110022000000,17423.1,True
787,0003220000110001,0003220011000000,0003220011000000,15972.0,True
788,0004110001220000,0004110022000000,0004110022000000,16950.5,True
789,0005220000110001,0005220011000000,0005220011000000,17280.9,True
790,0006110001220000,0006110022000000,0006110022000000,16821.4,True
791,0007220000110001,0007220011000000,0007220011000000,18458.4,True
792,0008110001220000,0008110022000000,0008110022000000,16187.5,True
793,0009220000110001,0009220011000000,0009220011000000,16527.5,True
794,000a110001220000,000a110022000000,000a110022000000,19271.1,True
795,000b220000110001,000b220011000000,000b220011000000,16761.2,True
796,000c110001220000,000c110022000000,000c110022000000,14216.9,True
797,000d220000110001,000d220011000000,000d220011000000,17149.5,True
798,000e110001220000,000e110022000000,000e110022000000,16738.1,True
799,000f22000f110000,000f220011000000,000f220011000000,17031.7,True
800,0010110001220001,0010110222000000,0010110222000000,16791.7,True
801,0011220000110000,0011220111020000,0011220111020000,17006.7,True
802,001211000122000f,0012110222020000,0012110222020000,17288.9,True
803,0013220010110002,0013220211020000,0013220211020000,17399.6,True
804,0014110001220001,0014110222010000,0014110222010000,16115.3,True
805,0015220000110000,0015220111020000,0015220111020000,17641.8,True
806,001611000122000f,0016110222020000,0016110222020000,16265.2,True
807,0017220010110002,0017220211020000,0017220211020000,16790.9,True
808,0018110001220001,0018110222010000,0018110222010000,16966.5,True
809,0019220000110000,0019220111020000,0019220111020000,17073.9,True
810,001a11000122000f,001a110222020000,001a110222020000,17774.1,True
811,001b220010110002,001b220211020000,001b220211020000,16052.2,True
812,001c110001220001,001c110222010000,001c110222010000,17255.7,True
813,001d220000110000,001d220111020000,001d220111020000,16798.8,True
814,001e11000122000f,001e110222020000,001e110222020000,16982.4,True
815,001f220010110002,001f220211020000,001f220211020000,16780.7,True
816,0020110001220001,0020110222010000,0020110222010000,16954.8,True
817,0021220000110000,0021220111010000,0021220111010000,16941.4,True
818,002211000122000f,0022110122020000,0022110122020000,17102.7,True
819,0023220010110002,0023220211020000,0023220211020000,16864.3,True
820,0024110001220001,0024110222010000,0024110222010000,17122.4,True
821,0025220000110000,0025220111010000,0025220111010000,16609.8,True
822,002611000122000f,0026110122020000,0026110122020000,17166.0,True
823,0027220010110002,0027220211020000,0027220211020000,16465.7,True
824,0028110001220001,0028110222010000,0028110222010000,17164.9,True
825,0029220000110000,0029220111010000,0029220111010000,16795.9,True
826,002a11000122000f,002a110122020000,002a110122020000,17199.7,True
827,002b220010110002,002b220211020000,002b220211020000,16971.3,True
828,002c110001220001,002c110222010000,002c110222010000,16889.5,True
829,002d220000110000,002d220111010000,002d220111010000,16559.2,True
830,002e11000122000f,002e110122020000,002e110122020000,17269.8,True
831,002f220010110002,002f220211020000,002f220211020000,16923.0,True
832,0030110001220001,0030110222010000,0030110222010000,16937.2,True
833,0031220000110000,0031220111010000,0031220111010000,16928.8,True
834,003211000122000f,0032110122020000,0032110122020000,17012.2,True
835,0033220010110002,0033220211020000,0033220211020000,16589.7,True
836,0034110001220001,0034110222010000,0034110222010000,17256.7,True
837,0035220000110000,0035220111010000,0035220111010000,17078.6,True
838,003611000122000f,0036110122020000,0036110122020000,16873.1,True
839,0037220010110002,0037220211020000,0037220211020000,16952.7,True
840,0038110001220001,0038110222010000,0038110222010000,16933.1,True
841,0039220000110000,0039220111010000,0039220111010000,18453.2,True
842,003a11000122000f,003a110122020000,003a110122020000,17184.5,True
843,003b220010110002,003b220211020000,003b220211020000,14333.1,True
844,003c110001220001,003c110222010000,003c110222010000,17101.6,True
845,003d220000110000,003d220111010000,003d220111010000,16859.3,True
846,003e11000122000f,003e110122020000,003e110122020000,17731.2,True
847,003f220010110002,003f220211020000,003f220211020000,14943.5,True
848,0040110001220001,0040110222010000,0040110222010000,17462.3,True
849,0041220000110000,0041220111010000,0041220111010000,17735.0,True
850,004211000122000f,0042110122020000,0042110122020000,15465.2,True
851,0043220010110002,0043220211020000,0043220211020000,18106.2,True
852,0044110001220001,0044110222010000,0044110222010000,15918.3,True
853,0045220000110000,0045220111010000,0045220111010000,16866.1,True
854,004611000122000f,0046110122020000,0046110122020000,17064.1,True
855,0047220010110002,0047220211020000,0047220211020000,16771.9,True
856,0048110001220001,0048110222010000,0048110222010000,16823.0,True
857,0049220000110000,0049220111010000,0049220111010000,17031.9,True
858,004a11000122000f,004a110122020000,004a110122020000,16739.4,True
859,004b220010110002,004b220211020000,004b220211020000,17106.8,True
860,004c110001220001,004c110222010000,004c110222010000,17100.9,True
861,004d220000110000,004d220111010000,004d220111010000,16701.4,True
862,004e11000122000f,004e110122020000,004e110122020000,18051.5,True
863,004f220010110002,004f220211020000,004f220211020000,16090.0,True
864,0050110001220001,0050110222010000,0050110222010000,21837.8,True
865,0051220000110000,0051220111010000,0051220111010000,11708.4,True
866,005211000122000f,0052110122020000,0052110122020000,17090.1,True
867,0053220010110002,0053220211020000,0053220211020000,16921.1,True
868,0054110001220001,0054110222010000,0054110222010000,16892.6,True
869,0055220000110000,0055220111010000,0055220111010000,16924.2,True
870,005611000122000f,0056110122020000,0056110122020000,16915.9,True
871,0057220010110002,0057220211020000,0057220211020000,16977.2,True
872,0058110001220001,0058110222010000,0058110222010000,16887.0,True
873,0059220000110000,0059220111010000,0059220111010000,17263.1,True
874,005a11000122000f,005a110122020000,005a110122020000,16939.2,True
875,005b220010110002,005b220211020000,005b220211020000,16909.5,True
876,005c110001220001,005c110222010000,005c110222010000,16986.4,True
877,005d220000110000,005d220111010000,005d220111010000,16932.0,True
878,005e11000122000f,005e110122020000,005e110122020000,16586.4,True
879,005f220010110002,005f220211020000,005f220211020000,17203.1,True
880,0000118000228000,0000110022000000,0000110022000000,16857.9,True
881,0001228000118000,0001220011000000,0001220011000000,17047.6,True
882,0002118000228000,0002110022000000,0002110022000000,16825.5,True
883,0003228000118000,0003220011000000,0003220011000000,16919.3,True
884,0004118000228000,0004110022000000,0004110022000000,16991.2,True
885,0005228000118000,0005220011000000,0005220011000000,16789.7,True
886,0006118000228000,0006110022000000,0006110022000000,16970.5,True
887,0007228000118000,0007220011000000,0007220011000000,17654.5,True
888,0008118000228000,0008110022000000,0008110022000000,15968.0,True
889,0009228000118000,0009220011000000,0009220011000000,17371.9,True
890,000a118000228000,000a110022000000,000a110022000000,16914.6,True
891,000b228000118000,000b220011000000,000b220011000000,16929.0,True
892,000c118000228000,000c110022000000,000c110022000000,16242.6,True
893,000d228000118000,000d220011000000,000d220011000000,16664.2,True
894,000e118000228000,000e110022000000,000e110022000000,16923.3,True
895,000f228000118000,000f220011000000,000f220011000000,20938.2,True
896,0010118000228000,0010110022000000,0010110022000000,14374.5,True
897,0011228000118000,0011220011000000,0011220011000000,14696.1,True
898,0012118000228000,0012110022000000,0012110022000000,16847.9,True
899,0013228000118000,0013220011000000,0013220011000000,17201.2,True
900,0014118000228000,0014110022000000,0014110022000000,16756.4,True
901,0015228000118000,0015220011000000,0015220011000000,16962.8,True
902,0016118000228000,0016110022000000,0016110022000000,17059.8,True
903,0017228000118000,0017220011000000,0017220011000000,16652.0,True
904,0018118000228000,0018110022000000,0018110022000000,17022.7,True
905,0019228000118000,0019220011000000,0019220011000000,16910.3,True
906,001a118000228000,001a110022000000,001a110022000000,17046.4,True
907,001b228000118000,001b220011000000,001b220011000000,16706.0,True
908,001c118000228000,001c110022000000,001c110022000000,17097.1,True
909,001d228000118000,001d220011000000,001d220011000000,16946.9,True
910,001e118000228000,001e110022000000,001e110022000000,17170.4,True
911,001f228000118000,001f220011000000,001f220011000000,16728.5,True
912,0020118000228000,0020110022000000,0020110022000000,17003.8,True
913,0021228000118000,0021220011000000,0021220011000000,16960.5,True
914,0022118000228000,0022110022000000,0022110022000000,16901.4,True
915,0023228000118000,0023220011000000,0023220011000000,17007.6,True
916,0024118000228000,0024110022000000,0024110022000000,16896.9,True
917,0025228000118000,0025220011000000,0025220011000000,16806.4,True
918,0026118000228000,0026110022000000,0026110022000000,17045.5,True
919,0027228000118000,0027220011000000,0027220011000000,16532.9,True
920,0028118000228000,0028110022000000,0028110022000000,17224.8,True
921,0029228000118000,0029220011000000,0029220011000000,16989.0,True
922,002a118000228000,002a110022000000,002a110022000000,16867.2,True
923,002b228000118000,002b220011000000,002b220011000000,16984.2,True
924,002c118000228000,002c110022000000,002c110022000000,16938.0,True
925,002d228000118000,002d220011000000,002d220011000000,16940.9,True
926,002e118000228000,002e110022000000,002e110022000000,16951.8,True
927,002f228000118000,002f220011000000,002f220011000000,17175.5,True
928,0030118000228000,0030110022000000,0030110022000000,16690.6,True
929,0031228000118000,0031220011000000,0031220011000000,16930.5,True
930,0032118000228000,0032110022000000,0032110022000000,17075.9,True
931,0033228000118000,0033220011000000,0033220011000000,16802.2,True
932,0034118000228000,0034110022000000,0034110022000000,16942.4,True
933,0035228000118000,0035220011000000,0035220011000000,17085.0,True
934,0036118000228000,0036110022000000,0036110022000000,16579.3,True
935,0037228000118000,0037220011000000,0037220011000000,26050.8,True
936,0038118000228000,0038110022000000,0038110022000000,8091.6,True
937,0039228000118000,0039220011000000,0039220011000000,16585.7,True
938,003a118000228000,003a110022000000,003a110022000000,16949.1,True
939,003b228000118000,003b220011000000,003b220011000000,17014.7,True
940,003c118000228000,003c110022000000,003c110022000000,16819.7,True
941,003d228000118000,003d220011000000,003d220011000000,23099.0,True
942,003e118000228000,003e110022000000,003e110022000000,12173.5,True
943,003f228000118000,003f220011000000,003f220011000000,15570.3,True
944,0040118000228000,0040110022000000,0040110022000000,17679.7,True
945,0041228000118000,0041220011000000,0041220011000000,18084.1,True
946,0042118000228000,0042110022000000,0042110022000000,16778.8,True
947,0043228000118000,0043220011000000,0043220011000000,16368.5,True
948,0044118000228000,0044110022000000,0044110022000000,15815.9,True
949,0045228000118000,0045220011000000,0045220011000000,17736.5,True
950,0046118000228000,0046110022000000,0046110022000000,16621.3,True
951,0047228000118000,0047220011000000,0047220011000000,16632.0,True
952,0048118000228000,0048110022000000,0048110022000000,16801.3,True
953,0049228000118000,0049220011000000,0049220011000000,17082.0,True
954,004a118000228000,004a110022000000,004a110022000000,16889.4,True
955,004b228000118000,004b220011000000,004b220011000000,16887.6,True
956,004c118000228000,004c110022000000,004c110022000000,16985.5,True
957,004d228000118000,004d220011000000,004d220011000000,17050.2,True
958,004e118000228000,004e110022000000,004e110022000000,16854.5,True
959,004f228000118000,004f220011000000,004f220011000000,16930.4,True
960,0050118000228000,0050110022000000,0050110022000000,16969.9,True
961,0051228000118000,0051220011000000,0051220011000000,17163.9,True
962,0052118000228000,0052110022000000,0052110022000000,16978.8,True
963,0053228000118000,0053220011000000,0053220011000000,16729.9,True
964,0054118000228000,0054110022000000,0054110022000000,16938.8,True
965,0055228000118000,0055220011000000,0055220011000000,16966.4,True
966,0056118000228000,0056110022000000,0056110022000000,22884.3,True
967,0057228000118000,0057220011000000,0057220011000000,12616.1,True
968,0058118000228000,0058110022000000,0058110022000000,15471.9,True
969,0059228000118000,0059220011000000,0059220011000000,16774.6,True
970,005a118000228000,005a110022000000,005a110022000000,21735.9,True
971,005b228000118000,005b220011000000,005b220011000000,12369.3,True
972,005c118000228000,005c110022000000,005c110022000000,16761.3,True
973,005d228000118000,005d220011000000,005d220011000000,17109.0,True
974,005e118000228000,005e110022000000,005e110022000000,17047.2,True
975,005f228000118000,005f220011000000,005f220011000000,16853.2,True
976,000022ec0611f6f9,0000220011000000,0000220011000000,16945.7,True
977,00012211781150c0,0001220011000000,0001220011000000,16952.2,True
978,000211ab7a224507,0002110022000000,0002110022000000,16940.3,True
979,000322e714113128,0003220011000000,0003220011000000,17005.3,True
980,000411649c22f517,0004110022000000,0004110022000000,16986.5,True
981,000511daa722d30b,0005110022000000,0005110022000000,16824.9,True
982,0006225476115637,0006220011000000,0006220011000000,16971.8,True
983,000722d6d311c4e4,0007220011000000,0007220011000000,16975.5,True
984,000811174e22eaf2,0008110022000000,0008110022000000,16925.1,True
985,0009118b0922b2df,0009110022000000,0009110022000000,16936.3,True
986,000a11a971223832,000a110022000000,000a110022000000,16856.0,True
987,000b22952111c22b,000b220011000000,000b220011000000,17054.6,True
988,000c220642111d7d,000c220011000000,000c220011000000,16954.9,True
989,000d22fd821199ce,000d220011000000,000d220011000000,16678.2,True
990,000e11999a227885,000e110022000000,000e110022000000,17171.4,True
991,000f22751d119b28,000f220011000000,000f220011000000,16923.1,True
992,0010114a3c2257b6,0010110122000000,0010110122000000,17465.3,True
993,0011116bd622081b,0011110122000000,0011110122000000,17966.4,True
994,0012220fbf11b1fe,0012220011020000,0012220011020000,15329.3,True
995,001322246611e869,0013220011020000,0013220011020000,16847.2,True
996,001422149b119bf7,0014220011020000,0014220011020000,16895.1,True
997,0015113bad22bde4,0015110122020000,0015110122020000,17338.7,True
998,001611a9bb223476,0016110222010000,0016110222010000,16590.1,True
999,0017116bee228d02,0017110122020000,0017110122020000,16776.7,True
1000,00182250f4113ebd,0018220111010000,0018220111010000,17012.9,True
1001,001911e06622e952,0019110222020000,0019110222020000,16843.6,True
1002,001a22d1141150f4,001a220211010000,001a220211010000,17111.0,True
1003,001b221aef119ae1,001b220111020000,001b220111020000,16795.6,True
1004,001c11c38822df5c,001c110222020000,001c110222020000,17518.9,True
1005,001d11e00d224073,001d110222010000,001d110222010000,16344.0,True
1006,001e11da272200f1,001e110222010000,001e110222010000,17870.7,True
1007,001f11b63222abeb,001f110222020000,001f110222020000,16140.6,True
1008,002011203122a8ff,0020110122020000,0020110122020000,16759.4,True
1009,002122bcb4117d03,0021220211010000,0021220211010000,16958.8,True
1010,002222133b119fb8,0022220111020000,0022220111020000,17273.6,True
1011,0023221c5e11699d,0023220111010000,0023220111010000,16937.3,True
1012,0024117dc422e93d,0024110122020000,0024110122020000,17081.0,True
1013,0025117394227a17,0025110122010000,0025110122010000,16620.1,True
1014,0026225f81117ecd,0026220111010000,0026220111010000,16869.6,True
1015,002722757811c36d,0027220111020000,0027220111020000,17198.1,True
1016,00281159202261a8,0028110122010000,0028110122010000,16861.7,True
1017,00292264ce11fc5f,0029220111020000,0029220111020000,16785.3,True
1018,002a11266c228d05,002a110122020000,002a110122020000,16885.7,True
1019,002b1147c822c587,002b110122020000,002b110122020000,16990.7,True
1020,002c11af08225f6e,002c110222010000,002c110222010000,16866.9,True
1021,002d22caca1153c3,002d220211010000,002d220211010000,17036.2,True
1022,002e1137a122b010,002e110122020000,002e110122020000,16776.0,True
1023,002f22c67c119ecb,002f220211020000,002f220211020000,17169.5,True
1024,003022b077117af6,0030220211010000,0030220211010000,16832.9,True
1025,003111d99c227289,0031110222010000,0031110222010000,16806.3,True
1026,0032110b1d22726a,0032110122010000,0032110122010000,17140.7,True
1027,003322f0a311bf8c,0033220211020000,0033220211020000,16890.3,True
1028,003422d6c5110ce3,0034220211010000,0034220211010000,17025.7,True
1029,0035112ec42281dc,0035110122010000,0035110122010000,16830.7,True
1030,003622a59411a37a,0036220211020000,0036220211020000,16679.2,True
1031,003711b2dd2284b9,0037110222010000,0037110222010000,17067.9,True
1032,0038118bbb22cc0c,0038110222020000,0038110222020000,17615.8,True
1033,0039222f921193bf,0039220111020000,0039220111020000,16311.9,True
1034,003a2253a5115d77,003a220111010000,003a220111010000,16869.8,True
1035,003b11f1a3226e4d,003b110222010000,003b110222010000,16873.5,True
1036,003c22a74711d81c,003c220211020000,003c220211020000,17122.9,True
1037,003d22a94c116bd3,003d220211010000,003d220211010000,16860.1,True
1038,003e22b07611dceb,003e220211020000,003e220211020000,17220.7,True
1039,003f22176111b943,003f220111020000,003f220111020000,16481.7,True
1040,0040118170229aba,0040110122020000,0040110122020000,17059.1,True
1041,004111c15c22a9c0,0041110222020000,0041110222020000,17018.0,True
1042,0042115683228449,0042110122010000,0042110122010000,16825.6,True
1043,0043119558228a16,0043110222010000,0043110222010000,17275.9,True
1044,004411ca1e222619,0044110222010000,0044110222010000,17686.8,True
1045,004511ce6c2214f2,0045110222010000,0045110222010000,15883.8,True
1046,004622296b11e969,0046220111020000,0046220111020000,17699.2,True
1047,0047115faa2284a1,0047110122020000,0047110122020000,17018.8,True
1048,004822d2cf11fe93,0048220211020000,0048220211020000,15766.7,True
1049,004911e4b7227007,0049110222010000,0049110222010000,17252.5,True
1050,004a22dec511a133,004a220211010000,004a220211010000,16751.2,True
1051,004b222de41191b9,004b220111010000,004b220111010000,16801.5,True
1052,004c11ab092288e0,004c110122020000,004c110122020000,16960.9,True
1053,004d115d3722d2fa,004d110122020000,004d110122020000,17052.9,True
1054,004e22e076117883,004e220211010000,004e220211010000,16853.8,True
1055,004f2214fd11baf6,004f220111020000,004f220111020000,16980.9,True
1056,00501191fb225629,0050110122010000,0050110122010000,16891.7,True
1057,005111af152284db,0051110222020000,0051110222020000,16990.9,True
1058,00521169ba220b70,0052110122010000,0052110122010000,16960.6,True
1059,00532281a51156a2,0053220211010000,0053220211010000,16941.3,True
1060,0054113e58227433,0054110122020000,0054110122020000,17054.6,True
1061,005511b9ea2204bb,0055110222010000,0055110222010000,16899.3,True
1062,0056227fb111ed2d,0056220211020000,0056220211020000,17007.6,True
1063,005722592511ccc5,0057220111020000,0057220111020000,16818.4,True
1064,005811c2b722ab57,0058110222020000,0058110222020000,16987.9,True
1065,005922fca4115afc,0059220211010000,0059220211010000,16899.7,True
1066,005a11a89122ce3f,005a110222020000,005a110222020000,16925.6,True
1067,005b11b56622e264,005b110222020000,005b110222020000,16985.5,True
1068,005c11d0df22d5fe,005c110222020000,005c110222020000,16789.7,True
1069,005d1145b122bce7,005d110122020000,005d110122020000,17172.0,True
1070,005e11e4b82200b7,005e110222010000,005e110222010000,16714.5,True
1071,005f11d0852277d6,005f110222010000,005f110222010000,16971.5,True
1072,006022f85911c88a,0060220211020000,0060220211020000,17112.2,True
1073,006111dd3122e405,0061110222020000,0061110222020000,16937.6,True
1074,006222046311ce68,0062220111020000,0062220111020000,16942.1,True
1075,006322d2f0112d37,0063220211010000,0063220211010000,16851.8,True
1076,000011681d22bfd6,0000110022000000,0000110022000000,16876.3,True
1077,00012276361107be,0001220011000000,0001220011000000,16996.8,True
1078,000211d97822772c,0002110022000000,0002110022000000,17033.0,True
1079,0003223b5d112760,0003220011000000,0003220011000000,16673.7,True
1080,000411beee22cb9c,0004110022000000,0004110022000000,16940.5,True
1081,0005225af811c477,0005220011000000,0005220011000000,16959.4,True
1082,00061149d722a7f1,0006110022000000,0006110022000000,16986.0,True
1083,000711139822654f,0007110022000000,0007110022000000,18840.4,True
1084,0008229748118f1f,0008220011000000,0008220011000000,15285.4,True
1085,000911c4fe224faa,0009110022000000,0009110022000000,16909.3,True
1086,000a111e45228ae6,000a110022000000,000a110022000000,16995.9,True
1087,000b2262a0114314,000b220011000000,000b220011000000,17047.7,True
1088,000c22ef5911f8cc,000c220011000000,000c220011000000,16879.7,True
1089,000d11af28228fc8,000d110022000000,000d110022000000,17069.2,True
1090,000e22646a1117e3,000e220011000000,000e220011000000,17006.5,True
1091,000f224be7116b42,000f220011000000,000f220011000000,16842.7,True
1092,001011a786222c6f,0010110222000000,0010110222000000,17917.7,True
1093,001111244022391b,0011110122000000,0011110122000000,17120.8,True
1094,001211269a22ed0e,0012110122020000,0012110122020000,16266.0,True
1095,0013228b4e1159a4,0013220211010000,0013220211010000,16044.3,True
1096,00141130e2229835,0014110122020000,0014110122020000,17258.2,True
1097,0015111b10220e4b,0015110122010000,0015110122010000,16634.4,True
1098,0016229c4a11895f,0016220211020000,0016220211020000,17579.8,True
1099,001722e22711db57,0017220211020000,0017220211020000,16571.3,True
1100,0018117a9f228552,0018110222020000,0018110222020000,17054.7,True
1101,001922f651118800,0019220211020000,0019220211020000,17743.1,True
1102,001a2267a51153c6,001a220111010000,001a220111010000,23598.6,True
1103,001b119cd12288d6,001b110222010000,001b110222010000,11399.1,True
1104,001c1190f322cc4c,001c110222020000,001c110222020000,14750.5,True
1105,001d11b8ef22d1a7,001d110222020000,001d110222020000,16811.4,True
1106,001e221a78113bb0,001e220111010000,001e220111010000,16868.0,True
1107,001f221e2f11d6d1,001f220111020000,001f220111020000,17024.6,True
1108,0020222d73113ef7,0020220111010000,0020220111010000,16904.2,True
1109,002122d07211e609,0021220211020000,0021220211020000,17008.2,True
1110,0022227b1d117641,0022220111010000,0022220111010000,16973.6,True
1111,002311e23522ca7c,0023110222020000,0023110222020000,16885.0,True
1112,0024111fc922ce58,0024110122020000,0024110122020000,17007.5,True
1113,002522290b117e9d,0025220111010000,0025220111010000,16944.0,True
1114,0026112237227f4f,0026110122010000,0026110122010000,16831.8,True
1115,002722df18118cbd,0027220211020000,0027220211020000,17044.3,True
1116,00282201941136b0,0028220111010000,0028220111010000,17105.5,True
1117,002922f8e31182d1,0029220211020000,0029220211020000,16732.4,True
1118,002a225bd111abb3,002a220111020000,002a220111020000,17205.3,True
1119,002b229f35111dec,002b220211010000,002b220211010000,16875.0,True
1120,002c11321a225c26,002c110122010000,002c110122010000,16975.1,True
1121,002d11e25c225008,002d110222010000,002d110222010000,16918.6,True
1122,002e1198e5222082,002e110222010000,002e110222010000,17008.6,True
1123,002f11d2ae22592b,002f110222010000,002f110222010000,16910.2,True
1124,0030224cfd11c79a,0030220111020000,0030220111020000,17084.6,True
1125,003111fb8f2289cd,0031110222020000,0031110222020000,16799.2,True
1126,003211e8d8227c26,0032110222020000,0032110222020000,17170.2,True
1127,003311e857225ca4,0033110222010000,0033110222010000,16741.6,True
1128,00342248311135b8,0034220111010000,0034220111010000,16729.9,True
1129,003511fe5d2293f9,0035110222020000,0035110222020000,17093.4,True
1130,0036223e8811a953,0036220111020000,0036220111020000,17017.0,True
1131,003711aaae224df4,0037110222010000,0037110222010000,16932.8,True
1132,003811f43f22a1cc,0038110222020000,0038110222020000,17015.0,True
1133,003911cfe122db6b,0039110222020000,0039110222020000,16786.5,True
1134,003a11dd4822b7b8,003a110222020000,003a110222020000,16662.7,True
1135,003b223b5a11df89,003b220111020000,003b220111020000,17200.6,True
1136,003c22c0cd1152ff,003c220211010000,003c220211010000,17926.8,True
1137,003d1179df22efb9,003d110122020000,003d110122020000,15613.7,True
1138,003e11245d2262d4,003e110122010000,003e110122010000,17225.6,True
1139,003f1154b52297e1,003f110122020000,003f110122020000,17063.5,True
1140,004011262522454a,0040110122010000,0040110122010000,16888.0,True
1141,004122b6b8116a34,0041220211010000,0041220211010000,16945.8,True
1142,004222cf4d113642,0042220211010000,0042220211010000,17108.2,True
1143,004322f8ba11e555,0043220211020000,0043220211020000,17613.7,True
1144,004411c4732275bb,0044110222010000,0044110222010000,16442.1,True
1145,00452226b7117905,0045220111010000,0045220111010000,18348.9,True
1146,0046115523223491,0046110122010000,0046110122010000,17184.1,True
1147,004711ea6f222b2b,0047110222010000,0047110222010000,14426.3,True
1148,004822ce9f11ce33,0048220211020000,0048220211020000,17265.0,True
1149,0049110d532234c4,0049110122010000,0049110122010000,16707.9,True
1150,004a22f72b113242,004a220211010000,004a220211010000,16886.6,True
1151,004b223e13115346,004b220111010000,004b220111010000,16950.5,True
1152,004c1151c922c9f1,004c110122020000,004c110122020000,16956.0,True
1153,004d112fdf220252,004d110122010000,004d110122010000,17085.2,True
1154,004e229506114bc7,004e220211010000,004e220211010000,16835.1,True
1155,004f221dd011361b,004f220111010000,004f220111010000,16701.0,True
1156,005022828111192f,0050220211010000,0050220211010000,16982.1,True
1157,005111e91622889d,0051110222020000,0051110222020000,16992.8,True
1158,00521158dc220479,0052110122010000,0052110122010000,16850.3,True
1159,00532213361111e7,0053220111010000,0053220111010000,16538.3,True
1160,005422377e11194b,0054220111010000,0054220111010000,17104.8,True
1161,005522f866118c1b,0055220211020000,0055220211020000,16767.0,True
1162,00562293ec110acb,0056220211010000,0056220211010000,17057.9,True
1163,00572233f9113369,0057220111010000,0057220111010000,17213.9,True
1164,0058229d1311afe0,0058220211020000,0058220211020000,16686.8,True
1165,005911243e22bbb8,0059110122020000,0059110122020000,16716.0,True
1166,005a225b431198b0,005a220111020000,005a220111020000,17230.2,True
1167,005b22cecd11a882,005b220211020000,005b220211020000,16984.1,True
1168,005c221b9f113954,005c220111010000,005c220111010000,17043.3,True
1169,005d112b7d22fb82,005d110122020000,005d110122020000,16887.5,True
1170,005e1124a422b8b5,005e110122020000,005e110122020000,16975.9,True
1171,005f11214f220501,005f110122010000,005f110122010000,16837.3,True
1172,006011e5482299cb,0060110222020000,0060110222020000,16843.1,True
1173,006111c152220c15,0061110222010000,0061110222010000,16987.0,True
1174,006222ff0f114bdf,0062220211010000,0062220211010000,16899.6,True
1175,00631199432225e2,0063110222010000,0063110222010000,16930.8,True
1176,0000229e6211a96c,0000220011000000,0000220011000000,16934.9,True
1177,0001225f5f113c4b,0001220011000000,0001220011000000,16965.8,True
1178,000222cd5111e4ab,0002220011000000,0002220011000000,17019.4,True
1179,00031175e6228f8d,0003110022000000,0003110022000000,16881.7,True
1180,000422f59d11e81f,0004220011000000,0004220011000000,17093.6,True
1181,0005114bd6224d4a,0005110022000000,0005110022000000,16846.3,True
1182,00062280d81119e4,0006220011000000,0006220011000000,16866.8,True
1183,000722eef811dd04,0007220011000000,0007220011000000,16953.7,True
1184,0008228ebd111da5,0008220011000000,0008220011000000,16925.0,True
1185,000922a830117db1,0009220011000000,0009220011000000,18163.2,True
1186,000a1187052261c6,000a110022000000,000a110022000000,16272.9,True
1187,000b22b5311179e4,000b220011000000,000b220011000000,16411.7,True
1188,000c226999111a78,000c220011000000,000c220011000000,17378.1,True
1189,000d1129fd22269d,000d110022000000,000d110022000000,16462.7,True
1190,000e2257dc11c3eb,000e220011000000,000e220011000000,16800.1,True
1191,000f11ee04227f4a,000f110022000000,000f110022000000,19547.2,True
1192,001022a01f115e12,0010220211010000,0010220211010000,14269.1,True
1193,00112205761188bf,0011220111020000,0011220111020000,17009.5,True
1194,0012224684115c1a,0012220111010000,0012220111010000,16880.6,True
1195,0013220659111cbd,0013220111010000,0013220111010000,18691.1,True
1196,001411ddbf22cce9,0014110222020000,0014110222020000,14978.2,True
1197,0015220e71115d9d,0015220111010000,0015220111010000,17043.6,True
1198,001622564211963c,0016220111020000,0016220111020000,16910.4,True
1199,001711a0b6223d6a,0017110222010000,0017110222010000,16892.8,True
1200,001822415b1180b6,0018220111020000,0018220111020000,17251.8,True
1201,0019227b9411b380,0019220211020000,0019220211020000,16803.3,True
1202,001a22952411eccb,001a220211020000,001a220211020000,16832.7,True
1203,001b228203112f3b,001b220211010000,001b220211010000,16874.2,True
1204,001c22820a11656f,001c220211010000,001c220211010000,17256.6,True
1205,001d11ab1022af26,001d110222020000,001d110222020000,16841.3,True
1206,001e11e29922b130,001e110222020000,001e110222020000,17081.1,True
1207,001f11b4ad22d99f,001f110222020000,001f110222020000,16611.0,True
1208,00201159e4229533,0020110122020000,0020110122020000,17071.6,True
1209,002111d8b422aa13,0021110222020000,0021110222020000,16929.3,True
1210,0022227a01111e68,0022220111010000,0022220111010000,17238.0,True
1211,002322b41711cf6f,0023220211020000,0023220211020000,16944.2,True
1212,0024228210117c6d,0024220111010000,0024220111010000,16884.8,True
1213,00251164ef22f330,0025110122020000,0025110122020000,16687.1,True
1214,002611878422957a,0026110122020000,0026110122020000,17023.6,True
1215,002711067322b748,0027110122020000,0027110122020000,17058.4,True
1216,002811d1f3226f6d,0028110222010000,0028110222010000,16630.5,True
1217,002922bfe61182d9,0029220211010000,0029220211010000,17152.2,True
1218,002a11a8a6229542,002a110222010000,002a110222010000,17263.1,True
1219,002b22c2301104ab,002b220211010000,002b220211010000,16397.9,True
1220,002c11bb85220318,002c110222010000,002c110222010000,17259.2,True
1221,002d22747f11a4b9,002d220111020000,002d220111020000,20209.1,True
1222,002e22791111affa,002e220111020000,002e220111020000,13262.4,True
1223,002f22cd0411ffd3,002f220211020000,002f220211020000,17062.0,True
1224,0030228f9411d7cc,0030220111020000,0030220111020000,16891.3,True
1225,00312299ef11ace5,0031220211020000,0031220211020000,17147.2,True
1226,003211f2e822d654,0032110222020000,0032110222020000,17041.6,True
1227,00331119fe22f165,0033110122020000,0033110122020000,16808.1,True
1228,0034227ef2118cb9,0034220111010000,0034220111010000,16976.6,True
1229,003522e70411d47b,0035220211020000,0035220211020000,16879.7,True
1230,0036228ccc119cc1,0036220111020000,0036220111020000,17008.3,True
1231,0037112c752255d1,0037110122010000,0037110122010000,16878.9,True
1232,003811c12d225e38,0038110222010000,0038110222010000,17053.9,True
1233,003922b0ca11d605,0039220211020000,0039220211020000,16649.0,True
1234,003a11d4342230a1,003a110222010000,003a110222010000,16947.5,True
1235,003b11eedc223b14,003b110222010000,003b110222010000,17168.8,True
1236,003c11753d2265cf,003c110122010000,003c110122010000,17004.9,True
1237,003d227ebe115c06,003d220111010000,003d220111010000,16872.6,True
1238,003e119f5d226369,003e110122010000,003e110122010000,17139.2,True
1239,003f11b589220774,003f110222010000,003f110222010000,16824.4,True
1240,0040220f1a11648b,0040220111010000,0040220111010000,16753.7,True
1241,0041224ff311b96e,0041220111020000,0041220111020000,16943.8,True
1242,0042220a0d11ca7e,0042220111020000,0042220111020000,19225.7,True
1243,0043118b3d222169,0043110122010000,0043110122010000,18942.2,True
1244,004411cbd6224b50,0044110222010000,0044110222010000,17090.6,True
1245,004522907911c0d1,0045220211020000,0045220211020000,15220.6,True
1246,004622b35d11b644,0046220211020000,0046220211020000,17178.6,True
1247,00471153f122897c,0047110122020000,0047110122020000,13794.7,True
1248,0048224bba11954f,0048220111010000,0048220111010000,17387.4,True
1249,00491151722276d1,0049110122020000,0049110122020000,18825.4,True
1250,004a11729f22361e,004a110122010000,004a110122010000,16044.2,True
1251,004b229b2311f881,004b220211020000,004b220211020000,17311.2,True
1252,004c2212b211716b,004c220111010000,004c220111010000,17363.1,True
1253,004d229e9c11c656,004d220211020000,004d220211020000,14658.9,True
1254,004e11b65e2223e5,004e110222010000,004e110222010000,16989.4,True
1255,004f229cf3115c70,004f220211010000,004f220211010000,17239.6,True
1256,00501149af22e5cd,0050110122020000,0050110122020000,16587.3,True
1257,00512230a3110390,0051220111010000,0051220111010000,17203.4,True
1258,00521176f322354f,0052110122010000,0052110122010000,16724.5,True
1259,0053224f821170e1,0053220111010000,0053220111010000,16827.1,True
1260,005422e926116bec,0054220211010000,0054220211010000,17291.9,True
1261,0055229caf111ec6,0055220211010000,0055220211010000,16942.7,True
1262,00562247a3115d5f,0056220111010000,0056220111010000,16939.0,True
1263,005711e44722f4d2,0057110222020000,0057110222020000,16945.4,True
1264,0058111c9d22cd18,0058110122020000,0058110122020000,16888.0,True
1265,0059228e9a110686,0059220211010000,0059220211010000,16986.5,True
1266,005a22c6ab11c42f,005a220211020000,005a220211020000,16979.9,True
1267,005b1103cd2289c1,005b110122020000,005b110122020000,17467.4,True
1268,005c22fd8911a06b,005c220211020000,005c220211020000,16340.0,True
1269,005d115a07223c1f,005d110122010000,005d110122010000,17156.4,True
1270,005e114dcb2237ca,005e110122010000,005e110122010000,16793.9,True
1271,005f22558511cc10,005f220111020000,005f220111020000,16932.5,True
1272,006011a96c2263cb,0060110222010000,0060110222010000,21747.3,True
1273,006122f55e110b6f,0061220211010000,0061220211010000,12279.2,True
1274,006211161c22305b,0062110122010000,0062110122010000,16761.6,True
1275,006322312811b1c9,0063220111020000,0063220111020000,16949.9,True
1276,000022b03811770a,0000220011000000,0000220011000000,16781.3,True
1277,000122da4e111426,0001220011000000,0001220011000000,17083.2,True
1278,0002227f71112963,0002220011000000,0002220011000000,16972.1,True
1279,000311c3ea225e77,0003110022000000,0003110022000000,17094.4,True
1280,000411361b22e715,0004110022000000,0004110022000000,16635.2,True
1281,0005110fe7220d8e,0005110022000000,0005110022000000,17238.6,True
1282,000611541e22b448,0006110022000000,0006110022000000,16954.1,True
1283,000711e69f22c906,0007110022000000,0007110022000000,16837.4,True
1284,000811f4b622cb84,0008110022000000,0008110022000000,16765.2,True
1285,000911670b22787c,0009110022000000,0009110022000000,16954.9,True
1286,000a22d6bb111915,000a220011000000,000a220011000000,17086.7,True
1287,000b11bef0226a88,000b110022000000,000b110022000000,17079.4,True
1288,000c2276fe119b48,000c220011000000,000c220011000000,16418.0,True
1289,000d2235f9110b48,000d220011000000,000d220011000000,17033.5,True
1290,000e227d8b1178db,000e220011000000,000e220011000000,17023.9,True
1291,000f224c371129ff,000f220011000000,000f220011000000,16984.6,True
1292,001022c76311a329,0010220211020000,0010220211020000,16787.9,True
1293,001122c02611486a,0011220211010000,0011220211010000,17541.7,True
1294,00121175552200c9,0012110222010000,0012110222010000,17289.4,True
1295,0013119f7b22bd96,0013110222020000,0013110222020000,16438.9,True
1296,0014220f93114afd,0014220111010000,0014220111010000,17056.3,True
1297,0015224a51115dc4,0015220111010000,0015220111010000,16289.4,True
1298,0016110a8322dea5,0016110122020000,0016110122020000,16939.2,True
1299,001711afb1228ee5,0017110222020000,0017110222020000,17358.8,True
1300,001811dbeb225dc0,0018110222010000,0018110222010000,16528.7,True
1301,001922eaea119f23,0019220211020000,0019220211020000,17607.1,True
1302,001a118bbf22b636,001a110222020000,001a110222020000,16399.9,True
1303,001b224408113cb4,001b220111010000,001b220111010000,16691.5,True
1304,001c11abe222d0ca,001c110222020000,001c110222020000,17388.3,True
1305,001d22366811f475,001d220111020000,001d220111020000,16490.3,True
1306,001e1105132279c5,001e110122010000,001e110122010000,17024.4,True
1307,001f22b334118516,001f220211020000,001f220211020000,16889.5,True
1308,002011c26b229f3d,0020110222020000,0020110222020000,16989.5,True
1309,002111f1472255d4,0021110222010000,0021110222010000,16763.8,True
1310,002222b41d11f121,0022220211020000,0022220211020000,17056.6,True
1311,00231170e722045d,0023110122010000,0023110122010000,16689.0,True
1312,0024116133223ea7,0024110122010000,0024110122010000,17126.3,True
1313,0025111300227872,0025110122010000,0025110122010000,16822.1,True
1314,0026119b6a220f04,0026110222010000,0026110222010000,16681.4,True
1315,002711186a22af6b,0027110122020000,0027110122020000,17203.2,True
1316,002811265e229191,0028110122020000,0028110122020000,16943.1,True
1317,002922fe0311addf,0029220211020000,0029220211020000,16725.5,True
1318,002a22e99f115937,002a220211010000,002a220211010000,17164.1,True
1319,002b22d65111f2d0,002b220211020000,002b220211020000,16961.3,True
1320,002c11fc3222defa,002c110222020000,002c110222020000,16944.7,True
1321,002d11e7b5226184,002d110222010000,002d110222010000,16924.5,True
1322,002e11495a22ee08,002e110122020000,002e110122020000,17041.2,True
1323,002f22e1b011967d,002f220211020000,002f220211020000,17183.6,True
1324,003011b76d22c826,0030110222020000,0030110222020000,16332.8,True
1325,0031224f1411525b,0031220111010000,0031220111010000,17153.6,True
1326,0032225ea211d394,0032220111020000,0032220111020000,17110.2,True
1327,0033220ae411c16a,0033220111020000,0033220111020000,16445.8,True
1328,003411cd502234c5,0034110222010000,0034110222010000,17006.0,True
1329,003522ba02117d86,0035220211010000,0035220211010000,17181.9,True
1330,003622c8d811a253,0036220211020000,0036220211020000,17074.1,True
1331,003722a4ce1167c0,0037220211010000,0037220211010000,16934.6,True
1332,003811c6ba225c4f,0038110222010000,0038110222010000,16657.2,True
1333,0039220880113900,0039220111010000,0039220111010000,17212.7,True
1334,003a2255c0115985,003a220111010000,003a220111010000,16770.2,True
1335,003b114eba226519,003b110122010000,003b110122010000,17015.5,True
1336,003c22702011000e,003c220111010000,003c220111010000,16982.8,True
1337,003d222d2211cc79,003d220111020000,003d220111020000,18245.5,True
1338,003e115af0224cbb,003e110122010000,003e110122010000,15359.0,True
1339,003f22941d1137a3,003f220211010000,003f220211010000,17088.1,True
1340,0040113570222b53,0040110122010000,0040110122010000,17106.7,True
1341,00411186e922bdcc,0041110222020000,0041110222020000,16728.5,True
1342,00421112cb22b02d,0042110122020000,0042110122020000,16828.3,True
1343,0043111a82229433,0043110122020000,0043110122020000,18382.8,True
1344,0044220249116ce3,0044220111020000,0044220111020000,17072.6,True
1345,004522451d1131fd,0045220111010000,0045220111010000,16503.0,True
1346,0046110334225ec1,0046110122010000,0046110122010000,15558.2,True
1347,004711be8622b50e,0047110222020000,0047110222020000,17295.0,True
1348,0048220f2c11180b,0048220111010000,0048220111010000,17119.2,True
1349,00491143ff225624,0049110122010000,0049110122010000,16794.9,True
1350,004a117c93225481,004a110222010000,004a110222010000,16652.1,True
1351,004b116f04228e27,004b110222020000,004b110222020000,16947.9,True
1352,004c22f1b11138b8,004c220211010000,004c220211010000,21122.2,True
1353,004d1178e22261b3,004d110222010000,004d110222010000,13299.7,True
1354,004e1138d322bf1b,004e110122020000,004e110122020000,19655.2,True
1355,004f22fe30112a3f,004f220211010000,004f220211010000,13394.2,True
1356,0050224f8f11316f,0050220111010000,0050220111010000,17132.7,True
1357,005122d1a111773d,0051220211020000,0051220211020000,16765.4,True
1358,005211d40522f797,0052110222020000,0052110222020000,17047.4,True
1359,0053227f0e112cb9,0053220111010000,0053220111010000,22902.7,True
1360,0054111fc8220bb7,0054110122010000,0054110122010000,12197.9,True
1361,00551111c622a9e5,0055110122020000,0055110122020000,15570.4,True
1362,0056228b5d11affa,0056220111020000,0056220111020000,16993.2,True
1363,005711f83722404d,0057110222010000,0057110222010000,16915.9,True
1364,0058221d2a11cfea,0058220111020000,0058220111020000,17530.4,True
1365,0059119ca3221e65,0059110222010000,0059110222010000,16673.5,True
1366,005a22514211259e,005a220111010000,005a220111010000,16849.0,True
1367,005b22c587112528,005b220211010000,005b220211010000,16955.0,True
1368,005c22f89f117d6e,005c220211020000,005c220211020000,16967.3,True
1369,005d22f3be115114,005d220211010000,005d220211010000,17082.4,True
1370,005e11953422d7eb,005e110222020000,005e110222020000,16884.6,True
1371,005f1199d322f420,005f110222020000,005f110222020000,16935.3,True
1372,006022aa52114e1c,0060220211010000,0060220211010000,16646.7,True
1373,006122eb2911b179,0061220211020000,0061220211020000,17020.1,True
1374,006222960611e5f0,0062220211020000,0062220211020000,17260.7,True
1375,0063115f9022818e,0063110122010000,0063110122010000,16760.6,True
1376,00002267fd119f72,0000220011000000,0000220011000000,16980.7,True
1377,00011186ac225774,0001110022000000,0001110022000000,16714.0,True
1378,000211962b2277a8,0002110022000000,0002110022000000,17147.6,True
1379,000311a95d22dbf8,0003110022000000,0003110022000000,16907.9,True
1380,000422ce7b113d2c,0004220011000000,0004220011000000,17106.7,True
1381,000522978a1125f6,0005220011000000,0005220011000000,16941.8,True
1382,000622f099115c77,0006220011000000,0006220011000000,16739.7,True
1383,000722776011f853,0007220011000000,0007220011000000,16943.5,True
1384,000822bd1d115e9a,0008220011000000,0008220011000000,17078.1,True
1385,0009220eb511aa45,0009220011000000,0009220011000000,16941.5,True
1386,000a222dab1116a3,000a220011000000,000a220011000000,16775.0,True
1387,000b1179b122288c,000b110022000000,000b110022000000,17121.8,True
1388,000c2252a211c78b,000c220011000000,000c220011000000,16720.3,True
1389,000d22f7d8114dbc,000d220011000000,000d220011000000,17198.4,True
1390,000e1183d8227b2b,000e110022000000,000e110022000000,16807.0,True
1391,000f11ea06224bd2,000f110022000000,000f110022000000,16795.0,True
1392,001011fb5522f327,0010110022020000,0010110022020000,16785.4,True
1393,0011227de711ac0d,0011220111000000,0011220111000000,18745.2,True
1394,001211a7c922ff67,0012110022020000,0012110022020000,16148.4,True
1395,001311047322cd37,0013110122020000,0013110122020000,17551.2,True
1396,0014115e2522210a,0014110122010000,0014110122010000,18255.3,True
1397,0015115a7022e5b1,0015110122020000,0015110122020000,13890.4,True
1398,0016112d16229e9d,0016110122020000,0016110122020000,17846.5,True
1399,0017118dc122820b,0017110222010000,0017110222010000,16152.9,True
1400,0018221f141161b2,0018220111010000,0018220111010000,16772.8,True
1401,001911759d22f4dc,0019110122020000,0019110122020000,17021.2,True
1402,001a11614722c86a,001a110122020000,001a110122020000,16829.6,True
1403,001b22adf4114536,001b220211010000,001b220211010000,16898.9,True
1404,001c22386311ee8a,001c220111020000,001c220111020000,16995.8,True
1405,001d11399b2207ae,001d110122010000,001d110122010000,17162.2,True
1406,001e22febe119ad8,001e220211020000,001e220211020000,16721.7,True
1407,001f11acee2283ec,001f110222010000,001f110222010000,16637.1,True
1408,002011abd922bd93,0020110222020000,0020110222020000,17249.3,True
1409,00212220e811cd72,0021220111020000,0021220111020000,17121.4,True
1410,002211676e220614,0022110122010000,0022110122010000,16824.0,True
1411,002311d09d22b3e8,0023110222020000,0023110222020000,17436.4,True
1412,0024226d8e116c34,0024220111010000,0024220111010000,16122.1,True
1413,002522ec72117d7f,0025220211010000,0025220211010000,17132.3,True
1414,002622a15f11b5bb,0026220211020000,0026220211020000,16942.1,True
1415,00271126d52245e5,0027110122010000,0027110122010000,17064.3,True
1416,002811052c228421,0028110122010000,0028110122010000,16945.3,True
1417,002911d1842243d9,0029110222010000,0029110222010000,16770.0,True
1418,002a110be5227083,002a110122010000,002a110122010000,16646.5,True
1419,002b22b5851103ee,002b220211010000,002b220211010000,17316.2,True
1420,002c2233cd11b5b4,002c220111020000,002c220111020000,17320.2,True
1421,002d227426119953,002d220111020000,002d220111020000,16471.2,True
1422,002e228ed911066c,002e220211010000,002e220211010000,17081.1,True
1423,002f116d2f2259d7,002f110122010000,002f110122010000,16782.7,True
1424,0030222e4311d396,0030220111020000,0030220111020000,16949.6,True
1425,0031222dee11498c,0031220111010000,0031220111010000,17122.0,True
1426,003222bbb711c29f,0032220211020000,0032220211020000,16772.6,True
1427,0033119cff22e0ea,0033110222020000,0033110222020000,17014.9,True
1428,003411e3ec2220a3,0034110222010000,0034110222010000,16887.9,True
1429,0035223b471110cb,0035220111010000,0035220111010000,16695.5,True
1430,0036226aa01164d3,0036220211010000,0036220211010000,17191.7,True
1431,003722e52b11f07f,0037220211020000,0037220211020000,16973.3,True
1432,003811399022de44,0038110122020000,0038110122020000,16961.0,True
1433,003922d9de11b556,0039220211020000,0039220211020000,16868.7,True
1434,003a22090111fc83,003a220111020000,003a220111020000,17145.2,True
1435,003b11705922e800,003b110122020000,003b110122020000,16666.0,True
1436,003c11717422b09a,003c110122020000,003c110122020000,17055.5,True
1437,003d22c5dd113c04,003d220211010000,003d220211010000,16969.1,True
1438,003e220478110e9d,003e220111010000,003e220111010000,16909.3,True
1439,003f11982622ec3c,003f110222020000,003f110222020000,16966.3,True
1440,004011ee852282af,0040110222010000,0040110222010000,16947.7,True
1441,004122b150110cea,0041220211010000,0041220211010000,16997.5,True
1442,004211bef3224535,0042110222010000,0042110222010000,17072.8,True
1443,004322245e1160d6,0043220111010000,0043220111010000,16422.3,True
1444,004411f06f22d0c6,0044110222020000,0044110222020000,18539.0,True
1445,00452271ae1160b7,0045220111010000,0045220111010000,15683.2,True
1446,004622046d11a98b,0046220111020000,0046220111020000,17224.2,True
1447,004711b0a322094a,0047110222010000,0047110222010000,16216.8,True
1448,004822b2aa1139cc,0048220211010000,0048220211010000,16752.3,True
1449,00491101c422e467,0049110122020000,0049110122020000,18554.7,True
1450,004a22dac911fa55,004a220211020000,004a220211020000,16379.9,True
1451,004b11399c224e55,004b110122010000,004b110122010000,18448.0,True
1452,004c227760114af4,004c220111010000,004c220111010000,16544.7,True
1453,004d11dc402267de,004d110222010000,004d110222010000,14795.1,True
1454,004e110de822ff51,004e110122020000,004e110122020000,18350.5,True
1455,004f226010112c36,004f220111010000,004f220111010000,15217.6,True
1456,00502218b2116865,0050220111010000,0050220111010000,19129.8,True
1457,005122aa5911fdc6,0051220211020000,0051220211020000,14741.2,True
1458,0052227b4d11581c,0052220211010000,0052220211010000,17643.6,True
1459,005322efb711caf6,0053220211020000,0053220211020000,16184.7,True
1460,005422609311f883,0054220111020000,0054220111020000,17083.8,True
1461,0055225cb511ba6e,0055220111020000,0055220111020000,16999.8,True
1462,005622d1f611bb82,0056220211020000,0056220211020000,16766.8,True
1463,005722ca5111e39e,0057220211020000,0057220211020000,17121.3,True
1464,005822352211ee87,0058220111020000,0058220111020000,16909.7,True
1465,005911c617223143,0059110222010000,0059110222010000,16956.4,True
1466,005a22fe0e117f59,005a220211010000,005a220211010000,16981.4,True
1467,005b113d1b22a033,005b110122020000,005b110122020000,16956.0,True
1468,005c11927c224140,005c110122010000,005c110122010000,16935.5,True
1469,005d116afc224388,005d110122010000,005d110122010000,16953.9,True
1470,005e117615226a3c,005e110122010000,005e110122010000,16950.1,True
1471,005f11157f229e7f,005f110122020000,005f110122020000,16965.5,True
1472,006022449911c4df,0060220111020000,0060220111020000,16915.1,True
1473,0061228ccd11bca1,0061220211020000,0061220211020000,16946.9,True
1474,00621193562278f9,0062110122010000,0062110122010000,16875.2,True
1475,006311d8cc2207ab,0063110222010000,0063110222010000,17147.5,True
1476,000011c3f922667b,0000110022000000,0000110022000000,16774.5,True
1477,0001111f10227e37,0001110022000000,0001110022000000,16811.8,True
1478,000222d60111dbef,0002220011000000,0002220011000000,17076.2,True
1479,0003111016220684,0003110022000000,0003110022000000,17001.8,True
1480,000422b9a2110f14,0004220011000000,0004220011000000,16902.6,True
1481,00051107862275db,0005110022000000,0005110022000000,16953.1,True
1482,000622122c11a216,0006220011000000,0006220011000000,16889.4,True
1483,00072246991133d9,0007220011000000,0007220011000000,17221.6,True
1484,000811d21222c1dc,0008110022000000,0008110022000000,16678.5,True
1485,000911e1e5221e1f,0009110022000000,0009110022000000,16955.9,True
1486,000a22feab11fbb3,000a220011000000,000a220011000000,16937.9,True
1487,000b1199ba22e074,000b110022000000,000b110022000000,16963.4,True
1488,000c22427411fca5,000c220011000000,000c220011000000,16927.1,True
1489,000d222eba11128d,000d220011000000,000d220011000000,17028.1,True
1490,000e11e4af22b2bb,000e110022000000,000e110022000000,16881.7,True
1491,000f111cf7221889,000f110022000000,000f110022000000,16902.4,True
1492,0010115ff7225cb3,0010110022000000,0010110022000000,16927.7,True
1493,001122b51a111fd0,0011220211000000,0011220211000000,16764.2,True
1494,001211d3cf221fcd,0012110222010000,0012110222010000,18256.3,True
1495,001322dcce117585,0013220211010000,0013220211010000,16715.6,True
1496,00142263dc114cbe,0014220111010000,0014220111010000,18002.4,True
1497,001511b8192250ed,0015110222010000,0015110222010000,15998.8,True
1498,001622f3f5118708,0016220211010000,0016220211010000,17316.9,True
1499,00171156d3220614,0017110122010000,0017110122010000,17129.5,True
1500,00181151a922ba58,0018110122020000,0018110122020000,18415.1,True
1501,001922cbb8112ba5,0019220211010000,0019220211010000,15000.7,True
1502,001a2210ad11a332,001a220111020000,001a220111020000,15354.9,True
1503,001b11a52f223335,001b110222010000,001b110222010000,18943.6,True
1504,001c2228f211285b,001c220111010000,001c220111010000,15198.4,True
1505,001d22a9741106c0,001d220211010000,001d220211010000,16891.9,True
1506,001e22575e11e5f1,001e220111020000,001e220111020000,16879.1,True
1507,001f225171118cc2,001f220111020000,001f220111020000,16717.4,True
1508,002011ba22225984,0020110222010000,0020110222010000,16951.2,True
1509,002111efd222f5b7,0021110222020000,0021110222020000,16887.9,True
1510,002222881111408d,0022220211010000,0022220211010000,17057.0,True
1511,00231129c8220dab,0023110122010000,0023110122010000,16925.6,True
1512,00241148d7222dd5,0024110122010000,0024110122010000,17198.5,True
1513,002511856722a416,0025110222020000,0025110222020000,16805.7,True
1514,0026112f9e222d52,0026110122010000,0026110122010000,16811.5,True
1515,002722270011495f,0027220111010000,0027220111010000,16871.8,True
1516,002822d0e7113046,0028220211010000,0028220211010000,17030.7,True
1517,002911bfaa22dca2,0029110222020000,0029110222020000,16915.6,True
1518,002a115d6d22a2a2,002a110122020000,002a110122020000,17061.3,True
1519,002b22e16f11cdf5,002b220211020000,002b220211020000,16951.5,True
1520,002c2277481122f8,002c220111010000,002c220111010000,16805.6,True
1521,002d22cbec11b714,002d220211020000,002d220211020000,16926.8,True
1522,002e115804225f44,002e110122010000,002e110122010000,16978.5,True
1523,002f221a7411f3dc,002f220111020000,002f220111020000,16898.8,True
1524,003011413422329e,0030110122010000,0030110122010000,16729.4,True
1525,003111ba6522bc09,0031110222020000,0031110222020000,17149.7,True
1526,0032226f99119148,0032220111020000,0032220111020000,16949.4,True
1527,00331177e222431d,0033110122010000,0033110122010000,16788.6,True
1528,003411617422bfc7,0034110122020000,0034110122020000,17107.7,True
1529,003511af4b22a540,0035110222020000,0035110222020000,16817.4,True
1530,003611e7f022d46d,0036110222020000,0036110222020000,16867.1,True
1531,0037220c8011a740,0037220111020000,0037220111020000,17176.5,True
1532,0038113b13225406,0038110122010000,0038110122010000,16882.7,True
1533,003922ba6b11e1a9,0039220211020000,0039220211020000,16859.5,True
1534,003a22acd7115c40,003a220211010000,003a220211010000,17101.5,True
1535,003b11f8a622f092,003b110222020000,003b110222020000,16823.1,True
1536,003c11e2a022918a,003c110222020000,003c110222020000,16779.9,True
1537,003d11ce9622c4b0,003d110222020000,003d110222020000,17046.2,True
1538,003e11a1d7221869,003e110122010000,003e110122010000,17089.4,True
1539,003f11b7b622496e,003f110222010000,003f110222010000,16813.0,True
1540,004022824011c1eb,0040220111020000,0040220111020000,17041.0,True
1541,00412294be112c59,0041220211010000,0041220211010000,16896.7,True
1542,00422295f8113f2c,0042220211010000,0042220211010000,16887.1,True
1543,004311a073229bce,0043110222020000,0043110222020000,18225.3,True
1544,004422b3c71143d0,0044220211010000,0044220211010000,17459.7,True
1545,004511a39e229d9d,0045110222020000,0045110222020000,15854.0,True
1546,0046223d4411b5f0,0046220111020000,0046220111020000,16011.7,True
1547,0047113a742228a8,0047110122010000,0047110122010000,18385.4,True
1548,004822eb20111183,0048220211010000,0048220211010000,18517.2,True
1549,004922a8ae11191a,0049220211010000,0049220211010000,14167.5,True
1550,004a110eb822ea6d,004a110122020000,004a110122020000,16637.8,True
1551,004b22e6de114e6f,004b220211010000,004b220211010000,16930.1,True
1552,004c22244611e58a,004c220111020000,004c220111020000,16633.1,True
1553,004d1162c7225a34,004d110122010000,004d110122010000,16988.1,True
1554,004e11185c22b333,004e110122020000,004e110122020000,16882.7,True
1555,004f224926117055,004f220111020000,004f220111020000,17047.1,True
1556,0050115cc8228a01,0050110222010000,0050110222010000,16786.6,True
1557,005111873d22c3bb,0051110222020000,0051110222020000,17273.2,True
1558,0052111595222420,0052110122010000,0052110122010000,16419.8,True
1559,005322069311cf59,0053220111020000,0053220111020000,17257.0,True
1560,0054110d1b228ae0,0054110122020000,0054110122020000,16949.9,True
1561,0055114a8c22b9b9,0055110122020000,0055110122020000,17074.4,True
1562,0056220c0411ca48,0056220111020000,0056220111020000,16696.2,True
1563,0057115efb221fa6,0057110222010000,0057110222010000,17039.8,True
1564,00581128bd2276c1,0058110122020000,0058110122020000,16921.0,True
1565,0059112870225a13,0059110122010000,0059110122010000,16953.3,True
1566,005a11939022f5b4,005a110222020000,005a110222020000,16944.2,True
1567,005b22cb41116b0a,005b220211020000,005b220211020000,16880.2,True
1568,005c115fe822956f,005c110222020000,005c110222020000,17138.5,True
1569,005d11248a22306d,005d110122010000,005d110122010000,16963.1,True
1570,005e1141c9229082,005e110122020000,005e110122020000,16769.2,True
1571,005f229ac4112cee,005f220211010000,005f220211010000,16926.8,True
1572,0060225e37112f79,0060220111010000,0060220111010000,16957.4,True
1573,006111cb5d221afc,0061110222010000,0061110222010000,17198.9,True
1574,0062115f0d22dd8e,0062110222020000,0062110222020000,16514.8,True
1575,006322af24117b13,0063220211020000,0063220211020000,17228.7,True
1576,000011fda722d8c6,0000110022000000,0000110022000000,16778.7,True
1577,000111e9732260ed,0001110022000000,0001110022000000,16976.3,True
1578,000211cb5422f2f4,0002110022000000,0002110022000000,16935.5,True
1579,0003220d7911e626,0003220011000000,0003220011000000,17052.9,True
1580,000422309d11ba17,0004220011000000,0004220011000000,16783.6,True
1581,00051103bd229a95,0005110022000000,0005110022000000,16955.2,True
1582,000611e0e822d6c5,0006110022000000,0006110022000000,16935.5,True
1583,00072291a6110e32,0007220011000000,0007220011000000,16946.2,True
1584,000822ac5f113fa5,0008220011000000,0008220011000000,16941.9,True
1585,00092208e411fef7,0009220011000000,0009220011000000,17030.5,True
1586,000a2252b9113da1,000a220011000000,000a220011000000,16672.9,True
1587,000b11a86022d8ae,000b110022000000,000b110022000000,17148.9,True
1588,000c220e3d118e84,000c220011000000,000c220011000000,16942.3,True
1589,000d11eeba226d5c,000d110022000000,000d110022000000,17119.2,True
1590,000e1191a7226f63,000e110022000000,000e110022000000,16601.7,True
1591,000f11dc7f229278,000f110022000000,000f110022000000,17115.9,True
1592,001011cd92223ce1,0010110022010000,0010110022010000,16869.7,True
1593,0011115ed422f33d,0011110122020000,0011110122020000,19843.2,True
1594,001211b9dc22c02f,0012110222020000,0012110222020000,13743.8,True
1595,00131100ff22d444,0013110122020000,0013110122020000,17639.5,True
1596,001411f31122b2de,0014110222020000,0014110222020000,16728.9,True
1597,00151129e922e42c,0015110122020000,0015110122020000,20346.2,True
1598,001622e00111ce32,0016220211020000,0016220211020000,15575.8,True
1599,001722a463115a49,0017220211010000,0017220211010000,17187.9,True
1600,001811931322f26e,0018110122020000,0018110122020000,15482.6,True
1601,00192253fc1151d5,0019220111010000,0019220111010000,17633.1,True
1602,001a11a27922dde5,001a110222020000,001a110222020000,15895.9,True
1603,001b11cfe022b7f5,001b110222020000,001b110222020000,17195.0,True
1604,001c22fe9311ce09,001c220211020000,001c220211020000,15999.9,True
1605,001d2281e4116934,001d220111010000,001d220111010000,17373.5,True
1606,001e222927117740,001e220111010000,001e220111010000,16315.2,True
1607,001f11a6ac22b8dc,001f110222020000,001f110222020000,17075.7,True
1608,002011ade022fa78,0020110222020000,0020110222020000,17837.6,True
1609,002111f58422bac7,0021110222020000,0021110222020000,16123.5,True
1610,00222205ee117af5,0022220111010000,0022220111010000,16805.7,True
1611,002311002022c8d9,0023110122020000,0023110122020000,17045.4,True
1612,002411954722cd8d,0024110222020000,0024110222020000,17066.1,True
1613,00251113db2209e4,0025110122010000,0025110122010000,16888.5,True
1614,002611ee76220e42,0026110222010000,0026110222010000,16942.2,True
1615,0027117ab32226bb,0027110122010000,0027110122010000,16939.7,True
1616,0028220a3411a247,0028220111020000,0028220111020000,17095.1,True
1617,002922cbe011eeea,0029220211020000,0029220211020000,16797.6,True
1618,002a22534711cb2c,002a220111020000,002a220111020000,16796.9,True
1619,002b22669a112fb2,002b220111010000,002b220111010000,18025.4,True
1620,002c22b94b119890,002c220211020000,002c220211020000,15936.7,True
1621,002d228c6811ed41,002d220211020000,002d220211020000,17047.2,True
1622,002e22a08b11da54,002e220211020000,002e220211020000,17521.6,True
1623,002f22302511942d,002f220111010000,002f220111010000,16293.6,True
1624,003022d2531122f5,0030220211010000,0030220211010000,16827.0,True
1625,0031114059223676,0031110122010000,0031110122010000,17050.7,True
1626,0032113f632253c7,0032110122010000,0032110122010000,17001.0,True
1627,0033220eeb11ac25,0033220111020000,0033220111020000,16876.3,True
1628,0034229ecc118cef,0034220211010000,0034220211010000,16938.9,True
1629,003511988722b4ae,0035110222020000,0035110222020000,16987.2,True
1630,0036110ce522064e,0036110122010000,0036110122010000,16887.7,True
1631,00371127fc229897,0037110122020000,0037110122020000,16797.1,True
1632,003811b16922cea9,0038110222020000,0038110222020000,16956.5,True
1633,003922bd8e11b4e6,0039220211020000,0039220211020000,17051.1,True
1634,003a113b14227926,003a110122010000,003a110122010000,17082.8,True
1635,003b22bb5b118fdd,003b220211020000,003b220211020000,16885.4,True
1636,003c113e2322f86e,003c110122020000,003c110122020000,16959.4,True
1637,003d119ce622a7a9,003d110222020000,003d110222020000,16580.2,True
1638,003e11f7c022bb10,003e110222020000,003e110222020000,17135.1,True
1639,003f1159b5228260,003f110122010000,003f110122010000,16682.2,True
1640,004011016122f300,0040110122020000,0040110122020000,17249.4,True
1641,004122a028116d8f,0041220211010000,0041220211010000,16940.8,True
1642,00421158fd22f426,0042110122020000,0042110122020000,16817.7,True
1643,004322059e116f15,0043220111020000,0043220111020000,16854.9,True
1644,004422d3631155ee,0044220211010000,0044220211010000,18073.6,True
1645,004511a83522c35a,0045110222020000,0045110222020000,17460.0,True
1646,004622c06711070a,0046220211010000,0046220211010000,16313.2,True
1647,00472299b31121e2,0047220111010000,0047220111010000,16467.2,True
1648,0048112308226a87,0048110122010000,0048110122010000,16544.0,True
1649,004922ede5114a07,0049220211010000,0049220211010000,17873.5,True
1650,004a22651c11de8b,004a220111020000,004a220111020000,15986.6,True
1651,004b11264322050b,004b110122010000,004b110122010000,16678.9,True
1652,004c1126cb22522c,004c110122010000,004c110122010000,18269.9,True
1653,004d2286df111759,004d220111010000,004d220111010000,15406.2,True
1654,004e22e469119890,004e220211020000,004e220211020000,17329.3,True
1655,004f22f59111a220,004f220211020000,004f220211020000,16707.2,True
1656,005011691422f39d,0050110222020000,0050110222020000,16948.2,True
1657,005111ad9122efaf,0051110222020000,0051110222020000,16806.5,True
1658,005222d4331116c9,0052220211010000,0052220211010000,16826.4,True
1659,00531173d42275d7,0053110222010000,0053110222010000,17182.7,True
1660,005422b973114e92,0054220211010000,0054220211010000,19702.0,True
1661,0055114dc3222071,0055110122010000,0055110122010000,13978.3,True
1662,0056224f9c115dd5,0056220111020000,0056220111020000,17163.6,True
1663,005711b22822786e,0057110222010000,0057110222010000,17468.6,True
1664,005811ec7b22f85d,0058110222020000,0058110222020000,16242.6,True
1665,0059111ac2221762,0059110122010000,0059110122010000,17149.5,True
1666,005a22c33911c59b,005a220211020000,005a220211020000,16928.2,True
1667,005b226e6a119f14,005b220111020000,005b220111020000,17023.9,True
1668,005c22b15711a2b6,005c220211020000,005c220211020000,16902.0,True
1669,005d2266e0111224,005d220111010000,005d220111010000,17187.5,True
1670,005e228b7111678b,005e220111010000,005e220111010000,16615.2,True
1671,005f22064b11b859,005f220111020000,005f220111020000,16959.8,True
1672,00601185c6223133,0060110222010000,0060110222010000,16921.7,True
1673,00612210ab1155fa,0061220111010000,0061220111010000,16968.6,True
1674,0062223d1b11b08c,0062220111020000,0062220111020000,16930.5,True
1675,006322861511f35a,0063220211020000,0063220211020000,16950.1,True
1676,000011fc73224f37,0000110022000000,0000110022000000,16946.2,True
1677,000111335e223829,0001110022000000,0001110022000000,17437.0,True
1678,0002118e84225286,0002110022000000,0002110022000000,16298.0,True
1679,00031144bb22b2e4,0003110022000000,0003110022000000,17179.2,True
1680,000422a702119ad5,0004220011000000,0004220011000000,16793.5,True
1681,000522eb05110290,0005220011000000,0005220011000000,16961.2,True
1682,000611a9b622f2aa,0006110022000000,0006110022000000,16955.2,True
1683,000711be8b22e864,0007110022000000,0007110022000000,16940.2,True
1684,000811e8d1220cb1,0008110022000000,0008110022000000,16965.8,True
1685,0009119ce722d56a,0009110022000000,0009110022000000,17172.0,True
1686,000a220c90118b11,000a220011000000,000a220011000000,16716.4,True
1687,000b2211c3111df1,000b220011000000,000b220011000000,16998.2,True
1688,000c22f89811eff6,000c220011000000,000c220011000000,16848.8,True
1689,000d222884119071,000d220011000000,000d220011000000,16963.3,True
1690,000e22698a113664,000e220011000000,000e220011000000,17995.5,True
1691,000f11bd43225f4a,000f110022000000,000f110022000000,16264.6,True
1692,00101128b622a449,0010110122020000,0010110122020000,16306.7,True
1693,001111b9c822938a,0011110222020000,0011110222020000,16566.1,True
1694,001222f245117ae6,0012220211010000,0012220211010000,20615.4,True
1695,001322e5f81146be,0013220211010000,0013220211010000,16709.1,True
1696,00141129e42262b0,0014110122010000,0014110122010000,16271.8,True
1697,001511e64f222480,0015110222010000,0015110222010000,17077.0,True
1698,001622928311b75f,0016220211020000,0016220211020000,14934.4,True
1699,001711b692224ec9,0017110222010000,0017110222010000,16456.1,True
1700,001822086f116adc,0018220111010000,0018220111010000,16312.9,True
1701,001922adea1147c0,0019220211010000,0019220211010000,16891.9,True
1702,001a1158a62248e1,001a110122010000,001a110122010000,17371.2,True
1703,001b110f29222e9a,001b110122010000,001b110122010000,18183.6,True
1704,001c11925022cd98,001c110222020000,001c110222020000,15221.7,True
1705,001d118dd322f858,001d110222020000,001d110222020000,16594.0,True
1706,001e228272110993,001e220111010000,001e220111010000,16946.9,True
1707,001f226c411125a1,001f220111010000,001f220111010000,16872.6,True
1708,00201152cc226031,0020110122010000,0020110122010000,17656.9,True
1709,002111ceb322d8db,0021110222020000,0021110222020000,16515.5,True
1710,002211b272226f20,0022110222010000,0022110222010000,16933.5,True
1711,002322633c110256,0023220111010000,0023220111010000,16953.5,True
1712,002422ef3011e9d4,0024220211020000,0024220211020000,16711.9,True
1713,002522ce0711e5e2,0025220211020000,0025220211020000,17163.7,True
1714,0026223c53117415,0026220111020000,0026220111020000,16902.3,True
1715,0027115ae12234fd,0027110122010000,0027110122010000,17028.6,True
1716,00281116f22281c0,0028110122010000,0028110122010000,16958.5,True
1717,002911aab522e481,0029110222020000,0029110222020000,17057.9,True
1718,002a224573118225,002a220111020000,002a220111020000,16819.7,True
1719,002b110a5d22c810,002b110122020000,002b110122020000,16946.4,True
1720,002c22362611ce89,002c220111020000,002c220111020000,16970.4,True
1721,002d11fe09220bb2,002d110222010000,002d110222010000,16941.3,True
1722,002e119b192229db,002e110222010000,002e110222010000,16807.6,True
1723,002f11db9b223adb,002f110222010000,002f110222010000,16955.5,True
1724,0030226e2c11d265,0030220111020000,0030220111020000,17006.6,True
1725,003122599c11ee34,0031220111020000,0031220111020000,17056.4,True
1726,0032111a2922314b,0032110122010000,0032110122010000,16805.7,True
1727,003322776211bd93,0033220211020000,0033220211020000,16955.7,True
1728,0034229983110f33,0034220211010000,0034220211010000,16923.8,True
1729,0035118e5e22b7c3,0035110222020000,0035110222020000,16954.8,True
1730,0036110aa3222595,0036110122010000,0036110122010000,17061.5,True
1731,0037229d0311bf1d,0037220211020000,0037220211020000,16841.8,True
1732,0038229a0a118ec8,0038220211010000,0038220211010000,17023.1,True
1733,00391145a0220011,0039110122010000,0039110122010000,16873.6,True
1734,003a112aa322b825,003a110122020000,003a110122020000,16951.1,True
1735,003b11d886226cfd,003b110222020000,003b110222020000,16957.5,True
1736,003c22e391119319,003c220211020000,003c220211020000,16925.5,True
1737,003d11b693220b0e,003d110222010000,003d110222010000,16908.9,True
1738,003e11829f22295c,003e110122010000,003e110122010000,16821.1,True
1739,003f117207224169,003f110122010000,003f110122010000,17097.8,True
1740,0040118366223377,0040110222010000,0040110222010000,17072.3,True
1741,004111b4f6228e65,0041110222020000,0041110222020000,16784.8,True
1742,0042119fb7224e58,0042110222010000,0042110222010000,17124.9,True
1743,0043117dd722b56c,0043110222020000,0043110222020000,16817.5,True
1744,0044220233111ab4,0044220111010000,0044220111010000,16825.6,True
1745,004522fd0a118a92,0045220211020000,0045220211020000,18272.0,True
1746,004611879622f301,0046110222020000,0046110222020000,16874.1,True
1747,004722b5fb11e0e0,0047220211020000,0047220211020000,17729.5,True
1748,004822f68e110ef5,0048220211010000,0048220211010000,15111.3,True
1749,00492283a0111c4f,0049220111010000,0049220111010000,18390.8,True
1750,004a11663e226620,004a110122010000,004a110122010000,15524.4,True
1751,004b114b3e22a512,004b110122020000,004b110122020000,16733.0,True
1752,004c2251de11438d,004c220111010000,004c220111010000,16724.7,True
1753,004d112a8c22af5b,004d110122020000,004d110122020000,19719.2,True
1754,004e11fe0222f304,004e110222020000,004e110222020000,19387.5,True
1755,004f22e651114e29,004f220211010000,004f220211010000,11729.8,True
1756,0050222bb511eb24,0050220111020000,0050220111020000,16879.5,True
1757,0051221f8d11a509,0051220111020000,0051220111020000,17046.9,True
1758,0052118d5222c961,0052110222020000,0052110222020000,16879.0,True
1759,0053115b3a2226b0,0053110122010000,0053110122010000,17360.0,True
1760,0054113da9222d31,0054110122010000,0054110122010000,16502.1,True
1761,00552221fc1140f2,0055220111010000,0055220111010000,16923.1,True
1762,005611fed922ec17,0056110222020000,0056110222020000,16924.0,True
1763,0057220d73114192,0057220111010000,0057220111010000,17461.0,True
1764,005822b88811d349,0058220211020000,0058220211020000,16512.5,True
1765,005911148a22c2b3,0059110122020000,0059110122020000,17363.3,True
1766,005a11ef4e228ed1,005a110222020000,005a110222020000,16806.6,True
1767,005b114de0220789,005b110122010000,005b110122010000,16904.0,True
1768,005c221f12117c84,005c220111010000,005c220111010000,17065.4,True
1769,005d22c7071104be,005d220211010000,005d220211010000,16717.9,True
1770,005e112145225be6,005e110122010000,005e110122010000,17004.1,True
1771,005f229bcb11e5a9,005f220211020000,005f220211020000,16938.3,True
1772,006011132722f4d2,0060110122020000,0060110122020000,16952.3,True
1773,006122d205115bcf,0061220211010000,0061220211010000,16619.0,True
1774,00621172bb227ea1,0062110222020000,0062110222020000,17397.5,True
1775,006311ef2722a440,0063110222020000,0063110222020000,16882.5,True
1776,000011e076224b1b,0000110022000000,0000110022000000,16989.9,True
1777,0001119bdc2297c8,0001110022000000,0001110022000000,16878.4,True
1778,0002226893115882,0002220011000000,0002220011000000,16874.3,True
1779,0003110aa5225590,0003110022000000,0003110022000000,17044.0,True
1780,0004115bb822db34,0004110022000000,0004110022000000,16810.9,True
1781,000511e37822e042,0005110022000000,0005110022000000,17005.4,True
1782,00061146fe227a1d,0006110022000000,0006110022000000,16720.2,True
1783,0007112f4522c815,0007110022000000,0007110022000000,17162.5,True
1784,0008117061228ecd,0008110022000000,0008110022000000,17074.5,True
1785,000911f394223bb9,0009110022000000,0009110022000000,16702.3,True
1786,000a112bef221f41,000a110022000000,000a110022000000,16832.2,True
1787,000b2205dc113c7f,000b220011000000,000b220011000000,17217.2,True
1788,000c222a4111a20f,000c220011000000,000c220011000000,16468.6,True
1789,000d110e6a2258ec,000d110022000000,000d110022000000,17192.5,True
1790,000e11339922e33a,000e110022000000,000e110022000000,16899.0,True
1791,000f229df01131d5,000f220011000000,000f220011000000,16846.2,True
1792,0010117365223f1e,0010110222010000,0010110222010000,17079.6,True
1793,001111e365226df1,0011110222010000,0011110222010000,16922.9,True
1794,0012228edb113039,0012220211010000,0012220211010000,16727.6,True
1795,001322fee611d5ae,0013220211020000,0013220211020000,18124.5,True
1796,001422f65a11bce0,0014220211020000,0014220211020000,16955.5,True
1797,0015116dbd2210a5,0015110122010000,0015110122010000,15805.0,True
1798,001611bf6c22f64b,0016110222020000,0016110222020000,16770.8,True
1799,001711aca822eb2c,0017110222020000,0017110222020000,17103.0,True
1800,00182209cd11796b,0018220111010000,0018220111010000,17491.4,True
1801,001922fb9411cf07,0019220211020000,0019220211020000,17134.4,True
1802,001a11715a22855b,001a110122010000,001a110122010000,15865.3,True
1803,001b1126262230f2,001b110122010000,001b110122010000,17200.2,True
1804,001c11578522d04a,001c110122020000,001c110122020000,16713.5,True
1805,001d11670a22609d,001d110122010000,001d110122010000,16996.4,True
1806,001e2283eb11158d,001e220111010000,001e220111010000,17055.1,True
1807,001f22410711f2d9,001f220111020000,001f220111020000,16798.3,True
1808,00202290c211ed83,0020220111020000,0020220111020000,16682.5,True
1809,0021111da422a7fc,0021110122020000,0021110122020000,16844.9,True
1810,002211d34022e8ee,0022110222020000,0022110222020000,17246.2,True
1811,00231140cf220f68,0023110122010000,0023110122010000,16946.8,True
1812,002422b811117821,0024220211010000,0024220211010000,17730.9,True
1813,002511ee1f22e9ff,0025110222020000,0025110222020000,16158.4,True
1814,00262285461190bf,0026220111020000,0026220111020000,17389.4,True
1815,002722938b11363a,0027220211010000,0027220211010000,16519.0,True
1816,002822289d113052,0028220111010000,0028220111010000,16930.8,True
1817,00291136f522f2e5,0029110122020000,0029110122020000,16958.8,True
1818,002a1141ba2283aa,002a110122010000,002a110122010000,17066.3,True
1819,002b2208d211cd9b,002b220111020000,002b220111020000,16783.8,True
1820,002c22861411a2f8,002c220211020000,002c220211020000,17092.2,True
1821,002d111b882217d3,002d110122010000,002d110122010000,16922.6,True
1822,002e22feec11ca6e,002e220211020000,002e220211020000,16938.5,True
1823,002f22bc0f11d8eb,002f220211020000,002f220211020000,16846.9,True
1824,0030115492225ca4,0030110122010000,0030110122010000,16891.3,True
1825,003122e4891164da,0031220211010000,0031220211010000,16833.3,True
1826,0032112268225c2c,0032110122010000,0032110122010000,16789.0,True
1827,0033119302228a1f,0033110222010000,0033110222010000,17192.7,True
1828,003422e8e811c6bb,0034220211020000,0034220211020000,17117.8,True
1829,0035226f5a11e514,0035220111020000,0035220111020000,16835.5,True
1830,0036114762225c9c,0036110122010000,0036110122010000,16500.0,True
1831,003722b9ff11d8ac,0037220211020000,0037220211020000,17324.0,True
1832,003822654d115af7,0038220111010000,0038220111010000,16836.9,True
1833,003911658a220d0c,0039110122010000,0039110122010000,16944.4,True
1834,003a11e09b224897,003a110222010000,003a110222010000,16968.7,True
1835,003b22aca611fd59,003b220211020000,003b220211020000,16895.2,True
1836,003c110d4222a460,003c110122020000,003c110122020000,16945.6,True
1837,003d1163a922c51e,003d110122020000,003d110122020000,17037.7,True
1838,003e22fd7311cb3b,003e220211020000,003e220211020000,16816.8,True
1839,003f224bdc113002,003f220111010000,003f220111010000,16951.3,True
1840,0040223dea112617,0040220111010000,0040220111010000,16939.2,True
1841,0041115aeb22a40a,0041110122020000,0041110122020000,16897.4,True
1842,0042116e4322cc49,0042110122020000,0042110122020000,17094.3,True
1843,004311605122fd8c,0043110122020000,0043110122020000,17012.5,True
1844,004422a812113c97,0044220211010000,0044220211010000,16679.2,True
1845,00451187c32213d7,0045110222010000,0045110222010000,16790.8,True
1846,004622f2c31147b1,0046220211010000,0046220211010000,19384.0,True
1847,0047228d3c11538b,0047220111010000,0047220111010000,14616.6,True
1848,004811854522bbcb,0048110222020000,0048110222020000,17298.7,True
1849,0049115dac22bfb4,0049110122020000,0049110122020000,16549.1,True
1850,004a223178110508,004a220111010000,004a220111010000,16888.4,True
1851,004b11bf22222cce,004b110222010000,004b110222010000,17953.5,True
1852,004c1188b52273e5,004c110222010000,004c110222010000,15815.2,True
1853,004d22269511dc36,004d220111020000,004d220111020000,17098.9,True
1854,004e11472722d19a,004e110122020000,004e110122020000,17456.9,True
1855,004f221780112b49,004f220111010000,004f220111010000,16284.0,True
1856,005022f338111a94,0050220211010000,0050220211010000,16925.0,True
1857,005111021522e7c3,0051110122020000,0051110122020000,17098.4,True
1858,005222bad011071e,0052220211010000,0052220211010000,16781.8,True
1859,005311c7ee22c095,0053110222020000,0053110222020000,17156.3,True
1860,005411ddeb222f2c,0054110222010000,0054110222010000,16827.1,True
1861,005522076d11e271,0055220111020000,0055220111020000,17174.7,True
1862,005611f0e522a366,0056110222020000,0056110222020000,17672.0,True
1863,0057118bab22cf27,0057110222020000,0057110222020000,16015.0,True
1864,005811fdea22af5c,0058110222020000,0058110222020000,16952.7,True
1865,0059223962112ae1,0059220111010000,0059220111010000,16933.1,True
1866,005a11b61f2249ed,005a110222010000,005a110222010000,16926.7,True
1867,005b11925822525f,005b110222010000,005b110222010000,16750.8,True
1868,005c223ad5110da0,005c220111010000,005c220111010000,17117.1,True
1869,005d229ff3111633,005d220211010000,005d220211010000,17016.2,True
1870,005e225f89112e17,005e220111010000,005e220111010000,17016.9,True
1871,005f1197742263be,005f110222010000,005f110222010000,16802.3,True
1872,006022e28d114f4a,0060220211010000,0060220211010000,16640.5,True
1873,006111fc5e220ca3,0061110222010000,0061110222010000,17854.3,True
1874,006211f373226324,0062110222010000,0062110222010000,16394.2,True
1875,006311627f22cf34,0063110122020000,0063110122020000,16863.2,True
1876,000022ad6911f610,0000220011000000,0000220011000000,16917.7,True
1877,00012212dd119bdc,0001220011000000,0001220011000000,16995.5,True
1878,000211f00722d232,0002110022000000,0002110022000000,16766.7,True
1879,000322b44711e4ab,0003220011000000,0003220011000000,17328.3,True
1880,000422a307118b7d,0004220011000000,0004220011000000,16432.2,True
1881,0005113def22add2,0005110022000000,0005110022000000,17319.9,True
1882,0006225ceb1192ab,0006220011000000,0006220011000000,16564.5,True
1883,000711501f22734e,0007110022000000,0007110022000000,17274.4,True
1884,000822112511a035,0008220011000000,0008220011000000,16685.6,True
1885,0009112f6022a18d,0009110022000000,0009110022000000,17036.8,True
1886,000a2241fe1103ad,000a220011000000,000a220011000000,16939.5,True
1887,000b11cbba22f292,000b110022000000,000b110022000000,16908.8,True
1888,000c22b05b117026,000c220011000000,000c220011000000,16937.5,True
1889,000d2240691197ff,000d220011000000,000d220011000000,23409.0,True
1890,000e11419b22d211,000e110022000000,000e110022000000,10540.4,True
1891,000f22ce15114ff7,000f220011000000,000f220011000000,16887.6,True
1892,001011a08d22eb95,0010110222000000,0010110222000000,17255.7,True
1893,001122c5b511c587,0011220011020000,0011220011020000,16647.1,True
1894,001211370d228502,0012110122010000,0012110122010000,16771.7,True
1895,001311ac89229ba6,0013110222020000,0013110222020000,16963.0,True
1896,001411b53222caad,0014110222020000,0014110222020000,19507.7,True
1897,001522c34811082e,0015220211010000,0015220211010000,15182.8,True
1898,001622d866117a5e,0016220211020000,0016220211020000,16580.6,True
1899,00172209ea11ac6e,0017220111020000,0017220111020000,16654.9,True
1900,001822e223114628,0018220211010000,0018220211010000,17710.8,True
1901,001911c7c4223ffe,0019110222010000,0019110222010000,16187.0,True
1902,001a228d3c1134a4,001a220111010000,001a220111010000,16672.3,True
1903,001b223773118e04,001b220111020000,001b220111020000,16969.6,True
1904,001c1108c12295d9,001c110122010000,001c110122010000,16703.5,True
1905,001d11f02122890b,001d110222010000,001d110222010000,19332.8,True
1906,001e22a187111c14,001e220211010000,001e220211010000,14752.7,True
1907,001f11a4a022be05,001f110222020000,001f110222020000,16951.0,True
1908,002022cc14110af3,0020220211010000,0020220211010000,16944.0,True
1909,0021228bc111e14d,0021220111020000,0021220111020000,16914.6,True
1910,002222b0b711ca5b,0022220211020000,0022220211020000,16831.0,True
1911,00232271f91184f1,0023220111020000,0023220111020000,17074.3,True
1912,002411d61022e443,0024110222020000,0024110222020000,16770.3,True
1913,00252294a71163a7,0025220211010000,0025220211010000,16743.6,True
1914,002622069611ea24,0026220111020000,0026220111020000,17288.7,True
1915,0027229e4311ed27,0027220211020000,0027220211020000,16796.4,True
1916,0028112319228034,0028110122010000,0028110122010000,16775.6,True
1917,00291151c1220cab,0029110122010000,0029110122010000,17078.4,True
1918,002a22df8d111dbf,002a220211010000,002a220211010000,16961.7,True
1919,002b11ec4c2263ba,002b110222010000,002b110222010000,21569.9,True
1920,002c114e03229b33,002c110122020000,002c110122020000,12323.2,True
1921,002d22cf7a11de95,002d220211020000,002d220211020000,16931.7,True
1922,002e113ca2222cc5,002e110122010000,002e110122010000,16938.9,True
1923,002f222828111451,002f220111010000,002f220111010000,16966.0,True
1924,0030223ed51131e7,0030220111010000,0030220111010000,16942.0,True
1925,003111a96822989f,0031110222020000,0031110222020000,16919.4,True
1926,003222916811ce25,0032220211020000,0032220211020000,16944.4,True
1927,0033224378113389,0033220111010000,0033220111010000,16835.2,True
1928,00342288b111b903,0034220211020000,0034220211020000,17098.3,True
1929,0035119bc6228856,0035110222020000,0035110222020000,16874.8,True
1930,003611731a228832,0036110122020000,0036110122020000,16934.5,True
1931,0037113705222f67,0037110122010000,0037110122010000,17433.2,True
1932,0038113ca7226f89,0038110122020000,0038110122020000,16546.4,True
1933,0039220ab011dd7a,0039220111020000,0039220111020000,16870.1,True
1934,003a110b0122e504,003a110122020000,003a110122020000,16876.1,True
1935,003b22876b1122b8,003b220211010000,003b220211010000,16948.9,True
1936,003c1131152239fb,003c110122010000,003c110122010000,16939.6,True
1937,003d2261a71192b5,003d220111020000,003d220111020000,16929.4,True
1938,003e112c21226227,003e110122010000,003e110122010000,17057.2,True
1939,003f22103e11278f,003f220111010000,003f220111010000,16847.9,True
1940,004011abea225045,0040110222010000,0040110222010000,16650.8,True
1941,004122d11b1131c3,0041220211010000,0041220211010000,17247.0,True
1942,0042115fcc22896c,0042110222020000,0042110222020000,16913.0,True
1943,004311a13c225fe9,0043110222010000,0043110222010000,16921.2,True
1944,0044110c4722458e,0044110122010000,0044110122010000,19603.5,True
1945,0045116f0422b7de,0045110222020000,0045110222020000,14291.3,True
1946,004611184522a1fd,0046110122020000,0046110122020000,18060.9,True
1947,0047114f6f22025b,0047110122010000,0047110122010000,16860.0,True
1948,004822ce3e11a06c,0048220211020000,0048220211020000,14881.1,True
1949,0049223a4611f409,0049220111020000,0049220111020000,15313.3,True
1950,004a11701c224e7a,004a110222010000,004a110222010000,17272.9,True
1951,004b227da511da24,004b220211020000,004b220211020000,17758.0,True
1952,004c22d00d1122d1,004c220211010000,004c220211010000,16538.1,True
1953,004d11fffb223097,004d110222010000,004d110222010000,15677.8,True
1954,004e224ed6119063,004e220111020000,004e220111020000,16766.7,True
1955,004f1177db223b94,004f110122010000,004f110122010000,17214.2,True
1956,0050119d5f2231cf,0050110222010000,0050110222010000,16729.0,True
1957,005122302b11cf99,0051220111020000,0051220111020000,17098.9,True
1958,005222fd311135b3,0052220211010000,0052220211010000,16943.6,True
1959,00532203f7110016,0053220111010000,0053220111010000,16791.4,True
1960,005411eeb622ae3f,0054110222020000,0054110222020000,16781.6,True
1961,005511584622182d,0055110122010000,0055110122010000,17191.3,True
1962,00562227a3117e83,0056220111010000,0056220111010000,16681.3,True
1963,005722d72f1193c3,0057220211020000,0057220211020000,17221.3,True
1964,0058110d4622d2a0,0058110122020000,0058110122020000,16777.4,True
1965,00591190b722d17f,0059110222020000,0059110222020000,16862.7,True
1966,005a118fcc22cc07,005a110222020000,005a110222020000,17199.4,True
1967,005b22ca9c11a9ac,005b220211020000,005b220211020000,17451.9,True
1968,005c115dd622843c,005c110122020000,005c110122020000,16725.1,True
1969,005d11a3b922a7c5,005d110222020000,005d110222020000,16800.5,True
1970,005e22427c114ced,005e220111010000,005e220111010000,16585.7,True
1971,005f117b4c221c8a,005f110222010000,005f110222010000,17093.7,True
1972,00602299de11c42a,0060220211020000,0060220211020000,16948.0,True
1973,006111562e22ac20,0061110122020000,0061110122020000,17357.4,True
1974,006222f8b011601a,0062220211010000,0062220211010000,16459.7,True
1975,0063112b7d22970c,0063110122020000,0063110122020000,16764.2,True
1976,0000115a3622a4c5,0000110022000000,0000110022000000,17186.6,True
1977,00011182e9220031,0001110022000000,0001110022000000,17148.1,True
1978,000211639d22733b,0002110022000000,0002110022000000,17202.6,True
1979,0003117325224b87,0003110022000000,0003110022000000,16482.3,True
1980,000422c4aa1142c6,0004220011000000,0004220011000000,16920.7,True
1981,0005229fa711e9fe,0005220011000000,0005220011000000,17093.1,True
1982,000611cf71225244,0006110022000000,0006110022000000,16806.4,True
1983,0007221ceb113f38,0007220011000000,0007220011000000,17073.4,True
1984,000822396811fb0a,0008220011000000,0008220011000000,16782.1,True
1985,000911ffc3229b4a,0009110022000000,0009110022000000,16885.3,True
1986,000a22be58115c51,000a220011000000,000a220011000000,17110.7,True
1987,000b2226f9110e7c,000b220011000000,000b220011000000,17014.4,True
1988,000c116f1b22b419,000c110022000000,000c110022000000,16696.0,True
1989,000d116016224943,000d110022000000,000d110022000000,16941.8,True
1990,000e22c34c119f3d,000e220011000000,000e220011000000,17144.1,True
1991,000f11f15e22de6c,000f110022000000,000f110022000000,16852.2,True
1992,001011de05220145,0010110022010000,0010110022010000,16777.6,True
1993,001111022d22b34d,0011110122020000,0011110122020000,16952.1,True
1994,001211f95322bc6d,0012110222020000,0012110222020000,16943.0,True
1995,0013111bfd22309c,0013110122010000,0013110122010000,16848.8,True
1996,0014220af7118cc7,0014220111010000,0014220111010000,18354.7,True
1997,00151101a8224480,0015110122010000,0015110122010000,16446.9,True
1998,001611b82a2253c8,0016110222010000,0016110222010000,17524.5,True
1999,001711bae522bcd9,0017110222020000,0017110222020000,16066.4,True
2000,0018224ddb11a300,0018220111020000,0018220111020000,17514.5,True
2001,0019113db1227ca2,0019110122020000,0019110122020000,15516.5,True
2002,001a110f5d2298de,001a110122020000,001a110122020000,16893.9,True
2003,001b11a35422c0de,001b110222020000,001b110222020000,18592.9,True
2004,001c1123bd22dd07,001c110122020000,001c110122020000,15322.2,True
2005,001d11ae4e221995,001d110222010000,001d110222010000,16714.3,True
2006,001e111703226496,001e110122010000,001e110122010000,17257.3,True
2007,001f22a08611c78c,001f220211020000,001f220211020000,16607.2,True
2008,002011b2a52207a3,0020110222010000,0020110222010000,17057.1,True
2009,002122821a111643,0021220211010000,0021220211010000,17066.1,True
2010,002211ba9a2253f9,0022110222010000,0022110222010000,17757.3,True
2011,002311919722ac98,0023110222020000,0023110222020000,16155.9,True
2012,00242265b811e39e,0024220111020000,0024220111020000,16520.5,True
2013,00252272b4117f1c,0025220111010000,0025220111010000,17021.6,True
2014,0026227aae11b90d,0026220111020000,0026220111020000,17195.3,True
2015,002711f70f22d467,0027110222020000,0027110222020000,16758.7,True
2016,002822d4c7114e24,0028220211010000,0028220211010000,17076.2,True
2017,002911a91822dc50,0029110222020000,0029110222020000,16562.2,True
2018,002a11f6b0228798,002a110222010000,002a110222010000,16921.9,True
2019,002b11c95422028d,002b110222010000,002b110222010000,17182.5,True
2020,002c111bac2214a6,002c110122010000,002c110122010000,17408.7,True
2021,002d22f84e11e02b,002d220211020000,002d220211020000,16475.0,True
2022,002e227faf11df34,002e220111020000,002e220111020000,17835.2,True
2023,002f223cfe119c4d,002f220111010000,002f220111010000,16051.3,True
2024,0030113a32228990,0030110122020000,0030110122020000,16925.1,True
2025,003122aeb311911a,0031220211010000,0031220211010000,16940.2,True
2026,00321163392233ce,0032110122010000,0032110122010000,16926.9,True
2027,003322136511b7da,0033220111020000,0033220111020000,17014.1,True
2028,00342269e411f202,0034220111020000,0034220111020000,16881.1,True
2029,003522e6fd115b7c,0035220211010000,0035220211010000,16946.9,True
2030,003611a5cc22894d,0036110222020000,0036110222020000,17163.4,True
2031,003722771211a278,0037220111020000,0037220111020000,16796.9,True
2032,003822ee1e110df5,0038220211010000,0038220211010000,16825.5,True
2033,003922ad42116aa2,0039220211010000,0039220211010000,17057.7,True
2034,003a11004322da71,003a110122020000,003a110122020000,16948.8,True
2035,003b11f23e226e64,003b110222010000,003b110222010000,16605.8,True
2036,003c113ebc229965,003c110122020000,003c110122020000,17316.6,True
2037,003d22caa411ca87,003d220211020000,003d220211020000,16656.5,True
2038,003e117959222ff3,003e110122010000,003e110122010000,17203.8,True
2039,003f22b76d1168b4,003f220211010000,003f220211010000,16690.4,True
2040,0040114575225540,0040110122010000,0040110122010000,17042.7,True
2041,004122cc0611742e,0041220211010000,0041220211010000,16579.3,True
2042,0042225362113917,0042220111010000,0042220111010000,17217.0,True
2043,004311f7d922857b,0043110222010000,0043110222010000,16868.1,True
2044,004411931022475e,0044110222010000,0044110222010000,17035.5,True
2045,00452269dc117798,0045220111010000,0045220111010000,16828.3,True
2046,00462276ae117103,0046220111010000,0046220111010000,16844.6,True
2047,0047226025115418,0047220111010000,0047220111010000,18106.6,True
2048,0048112b0422707c,0048110122010000,0048110122010000,17163.8,True
2049,0049221a141129c7,0049220111010000,0049220111010000,17512.3,True
2050,004a11db9f22194f,004a110222010000,004a110222010000,16816.4,True
2051,004b11c038224394,004b110222010000,004b110222010000,15103.5,True
2052,004c11c3b72279d6,004c110222020000,004c110222020000,16775.5,True
2053,004d1140de2296a0,004d110122020000,004d110122020000,16508.6,True
2054,004e2261a0115350,004e220111010000,004e220111010000,16414.8,True
2055,004f11214e221cf5,004f110122010000,004f110122010000,17008.4,True
2056,00501183a5223ceb,0050110222010000,0050110222010000,17049.2,True
2057,005111c10e22b1e9,0051110222020000,0051110222020000,16686.5,True
2058,005211754422f682,0052110122020000,0052110122020000,17038.6,True
2059,005322da25114930,0053220211010000,0053220211010000,17159.2,True
2060,005422974711594a,0054220211010000,0054220211010000,16726.4,True
2061,00551139df22cb4b,0055110122020000,0055110122020000,17184.7,True
2062,005622b04d11255e,0056220211010000,0056220211010000,16926.4,True
2063,005711760e225223,0057110222010000,0057110222010000,17066.7,True
2064,005822a7f0115ca4,0058220211010000,0058220211010000,16591.0,True
2065,005911b771225a9d,0059110222010000,0059110222010000,17310.0,True
2066,005a11c23c22fbbf,005a110222020000,005a110222020000,16732.3,True
2067,005b2228f911c2e0,005b220111020000,005b220111020000,17692.5,True
2068,005c222719119ebd,005c220111020000,005c220111020000,16141.8,True
2069,005d221485113d9d,005d220111010000,005d220111010000,16981.7,True
2070,005e2284e0113560,005e220211010000,005e220211010000,16909.4,True
2071,005f22f85211e381,005f220211020000,005f220211020000,16958.9,True
2072,006022ade11147e7,0060220211010000,0060220211010000,16937.3,True
2073,006111fb1f221f7d,0061110222010000,0061110222010000,16945.1,True
2074,00621106b822995e,0062110122020000,0062110122020000,16903.1,True
2075,00631144f922ca7f,0063110122020000,0063110122020000,16990.1,True
2076,00002206841175f4,0000220011000000,0000220011000000,16896.8,True
2077,000122c078115c73,0001220011000000,0001220011000000,17057.1,True
2078,000222827711023e,0002220011000000,0002220011000000,16883.3,True
2079,00031184d622c1a8,0003110022000000,0003110022000000,16932.9,True
2080,0004111246224af9,0004110022000000,0004110022000000,16942.8,True
2081,0005229f791142f5,0005220011000000,0005220011000000,17142.6,True
2082,0006224bca119bff,0006220011000000,0006220011000000,16881.6,True
2083,00071137362245d4,0007110022000000,0007110022000000,17010.5,True
2084,000822896e115404,0008220011000000,0008220011000000,16821.9,True
2085,000922639d116f8a,0009220011000000,0009220011000000,16827.1,True
2086,000a22d38b11fb5a,000a220011000000,000a220011000000,17034.5,True
2087,000b11a6b32248de,000b110022000000,000b110022000000,16942.2,True
2088,000c119e6922bce9,000c110022000000,000c110022000000,16784.5,True
2089,000d1183d1226b4a,000d110022000000,000d110022000000,17084.9,True
2090,000e2211f611bab9,000e220011000000,000e220011000000,16880.4,True
2091,000f11e374220f25,000f110022000000,000f110022000000,16748.4,True
2092,0010118617223df9,0010110022000000,0010110022000000,17013.4,True
2093,0011113367224fa6,0011110122000000,0011110122000000,17161.9,True
2094,0012111c91228c45,0012110122020000,0012110122020000,16983.9,True
2095,001322b7e0110909,0013220211010000,0013220211010000,17857.4,True
2096,001411fe2a227db5,0014110222020000,0014110222020000,15399.4,True
2097,001522a67511f32d,0015220211020000,0015220211020000,17594.2,True
2098,001622546611ea37,0016220111020000,0016220111020000,17343.1,True
2099,0017220de111a4da,0017220111020000,0017220111020000,16996.1,True
2100,0018225746116de3,0018220111010000,0018220111010000,18287.2,True
2101,001911a544226c46,0019110222020000,0019110222020000,14398.5,True
2102,001a22b67711c47e,001a220211020000,001a220211020000,17911.8,True
2103,001b11eda922dc1d,001b110222020000,001b110222020000,16092.5,True
2104,001c113696225a4c,001c110122010000,001c110122010000,17211.9,True
2105,001d11e3ad220361,001d110222010000,001d110222010000,16525.6,True
2106,001e22997b1173e4,001e220211010000,001e220211010000,17031.8,True
2107,001f22c74511b0a5,001f220211020000,001f220211020000,17579.0,True
2108,002011b375225fbb,0020110222010000,0020110222010000,16278.9,True
2109,002111423422a529,0021110122020000,0021110122020000,17585.5,True
2110,0022225e91113a52,0022220111010000,0022220111010000,16564.2,True
2111,002322cd0311c474,0023220211020000,0023220211020000,16931.1,True
2112,002422633c110b53,0024220111010000,0024220111010000,16592.7,True
2113,002511911e224ffc,0025110122010000,0025110122010000,16946.3,True
2114,00261127ac2233f2,0026110122010000,0026110122010000,17060.8,True
2115,00271177752228b2,0027110122010000,0027110122010000,17008.6,True
2116,002822a6b4119aac,0028220211020000,0028220211020000,16784.6,True
2117,002911042e221006,0029110122010000,0029110122010000,16740.9,True
2118,002a112eb822f3cb,002a110122020000,002a110122020000,16955.6,True
2119,002b2297ae1148e1,002b220211010000,002b220211010000,16827.5,True
2120,002c222609118deb,002c220111020000,002c220111020000,18014.0,True
2121,002d22bb32117398,002d220211020000,002d220211020000,16369.1,True
2122,002e11918c22951c,002e110222020000,002e110222020000,16640.4,True
2123,002f11f5bc226909,002f110222010000,002f110222010000,16860.5,True
2124,003022ee56115b4a,0030220211010000,0030220211010000,17491.9,True
2125,003122d968114032,0031220211010000,0031220211010000,16559.9,True
2126,003222b75c11d962,0032220211020000,0032220211020000,17025.3,True
2127,003322d5e111130c,0033220211010000,0033220211010000,16716.1,True
2128,003422568411b728,0034220111020000,0034220111020000,17168.2,True
2129,003511921c2290db,0035110222020000,0035110222020000,16922.0,True
2130,003611ac152280ea,0036110222010000,0036110222010000,16907.0,True
2131,003722f8af11084b,0037220211010000,0037220211010000,16599.5,True
2132,003811aeaf22ac5c,0038110222020000,0038110222020000,16958.7,True
2133,003922292e114855,0039220111010000,0039220111010000,16932.6,True
2134,003a22d9a81122cc,003a220211010000,003a220211010000,16890.7,True
2135,003b11a75b229c9e,003b110222010000,003b110222010000,16943.5,True
2136,003c222730111cfc,003c220111010000,003c220111010000,16914.4,True
2137,003d114327228157,003d110122010000,003d110122010000,16990.2,True
2138,003e117dab22b7e9,003e110222020000,003e110222020000,16829.6,True
2139,003f22e159115252,003f220211010000,003f220211010000,22182.7,True
2140,0040229c5a110b79,0040220111010000,0040220111010000,12382.2,True
2141,0041226b8211e8e0,0041220111020000,0041220111020000,16163.9,True
2142,004222c2601127f0,0042220211010000,0042220211010000,17089.9,True
2143,004322f6fd11652d,0043220211010000,0043220211010000,17108.7,True
2144,004411fd5c225c8a,0044110222010000,0044110222010000,16824.9,True
2145,004511546f227587,0045110122010000,0045110122010000,16910.5,True
2146,004622d88a11d66a,0046220211020000,0046220211020000,17981.2,True
2147,00472266ac11f34f,0047220111020000,0047220111020000,17313.8,True
2148,004811ec3022793f,0048110222010000,0048110222010000,16523.6,True
2149,0049229e42116bbd,0049220211010000,0049220211010000,16284.7,True
2150,004a11ed4522bcb4,004a110222020000,004a110222020000,16745.9,True
2151,004b1197bb22faaf,004b110222020000,004b110222020000,16575.4,True
2152,004c226395116f2a,004c220111010000,004c220111010000,17196.4,True
2153,004d222c381155a1,004d220111010000,004d220111010000,16968.4,True
2154,004e22a3c611c3aa,004e220211020000,004e220211020000,17197.1,True
2155,004f2239c011ca2d,004f220111020000,004f220111020000,17404.9,True
2156,00502291641150d4,0050220211010000,0050220211010000,15951.3,True
2157,0051115c1a221b94,0051110122010000,0051110122010000,17412.5,True
2158,005211bef622141d,0052110222010000,0052110222010000,16663.3,True
2159,00532249fe11f955,0053220111020000,0053220111020000,17136.8,True
2160,005422620411b648,0054220111020000,0054220111020000,16558.3,True
2161,005522a0e811bfdf,0055220211020000,0055220211020000,16716.2,True
2162,0056111e85224314,0056110122010000,0056110122010000,16850.0,True
2163,0057226218117606,0057220111010000,0057220111010000,16968.2,True
2164,00582297761179c5,0058220211010000,0058220211010000,16812.9,True
2165,005911a66822d82e,0059110222020000,0059110222020000,17319.6,True
2166,005a11870d22e0a2,005a110122020000,005a110122020000,16947.4,True
2167,005b116cbc22c10c,005b110122020000,005b110122020000,16659.1,True
2168,005c11908122f901,005c110222020000,005c110222020000,17258.1,True
2169,005d1145ab22dfd9,005d110122020000,005d110122020000,16925.4,True
2170,005e114081228275,005e110122010000,005e110122010000,16950.2,True
2171,005f2212e611400b,005f220111010000,005f220111010000,16902.0,True
2172,0060117a9722ba69,0060110122020000,0060110122020000,16923.6,True
2173,006111b00522c29d,0061110222020000,0061110222020000,17007.8,True
2174,0062114d4d22d1f5,0062110122020000,0062110122020000,16781.4,True
2175,0063113b9422cb05,0063110122020000,0063110122020000,16730.0,True
2176,000022fdd51175ce,0000220011000000,0000220011000000,17240.6,True
2177,000122a06b1177e1,0001220011000000,0001220011000000,16975.0,True
2178,000222ef01119fdd,0002220011000000,0002220011000000,16958.6,True
2179,000322945b11e2d8,0003220011000000,0003220011000000,16950.0,True
2180,000422fbc711e290,0004220011000000,0004220011000000,16937.2,True
2181,000511064b22a3df,0005110022000000,0005110022000000,17314.0,True
2182,0006111349223880,0006110022000000,0006110022000000,16278.6,True
2183,000711802222e087,0007110022000000,0007110022000000,17219.5,True
2184,0008220eef11aafb,0008220011000000,0008220011000000,16940.2,True
2185,00091175ff223c67,0009110022000000,0009110022000000,16931.8,True
2186,000a11934f222522,000a110022000000,000a110022000000,16878.8,True
2187,000b11ae2d22b3a6,000b110022000000,000b110022000000,16951.9,True
2188,000c229f241133af,000c220011000000,000c220011000000,16708.8,True
2189,000d1165d322c542,000d110022000000,000d110022000000,17206.9,True
2190,000e22711311d23f,000e220011000000,000e220011000000,16896.5,True
2191,000f22056b11056e,000f220011000000,000f220011000000,16927.8,True
2192,001011469d22f3de,0010110022020000,0010110022020000,16935.4,True
2193,001111a86022c9a5,0011110222020000,0011110222020000,16920.3,True
2194,0012117b94226dfe,0012110222010000,0012110222010000,16891.9,True
2195,00132258bb11b835,0013220111020000,0013220111020000,17035.9,True
2196,00141194f522f68b,0014110222020000,0014110222020000,19673.7,True
2197,001522bbda11088a,0015220211010000,0015220211010000,16769.5,True
2198,001622319b113393,0016220111010000,0016220111010000,16701.3,True
2199,00172236b911b4f7,0017220111020000,0017220111020000,17086.2,True
2200,00181133dc224405,0018110122010000,0018110122010000,16993.4,True
2201,001911f38422587c,0019110222010000,0019110222010000,16656.6,True
2202,001a22033c1151db,001a220111010000,001a220111010000,15187.7,True
2203,001b112dd822d02f,001b110122020000,001b110122020000,19067.3,True
2204,001c11f6b722cc96,001c110222020000,001c110222020000,15065.2,True
2205,001d222457117cb2,001d220111020000,001d220111020000,17153.6,True
2206,001e22996e115fd3,001e220211010000,001e220211010000,15683.7,True
2207,001f22581811066d,001f220111010000,001f220111010000,17478.2,True
2208,0020228d1c11887c,0020220211020000,0020220211020000,16258.9,True
2209,0021223bcc1117fc,0021220111010000,0021220111010000,16735.2,True
2210,00221100df221639,0022110122010000,0022110122010000,17128.0,True
2211,002322c9af11fe2e,0023220211020000,0023220211020000,16925.9,True
2212,002422c1b811c7b4,0024220211020000,0024220211020000,16574.3,True
2213,002511efc62254a3,0025110222010000,0025110222010000,16904.2,True
2214,002622d51a117fb1,0026220211010000,0026220211010000,16880.5,True
2215,0027118f962236ce,0027110222010000,0027110222010000,17222.5,True
2216,002822c75a116bfd,0028220211010000,0028220211010000,16863.9,True
2217,00291103de223672,0029110122010000,0029110122010000,16656.0,True
2218,002a2287d8114ea5,002a220211010000,002a220211010000,17382.9,True
2219,002b110a3e22d29d,002b110122020000,002b110122020000,16727.6,True
2220,002c1128f122483f,002c110122010000,002c110122010000,16633.3,True
2221,002d222e6011ef44,002d220111020000,002d220111020000,17241.7,True
2222,002e1191b0229feb,002e110222020000,002e110222020000,16727.7,True
2223,002f2234571145cb,002f220111010000,002f220111010000,17298.5,True
2224,003011dcb8226730,0030110222010000,0030110222010000,16999.7,True
2225,0031114604220390,0031110122010000,0031110122010000,16853.2,True
2226,003211b93e2253fd,0032110222010000,0032110222010000,16961.3,True
2227,00331101cc222018,0033110122010000,0033110122010000,16900.5,True
2228,003411854b22bd0c,0034110222020000,0034110222020000,16781.0,True
2229,0035114ce0226fc8,0035110122020000,0035110122020000,17102.7,True
2230,003611bcea225d77,0036110222010000,0036110222010000,16928.4,True
2231,0037110081222144,0037110122010000,0037110122010000,16903.6,True
2232,003811865122c029,0038110222020000,0038110222020000,16823.6,True
2233,003922317c11519b,0039220111010000,0039220111010000,16908.2,True
2234,003a11db332265b6,003a110222020000,003a110222020000,16932.8,True
2235,003b22770811e88c,003b220211020000,003b220211020000,16919.2,True
2236,003c2261a11155f6,003c220211010000,003c220211010000,17013.0,True
2237,003d222dbe117431,003d220111010000,003d220111010000,17001.2,True
2238,003e111f4422eb3e,003e110122020000,003e110122020000,16639.3,True
2239,003f22e1b211b8a0,003f220211020000,003f220211020000,31076.4,True
2240,004022394a11ce7e,0040220111020000,0040220111020000,20853.8,True
2241,0041225a5e11629f,0041220111010000,0041220111010000,15719.3,True
2242,004211283d224edb,0042110122010000,0042110122010000,16906.3,True
2243,004311e42822bdfd,0043110222020000,0043110222020000,17380.2,True
2244,004422717e11e3a1,0044220111020000,0044220111020000,16873.7,True
2245,0045224a9c110842,0045220111010000,0045220111010000,16833.5,True
2246,004611bc8522e084,0046110222020000,0046110222020000,17891.8,True
2247,004722e84a11dda1,0047220211020000,0047220211020000,17396.4,True
2248,0048114fb922e695,0048110122020000,0048110122020000,16471.9,True
2249,004911f120225809,0049110222010000,0049110222010000,17561.7,True
2250,004a11152b228c96,004a110122020000,004a110122020000,16442.2,True
2251,004b22859311f20e,004b220111020000,004b220111020000,15906.2,True
2252,004c224d8c111b12,004c220111010000,004c220111010000,17628.9,True
2253,004d22ede511e0cf,004d220211020000,004d220211020000,15990.4,True
2254,004e11126b22430d,004e110122010000,004e110122010000,17903.2,True
2255,004f22d474116259,004f220211010000,004f220211010000,15902.1,True
2256,00501105d822a9d1,0050110122020000,0050110122020000,17660.0,True
2257,0051222b431182aa,0051220111020000,0051220111020000,17874.5,True
2258,0052118698220e0f,0052110222010000,0052110222010000,15316.0,True
2259,0053118323223171,0053110222010000,0053110222010000,17202.2,True
2260,005422265111e8dd,0054220111020000,0054220111020000,16882.2,True
2261,0055228745110d82,0055220211010000,0055220211010000,16816.0,True
2262,005611fde322ed41,0056110222020000,0056110222020000,16837.3,True
2263,005722f4ae11ff9d,0057220211020000,0057220211020000,17200.7,True
2264,0058227c7e11174a,0058220111010000,0058220111010000,17057.6,True
2265,005911b77022e50e,0059110222020000,0059110222020000,16781.7,True
2266,005a2281c8113e91,005a220111010000,005a220111010000,17089.1,True
2267,005b117f0e220b3f,005b110222010000,005b110222010000,16620.8,True
2268,005c11a00d2224e5,005c110222010000,005c110222010000,17202.2,True
2269,005d11323f2238a0,005d110122010000,005d110122010000,16860.6,True
2270,005e11d9832265c9,005e110222010000,005e110222010000,17003.6,True
2271,005f224367119ebd,005f220111020000,005f220111020000,16842.1,True
2272,006022dff911d8b3,0060220211020000,0060220211020000,17073.8,True
2273,0061111c712212d4,0061110122010000,0061110122010000,16914.4,True
2274,0062114d1b228e4f,0062110122020000,0062110122020000,16811.6,True
2275,00632241a51183d4,0063220111010000,0063220111010000,16954.1,True
2276,000011cd9722dc20,0000110022000000,0000110022000000,16921.0,True
2277,0001227fdc110c3d,0001220011000000,0001220011000000,16949.0,True
2278,000222c0e511d82b,0002220011000000,0002220011000000,16950.7,True
2279,000322781c11169d,0003220011000000,0003220011000000,16790.5,True
2280,0004220e09113e86,0004220011000000,0004220011000000,17519.1,True
2281,0005111fba225d75,0005110022000000,0005110022000000,16598.3,True
2282,0006229791118ddc,0006220011000000,0006220011000000,16856.8,True
2283,000711b4c122a4c1,0007110022000000,0007110022000000,16965.4,True
2284,000811f5fb228260,0008110022000000,0008110022000000,16859.2,True
2285,000922f0ec117dd0,0009220011000000,0009220011000000,17069.3,True
2286,000a11ae6622cae4,000a110022000000,000a110022000000,17141.8,True
2287,000b11c329222737,000b110022000000,000b110022000000,16419.6,True
2288,000c110723229de1,000c110022000000,000c110022000000,25857.6,True
2289,000d114ff422529c,000d110022000000,000d110022000000,7886.9,True
2290,000e22506f118773,000e220011000000,000e220011000000,17122.5,True
2291,000f11622e22e316,000f110022000000,000f110022000000,16821.8,True
2292,0010114c9422ce30,0010110022000000,0010110022000000,16824.3,True
2293,001111fc5622c333,0011110222000000,0011110222000000,16958.8,True
2294,00122284ce110796,0012220111010000,0012220111010000,17025.7,True
2295,0013117709221bcf,0013110122010000,0013110122010000,17210.3,True
2296,0014228ba8113d93,0014220111010000,0014220111010000,16708.0,True
2297,001522512211a801,0015220111020000,0015220111020000,19148.4,True
2298,001622df1111356a,0016220211010000,0016220211010000,19411.4,True
2299,00171186bb22864f,0017110222010000,0017110222010000,15540.8,True
2300,0018116386226a9c,0018110122010000,0018110122010000,15165.7,True
2301,001922d8ed119db1,0019220211020000,0019220211020000,15332.0,True
2302,001a118abd2209cd,001a110222010000,001a110222010000,18586.5,True
2303,001b2222a9110515,001b220111010000,001b220111010000,16658.3,True
2304,001c1114b922cbc2,001c110122020000,001c110122020000,16556.3,True
2305,001d220fb9111bb5,001d220111010000,001d220111010000,15966.8,True
2306,001e11ab9222541c,001e110222010000,001e110222010000,16896.9,True
2307,001f11c920223882,001f110222010000,001f110222010000,16949.4,True
2308,00202235c011eebc,0020220111020000,0020220111020000,17079.5,True
2309,002111e32922da87,0021110222020000,0021110222020000,16942.8,True
2310,00221101012227f6,0022110122010000,0022110122010000,16702.0,True
2311,00231177ed22fc92,0023110222020000,0023110222020000,17019.5,True
2312,0024221f0b11db07,0024220111020000,0024220111020000,17093.5,True
2313,002522dab1112d1c,0025220211010000,0025220211010000,16802.9,True
2314,002622058a11594d,0026220111010000,0026220111010000,16934.0,True
2315,0027114d2122a5ad,0027110122020000,0027110122020000,16963.3,True
2316,0028111fe32240c7,0028110122010000,0028110122010000,17082.4,True
2317,002922d9f711a5ef,0029220211020000,0029220211020000,16745.7,True
2318,002a22fea0113afd,002a220211010000,002a220211010000,16913.3,True
2319,002b113529220bf5,002b110122010000,002b110122010000,17013.4,True
2320,002c11ff77229411,002c110222020000,002c110222020000,16919.7,True
2321,002d11d70a22958c,002d110222020000,002d110222020000,17047.5,True
2322,002e11d91e227fbb,002e110222020000,002e110222020000,16897.4,True
2323,002f22713111cc71,002f220111020000,002f220111020000,17012.4,True
2324,0030116d74228d3e,0030110122020000,0030110122020000,17127.2,True
2325,003111f2a1224187,0031110222010000,0031110222010000,17279.9,True
2326,003222e9a7112a29,0032220211010000,0032220211010000,16551.6,True
2327,0033221fa211bd53,0033220111020000,0033220111020000,16988.0,True
2328,0034114454220821,0034110122010000,0034110122010000,16979.9,True
2329,00351153e922fc7a,0035110122020000,0035110122020000,16649.5,True
2330,003622dc4f11b4c7,0036220211020000,0036220211020000,16941.3,True
2331,0037115ba322887a,0037110122020000,0037110122020000,16948.1,True
2332,00381173c322b474,0038110122020000,0038110122020000,17176.9,True
2333,003911e31722a867,0039110222020000,0039110222020000,16936.3,True
2334,003a1139db22c583,003a110122020000,003a110122020000,16746.0,True
2335,003b2291ba11f5bd,003b220211020000,003b220211020000,17246.8,True
2336,003c22fb3b1155be,003c220211010000,003c220211010000,16623.8,True
2337,003d22b63711b7e1,003d220211020000,003d220211020000,17116.5,True
2338,003e223c4a114527,003e220111010000,003e220111010000,16902.9,True
2339,003f229b23111a47,003f220211010000,003f220211010000,17016.2,True
2340,0040118e9c2299de,0040110222020000,0040110222020000,16872.1,True
2341,004111f9aa22dcdc,0041110222020000,0041110222020000,17163.5,True
2342,00421189d22204f8,0042110222010000,0042110222010000,16661.5,True
2343,0043117150222ed3,0043110122010000,0043110122010000,16872.5,True
2344,004411f1bc228ede,0044110222010000,0044110222010000,17054.6,True
2345,004511b51c22139b,0045110222010000,0045110222010000,17046.0,True
2346,004611f1e722ed04,0046110222020000,0046110222020000,18258.1,True
2347,004711d2b522fc04,0047110222020000,0047110222020000,17408.7,True
2348,0048223795110d87,0048220111010000,0048220111010000,15830.0,True
2349,004922df69116b84,0049220211010000,0049220211010000,16731.3,True
2350,004a1184ee2271f8,004a110122010000,004a110122010000,16312.3,True
2351,004b11162522f9fe,004b110122020000,004b110122020000,16958.7,True
2352,004c114130225828,004c110122010000,004c110122010000,16889.7,True
2353,004d228b6611b5e3,004d220211020000,004d220211020000,16790.4,True
2354,004e2264c811f2ff,004e220111020000,004e220111020000,16977.9,True
2355,004f22c3561183d9,004f220211010000,004f220211010000,16687.3,True
2356,005022198b11646e,0050220111010000,0050220111010000,17624.4,True
2357,005122a9c31144c6,0051220211010000,0051220211010000,16643.3,True
2358,005211e27322658a,0052110222010000,0052110222010000,16788.3,True
2359,0053228c8d111aa5,0053220111010000,0053220111010000,16814.0,True
2360,005411574422cf98,0054110122020000,0054110122020000,16953.7,True
2361,00551194ae221aaa,0055110222010000,0055110222010000,16716.4,True
2362,00562275f31107a3,0056220111010000,0056220111010000,17111.3,True
2363,005722ca1111b058,0057220211020000,0057220211020000,16844.9,True
2364,005811510f225338,0058110122010000,0058110122010000,17491.2,True
2365,00592299ce116975,0059220211010000,0059220211010000,16263.3,True
2366,005a22decb117b65,005a220211020000,005a220211020000,17545.2,True
2367,005b110da622ff96,005b110122020000,005b110122020000,16499.5,True
2368,005c221e85114dfc,005c220111010000,005c220111010000,16925.9,True
2369,005d22ea34116c7d,005d220211020000,005d220211020000,16935.9,True
2370,005e22b788112c2f,005e220211010000,005e220211010000,17669.2,True
2371,005f11b9fa228bdb,005f110222010000,005f110222010000,16216.6,True
2372,0060220d9c11894f,0060220111020000,0060220111020000,16944.3,True
2373,006111d05822c589,0061110222020000,0061110222020000,16935.3,True
2374,006211c35a22c1bf,0062110222020000,0062110222020000,17095.2,True
2375,006311458122cc6f,0063110122020000,0063110122020000,16800.9,True
2376,0000118e35223c2d,0000110022000000,0000110022000000,16755.1,True
2377,000111bb4722d1c1,0001110022000000,0001110022000000,17008.5,True
2378,000222995a11132c,0002220011000000,0002220011000000,16925.6,True
2379,0003220a15115aad,0003220011000000,0003220011000000,16818.4,True
2380,0004225c0111596f,0004220011000000,0004220011000000,16922.6,True
2381,00052254131111a6,0005220011000000,0005220011000000,16830.8,True
2382,000611c70422b075,0006110022000000,0006110022000000,17018.3,True
2383,0007224bad11338d,0007220011000000,0007220011000000,16912.2,True
2384,0008112dea223b95,0008110022000000,0008110022000000,16982.7,True
2385,000922454d1166f1,0009220011000000,0009220011000000,18149.5,True
2386,000a11c55c229bee,000a110022000000,000a110022000000,15845.8,True
2387,000b11ee6c229ac6,000b110022000000,000b110022000000,16943.3,True
2388,000c225105111828,000c220011000000,000c220011000000,17216.4,True
2389,000d1196292236e9,000d110022000000,000d110022000000,16700.9,True
2390,000e114306221a86,000e110022000000,000e110022000000,17153.1,True
2391,000f229a23116737,000f220011000000,000f220011000000,16735.8,True
2392,0010113eef222aee,0010110022010000,0010110022010000,17015.7,True
2393,001111388a22613b,0011110022020000,0011110022020000,16291.0,True
2394,00121164162209f2,0012110222010000,0012110222010000,17277.5,True
2395,00132249a611cd1b,0013220111020000,0013220111020000,16795.3,True
2396,0014112f7722a8c5,0014110122020000,0014110122020000,18892.2,True
2397,0015229a991191ce,0015220211020000,0015220211020000,18629.3,True
2398,0016224f5c112b61,0016220111010000,0016220111010000,16443.2,True
2399,001711dbde227310,0017110222020000,0017110222020000,15660.8,True
2400,0018119fc722233b,0018110222010000,0018110222010000,17670.0,True
2401,001922fafc11f011,0019220211020000,0019220211020000,16954.8,True
2402,001a11217022709f,001a110122020000,001a110122020000,16005.6,True
2403,001b223f4711e8ee,001b220111020000,001b220111020000,16370.9,True
2404,001c11f28f22d783,001c110222020000,001c110222020000,16248.2,True
2405,001d11538722cd10,001d110122020000,001d110122020000,16055.3,True
2406,001e114f432216b9,001e110122010000,001e110122010000,16791.5,True
2407,001f22f776117bf6,001f220211010000,001f220211010000,17271.7,True
2408,0020113733223f52,0020110122010000,0020110122010000,17000.1,True
2409,0021220db011b48a,0021220111020000,0021220111020000,16466.9,True
2410,002222f041116fdc,0022220211010000,0022220211010000,18534.7,True
2411,002311305f22e5ad,0023110122020000,0023110122020000,14920.9,True
2412,00241116352202e7,0024110122010000,0024110122010000,17111.3,True
2413,0025220b5c110323,0025220111010000,0025220111010000,16804.3,True
2414,002611ea5d22593f,0026110222010000,0026110222010000,16903.2,True
2415,002722d4651190fe,0027220211020000,0027220211020000,17229.4,True
2416,0028227e91116874,0028220111010000,0028220111010000,16880.3,True
2417,0029226be31118d0,0029220111010000,0029220111010000,16987.0,True
2418,002a2202b711d7eb,002a220111020000,002a220111020000,16844.2,True
2419,002b224b91119d4d,002b220111020000,002b220111020000,20550.6,True
2420,002c225c7211af3d,002c220111020000,002c220111020000,13406.1,True
2421,002d11db9922baa9,002d110222020000,002d110222020000,17003.5,True
2422,002e2218101166e3,002e220111010000,002e220111010000,16927.9,True
2423,002f115c0522ab52,002f110122020000,002f110122020000,16629.9,True
2424,003022fb80111bc4,0030220211010000,0030220211010000,17244.7,True
2425,0031116aed229ac4,0031110122020000,0031110122020000,17520.4,True
2426,0032112756228a95,0032110122020000,0032110122020000,16336.1,True
2427,003311e463220157,0033110222010000,0033110222010000,16937.0,True
2428,003411f74c223927,0034110222010000,0034110222010000,16941.0,True
2429,003522dcfc11b6f9,0035220211020000,0035220211020000,16942.3,True
2430,003622fd8811d40d,0036220211020000,0036220211020000,16924.2,True
2431,00371176c0225873,0037110122010000,0037110122010000,16956.0,True
2432,003811eeed2202d3,0038110222010000,0038110222010000,16940.5,True
2433,003911cfe322aeb6,0039110222020000,0039110222020000,16811.0,True
2434,003a11ba5322bf5f,003a110222020000,003a110222020000,16870.3,True
2435,003b22f193115b15,003b220211010000,003b220211010000,17161.5,True
2436,003c22ecf811009b,003c220211010000,003c220211010000,17139.0,True
2437,003d227bfc116484,003d220111010000,003d220111010000,16751.6,True
2438,003e2212ad1134c6,003e220111010000,003e220111010000,16925.5,True
2439,003f22e0a91174c4,003f220211010000,003f220211010000,16938.8,True
2440,0040114605229453,0040110122020000,0040110122020000,16912.8,True
2441,004111165822aa00,0041110122020000,0041110122020000,17049.6,True
2442,004211d3bd227f4c,0042110222010000,0042110222010000,16696.5,True
2443,00431166f1220c5a,0043110122010000,0043110122010000,17241.6,True
2444,0044117c4b223369,0044110122010000,0044110122010000,16740.5,True
2445,004511b1b922d4b2,0045110222020000,0045110222020000,17061.1,True
2446,00461133f822fc2a,0046110122020000,0046110122020000,16812.5,True
2447,004711b90522f424,0047110222020000,0047110222020000,16606.5,True
2448,004811945a22714f,0048110222010000,0048110222010000,19188.8,True
2449,004922d9ea11f5e7,0049220211020000,0049220211020000,15778.4,True
2450,004a11bd08227f73,004a110222010000,004a110222010000,15450.0,True
2451,004b114182225d86,004b110122010000,004b110122010000,16289.0,True
2452,004c1115ec222d59,004c110122010000,004c110122010000,16758.6,True
2453,004d111a27228ae7,004d110122020000,004d110122020000,17188.9,True
2454,004e2201891172b0,004e220111010000,004e220111010000,18060.5,True
2455,004f22e37a11ecf1,004f220211020000,004f220211020000,15703.7,True
2456,005011d92e22ac7c,0050110222020000,0050110222020000,16890.0,True
2457,0051111dd222c135,0051110122020000,0051110122020000,16904.0,True
2458,005211a3812243fe,0052110222010000,0052110222010000,17153.4,True
2459,005322534b116032,0053220111010000,0053220111010000,17002.2,True
2460,005411cc3922f05d,0054110222020000,0054110222020000,16744.4,True
2461,00552271a411cc6f,0055220111020000,0055220111020000,17084.1,True
2462,00561115be227df9,0056110122010000,0056110122010000,16928.4,True
2463,00571166b5225269,0057110122010000,0057110122010000,16622.0,True
2464,005822ff0b118b33,0058220211020000,0058220211020000,17469.0,True
2465,00591140a6225281,0059110122010000,0059110122010000,16717.3,True
2466,005a116e34225e17,005a110122010000,005a110122010000,17510.1,True
2467,005b1196fd22eb0f,005b110222020000,005b110222020000,16345.2,True
2468,005c22c72111ff3c,005c220211020000,005c220211020000,16944.8,True
2469,005d112dab2208e7,005d110122010000,005d110122010000,16959.1,True
2470,005e2257ef11626e,005e220111010000,005e220111010000,16919.5,True
2471,005f11ed13226f99,005f110222010000,005f110222010000,16937.6,True
2472,006011db50220632,0060110222010000,0060110222010000,16974.7,True
2473,0061116fd1222038,0061110122010000,0061110122010000,16917.0,True
2474,0062119060222b52,0062110222010000,0062110222010000,17071.4,True
2475,006322a3a111c325,0063220211020000,0063220211020000,16811.9,True
2476,000011b67a226128,0000110022000000,0000110022000000,16977.5,True
2477,000122221e11d2f9,0001220011000000,0001220011000000,16887.6,True
2478,00022237151194f6,0002220011000000,0002220011000000,16936.8,True
2479,00031139e322a5ec,0003110022000000,0003110022000000,16958.5,True
2480,000411b27522bf4e,0004110022000000,0004110022000000,17067.7,True
2481,000522190e110bfb,0005220011000000,0005220011000000,16595.4,True
2482,000611aeb122c6c0,0006110022000000,0006110022000000,16943.6,True
2483,00071114d52292f6,0007110022000000,0007110022000000,17052.9,True
2484,000811c426227b4b,0008110022000000,0008110022000000,17073.1,True
2485,0009112722227d1a,0009110022000000,0009110022000000,16651.1,True
2486,000a22bdea11de06,000a220011000000,000a220011000000,17261.3,True
2487,000b11703122d71a,000b110022000000,000b110022000000,16950.5,True
2488,000c226ad71192cd,000c220011000000,000c220011000000,17144.7,True
2489,000d22336411ed31,000d220011000000,000d220011000000,16627.5,True
2490,000e11074c22d03d,000e110022000000,000e110022000000,16967.0,True
2491,000f11adef22a5e4,000f110022000000,000f110022000000,17105.3,True
2492,001011186122cec5,0010110122000000,0010110122000000,16979.7,True
2493,0011115e1f22180e,0011110122010000,0011110122010000,16693.0,True
2494,0012226efa118e82,0012220111020000,0012220111020000,17002.2,True
2495,0013223ff5112f82,0013220111010000,0013220111010000,17192.5,True
2496,0014118bb122ceff,0014110222020000,0014110222020000,18846.3,True
2497,0015110ad4223af4,0015110122010000,0015110122010000,15830.8,True
2498,001622033611c302,0016220111020000,0016220111020000,17962.0,True
2499,00171195a32246a9,0017110222010000,0017110222010000,16644.8,True
2500,00182200a4113d41,0018220111010000,0018220111010000,14840.5,True
2501,001922aa2711220f,0019220211010000,0019220211010000,17506.3,True
2502,001a225978110a99,001a220111010000,001a220111010000,16615.7,True
2503,001b22d0b911f8a3,001b220211020000,001b220211020000,17668.3,True
2504,001c11bb9a22bb0e,001c110222020000,001c110222020000,16281.3,True
2505,001d1125ed222ad0,001d110122010000,001d110122010000,16506.8,True
2506,001e220d3a113eba,001e220111010000,001e220111010000,16995.4,True
2507,001f1171c72284a4,001f110222020000,001f110222020000,16869.6,True
2508,002022eb4e119277,0020220211020000,0020220211020000,16999.2,True
2509,002122c14d11dd32,0021220211020000,0021220211020000,16957.0,True
2510,0022110047229e06,0022110122020000,0022110122020000,16804.5,True
2511,002322b4451124c7,0023220211010000,0023220211010000,16843.0,True
2512,0024225ddb11f18e,0024220111020000,0024220111020000,17015.6,True
2513,002511c3a2225f59,0025110222010000,0025110222010000,17057.6,True
2514,002622283311be29,0026220111020000,0026220111020000,16794.4,True
2515,002722873011a271,0027220211020000,0027220211020000,16919.4,True
2516,002822429311f1a5,0028220111020000,0028220111020000,16997.4,True
2517,0029117da6221926,0029110122010000,0029110122010000,17030.6,True
2518,002a114800229e5e,002a110122020000,002a110122020000,16919.4,True
2519,002b22cf93114897,002b220211010000,002b220211010000,16958.4,True
2520,002c1128f822c94c,002c110122020000,002c110122020000,16948.9,True
2521,002d1103e5225706,002d110122010000,002d110122010000,17056.2,True
2522,002e22310d110a15,002e220111010000,002e220111010000,16794.9,True
2523,002f2213c911617c,002f220111010000,002f220111010000,16934.9,True
2524,0030115b34227793,0030110122020000,0030110122020000,16943.2,True
2525,003111a52122d7bc,0031110222020000,0031110222020000,17375.7,True
2526,00322206a2113342,0032220111010000,0032220111010000,16484.0,True
2527,0033225ef911bbfa,0033220111020000,0033220111020000,16941.3,True
2528,0034222aab11d1c6,0034220111020000,0034220111020000,16935.6,True
2529,00352250cb115eb8,0035220111010000,0035220111010000,16973.9,True
2530,003622e4ea1116b5,0036220211010000,0036220211010000,16937.4,True
2531,00371109cc22bf59,0037110122020000,0037110122020000,16942.6,True
2532,003811bbcb225b74,0038110222010000,0038110222010000,16947.5,True
2533,00392218eb114c1d,0039220111010000,0039220111010000,17072.0,True
2534,003a224ffc1151aa,003a220111010000,003a220111010000,16922.8,True
2535,003b11b672229827,003b110222020000,003b110222020000,17012.3,True
2536,003c2215f811f4c3,003c220111020000,003c220111020000,16807.6,True
2537,003d229ae311c1a2,003d220211020000,003d220211020000,16907.6,True
2538,003e1183ac22e4f9,003e110222020000,003e110222020000,16555.6,True
2539,003f11de2522d9a1,003f110222020000,003f110222020000,16954.8,True
2540,004022dc6c11a52b,0040220211020000,0040220211020000,17292.7,True
2541,0041224ef311b32e,0041220111020000,0041220111020000,17010.3,True
2542,0042112b1a22bb06,0042110122020000,0042110122020000,16693.8,True
2543,004322b29d11477d,0043220211010000,0043220211010000,17060.2,True
2544,00441154c622cfd3,0044110122020000,0044110122020000,17005.5,True
2545,004522040311dcba,0045220111020000,0045220111020000,16788.6,True
2546,004611d7d522afd8,0046110222020000,0046110222020000,16932.8,True
2547,00471138dc223ae4,0047110122010000,0047110122010000,16539.2,True
2548,004811c9cb225947,0048110222010000,0048110222010000,17987.7,True
2549,004922dddd111dc7,0049220211010000,0049220211010000,15864.8,True
2550,004a112bd922764f,004a110122010000,004a110122010000,15884.9,True
2551,004b229fe411d12a,004b220211020000,004b220211020000,16534.6,True
2552,004c11107822938b,004c110122010000,004c110122010000,16930.5,True
2553,004d116d3b221742,004d110122010000,004d110122010000,17185.6,True
2554,004e119e5c22c96a,004e110222020000,004e110222020000,16684.3,True
2555,004f11c024228429,004f110222010000,004f110222010000,17021.5,True
2556,005011e07b2200ed,0050110222010000,0050110222010000,16827.2,True
2557,0051226cb6110ec5,0051220111010000,0051220111010000,18430.5,True
2558,005222c24811f600,0052220211020000,0052220211020000,15723.9,True
2559,005311ceee22a96a,0053110222020000,0053110222020000,16783.2,True
2560,005411e5f622f40d,0054110222020000,0054110222020000,17051.1,True
2561,005522ab0f118154,0055220211010000,0055220211010000,16919.0,True
2562,0056227416119868,0056220111020000,0056220111020000,16934.2,True
2563,005722e3d311899a,0057220211010000,0057220211010000,16944.6,True
2564,00581104fc22de5d,0058110122020000,0058110122020000,17011.7,True
2565,00591154ad221062,0059110122010000,0059110122010000,16578.8,True
2566,005a113af2221f31,005a110122010000,005a110122010000,17574.6,True
2567,005b22346a11623b,005b220111010000,005b220111010000,16557.7,True
2568,005c2212bd11ace2,005c220111020000,005c220111020000,17041.6,True
2569,005d1135ff22f6e4,005d110122020000,005d110122020000,16807.1,True
2570,005e11e7a62287dd,005e110222020000,005e110222020000,17579.7,True
2571,005f1151d0226c04,005f110122010000,005f110122010000,16601.2,True
2572,006011964e221083,0060110222010000,0060110222010000,16617.0,True
2573,0061222f2e116760,0061220111010000,0061220111010000,16749.4,True
2574,006222b2eb118d33,0062220211020000,0062220211020000,17286.5,True
2575,0063114044223a31,0063110122010000,0063110122010000,16683.9,True
2576,00002236b6119c43,0000220011000000,0000220011000000,16922.2,True
2577,00012237d811a338,0001220011000000,0001220011000000,16929.8,True
2578,00022255621144ab,0002220011000000,0002220011000000,16959.0,True
2579,000311edd122f9af,0003110022000000,0003110022000000,17066.7,True
2580,000422fe0811f118,0004220011000000,0004220011000000,17131.0,True
2581,000522dd3611553b,0005220011000000,0005220011000000,16751.2,True
2582,000611e221225f71,0006110022000000,0006110022000000,16920.9,True
2583,0007113769229d41,0007110022000000,0007110022000000,16628.0,True
2584,00081191d2226716,0008110022000000,0008110022000000,17232.8,True
2585,0009110d4022a8a6,0009110022000000,0009110022000000,16786.2,True
2586,000a22ea4f119f40,000a220011000000,000a220011000000,16935.1,True
2587,000b11a84d22b4dc,000b110022000000,000b110022000000,17023.5,True
2588,000c2290ac113767,000c220011000000,000c220011000000,16859.8,True
2589,000d229de6114859,000d220011000000,000d220011000000,16942.1,True
2590,000e11e184224e8b,000e110022000000,000e110022000000,16949.8,True
2591,000f22fd661153c2,000f220011000000,000f220011000000,16963.1,True
2592,001011c099227560,0010110222010000,0010110222010000,17027.5,True
2593,0011116e1422f321,0011110122020000,0011110122020000,16654.8,True
2594,0012226dda118290,0012220111010000,0012220111010000,17108.0,True
2595,001311088f223ee6,0013110122010000,0013110122010000,16877.0,True
2596,0014116c9222514d,0014110122010000,0014110122010000,16962.0,True
2597,001511cba1221ee1,0015110222010000,0015110222010000,17679.2,True
2598,0016226dae1125f7,0016220111010000,0016220111010000,17538.1,True
2599,0017224f8e1136c7,0017220111010000,0017220111010000,16019.4,True
2600,001822582d11a371,0018220111020000,0018220111020000,17758.6,True
2601,0019110819222b78,0019110122010000,0019110122010000,15484.3,True
2602,001a11b529228426,001a110222020000,001a110222020000,17526.7,True
2603,001b1113b822533d,001b110122010000,001b110122010000,16474.6,True
2604,001c2286c011687a,001c220211010000,001c220211010000,16829.0,True
2605,001d111f8422ee98,001d110122020000,001d110122020000,17179.3,True
2606,001e2293b7110eba,001e220211010000,001e220211010000,16732.7,True
2607,001f226e9d1199b8,001f220111020000,001f220111020000,17608.1,True
2608,002022a9551146ad,0020220211010000,0020220211010000,16140.4,True
2609,0021111ff422d5f5,0021110122020000,0021110122020000,17061.3,True
2610,0022228c09118449,0022220211020000,0022220211020000,16747.9,True
2611,00231188c7221c1c,0023110222010000,0023110222010000,17058.8,True
2612,002411a8d822978f,0024110222020000,0024110222020000,17041.9,True
2613,0025110376229c87,0025110122020000,0025110122020000,16969.3,True
2614,002611e82122141a,0026110222010000,0026110222010000,16868.1,True
2615,002711701822a298,0027110222020000,0027110222020000,16949.9,True
2616,0028118fe022ed86,0028110222020000,0028110222020000,16916.7,True
2617,002922f20d115b98,0029220211010000,0029220211010000,17033.6,True
2618,002a22105711f3fd,002a220111020000,002a220111020000,20466.4,True
2619,002b2275821158b1,002b220111010000,002b220111010000,13157.9,True
2620,002c11e33c22d3ab,002c110222020000,002c110222020000,16938.9,True
2621,002d114e3022656d,002d110122010000,002d110122010000,16950.6,True
2622,002e22e7d211cbba,002e220211020000,002e220211020000,18340.4,True
2623,002f11ec1a22f846,002f110222020000,002f110222020000,15482.2,True
2624,003022d7e111a3db,0030220211020000,0030220211020000,17098.0,True
2625,00311191b422138b,0031110122010000,0031110122010000,16727.7,True
2626,003222b7a311fe1f,0032220211020000,0032220211020000,17174.7,True
2627,003322ccac112693,0033220211010000,0033220211010000,16761.8,True
2628,00341163bc2264a1,0034110122010000,0034110122010000,16939.5,True
2629,003511f5e0223e35,0035110222010000,0035110222010000,17050.9,True
2630,0036222977113995,0036220111010000,0036220111010000,16805.6,True
2631,003722120611a263,0037220111020000,0037220111020000,16978.7,True
2632,003811e55722bfd2,0038110222020000,0038110222020000,17085.8,True
2633,003911411522499d,0039110122010000,0039110122010000,17057.7,True
2634,003a22696e1160dc,003a220111010000,003a220111010000,17003.4,True
2635,003b225ffc114114,003b220111010000,003b220111010000,16927.7,True
2636,003c11e23e22657b,003c110222010000,003c110222010000,16717.7,True
2637,003d22df67115530,003d220211010000,003d220211010000,17268.4,True
2638,003e114b5022c036,003e110122020000,003e110122020000,16797.9,True
2639,003f11f41022175d,003f110222010000,003f110222010000,16921.3,True
2640,004011830222e2bc,0040110122020000,0040110122020000,16942.6,True
2641,00411127b7228006,0041110122020000,0041110122020000,16670.0,True
2642,0042116aaa22b978,0042110122020000,0042110122020000,17075.6,True
2643,00431198ca22bec4,0043110222020000,0043110222020000,17122.0,True
2644,004422c13b11202f,0044220211010000,0044220211010000,16887.2,True
2645,00451156752284dd,0045110122020000,0045110122020000,16939.8,True
2646,004622879311fe99,0046220111020000,0046220111020000,16958.5,True
2647,004711120c22e99d,0047110122020000,0047110122020000,16836.1,True
2648,0048114b2e226ca7,0048110122010000,0048110122010000,17420.7,True
2649,004911c1c122a222,0049110222020000,0049110222020000,16693.0,True
2650,004a11fe8c2240f9,004a110222010000,004a110222010000,16885.9,True
2651,004b1137cf228fdf,004b110122010000,004b110122010000,16711.1,True
2652,004c1139102220ce,004c110122010000,004c110122010000,16984.5,True
2653,004d2219701104b9,004d220111010000,004d220111010000,16994.0,True
2654,004e112eb0220512,004e110122010000,004e110122010000,16922.3,True
2655,004f22aecc1166fc,004f220211020000,004f220211020000,16436.2,True
2656,005022ee97115f90,0050220211010000,0050220211010000,16922.6,True
2657,005122d57b11db4c,0051220211020000,0051220211020000,16871.6,True
2658,005222912c114e67,0052220211010000,0052220211010000,17199.8,True
2659,0053227dd411b3fd,0053220111020000,0053220111020000,16922.1,True
2660,005411875822358c,0054110222010000,0054110222010000,16755.3,True
2661,0055113c8c222cc6,0055110122010000,0055110122010000,16970.7,True
2662,005622980811223d,0056220211010000,0056220211010000,16881.3,True
2663,0057112b8f229774,0057110122020000,0057110122020000,17003.2,True
2664,005822576c113001,0058220111010000,0058220111010000,16950.6,True
2665,0059224e5111f9e2,0059220111020000,0059220111020000,17098.8,True
2666,005a22474311350f,005a220111010000,005a220111010000,16896.6,True
2667,005b22ce8d11a666,005b220211020000,005b220211020000,16849.9,True
2668,005c22485b11f32d,005c220111020000,005c220111020000,17131.3,True
2669,005d22866e11f53d,005d220211020000,005d220211020000,16980.4,True
2670,005e220a7f11cf40,005e220111020000,005e220111020000,16945.0,True
2671,005f22681011cb53,005f220111020000,005f220111020000,16956.6,True
2672,006011a8f122df94,0060110222020000,0060110222020000,16668.1,True
2673,006111be6d22d47a,0061110222020000,0061110222020000,17223.6,True
2674,006222d0bf116224,0062220211010000,0062220211010000,16968.5,True
2675,00631170c322a497,0063110122020000,0063110122020000,16854.7,True
2676,000022ac37118a4e,0000220011000000,0000220011000000,17010.7,True
2677,0001115367222ba5,0001110022000000,0001110022000000,16936.5,True
2678,00021103e52279d8,0002110022000000,0002110022000000,17041.4,True
2679,000311924c221574,0003110022000000,0003110022000000,16990.6,True
2680,000422d50a114904,0004220011000000,0004220011000000,16830.1,True
2681,00051189db222ed0,0005110022000000,0005110022000000,16920.7,True
2682,000622d73a117a54,0006220011000000,0006220011000000,17010.7,True
2683,000711bc61227d98,0007110022000000,0007110022000000,16733.7,True
2684,000811548222347a,0008110022000000,0008110022000000,16851.4,True
2685,0009229ff011e2b7,0009220011000000,0009220011000000,17041.8,True
2686,000a2258ca113c7d,000a220011000000,000a220011000000,16931.1,True
2687,000b115dce2257fa,000b110022000000,000b110022000000,16959.3,True
2688,000c11311622052a,000c110022000000,000c110022000000,17083.6,True
2689,000d11d012223244,000d110022000000,000d110022000000,16809.0,True
2690,000e118f4b22ede9,000e110022000000,000e110022000000,17228.2,True
2691,000f22a22711141e,000f220011000000,000f220011000000,16488.0,True
2692,0010116d2322f1a4,0010110022000000,0010110022000000,17077.8,True
2693,001111ba6822fb1f,0011110222000000,0011110222000000,16951.1,True
2694,001211c10c22c978,0012110222000000,0012110222000000,16950.2,True
2695,0013224678118883,0013220111020000,0013220111020000,16979.2,True
2696,0014115a1922431f,0014110122010000,0014110122010000,16687.7,True
2697,0015115a4a220ae8,0015110122010000,0015110122010000,17073.1,True
2698,001611201122ac2a,0016110122020000,0016110122020000,17372.7,True
2699,00172214ff115bce,0017220111010000,0017220111010000,17726.4,True
2700,001811f120223ce8,0018110222010000,0018110222010000,15948.4,True
2701,00192284dd119036,0019220211020000,0019220211020000,17630.1,True
2702,001a117ecb22a186,001a110222020000,001a110222020000,15613.8,True
2703,001b11eebc2293db,001b110222020000,001b110222020000,16853.2,True
2704,001c114d9522e625,001c110122020000,001c110122020000,16848.3,True
2705,001d11e8db22e205,001d110222020000,001d110222020000,16935.2,True
2706,001e225a28115714,001e220111010000,001e220111010000,17042.7,True
2707,001f22a84211733d,001f220211010000,001f220211010000,16817.3,True
2708,002011c45a2289c8,0020110222020000,0020110222020000,17152.1,True
2709,002122fb3e112201,0021220211010000,0021220211010000,16686.1,True
2710,00222220b911314e,0022220111010000,0022220111010000,16810.8,True
2711,0023225b95114c46,0023220111010000,0023220111010000,17005.2,True
2712,002422e3dd111a76,0024220211010000,0024220211010000,16976.4,True
2713,0025221d0411b4b2,0025220111020000,0025220111020000,16745.7,True
2714,0026224fe31124ef,0026220111010000,0026220111010000,16856.0,True
2715,0027228d0811c49a,0027220211020000,0027220211020000,17272.1,True
2716,002811c0a2225b80,0028110222010000,0028110222010000,16835.5,True
2717,002922a72711b8ed,0029220211020000,0029220211020000,17205.9,True
2718,002a110cd9224814,002a110122010000,002a110122010000,16748.1,True
2719,002b226ee611b6f4,002b220111020000,002b220111020000,17201.5,True
2720,002c225339112fff,002c220111010000,002c220111010000,16551.8,True
2721,002d2213cd111e40,002d220111010000,002d220111010000,17098.7,True
2722,002e11f717222398,002e110222010000,002e110222010000,16909.1,True
2723,002f2232371199dd,002f220111020000,002f220111020000,17307.3,True
2724,003022c401113492,0030220211010000,0030220211010000,16377.1,True
2725,003122132c1113b8,0031220111010000,0031220111010000,16946.6,True
2726,003211a81d220d93,0032110222010000,0032110222010000,17011.2,True
2727,0033110fc922d51c,0033110122020000,0033110122020000,16855.8,True
2728,003411b33322f8bf,0034110222020000,0034110222020000,16910.4,True
2729,003511c444221a99,0035110222010000,0035110222010000,17072.5,True
2730,0036110d8b22d7c7,0036110122020000,0036110122020000,16944.3,True
2731,00372213c6115dc1,0037220111010000,0037220111010000,16842.9,True
2732,0038113bd9221413,0038110122010000,0038110122010000,16907.4,True
2733,00392259c611bf1c,0039220211020000,0039220211020000,16983.8,True
2734,003a111d86220d77,003a110122010000,003a110122010000,16975.2,True
2735,003b11dda222b7b6,003b110222020000,003b110222020000,16784.5,True
2736,003c112e85227584,003c110122020000,003c110122020000,16954.7,True
2737,003d22f2c311424f,003d220211010000,003d220211010000,17025.6,True
2738,003e11fd1c22911a,003e110222020000,003e110222020000,16915.0,True
2739,003f11f101227df4,003f110222020000,003f110222020000,16986.6,True
2740,0040119cc9226691,0040110222010000,0040110222010000,16825.4,True
2741,004122c9bb1101df,0041220211010000,0041220211010000,17073.8,True
2742,0042223636118f7a,0042220111020000,0042220111020000,16916.1,True
2743,00431172ff22c06b,0043110122020000,0043110122020000,16795.5,True
2744,004411070722e6b7,0044110122020000,0044110122020000,16831.9,True
2745,004511e28b22e489,0045110222020000,0045110222020000,17200.2,True
2746,00462221a811a8a2,0046220111020000,0046220111020000,16565.1,True
2747,004722f48a1111df,0047220211010000,0047220211010000,17037.0,True
2748,0048111db922213e,0048110122010000,0048110122010000,16766.9,True
2749,00492284d711135c,0049220111010000,0049220111010000,18059.6,True
2750,004a11944522ca14,004a110222020000,004a110222020000,17036.8,True
2751,004b114b262263d9,004b110122010000,004b110122010000,17432.6,True
2752,004c11e719225b08,004c110222010000,004c110222010000,15378.1,True
2753,004d1100c022ca41,004d110122020000,004d110122020000,16835.8,True
2754,004e226a18113a89,004e220111010000,004e220111010000,16906.2,True
2755,004f2203f0119255,004f220111020000,004f220111020000,17016.1,True
2756,005022328111bceb,0050220111020000,0050220111020000,17128.7,True
2757,0051114c7022c3b0,0051110122020000,0051110122020000,16619.7,True
2758,005211e1de22695f,0052110222010000,0052110222010000,17362.7,True
2759,005322c98b11cb7e,0053220211020000,0053220211020000,16469.4,True
2760,00542224c3112ac3,0054220111010000,0054220111010000,17135.4,True
2761,005522eb8c11a0fd,0055220211020000,0055220211020000,16716.7,True
2762,005622d5e11124fe,0056220211010000,0056220211010000,17293.2,True
2763,00571189782258df,0057110222010000,0057110222010000,16666.1,True
2764,00581170f622bcd3,0058110122020000,0058110122020000,17103.5,True
2765,00591121972278ed,0059110122010000,0059110122010000,16788.2,True
2766,005a225ff91159ce,005a220111010000,005a220111010000,17505.5,True
2767,005b111c7f226589,005b110122010000,005b110122010000,16335.7,True
2768,005c22cc4c112b69,005c220211010000,005c220211010000,17125.5,True
2769,005d11f1ad22a1a1,005d110222020000,005d110222020000,16959.2,True
2770,005e11aa87226862,005e110222010000,005e110222010000,17051.1,True
2771,005f2212a911cc92,005f220111020000,005f220111020000,16971.8,True
2772,006022ce2a11da0d,0060220211020000,0060220211020000,16656.1,True
2773,00612202c4112516,0061220111010000,0061220111010000,17079.6,True
2774,006222a42a118d6f,0062220211020000,0062220211020000,16918.1,True
2775,0063114c9122f0d5,0063110122020000,0063110122020000,16930.4,True
2776,0000111a6b22a92c,0000110022000000,0000110022000000,16942.6,True
2777,000111697d22c248,0001110022000000,0001110022000000,16937.2,True
2778,000222bd521186c3,0002220011000000,0002220011000000,17151.5,True
2779,000322b58c118775,0003220011000000,0003220011000000,16957.4,True
2780,0004112e6d2221b5,0004110022000000,0004110022000000,16880.5,True
2781,00052247ab1146a3,0005220011000000,0005220011000000,16759.1,True
2782,00061195832255fc,0006110022000000,0006110022000000,17100.6,True
2783,00071130d72249bf,0007110022000000,0007110022000000,16918.2,True
2784,000822b90e1199bf,0008220011000000,0008220011000000,17005.9,True
2785,0009223b4d110b4a,0009220011000000,0009220011000000,16401.7,True
2786,000a22de7011d1e2,000a220011000000,000a220011000000,16992.2,True
2787,000b11c33122ac2c,000b110022000000,000b110022000000,17327.3,True
2788,000c2238b111eb6e,000c220011000000,000c220011000000,16924.3,True
2789,000d11b238227e4c,000d110022000000,000d110022000000,16863.6,True
2790,000e11f3ea22ee46,000e110022000000,000e110022000000,17035.9,True
2791,000f2233ba1181dc,000f220011000000,000f220011000000,16581.0,True
2792,00102242c3113807,0010220011010000,0010220011010000,17076.5,True
2793,001122c2bf11d9b2,0011220211020000,0011220211020000,17077.6,True
2794,001211c67922affd,0012110222020000,0012110222020000,16919.9,True
2795,001322425d11d787,0013220111020000,0013220111020000,16841.1,True
2796,00142222f5113a6a,0014220111010000,0014220111010000,16909.1,True
2797,001522b6f211559f,0015220211010000,0015220211010000,16848.0,True
2798,00162281a0118f0d,0016220211010000,0016220211010000,19837.7,True
2799,00172217d311ddcb,0017220111020000,0017220111020000,15167.6,True
2800,0018118058221cb5,0018110122010000,0018110122010000,15947.6,True
2801,001922a893119357,0019220211010000,0019220211010000,17120.3,True
2802,001a119667221a3f,001a110122010000,001a110122010000,16973.1,True
2803,001b1187bf22f105,001b110122020000,001b110122020000,16380.6,True
2804,001c114bdc22ceaf,001c110122020000,001c110122020000,16930.0,True
2805,001d222b3b11c26a,001d220111020000,001d220111020000,17046.1,True
2806,001e2286d211b405,001e220211020000,001e220211020000,17106.4,True
2807,001f117fff222e65,001f110122010000,001f110122010000,16612.5,True
2808,002022d3f8111f91,0020220211010000,0020220211010000,17303.8,True
2809,00211193ee224416,0021110222010000,0021110222010000,16823.5,True
2810,002211455022c2a9,0022110122020000,0022110122020000,16662.2,True
2811,0023225e17116142,0023220111010000,0023220111010000,17150.4,True
2812,00241177b22223e0,0024110122010000,0024110122010000,16671.2,True
2813,00252231a011a813,0025220111020000,0025220111020000,17157.7,True
2814,0026117a8822e714,0026110122020000,0026110122020000,16915.0,True
2815,002711ea4f221701,0027110222010000,0027110222010000,16955.7,True
2816,002811d418222551,0028110222010000,0028110222010000,16951.8,True
2817,00292229a2117de8,0029220111010000,0029220111010000,17032.0,True
2818,002a22468d114a48,002a220111010000,002a220111010000,16852.1,True
2819,002b11bab522427b,002b110222010000,002b110222010000,16965.3,True
2820,002c11d42b229205,002c110222020000,002c110222020000,16951.5,True
2821,002d22d02f1164d9,002d220211010000,002d220211010000,16930.3,True
2822,002e11ee6c220591,002e110222010000,002e110222010000,16952.8,True
2823,002f226871110bfe,002f220211010000,002f220211010000,17081.4,True
2824,003011748f22bc64,0030110122020000,0030110122020000,16884.2,True
2825,003111dd6d22cc9b,0031110222020000,0031110222020000,16803.4,True
2826,0032116576223c66,0032110122010000,0032110122010000,16915.5,True
2827,003311338f2232b3,0033110122010000,0033110122010000,16994.9,True
2828,00341146eb225d20,0034110122010000,0034110122010000,16909.6,True
2829,0035228b9d11f5d9,0035220211020000,0035220211020000,16998.2,True
2830,0036227b7a111280,0036220211010000,0036220211010000,16899.4,True
2831,0037223692112786,0037220111010000,0037220111010000,16985.0,True
2832,0038114c5522caf5,0038110122020000,0038110122020000,17043.6,True
2833,0039224d481190ec,0039220111020000,0039220111020000,17050.0,True
2834,003a22bca511ffe2,003a220211020000,003a220211020000,16758.1,True
2835,003b11b3f8225dff,003b110222010000,003b110222010000,16919.0,True
2836,003c1111da22e294,003c110122020000,003c110122020000,17004.3,True
2837,003d22b483112689,003d220211010000,003d220211010000,16808.4,True
2838,003e11566722c044,003e110122020000,003e110122020000,17089.8,True
2839,003f2211bc11c525,003f220111020000,003f220111020000,16743.9,True
2840,0040222b1d1133d7,0040220111010000,0040220111010000,17085.5,True
2841,004122cf4b110be8,0041220211010000,0041220211010000,16919.7,True
2842,004222ba8211092b,0042220211010000,0042220211010000,16797.1,True
2843,0043225a6411b4fc,0043220111020000,0043220111020000,17055.9,True
2844,004411bab722648a,0044110222010000,0044110222010000,16900.7,True
2845,00452204d4118921,0045220111020000,0045220111020000,16907.9,True
2846,004622e6d011c212,0046220211020000,0046220211020000,16763.2,True
2847,004722f8a5113819,0047220211010000,0047220211010000,16939.6,True
2848,00482281ce11b8e0,0048220111020000,0048220111020000,18098.1,True
2849,00491181f122c2e7,0049110222020000,0049110222020000,17216.8,True
2850,004a113ab122583c,004a110122010000,004a110122010000,15820.7,True
2851,004b11acef2213df,004b110222010000,004b110222010000,17100.4,True
2852,004c222228112bf7,004c220111010000,004c220111010000,16841.7,True
2853,004d22381c110994,004d220111010000,004d220111010000,16408.4,True
2854,004e22459411b309,004e220111020000,004e220111020000,18641.0,True
2855,004f22d6a01138a2,004f220211010000,004f220211010000,15268.7,True
2856,0050115c8622b296,0050110122020000,0050110122020000,17107.0,True
2857,005111a8a7224ba7,0051110222010000,0051110222010000,16728.1,True
2858,005222cafb1162dd,0052220211010000,0052220211010000,17033.8,True
2859,0053228ec9114f61,0053220211010000,0053220211010000,16955.6,True
2860,0054114e9622ed64,0054110122020000,0054110122020000,16876.0,True
2861,005511069722a7b1,0055110122020000,0055110122020000,16919.1,True
2862,005622cae011dda9,0056220211020000,0056220211020000,16925.7,True
2863,005711290d22f0ee,0057110122020000,0057110122020000,17265.3,True
2864,005822c6be111397,0058220211010000,0058220211010000,16983.3,True
2865,0059115e4e2219c4,0059110222010000,0059110222010000,16638.4,True
2866,005a11116f2268f0,005a110122010000,005a110122010000,16884.1,True
2867,005b11c26e22f57d,005b110222020000,005b110222020000,19489.3,True
2868,005c22112b11007f,005c220111010000,005c220111010000,14387.8,True
2869,005d1129b622fe72,005d110122020000,005d110122020000,16973.4,True
2870,005e112a1f22fdc8,005e110122020000,005e110122020000,16933.5,True
2871,005f11f3f6220f8a,005f110222010000,005f110222010000,16876.5,True
2872,006022934611cac6,0060220111020000,0060220111020000,16984.6,True
2873,0061119cf32275e6,0061110222010000,0061110222010000,16909.0,True
2874,00622226c4111587,0062220111010000,0062220111010000,22570.8,True
2875,006322a1251141c1,0063220211010000,0063220211010000,11450.7,True
2876,000011a742220d47,0000110022000000,0000110022000000,16760.9,True
2877,0001229238118b89,0001220011000000,0001220011000000,17039.4,True
2878,0002110f1f22b352,0002110022000000,0002110022000000,16882.5,True
2879,00032294ab11c0b8,0003220011000000,0003220011000000,17118.3,True
2880,000411b2d9220480,0004110022000000,0004110022000000,16777.0,True
2881,0005111511221d19,0005110022000000,0005110022000000,17000.1,True
2882,0006228eec11d0fb,0006220011000000,0006220011000000,17184.3,True
2883,00072235e2116740,0007220011000000,0007220011000000,16886.4,True
2884,000811e363224462,0008110022000000,0008110022000000,16952.3,True
2885,0009225a1c110904,0009220011000000,0009220011000000,17027.6,True
2886,000a22bb6a11b7d4,000a220011000000,000a220011000000,16897.6,True
2887,000b22522211bc7f,000b220011000000,000b220011000000,16923.5,True
2888,000c2264f61130d8,000c220011000000,000c220011000000,16997.4,True
2889,000d1159aa222545,000d110022000000,000d110022000000,16615.8,True
2890,000e115f1922efe2,000e110022000000,000e110022000000,17221.3,True
2891,000f2243f41151c3,000f220011000000,000f220011000000,16977.1,True
2892,0010116e1522649c,0010110022000000,0010110022000000,16926.1,True
2893,001111354b229483,0011110022020000,0011110022020000,16928.4,True
2894,001222f503113ec9,0012220211000000,0012220211000000,17023.0,True
2895,001311472c22672e,0013110022010000,0013110022010000,16827.8,True
2896,001411fbf322b3ac,0014110222020000,0014110222020000,16983.3,True
2897,0015220b0d11eb31,0015220111020000,0015220111020000,19884.5,True
2898,001622f30911cfd7,0016220211020000,0016220211020000,14335.0,True
2899,001722a7c011c020,0017220211020000,0017220211020000,17067.8,True
2900,001811f3e0226ef2,0018110222010000,0018110222010000,15950.2,True
2901,001922b47c11e6c0,0019220211020000,0019220211020000,17065.4,True
2902,001a2250341126f5,001a220111010000,001a220111010000,16894.3,True
2903,001b22c1d8115b41,001b220211010000,001b220211010000,17048.4,True
2904,001c1138ee22123e,001c110122010000,001c110122010000,17076.9,True
2905,001d22c84b1145a6,001d220211010000,001d220211010000,16798.0,True
2906,001e22c73011c4a9,001e220211020000,001e220211020000,16777.3,True
2907,001f11e3b822a74b,001f110222020000,001f110222020000,17129.6,True
2908,002011fbfe22338a,0020110222010000,0020110222010000,16734.8,True
2909,0021114ec2225158,0021110122010000,0021110122010000,16946.8,True
2910,00221157062296f5,0022110122020000,0022110122020000,16937.6,True
2911,0023220541118c02,0023220111010000,0023220111010000,17215.3,True
2912,0024223091117c66,0024220111010000,0024220111010000,16762.9,True
2913,00251100b722edb7,0025110122020000,0025110122020000,17016.1,True
2914,002611938722bc88,0026110222020000,0026110222020000,16708.4,True
2915,002722a70911b83a,0027220211020000,0027220211020000,17180.5,True
2916,002822210e11d6bd,0028220111020000,0028220111020000,16771.0,True
2917,0029222e981197b0,0029220111020000,0029220111020000,17200.9,True
2918,002a22414b116146,002a220111010000,002a220111010000,16693.5,True
2919,002b11023e226c89,002b110122010000,002b110122010000,17173.7,True
2920,002c113f9a225872,002c110122010000,002c110122010000,16876.8,True
2921,002d22b7991143e6,002d220211010000,002d220211010000,17033.4,True
2922,002e226da011c2b0,002e220211020000,002e220211020000,16848.2,True
2923,002f1179b322aa52,002f110222020000,002f110222020000,16950.8,True
2924,003011af9c22103c,0030110222010000,0030110222010000,16951.9,True
2925,003122bcc5114185,0031220211010000,0031220211010000,16866.6,True
2926,0032112b96226b94,0032110122010000,0032110122010000,17016.2,True
2927,003322330e11e2b2,0033220111020000,0033220111020000,18076.2,True
2928,0034110b9b22012f,0034110122010000,0034110122010000,15912.8,True
2929,003511842e221ba0,0035110222010000,0035110222010000,16877.8,True
2930,003622ba1d11870a,0036220211020000,0036220211020000,16861.6,True
2931,00371127f222728c,0037110122020000,0037110122020000,16953.7,True
2932,00382270b5112264,0038220211010000,0038220211010000,16945.4,True
2933,003911897b225b82,0039110222010000,0039110222010000,17130.2,True
2934,003a228c8a11dfe2,003a220211020000,003a220211020000,16829.7,True
2935,003b11e89622c2b7,003b110222020000,003b110222020000,16723.6,True
2936,003c2204b911324d,003c220111010000,003c220111010000,17020.5,True
2937,003d22d5231158ce,003d220211010000,003d220211010000,16736.2,True
2938,003e22e4d0116494,003e220211010000,003e220211010000,17254.2,True
2939,003f222bed11c386,003f220111020000,003f220111020000,16791.7,True
2940,0040114fa222602a,0040110122010000,0040110122010000,17088.9,True
2941,004111052e22c6e8,0041110122020000,0041110122020000,16793.6,True
2942,0042115129221098,0042110122010000,0042110122010000,17043.4,True
2943,004311dc6b224ba1,0043110222010000,0043110222010000,16932.7,True
2944,0044226db7110fde,0044220111010000,0044220111010000,16840.6,True
2945,004511e951222ed9,0045110222010000,0045110222010000,17054.8,True
2946,004611c1d2223d88,0046110222010000,0046110222010000,16482.4,True
2947,004711d97e22ea41,0047110222020000,0047110222020000,17244.5,True
2948,004822ee0e11d936,0048220211020000,0048220211020000,16779.0,True
2949,0049223f0e1140be,0049220111010000,0049220111010000,17371.9,True
2950,004a11053922be84,004a110122020000,004a110122020000,17875.5,True
2951,004b22199c1170b4,004b220111010000,004b220111010000,16073.0,True
2952,004c22166c113df9,004c220111010000,004c220111010000,16887.9,True
2953,004d2275ba11eb8a,004d220211020000,004d220211020000,16416.2,True
2954,004e117c84223455,004e110122010000,004e110122010000,17198.8,True
2955,004f116563220012,004f110122010000,004f110122010000,17515.1,True
2956,0050110a45222249,0050110122010000,0050110122010000,20134.7,True
2957,005111723c22c3c2,0051110122020000,0051110122020000,13355.9,True
2958,00522289bc11a324,0052220211020000,0052220211020000,16342.4,True
2959,00531143ba224cca,0053110122010000,0053110122010000,16915.3,True
2960,00541127a222128a,0054110122010000,0054110122010000,16841.1,True
2961,005522506411ffe6,0055220111020000,0055220111020000,17005.1,True
2962,00562226361144b2,0056220111010000,0056220111010000,16959.2,True
2963,005711e9db224a7b,0057110222010000,0057110222010000,16980.3,True
2964,005811108c22263d,0058110122010000,0058110122010000,17034.0,True
2965,0059111934228f71,0059110122020000,0059110122020000,16658.0,True
2966,005a11c87622c3ee,005a110222020000,005a110222020000,17186.6,True
2967,005b11071622cce7,005b110122020000,005b110122020000,16800.4,True
2968,005c11658e22d924,005c110122020000,005c110122020000,16943.3,True
2969,005d1173aa2232de,005d110222010000,005d110222010000,16957.0,True
2970,005e2262de11925e,005e220111020000,005e220111020000,16956.6,True
2971,005f115bd822d759,005f110122020000,005f110122020000,16934.9,True
2972,006011b35d228fce,0060110222020000,0060110222020000,17044.9,True
2973,006111f00722fb86,0061110222020000,0061110222020000,16924.6,True
2974,006211645422500a,0062110122010000,0062110122010000,16873.6,True
2975,0063224ae2111a9f,0063220111010000,0063220111010000,17029.6,True
2976,000011710f225565,0000110022000000,0000110022000000,16789.2,True
2977,000122fe081107b3,0001220011000000,0001220011000000,16978.5,True
2978,00021137a822cf4c,0002110022000000,0002110022000000,16907.4,True
2979,00031177d322deb9,0003110022000000,0003110022000000,16977.1,True
2980,000422c9e3117288,0004220011000000,0004220011000000,16883.9,True
2981,0005221c0d113c7b,0005220011000000,0005220011000000,17106.7,True
2982,000611b5b222ea02,0006110022000000,0006110022000000,16831.1,True
2983,000711419f22994a,0007110022000000,0007110022000000,16664.3,True
2984,0008110129227d02,0008110022000000,0008110022000000,17076.2,True
2985,000922e2e6112b48,0009220011000000,0009220011000000,17021.3,True
2986,000a11db612250de,000a110022000000,000a110022000000,16959.4,True
2987,000b2291d3110908,000b220011000000,000b220011000000,16938.2,True
2988,000c112a2622d22a,000c110022000000,000c110022000000,16951.2,True
2989,000d22177711a0fc,000d220011000000,000d220011000000,16871.5,True
2990,000e1113d4222919,000e110022000000,000e110022000000,17155.8,True
2991,000f22855e119bd6,000f220011000000,000f220011000000,16919.1,True
2992,001011c6a822c5a5,0010110022020000,0010110022020000,16926.5,True
2993,00112236b9115bdf,0011220111010000,0011220111010000,16921.5,True
2994,00122213b511bd72,0012220111020000,0012220111020000,16788.2,True
2995,00132206fd118577,0013220111020000,0013220111020000,17010.3,True
2996,001411238322540e,0014110122010000,0014110122010000,16879.2,True
2997,001522bb0211097e,0015220211010000,0015220211010000,16992.8,True
2998,001622ebee11d907,0016220211020000,0016220211020000,16929.9,True
2999,0017117e29220907,0017110222010000,0017110222010000,19215.8,True
3000,0018224e6c11a25f,0018220111020000,0018220111020000,15241.9,True
3001,001911d8f822031e,0019110222010000,0019110222010000,18107.8,True
3002,001a11963222ddae,001a110222020000,001a110222020000,14348.5,True
3003,001b11e6db22b018,001b110222020000,001b110222020000,18227.3,True
3004,001c1183de22a7a9,001c110122020000,001c110122020000,15903.3,True
3005,001d114f7e226cb3,001d110122020000,001d110122020000,15878.7,True
3006,001e228d55119196,001e220211020000,001e220211020000,16938.3,True
3007,001f22125a119404,001f220111020000,001f220111020000,16851.7,True
3008,002011c32622a18d,0020110222020000,0020110222020000,17088.7,True
3009,00212276af112239,0021220211010000,0021220211010000,16992.4,True
3010,002222ff6f118d16,0022220211020000,0022220211020000,16778.5,True
3011,002322a07e113514,0023220211010000,0023220211010000,16897.1,True
3012,0024113a2922ea64,0024110122020000,0024110122020000,17093.9,True
3013,002511f091224e2d,0025110222010000,0025110222010000,16929.4,True
3014,002622edf111625b,0026220211010000,0026220211010000,16690.2,True
3015,002711efeb225275,0027110222010000,0027110222010000,17223.1,True
3016,002811b954220e1d,0028110222010000,0028110222010000,16543.3,True
3017,00291135bc227720,0029110122010000,0029110122010000,17228.1,True
3018,002a22eed4113281,002a220211010000,002a220211010000,16949.9,True
3019,002b22db83115ec7,002b220211010000,002b220211010000,17145.0,True
3020,002c11747e22c45e,002c110122020000,002c110122020000,16616.4,True
3021,002d11671722622f,002d110122010000,002d110122010000,17046.2,True
3022,002e11a71622ef23,002e110222020000,002e110222020000,17078.6,True
3023,002f110464220636,002f110122010000,002f110122010000,16838.9,True
3024,003011aeca225a48,0030110222010000,0030110222010000,16907.5,True
3025,003122eb14114567,0031220211010000,0031220211010000,17069.3,True
3026,0032111be322e40a,0032110122020000,0032110122020000,16803.3,True
3027,003322b5b311f95c,0033220211020000,0033220211020000,16975.5,True
3028,003422045511fe29,0034220111020000,0034220111020000,16956.4,True
3029,0035229888111c66,0035220211010000,0035220211010000,16907.1,True
3030,003622d90011e318,0036220211020000,0036220211020000,16946.6,True
3031,003722bd3d118f79,0037220211020000,0037220211020000,17042.9,True
3032,003822665511a076,0038220111020000,0038220111020000,16784.8,True
3033,003922f2a911a1d1,0039220211020000,0039220211020000,16960.5,True
3034,003a11634122fb39,003a110122020000,003a110122020000,16936.9,True
3035,003b22e3dd115bc8,003b220211010000,003b220211010000,16956.2,True
3036,003c11c4cc22f371,003c110222020000,003c110222020000,16938.1,True
3037,003d22d19b11b7e0,003d220211020000,003d220211020000,17083.2,True
3038,003e11233d22c054,003e110122020000,003e110122020000,16566.9,True
3039,003f227b0a1125ec,003f220111010000,003f220111010000,17315.1,True
3040,00401196ce22ef49,0040110222020000,0040110222020000,16880.0,True
3041,0041117e5222bbad,0041110122020000,0041110122020000,16817.0,True
3042,004222d77611a37d,0042220211020000,0042220211020000,16692.6,True
3043,0043226ed411b1dd,0043220111020000,0043220111020000,17303.6,True
3044,004422132b11c87d,0044220111020000,0044220111020000,16948.9,True
3045,004511bebb22ee92,0045110222020000,0045110222020000,16906.3,True
3046,004622821511dc2a,0046220111020000,0046220111020000,16905.6,True
3047,0047114d42224df7,0047110122010000,0047110122010000,16761.2,True
3048,004822c483114df6,0048220211010000,0048220211010000,16913.3,True
3049,004922acb8119236,0049220111020000,0049220111020000,17227.9,True
3050,004a117f9422e122,004a110122020000,004a110122020000,17996.7,True
3051,004b116e1522c119,004b110122020000,004b110122020000,15769.5,True
3052,004c2262a911b096,004c220111020000,004c220111020000,16882.1,True
3053,004d22b889113ead,004d220211010000,004d220211010000,17500.6,True
3054,004e11952b22737f,004e110222010000,004e110222010000,16554.3,True
3055,004f1163082293d8,004f110122010000,004f110122010000,17404.9,True
3056,005022eb4911cbb8,0050220211020000,0050220211020000,16631.8,True
3057,005111a7642229dd,0051110222010000,0051110222010000,16556.4,True
3058,0052110dcb2286dd,0052110122010000,0052110122010000,16738.1,True
3059,0053110d4e22cef7,0053110122020000,0053110122020000,16931.5,True
3060,00541108f9229680,0054110122010000,0054110122010000,17078.8,True
3061,005522bd3f118537,0055220211020000,0055220211020000,16730.7,True
3062,0056223130118829,0056220111020000,0056220111020000,17092.2,True
3063,005711e77b22e4fd,0057110222020000,0057110222020000,16899.3,True
3064,005811227022c8a0,0058110122020000,0058110122020000,16865.4,True
3065,005922635f117d03,0059220111020000,0059220111020000,16623.2,True
3066,005a227c3f11895d,005a220111020000,005a220111020000,17406.8,True
3067,005b224440119869,005b220111020000,005b220111020000,16713.3,True
3068,005c11877122c432,005c110222020000,005c110222020000,16771.0,True
3069,005d22e3f211e824,005d220211020000,005d220211020000,17392.8,True
3070,005e22385a115d38,005e220111010000,005e220111010000,16901.6,True
3071,005f11c1ea22bdbe,005f110222020000,005f110222020000,16875.9,True
3072,006022066c1148c3,0060220111010000,0060220111010000,17033.9,True
3073,006111c8da223176,0061110222010000,0061110222010000,16756.3,True
3074,006211ffcc22e4ec,0062110222020000,0062110222020000,16811.4,True
3075,006322a4f111951e,0063220211020000,0063220211020000,16941.5,True
3076,0000112da62233bb,0000110022000000,0000110022000000,16957.8,True
3077,0001224a9a118d78,0001220011000000,0001220011000000,17011.5,True
3078,000211334522b5e5,0002110022000000,0002110022000000,17171.8,True
3079,000311c224225d0c,0003110022000000,0003110022000000,16704.8,True
3080,0004110b3c2207b5,0004110022000000,0004110022000000,16903.7,True
3081,000511203f22492b,0005110022000000,0005110022000000,17008.4,True
3082,00061126ed22aac9,0006110022000000,0006110022000000,17008.3,True
3083,000722096411aa7d,0007220011000000,0007220011000000,16930.6,True
3084,0008228b801173b1,0008220011000000,0008220011000000,16740.2,True
3085,000911637d222449,0009110022000000,0009110022000000,17011.2,True
3086,000a22e837111807,000a220011000000,000a220011000000,17075.9,True
3087,000b22200a1197df,000b220011000000,000b220011000000,16820.2,True
3088,000c11bc93223041,000c110022000000,000c110022000000,16954.2,True
3089,000d22109a118f41,000d220011000000,000d220011000000,17089.6,True
3090,000e116a85227c66,000e110022000000,000e110022000000,16928.7,True
3091,000f222a4d11861d,000f220011000000,000f220011000000,16886.8,True
3092,001022c571112768,0010220211010000,0010220211010000,16768.3,True
3093,0011112b0f22d67a,0011110122020000,0011110122020000,16963.8,True
3094,0012112596224170,0012110122010000,0012110122010000,17066.5,True
3095,001311a50d22c494,0013110222020000,0013110222020000,16804.5,True
3096,001422a63a110218,0014220211010000,0014220211010000,16630.0,True
3097,001522391a118fe6,0015220111020000,0015220111020000,17177.3,True
3098,00161180e222d781,0016110222020000,0016110222020000,16951.1,True
3099,001711c030229090,0017110222020000,0017110222020000,16673.5,True
3100,001822cbfe11b137,0018220211020000,0018220211020000,19915.9,True
3101,001911cb1e225823,0019110222010000,0019110222010000,16468.0,True
3102,001a111159226750,001a110122010000,001a110122010000,18207.7,True
3103,001b1174152219a2,001b110222010000,001b110222010000,15673.4,True
3104,001c22e3b91113f9,001c220211010000,001c220211010000,16107.8,True
3105,001d118d9f227bb1,001d110222010000,001d110222010000,15553.4,True
3106,001e22af55119b86,001e220211020000,001e220211020000,19032.9,True
3107,001f112cec22e9bc,001f110122020000,001f110122020000,15470.9,True
3108,0020110c562209e1,0020110122010000,0020110122010000,16012.1,True
3109,0021229426112eac,0021220211010000,0021220211010000,17499.4,True
3110,002211dc2d224eac,0022110222010000,0022110222010000,17046.9,True
3111,00231192c9225104,0023110222010000,0023110222010000,16450.2,True
3112,002422067411252d,0024220111010000,0024220111010000,17078.0,True
3113,002522bbe91136ed,0025220211010000,0025220211010000,17668.5,True
3114,002622fccb1153ba,0026220211010000,0026220211010000,16675.3,True
3115,0027224b72111096,0027220111010000,0027220111010000,16255.7,True
3116,002822640e11dfac,0028220111020000,0028220111020000,18340.8,True
3117,00291145ae22c06d,0029110122020000,0029110122020000,16168.3,True
3118,002a22c2ca11297a,002a220211010000,002a220211010000,17620.7,True
3119,002b115fda2276a1,002b110222010000,002b110222010000,15836.8,True
3120,002c22ea2b11e1cf,002c220211020000,002c220211020000,16509.5,True
3121,002d11c72e2259d8,002d110222010000,002d110222010000,16985.6,True
3122,002e116db12221d3,002e110222010000,002e110222010000,16928.5,True
3123,002f22e028115a1b,002f220211010000,002f220211010000,16958.2,True
3124,00301129d522f436,0030110122020000,0030110122020000,17059.8,True
3125,00312200e0114502,0031220111010000,0031220111010000,16826.6,True
3126,003211f3c82270b1,0032110222010000,0032110222010000,17148.2,True
3127,003311c45f22e0d7,0033110222020000,0033110222020000,16981.4,True
3128,003411db5922904b,0034110222010000,0034110222010000,16999.0,True
3129,0035117aed226172,0035110122010000,0035110122010000,16918.5,True
3130,003611be5422d992,0036110222020000,0036110222020000,16965.4,True
3131,003722b41611c0de,0037220211020000,0037220211020000,17051.1,True
3132,00382230bf111752,0038220111010000,0038220111010000,16786.9,True
3133,003911e38d220ddd,0039110222010000,0039110222010000,16950.5,True
3134,003a11261722cdd6,003a110122020000,003a110122020000,17007.4,True
3135,003b11d03922ca9a,003b110222020000,003b110222020000,17828.9,True
3136,003c1142ae22af0d,003c110122020000,003c110122020000,16628.4,True
3137,003d11c3cc2295cd,003d110222020000,003d110222020000,16306.5,True
3138,003e22bd5e11ab7d,003e220211020000,003e220211020000,16946.0,True
3139,003f22d3e311c0a1,003f220211020000,003f220211020000,16948.3,True
3140,00402248d111a02f,0040220111020000,0040220111020000,16955.8,True
3141,004122851011fd3f,0041220111020000,0041220111020000,16901.5,True
3142,004211641022cf61,0042110122020000,0042110122020000,16920.4,True
3143,0043115bd422d7a4,0043110122020000,0043110122020000,17105.2,True
3144,0044222aa911a2a8,0044220111020000,0044220111020000,16813.6,True
3145,00451109c0222d3e,0045110122010000,0045110122010000,16957.6,True
3146,0046226c8e1162bb,0046220111010000,0046220111010000,16871.1,True
3147,0047226453111151,0047220111010000,0047220111010000,16981.5,True
3148,004811beda224bd3,0048110222010000,0048110222010000,16932.5,True
3149,004922d24a114403,0049220211010000,0049220211010000,16928.6,True
3150,004a22a57311faea,004a220211020000,004a220211020000,17952.9,True
3151,004b2223ee1132e1,004b220111010000,004b220111010000,16032.0,True
3152,004c225d3d11b047,004c220111020000,004c220111020000,18682.0,True
3153,004d2249bb11e1f3,004d220111020000,004d220111020000,14904.7,True
3154,004e2229de113b20,004e220111010000,004e220111010000,19277.0,True
3155,004f1139f72279c5,004f110122020000,004f110122020000,15920.4,True
3156,0050229add11f381,0050220211020000,0050220211020000,15690.3,True
3157,005122b81811f2ac,0051220211020000,0051220211020000,16965.6,True
3158,005211b4d4220ca1,0052110222010000,0052110222010000,17342.7,True
3159,005322795411efe6,0053220211020000,0053220211020000,16532.7,True
3160,0054116e0e220290,0054110122010000,0054110122010000,16879.4,True
3161,0055119b2322c724,0055110222020000,0055110222020000,17256.6,True
3162,0056227f5711b032,0056220211020000,0056220211020000,16488.3,True
3163,005711e350220b8e,0057110222010000,0057110222010000,16903.3,True
3164,005822b64e11bcc6,0058220211020000,0058220211020000,17364.3,True
3165,005922654e117b0d,0059220111010000,0059220111010000,17021.6,True
3166,005a1184f92271f1,005a110122020000,005a110122020000,16748.4,True
3167,005b11f95122c87c,005b110222020000,005b110222020000,16605.5,True
3168,005c11bccf22ca09,005c110222020000,005c110222020000,16920.4,True
3169,005d11cbbc22c03a,005d110222020000,005d110222020000,16918.2,True
3170,005e118dc5222478,005e110122010000,005e110122010000,17408.4,True
3171,005f11b65e22b960,005f110122020000,005f110122020000,16229.9,True
3172,006011d6982298c7,0060110222020000,0060110222020000,17100.3,True
3173,00611133d7221a90,0061110122010000,0061110122010000,16502.6,True
3174,006211478e221775,0062110122010000,0062110122010000,17242.8,True
3175,006322784811de6e,0063220211020000,0063220211020000,16944.9,True
3176,000022bec511b01f,0000220011000000,0000220011000000,16929.6,True
3177,000122ef70113684,0001220011000000,0001220011000000,16960.6,True
3178,0002111151223ea6,0002110022000000,0002110022000000,16945.5,True
3179,000311e467226b08,0003110022000000,0003110022000000,16916.3,True
3180,000411094322cb32,0004110022000000,0004110022000000,17089.0,True
3181,0005118c48227dfd,0005110022000000,0005110022000000,17180.3,True
3182,0006113c13225ba0,0006110022000000,0006110022000000,16793.2,True
3183,0007118de02270e0,0007110022000000,0007110022000000,16834.6,True
3184,0008225d81114c48,0008220011000000,0008220011000000,16798.7,True
3185,000911440f22f7a0,0009110022000000,0009110022000000,16948.2,True
3186,000a113b7b229082,000a110022000000,000a110022000000,16960.9,True
3187,000b112ca3229572,000b110022000000,000b110022000000,16965.1,True
3188,000c22c42b11a3e9,000c220011000000,000c220011000000,17094.7,True
3189,000d221b6e11eece,000d220011000000,000d220011000000,16769.4,True
3190,000e118a2922d122,000e110022000000,000e110022000000,17065.8,True
3191,000f113c4f22265c,000f110022000000,000f110022000000,16928.1,True
3192,0010221a7f11f561,0010220011020000,0010220011020000,30199.1,True
3193,001122344211a709,0011220011020000,0011220011020000,20536.1,True
3194,001222a0f7112bee,0012220211010000,0012220211010000,16952.1,True
3195,001322c8e31198b4,0013220211020000,0013220211020000,17601.6,True
3196,001422ec8e119abf,0014220211020000,0014220211020000,16140.9,True
3197,001511e3f022c23b,0015110222020000,0015110222020000,17041.6,True
3198,001611fbd22245ce,0016110222010000,0016110222010000,16675.7,True
3199,001711588722b3d1,0017110122020000,0017110122020000,17581.9,True
3200,001822657d11d00b,0018220111020000,0018220111020000,16597.9,True
3201,00191140ce226d6f,0019110122010000,0019110122010000,16666.5,True
3202,001a11c4592290d2,001a110222020000,001a110222020000,16906.8,True
3203,001b119387226477,001b110122010000,001b110122010000,17190.0,True
3204,001c118b912206c9,001c110122010000,001c110122010000,16779.6,True
3205,001d11d20d224c6f,001d110222010000,001d110222010000,17017.6,True
3206,001e115e0a227eaf,001e110122020000,001e110122020000,16861.9,True
3207,001f112ed422cd7a,001f110122020000,001f110122020000,16747.8,True
3208,002022e3031141b3,0020220211010000,0020220211010000,16990.9,True
3209,0021224ac4116885,0021220111010000,0021220111010000,16939.6,True
3210,002211f30f2228fe,0022110222010000,0022110222010000,16643.5,True
3211,0023227e0b11c9f0,0023220111020000,0023220111020000,16881.9,True
3212,00241109ae22f6b9,0024110122020000,0024110122020000,17607.3,True
3213,002511f79c220c0b,0025110222010000,0025110222010000,16461.5,True
3214,0026223741112768,0026220111010000,0026220111010000,17102.3,True
3215,002711588d22bcf8,0027110122020000,0027110122020000,16949.9,True
3216,00281189fa22f684,0028110222020000,0028110222020000,17077.6,True
3217,002911d7e522c5d1,0029110222020000,0029110222020000,16797.5,True
3218,002a1141132237d4,002a110122010000,002a110122010000,16935.8,True
3219,002b11a63122e285,002b110222020000,002b110222020000,16751.5,True
3220,002c117af222379a,002c110122010000,002c110122010000,17145.6,True
3221,002d22553c11479c,002d220111010000,002d220111010000,16920.2,True
3222,002e1122bb22aa5d,002e110122020000,002e110122020000,17007.8,True
3223,002f22f98411e26c,002f220211020000,002f220211020000,16909.8,True
3224,003022d800118300,0030220211010000,0030220211010000,17058.1,True
3225,003111be3e22a0d6,0031110222020000,0031110222020000,16578.2,True
3226,003222fa141174e1,0032220211010000,0032220211010000,17009.8,True
3227,0033116f3522da23,0033110122020000,0033110122020000,17005.0,True
3228,0034114bb122d82b,0034110122020000,0034110122020000,17170.2,True
3229,0035222f8411a49d,0035220111020000,0035220111020000,16761.3,True
3230,003622f3b511dc22,0036220211020000,0036220211020000,17057.4,True
3231,00372297b811b561,0037220111020000,0037220111020000,16629.0,True
3232,00381149a822884e,0038110122010000,0038110122010000,16873.6,True
3233,0039227f1a1132d4,0039220111010000,0039220111010000,17211.5,True
3234,003a11e6972253f7,003a110222010000,003a110222010000,16934.1,True
3235,003b11823f22b930,003b110122020000,003b110122020000,16974.2,True
3236,003c2236a611882b,003c220111020000,003c220111020000,17023.6,True
3237,003d224a6511d303,003d220111020000,003d220111020000,16686.8,True
3238,003e11bc5922dad9,003e110222020000,003e110222020000,17185.9,True
3239,003f11e4bc220de2,003f110222010000,003f110222010000,16792.8,True
3240,0040228da711d460,0040220111020000,0040220111020000,17045.3,True
3241,004111db5722a453,0041110222020000,0041110222020000,16925.9,True
3242,0042119fe4223197,0042110122010000,0042110122010000,16827.0,True
3243,004311bb2022480e,0043110222010000,0043110222010000,16929.6,True
3244,004422351d118595,0044220111010000,0044220111010000,17209.8,True
3245,004511142622075f,0045110122010000,0045110122010000,16654.4,True
3246,004611bc9022b1a2,0046110222020000,0046110222020000,17077.6,True
3247,00471172e822d857,0047110122020000,0047110122020000,16890.9,True
3248,004822c74c11ac73,0048220211020000,0048220211020000,16881.6,True
3249,0049117e3922b6b4,0049110122020000,0049110122020000,16283.5,True
3250,004a11737c2220ec,004a110122010000,004a110122010000,17314.3,True
3251,004b11de2822f19d,004b110222020000,004b110222020000,17396.1,True
3252,004c22faad1132fe,004c220211010000,004c220211010000,18205.1,True
3253,004d112b522292c0,004d110122020000,004d110122020000,14024.0,True
3254,004e22c7a111e54c,004e220211020000,004e220211020000,16161.4,True
3255,004f11b412224130,004f110222010000,004f110222010000,17004.0,True
3256,005022639d11d0e8,0050220111020000,0050220111020000,17486.8,True
3257,0051114f12225896,0051110122010000,0051110122010000,16455.4,True
3258,0052228cdf1100a9,0052220211010000,0052220211010000,16791.5,True
3259,0053111d34228243,0053110122010000,0053110122010000,16838.8,True
3260,00542277e411edff,0054220111020000,0054220111020000,17063.2,True
3261,005522630911e18e,0055220111020000,0055220111020000,16934.8,True
3262,0056227c0611d43f,0056220111020000,0056220111020000,16780.5,True
3263,005711b30f22cd9d,0057110222020000,0057110222020000,17124.8,True
3264,005822c9f2110b0d,0058220211010000,0058220211010000,16641.1,True
3265,0059116b26220fe6,0059110122010000,0059110122010000,17233.6,True
3266,005a221663113f51,005a220111010000,005a220111010000,16957.2,True
3267,005b1162dc220f99,005b110122010000,005b110122010000,17046.2,True
3268,005c22532b119e89,005c220111020000,005c220111020000,16820.1,True
3269,005d22f523116aac,005d220211010000,005d220211010000,16916.6,True
3270,005e11f33e222fb4,005e110222010000,005e110222010000,16953.1,True
3271,005f2292cd114561,005f220211010000,005f220211010000,16925.5,True
3272,006022152811cbd6,0060220111020000,0060220111020000,16968.9,True
3273,006122eef7112a49,0061220211010000,0061220211010000,16942.8,True
3274,006211bad42277db,0062110222020000,0062110222020000,16936.8,True
3275,006322508e1129ba,0063220111010000,0063220111010000,16946.2,True
3276,000011ed712242c2,0000110022000000,0000110022000000,16914.0,True
3277,0001116a45226f86,0001110022000000,0001110022000000,16965.4,True
3278,00021100df220cd4,0002110022000000,0002110022000000,16773.1,True
3279,000322cc3e116aa1,0003220011000000,0003220011000000,17222.5,True
3280,000411633c227189,0004110022000000,0004110022000000,16851.4,True
3281,0005116b7922cc18,0005110022000000,0005110022000000,16950.8,True
3282,0006225e14119701,0006220011000000,0006220011000000,17090.9,True
3283,000711405a22aef5,0007110022000000,0007110022000000,16819.6,True
3284,000811b52022e0f6,0008110022000000,0008110022000000,17007.5,True
3285,0009229c7d112746,0009220011000000,0009220011000000,17112.6,True
3286,000a22b75d112f91,000a220011000000,000a220011000000,16363.7,True
3287,000b112b1222c83f,000b110022000000,000b110022000000,17356.9,True
3288,000c1105b622fdef,000c110022000000,000c110022000000,16912.3,True
3289,000d11bd8022d0e8,000d110022000000,000d110022000000,16958.6,True
3290,000e11651722ebf3,000e110022000000,000e110022000000,16822.9,True
3291,000f223821118359,000f220011000000,000f220011000000,17191.4,True
3292,00101135c9225116,0010110122000000,0010110122000000,16429.3,True
3293,00111101f3220569,0011110122000000,0011110122000000,17179.3,True
3294,001211a9c522b38d,0012110222020000,0012110222020000,16966.7,True
3295,0013110f65226cda,0013110122010000,0013110122010000,17024.9,True
3296,00141150ff229dbe,0014110122010000,0014110122010000,16900.3,True
3297,0015223f0f11e522,0015220111020000,0015220111020000,16767.0,True
3298,001622ecaa111de7,0016220211010000,0016220211010000,17083.3,True
3299,0017229718115105,0017220111010000,0017220111010000,16871.6,True
3300,0018223e51112992,0018220111010000,0018220111010000,17957.7,True
3301,0019118708228e1f,0019110222010000,0019110222010000,15138.5,True
3302,001a220c98110ef5,001a220111010000,001a220111010000,17338.4,True
3303,001b1173cd225dbd,001b110222010000,001b110222010000,17867.3,True
3304,001c119d6422e565,001c110222020000,001c110222020000,17665.9,True
3305,001d114ec522d1d7,001d110122020000,001d110122020000,14790.3,True
3306,001e2275cb11a915,001e220111020000,001e220111020000,16890.8,True
3307,001f1121c322f4b8,001f110122020000,001f110122020000,17197.1,True
3308,002022e66c11f01b,0020220211020000,0020220211020000,16833.5,True
3309,0021228347113ee6,0021220111010000,0021220111010000,18278.3,True
3310,0022227d22117ca3,0022220111020000,0022220111020000,15702.1,True
3311,0023115e75228dc9,0023110122010000,0023110122010000,16883.6,True
3312,0024227e431160dc,0024220111010000,0024220111010000,16913.3,True
3313,00251150dc222210,0025110122010000,0025110122010000,16850.7,True
3314,002622b21e112407,0026220211010000,0026220211010000,16873.7,True
3315,002711bf9722b515,0027110222020000,0027110222020000,16983.1,True
3316,002811e6fa2277b9,0028110222010000,0028110222010000,17257.8,True
3317,002911962e224418,0029110222010000,0029110222010000,16744.9,True
3318,002a2252e911b9c9,002a220111020000,002a220111020000,16941.1,True
3319,002b22cb7011755a,002b220211010000,002b220211010000,16966.9,True
3320,002c116f79221222,002c110122010000,002c110122010000,17063.6,True
3321,002d11f98e22d71a,002d110222020000,002d110222020000,16687.4,True
3322,002e119b08221554,002e110222010000,002e110222010000,17149.8,True
3323,002f11e3322276a5,002f110222010000,002f110222010000,16942.1,True
3324,003011e8dc22d7ac,0030110222020000,0030110222020000,16941.4,True
3325,0031226b0411abd4,0031220111020000,0031220111020000,16791.3,True
3326,0032116acb22e939,0032110122020000,0032110122020000,16942.6,True
3327,0033116a4d22e841,0033110122020000,0033110122020000,16913.7,True
3328,003422aac911f182,0034220211020000,0034220211020000,16941.8,True
3329,003511124a220b13,0035110122010000,0035110122010000,16816.6,True
3330,00362230b31176fd,0036220111010000,0036220111010000,17041.8,True
3331,00372243fc110be6,0037220111010000,0037220111010000,16956.3,True
3332,0038114cee224c2d,0038110122010000,0038110122010000,16949.0,True
3333,0039117ba122c359,0039110122020000,0039110122020000,16933.8,True
3334,003a115de6228659,003a110122020000,003a110122020000,16951.8,True
3335,003b11c06822d873,003b110222020000,003b110222020000,16939.2,True
3336,003c2242df11702d,003c220111010000,003c220111010000,16977.8,True
3337,003d22fb791109e8,003d220211010000,003d220211010000,16800.6,True
3338,003e229b4c11c70c,003e220211020000,003e220211020000,17776.7,True
3339,003f11763822e478,003f110122020000,003f110122020000,15833.4,True
3340,0040117e2e22d49f,0040110222020000,0040110222020000,17261.6,True
3341,004111747a222965,0041110222010000,0041110222010000,16939.5,True
3342,004222ae1111196e,0042220211010000,0042220211010000,16938.9,True
3343,0043223571117b22,0043220111020000,0043220111020000,16927.7,True
3344,0044221a87116601,0044220111020000,0044220111020000,16965.4,True
3345,004511fa3c2215b8,0045110222010000,0045110222010000,16915.2,True
3346,0046115ab8224fef,0046110122010000,0046110122010000,17077.0,True
3347,00472241c111a7fb,0047220111020000,0047220111020000,16820.4,True
3348,0048116aa3228885,0048110122020000,0048110122020000,17023.7,True
3349,004922ff6f11e9f5,0049220211020000,0049220211020000,18617.5,True
3350,004a11cccf228c7e,004a110222020000,004a110222020000,17783.1,True
3351,004b11cc3822b972,004b110222020000,004b110222020000,17598.1,True
3352,004c11c35f228731,004c110222010000,004c110222010000,15999.7,True
3353,004d22469a11322f,004d220111010000,004d220111010000,16727.2,True
3354,004e22fa9711cb2f,004e220211020000,004e220211020000,14723.1,True
3355,004f22e8c511196e,004f220211010000,004f220211010000,19429.8,True
3356,00502246b311909d,0050220111020000,0050220111020000,16313.1,True
3357,005122f758116b90,0051220211010000,0051220211010000,16159.5,True
3358,005211c8b0229ea3,0052110222020000,0052110222020000,17076.7,True
3359,005322a2191115af,0053220211010000,0053220211010000,16629.0,True
3360,0054117449225f04,0054110122010000,0054110122010000,17488.4,True
3361,0055222e9311d020,0055220111020000,0055220111020000,16023.3,True
3362,0056117a61225b2a,0056110122010000,0056110122010000,17034.6,True
3363,0057226676110fbc,0057220111010000,0057220111010000,18275.9,True
3364,005811fbc4221fb9,0058110222010000,0058110222010000,15276.6,True
3365,00592223ab117133,0059220111010000,0059220111010000,16310.5,True
3366,005a11ad0c228e53,005a110222020000,005a110222020000,16890.2,True
3367,005b11edae22daf6,005b110222020000,005b110222020000,16962.9,True
3368,005c22e01d11213d,005c220211010000,005c220211010000,16962.9,True
3369,005d11cfab2292ae,005d110222020000,005d110222020000,16943.7,True
3370,005e116fed22edf9,005e110122020000,005e110122020000,16951.5,True
3371,005f22969611fe12,005f220211020000,005f220211020000,16915.6,True
3372,006022560c11126e,0060220111010000,0060220111010000,17191.5,True
3373,006122dfcd115d3f,0061220211010000,0061220211010000,18438.5,True
3374,0062224e37117010,0062220111010000,0062220111010000,15327.0,True
3375,006311bca8224c30,0063110222010000,0063110222010000,17116.5,True
3376,000011c9d722fa52,0000110022000000,0000110022000000,16915.1,True
3377,00011140862278ac,0001110022000000,0001110022000000,16967.8,True
3378,0002223945113e3f,0002220011000000,0002220011000000,16971.1,True
3379,00031103ea220739,0003110022000000,0003110022000000,17071.9,True
3380,000411932222ad90,0004110022000000,0004110022000000,16804.4,True
3381,0005223c7f11a559,0005220011000000,0005220011000000,16935.0,True
3382,00061100582223df,0006110022000000,0006110022000000,16950.8,True
3383,00072210c511a242,0007220011000000,0007220011000000,17122.3,True
3384,0008116b0822ad62,0008110022000000,0008110022000000,16892.0,True
3385,0009222e301101dd,0009220011000000,0009220011000000,16509.8,True
3386,000a1189c3222bab,000a110022000000,000a110022000000,16988.8,True
3387,000b11fd5f223f80,000b110022000000,000b110022000000,17157.1,True
3388,000c22bfe711e07e,000c220011000000,000c220011000000,19184.3,True
3389,000d22de8d111008,000d220011000000,000d220011000000,14665.1,True
3390,000e22e2e01113b4,000e220011000000,000e220011000000,16958.1,True
3391,000f11a90c2245e4,000f110022000000,000f110022000000,17067.4,True
3392,001022da9711d43b,0010220211000000,0010220211000000,16903.9,True
3393,001111c574227385,0011110022020000,0011110022020000,16867.9,True
3394,001211c6e1224ca4,0012110022010000,0012110022010000,16691.2,True
3395,001311918f2275b9,0013110022020000,0013110022020000,17128.1,True
3396,00141108af2264bc,0014110122010000,0014110122010000,17070.6,True
3397,00151102022209b9,0015110122010000,0015110122010000,16898.3,True
3398,001611bbb1225585,0016110222010000,0016110222010000,16949.8,True
3399,0017226c091174e3,0017220111010000,0017220111010000,18771.9,True
3400,001811b71322eae6,0018110222020000,0018110222020000,16079.7,True
3401,00191132a72276ad,0019110122010000,0019110122010000,16080.7,True
3402,001a11de9a22703a,001a110222010000,001a110222010000,17251.4,True
3403,001b11f5b922d771,001b110222020000,001b110222020000,16110.6,True
3404,001c1110d2220e5c,001c110122010000,001c110122010000,17041.7,True
3405,001d226bf6111091,001d220111010000,001d220111010000,16958.7,True
3406,001e22f4da113c60,001e220211010000,001e220211010000,16784.4,True
3407,001f225085114737,001f220111010000,001f220111010000,16853.2,True
3408,0020225d92113423,0020220111010000,0020220111010000,17131.6,True
3409,002122a43e11baa2,0021220211020000,0021220211020000,16821.9,True
3410,0022222848116310,0022220111010000,0022220111010000,17578.4,True
3411,0023228af011e32f,0023220211020000,0023220211020000,16404.8,True
3412,002411855a224d64,0024110222010000,0024110222010000,17685.1,True
3413,002522700411f114,0025220111020000,0025220111020000,16457.3,True
3414,00262255ab11a274,0026220111020000,0026220111020000,16348.2,True
3415,002711336d2203ef,0027110122010000,0027110122010000,16877.7,True
3416,00281111e522e957,0028110122020000,0028110122020000,17379.3,True
3417,002922346f11792e,0029220111020000,0029220111020000,16812.6,True
3418,002a229021112ec7,002a220211010000,002a220211010000,17051.5,True
3419,002b111dd522eaca,002b110122020000,002b110122020000,16791.2,True
3420,002c2236af11359b,002c220111010000,002c220111010000,16913.6,True
3421,002d222bd1117d1b,002d220111020000,002d220111020000,16657.2,True
3422,002e22487311df27,002e220111020000,002e220111020000,16945.9,True
3423,002f22842011fe88,002f220211020000,002f220211020000,22731.1,True
3424,00302297f2116295,0030220211010000,0030220211010000,11254.7,True
3425,003111af0b223c54,0031110222010000,0031110222010000,16916.7,True
3426,00321185eb22a504,0032110222020000,0032110222020000,16923.9,True
3427,0033227a56111638,0033220211010000,0033220211010000,16945.5,True
3428,003422017d112bec,0034220111010000,0034220111010000,17116.8,True
3429,00351180ca223438,0035110222010000,0035110222010000,16740.0,True
3430,003611f4cb229999,0036110222020000,0036110222020000,17121.7,True
3431,003722e62211fb77,0037220211020000,0037220211020000,16821.5,True
3432,00381109a52267bd,0038110122010000,0038110122010000,16931.7,True
3433,003922ea6e11660c,0039220211010000,0039220211010000,16959.8,True
3434,003a11501d22c603,003a110122020000,003a110122020000,17005.0,True
3435,003b1136ea22e340,003b110122020000,003b110122020000,16849.4,True
3436,003c229410116a61,003c220211010000,003c220211010000,16974.9,True
3437,003d11e68b22e11f,003d110222020000,003d110222020000,16923.6,True
3438,003e11678222ae76,003e110122020000,003e110122020000,16786.3,True
3439,003f22b947114300,003f220211010000,003f220211010000,17021.1,True
3440,004011a25822fae1,0040110222020000,0040110222020000,16981.9,True
3441,0041116c8b22d022,0041110122020000,0041110122020000,16860.6,True
3442,00421183932219ee,0042110222010000,0042110222010000,16651.5,True
3443,0043224df7119639,0043220111020000,0043220111020000,17138.4,True
3444,004422b1ce110d61,0044220211010000,0044220211010000,16925.2,True
3445,004522e43311ce38,0045220211020000,0045220211020000,17045.3,True
3446,00461179b822440d,0046110222010000,0046110222010000,16826.7,True
3447,0047226c59117ca0,0047220111020000,0047220111020000,17011.2,True
3448,00482228cb11db5e,0048220111020000,0048220111020000,16942.1,True
3449,004911bc1322725a,0049110222010000,0049110222010000,16812.7,True
3450,004a1175de22fb8e,004a110122020000,004a110122020000,21995.2,True
3451,004b22e304115be5,004b220211010000,004b220211010000,16082.5,True
3452,004c226742118338,004c220111010000,004c220111010000,14841.3,True
3453,004d22672311d5b6,004d220111020000,004d220111020000,17305.1,True
3454,004e1148cb2272d8,004e110122010000,004e110122010000,15126.1,True
3455,004f22b6ae110cdc,004f220211010000,004f220211010000,16241.3,True
3456,005011fc1822772b,0050110222010000,0050110222010000,16831.0,True
3457,00512204931193e3,0051220111020000,0051220111020000,16870.2,True
3458,00521144a022dec6,0052110122020000,0052110122020000,16945.6,True
3459,005322787c119d8c,0053220111020000,0053220111020000,16827.0,True
3460,0054110ce82233b0,0054110122010000,0054110122010000,18189.2,True
3461,005511f01d22fa21,0055110222020000,0055110222020000,15823.6,True
3462,005622881f11e276,0056220211020000,0056220211020000,16981.9,True
3463,0057224ddc11e318,0057220111020000,0057220111020000,16897.6,True
3464,005822076311cb50,0058220111020000,0058220111020000,16620.3,True
3465,00591138f722fb75,0059110122020000,0059110122020000,17240.7,True
3466,005a11e6d022a67c,005a110222020000,005a110222020000,16895.4,True
3467,005b22a01511a992,005b220211020000,005b220211020000,17120.7,True
3468,005c112d67227273,005c110122010000,005c110122010000,16730.8,True
3469,005d11175422fc63,005d110122020000,005d110122020000,17005.9,True
3470,005e11812f22caa9,005e110122020000,005e110122020000,16793.0,True
3471,005f2285e0118619,005f220111010000,005f220111010000,17784.7,True
3472,006011e70322212f,0060110222010000,0060110222010000,16177.8,True
3473,006122a427112b1f,0061220211010000,0061220211010000,17076.8,True
3474,006211aa592234c0,0062110222010000,0062110222010000,16926.6,True
3475,006322ad341183bc,0063220211010000,0063220211010000,16930.2,True
3476,000011be4722be5e,0000110022000000,0000110022000000,16872.4,True
3477,00012246de1185ea,0001220011000000,0001220011000000,16939.2,True
3478,00022253b511a593,0002220011000000,0002220011000000,16794.1,True
3479,000322ef0f110300,0003220011000000,0003220011000000,17366.9,True
3480,0004224d7b117bfc,0004220011000000,0004220011000000,16594.3,True
3481,000522d7a711be6c,0005220011000000,0005220011000000,17106.2,True
3482,000611396022bac4,0006110022000000,0006110022000000,16781.0,True
3483,00071144892281fd,0007110022000000,0007110022000000,16959.6,True
3484,0008110b0122b406,0008110022000000,0008110022000000,16951.8,True
3485,000911426e22c00d,0009110022000000,0009110022000000,17155.7,True
3486,000a11687d225323,000a110022000000,000a110022000000,18034.3,True
3487,000b22cf3a11c468,000b220011000000,000b220011000000,15659.2,True
3488,000c119e19225b6d,000c110022000000,000c110022000000,16793.9,True
3489,000d22c676113589,000d220011000000,000d220011000000,17082.7,True
3490,000e11f6fe228180,000e110022000000,000e110022000000,16799.2,True
3491,000f119ccd225f8e,000f110022000000,000f110022000000,17138.1,True
3492,001022c56d111a5f,0010220211010000,0010220211010000,16452.1,True
3493,001111e44b22ae03,0011110222020000,0011110222020000,17433.1,True
3494,0012111bee22d6cf,0012110122020000,0012110122020000,16714.6,True
3495,0013225ddf11338a,0013220111010000,0013220111010000,17060.9,True
3496,001422aee8113db8,0014220211010000,0014220211010000,16871.8,True
3497,00152255831185d0,0015220111020000,0015220111020000,17006.9,True
3498,0016220cbc115c65,0016220111010000,0016220111010000,16643.1,True
3499,0017221dcb11f934,0017220111020000,0017220111020000,17204.4,True
3500,0018221f6c118a3c,0018220111020000,0018220111020000,18241.0,True
3501,00192252a211f677,0019220111020000,0019220111020000,16537.6,True
3502,001a22ba1211d88e,001a220211020000,001a220211020000,16106.5,True
3503,001b1187c02221a1,001b110122010000,001b110122010000,19489.6,True
3504,001c11ad0c2273d6,001c110222010000,001c110222010000,14641.8,True
3505,001d11ae032219dc,001d110222010000,001d110222010000,16220.0,True
3506,001e22b656111bca,001e220211010000,001e220211010000,17680.1,True
3507,001f11dc0a2202f2,001f110222010000,001f110222010000,16200.3,True
3508,002022d66611745d,0020220211010000,0020220211010000,17101.9,True
3509,002122b4931108aa,0021220211010000,0021220211010000,16757.5,True
3510,0022222bdf115b6f,0022220111010000,0022220111010000,17824.0,True
3511,00232291071165b3,0023220211010000,0023220211010000,16285.0,True
3512,002411fa0722e006,0024110222020000,0024110222020000,16535.5,True
3513,0025221a59117ec9,0025220111010000,0025220111010000,17041.2,True
3514,002611f3dd22aeba,0026110222020000,0026110222020000,18040.2,True
3515,002711e88d22f0ea,0027110222020000,0027110222020000,15700.1,True
3516,0028228a11119675,0028220211010000,0028220211010000,17235.2,True
3517,00291193a822bf56,0029110122020000,0029110122020000,16889.1,True
3518,002a22ffa5112dad,002a220211010000,002a220211010000,16986.2,True
3519,002b22ca5911aae1,002b220211020000,002b220211020000,17075.5,True
3520,002c116f8822592f,002c110122010000,002c110122010000,16797.1,True
3521,002d1179032252be,002d110122010000,002d110122010000,16740.9,True
3522,002e11adfc22ecf6,002e110222020000,002e110222020000,16838.8,True
3523,002f1102dd2297f1,002f110122010000,002f110122010000,17238.6,True
3524,00301130572253aa,0030110122010000,0030110122010000,17189.4,True
3525,0031229e18118815,0031220211020000,0031220211020000,16735.2,True
3526,0032114f1f228d9b,0032110122010000,0032110122010000,16985.6,True
3527,00331109fc227085,0033110122010000,0033110122010000,16826.1,True
3528,0034113bac227741,0034110122010000,0034110122010000,16924.1,True
3529,003511e173226e05,0035110222010000,0035110222010000,16938.5,True
3530,0036113faf226267,0036110122010000,0036110122010000,17435.9,True
3531,0037225f2d115d37,0037220111010000,0037220111010000,16471.7,True
3532,003822ea5111875f,0038220211020000,0038220211020000,16981.1,True
3533,0039113d7822928a,0039110122020000,0039110122020000,16952.0,True
3534,003a2296f11163c1,003a220211020000,003a220211020000,16726.9,True
3535,003b1159d2226209,003b110122010000,003b110122010000,17169.9,True
3536,003c22b9d8111c40,003c220211010000,003c220211010000,16954.2,True
3537,003d1147bb223df4,003d110122010000,003d110122010000,16925.5,True
3538,003e22fbee11788f,003e220211020000,003e220211020000,17006.7,True
3539,003f11dff022f9b5,003f110222020000,003f110222020000,16657.2,True
3540,004011af2b22874b,0040110222010000,0040110222010000,17123.2,True
3541,004111615d22dc23,0041110122020000,0041110122020000,16735.6,True
3542,00422224ef117619,0042220111020000,0042220111020000,16789.3,True
3543,0043114dac22aaf0,0043110122020000,0043110122020000,17066.4,True
3544,00442220b7110b9c,0044220111010000,0044220111010000,16960.6,True
3545,004511109922e6f6,0045110122020000,0045110122020000,16907.3,True
3546,0046229cc811f4cf,0046220211020000,0046220211020000,16949.4,True
3547,004722b0e91193e6,0047220211020000,0047220211020000,16925.7,True
3548,00481108bf22ff75,0048110122020000,0048110122020000,16998.5,True
3549,004911e744222210,0049110222010000,0049110222010000,17048.2,True
3550,004a2260bd11b672,004a220111020000,004a220111020000,17020.5,True
3551,004b22164b11a954,004b220111020000,004b220111020000,17597.1,True
3552,004c11c42822af49,004c110222020000,004c110222020000,17486.6,True
3553,004d22e267114a69,004d220211010000,004d220211010000,15719.6,True
3554,004e22491a11289d,004e220111010000,004e220111010000,16792.3,True
3555,004f119c4522d1b8,004f110222020000,004f110222020000,18309.0,True
3556,005022e7b811000c,0050220211010000,0050220211010000,15267.7,True
3557,0051221a2311f08e,0051220111020000,0051220111020000,16991.2,True
3558,00522278861113d5,0052220111010000,0052220111010000,17162.7,True
3559,00531118b8224ea1,0053110122010000,0053110122010000,16686.6,True
3560,005422d6e611d014,0054220211020000,0054220211020000,17186.0,True
3561,0055110c6b229e59,0055110122020000,0055110122020000,16828.4,True
3562,005611cfa022edd4,0056110222020000,0056110222020000,17001.9,True
3563,00571175c922ae9a,0057110122020000,0057110122020000,16774.1,True
3564,00581174b2220fff,0058110122010000,0058110122010000,16757.9,True
3565,005911d48b22f48f,0059110222020000,0059110222020000,16883.3,True
3566,005a2220bd113c8d,005a220111010000,005a220111010000,19887.5,True
3567,005b11bf8d22a2dd,005b110222020000,005b110222020000,14134.6,True
3568,005c11a260226eb3,005c110222010000,005c110222010000,16761.1,True
3569,005d22c57f114ca1,005d220211010000,005d220211010000,17211.9,True
3570,005e22a46e11d03a,005e220211020000,005e220211020000,16675.7,True
3571,005f22e47f115344,005f220211010000,005f220211010000,17210.6,True
3572,00601163ad22103e,0060110122010000,0060110122010000,16848.1,True
3573,006111dc0f22a791,0061110222020000,0061110222020000,17027.3,True
3574,0062223c9711a274,0062220111020000,0062220111020000,16918.7,True
3575,0063114a32221075,0063110122010000,0063110122010000,16945.3,True
3576,000022bc9511ce8d,0000220011000000,0000220011000000,16707.1,True
3577,000111ee91226626,0001110022000000,0001110022000000,17208.5,True
3578,000211418d22d45d,0002110022000000,0002110022000000,16865.0,True
3579,000311d484220a51,0003110022000000,0003110022000000,17091.0,True
3580,000411ff49222ac7,0004110022000000,0004110022000000,16893.7,True
3581,00052266f7115a54,0005220011000000,0005220011000000,17214.5,True
3582,0006119e72222866,0006110022000000,0006110022000000,16662.9,True
3583,000711db5722c466,0007110022000000,0007110022000000,16971.2,True
3584,000822d7e411b87b,0008220011000000,0008220011000000,16967.5,True
3585,0009119baa22f543,0009110022000000,0009110022000000,16913.0,True
3586,000a2282a511e433,000a220011000000,000a220011000000,16938.5,True
3587,000b227108112a72,000b220011000000,000b220011000000,16930.8,True
3588,000c22243411d5d4,000c220011000000,000c220011000000,16955.7,True
3589,000d22d4f6111a58,000d220011000000,000d220011000000,16940.5,True
3590,000e22d78d110f4d,000e220011000000,000e220011000000,17024.9,True
3591,000f227cb011653b,000f220011000000,000f220011000000,16867.3,True
3592,0010224f5e1103bd,0010220011000000,0010220011000000,17167.8,True
3593,001122143411c56e,0011220011020000,0011220011020000,16727.0,True
3594,001211886922348a,0012110122000000,0012110122000000,16939.3,True
3595,001311277b2272c5,0013110122000000,0013110122000000,16939.0,True
3596,001411096e223a3c,0014110122000000,0014110122000000,16950.7,True
3597,001511a32222c13e,0015110222020000,0015110222020000,16866.2,True
3598,0016110e1722b0b3,0016110122020000,0016110122020000,16952.5,True
3599,0017110ab922adeb,0017110122020000,0017110122020000,17066.4,True
3600,001811bae7223b8c,0018110222010000,0018110222010000,16930.8,True
3601,001911720222ed87,0019110222020000,0019110222020000,20244.6,True
3602,001a223b071167b9,001a220111020000,001a220111020000,15183.2,True
3603,001b11132e220fa0,001b110122010000,001b110122010000,16970.2,True
3604,001c22738311e238,001c220111020000,001c220111020000,17738.0,True
3605,001d113aa722cc4e,001d110122020000,001d110122020000,22061.2,True
3606,001e11692a223f0e,001e110222010000,001e110222010000,10015.4,True
3607,001f119fdb229f00,001f110222020000,001f110222020000,16019.9,True
3608,002011a9a9223aa6,0020110222010000,0020110222010000,18412.3,True
3609,002122d03111fa31,0021220211020000,0021220211020000,15946.8,True
3610,0022116632228c91,0022110122020000,0022110122020000,15626.0,True
3611,002322398a114b06,0023220111010000,0023220111010000,19206.5,True
3612,002422ebfc11e4aa,0024220211020000,0024220211020000,15897.5,True
3613,002522b8d81148fb,0025220211010000,0025220211010000,16332.8,True
3614,002622fc0c118d24,0026220211020000,0026220211020000,16199.8,True
3615,002711e0af22e2ca,0027110222020000,0027110222020000,17339.3,True
3616,002822a695115dc9,0028220211010000,0028220211010000,16831.4,True
3617,002922304211dfbd,0029220111020000,0029220111020000,16442.6,True
3618,002a11ff0422e69a,002a110222020000,002a110222020000,17266.0,True
3619,002b22caac111e9a,002b220211010000,002b220211010000,16836.7,True
3620,002c11443d22d7b9,002c110122020000,002c110122020000,17022.3,True
3621,002d223b33118dbb,002d220111010000,002d220111010000,16927.3,True
3622,002e22a1c011fa11,002e220111020000,002e220111020000,16821.4,True
3623,002f2217f31153e5,002f220111010000,002f220111010000,16834.1,True
3624,003011e43d22b6c8,0030110222020000,0030110222020000,16839.6,True
3625,003111b16c226ce5,0031110222010000,0031110222010000,17098.9,True
3626,003211f9c02204ea,0032110222010000,0032110222010000,17267.6,True
3627,00331177e72264bd,0033110122010000,0033110122010000,16647.4,True
3628,003422834611c062,0034220111020000,0034220111020000,17273.0,True
3629,003522b06711966d,0035220211010000,0035220211010000,16602.8,True
3630,003622bc3b11c9b3,0036220211020000,0036220211020000,17193.4,True
3631,003711b58322b02a,0037110222020000,0037110222020000,16561.7,True
3632,00381182f522ccc4,0038110122020000,0038110122020000,17469.5,True
3633,00392226c611a3d1,0039220111010000,0039220111010000,16434.7,True
3634,003a22b45211dcb4,003a220211020000,003a220211020000,17065.6,True
3635,003b229e48113519,003b220211010000,003b220211010000,16939.9,True
3636,003c2221fa115e22,003c220111010000,003c220111010000,17021.6,True
3637,003d11bc3422356e,003d110222010000,003d110222010000,16685.4,True
3638,003e22309411fb7d,003e220111020000,003e220111020000,17134.0,True
3639,003f22c22c11bf17,003f220211020000,003f220211020000,16936.6,True
3640,004011952d222b51,0040110122010000,0040110122010000,16967.5,True
3641,00411178fa225c97,0041110122010000,0041110122010000,16933.9,True
3642,00422295d01140f4,0042220211010000,0042220211010000,17083.4,True
3643,0043229aa9119bd3,0043220211010000,0043220211010000,16765.4,True
3644,004422692211e613,0044220111020000,0044220111020000,16969.1,True
3645,004522da86111fba,0045220211010000,0045220211010000,16897.8,True
3646,004622ad26119ec7,0046220211020000,0046220211020000,17080.2,True
3647,0047226c12117df6,0047220111010000,0047220111010000,16660.4,True
3648,004811ee40226472,0048110222010000,0048110222010000,16952.9,True
3649,0049118d7c222634,0049110122010000,0049110122010000,16952.9,True
3650,004a11390e220268,004a110122010000,004a110122010000,20964.9,True
3651,004b11bbd8223ce5,004b110222010000,004b110222010000,15967.6,True
3652,004c113eb22282f3,004c110122020000,004c110122020000,17295.6,True
3653,004d22fe5611a065,004d220211020000,004d220211020000,16549.4,True
3654,004e11aba222f429,004e110222020000,004e110222020000,16651.8,True
3655,004f222d3011978c,004f220111020000,004f220111020000,16000.1,True
3656,0050118f5322250f,0050110222010000,0050110222010000,16910.2,True
3657,00512280b5112ebd,0051220211010000,0051220211010000,17571.2,True
3658,0052226fab11d793,0052220111020000,0052220111020000,17295.5,True
3659,00531134e422b6ad,0053110122020000,0053110122020000,14359.0,True
3660,005422022011e576,0054220111020000,0054220111020000,16610.4,True
3661,00552270d011d778,0055220211020000,0055220211020000,17389.1,True
3662,00562250b81112dd,0056220111010000,0056220111010000,16599.3,True
3663,005711067e225ece,0057110122010000,0057110122010000,17071.8,True
3664,0058112a9322de69,0058110122020000,0058110122020000,16823.3,True
3665,005922fd0e11cc28,0059220211020000,0059220211020000,16898.1,True
3666,005a11a24922cb44,005a110222020000,005a110222020000,16267.1,True
3667,005b11214b222566,005b110122010000,005b110122010000,16923.3,True
3668,005c22b96511748b,005c220211010000,005c220211010000,17026.3,True
3669,005d1102cc223a1c,005d110122010000,005d110122010000,16806.5,True
3670,005e115bab22f1b7,005e110122020000,005e110122020000,17139.3,True
3671,005f116a0b22c878,005f110222020000,005f110222020000,17220.2,True
3672,0060117e3f227b58,0060110222010000,0060110222010000,16513.8,True
3673,006122d429112da3,0061220211010000,0061220211010000,17179.4,True
3674,00621180e022f471,0062110222020000,0062110222020000,16932.3,True
3675,0063119159221001,0063110222010000,0063110222010000,16867.4,True
3676,000022404911964b,0000220011000000,0000220011000000,17068.4,True
3677,000111ed5c223027,0001110022000000,0001110022000000,16810.5,True
3678,000222a73411683e,0002220011000000,0002220011000000,16916.3,True
3679,000322f737114e19,0003220011000000,0003220011000000,17061.1,True
3680,000411d6d022f993,0004110022000000,0004110022000000,16881.9,True
3681,000511bddf22e774,0005110022000000,0005110022000000,17228.3,True
3682,000622f9c711a962,0006220011000000,0006220011000000,16657.5,True
3683,000711d810225ec4,0007110022000000,0007110022000000,16898.2,True
3684,000811205d229dd8,0008110022000000,0008110022000000,16926.9,True
3685,00091166b222c5fd,0009110022000000,0009110022000000,16667.7,True
3686,000a11510f221403,000a110022000000,000a110022000000,17223.3,True
3687,000b114026226f84,000b110022000000,000b110022000000,16738.5,True
3688,000c2257e111f8a2,000c220011000000,000c220011000000,17143.6,True
3689,000d1171db220c19,000d110022000000,000d110022000000,16628.3,True
3690,000e1129682236b8,000e110022000000,000e110022000000,17131.5,True
3691,000f114263221629,000f110022000000,000f110022000000,17283.5,True
3692,0010221e8811952f,0010220011020000,0010220011020000,17304.3,True
3693,0011223a6711ec18,0011220011020000,0011220011020000,16433.1,True
3694,001222d37f11441f,0012220211010000,0012220211010000,16870.8,True
3695,0013227dea11f921,0013220211020000,0013220211020000,16923.0,True
3696,0014228e7c11db2b,0014220211020000,0014220211020000,17014.5,True
3697,0015111142227206,0015110122020000,0015110122020000,16804.7,True
3698,001622110c1182f9,0016220111020000,0016220111020000,16870.4,True
3699,001711dfa72270f7,0017110222020000,0017110222020000,17072.2,True
3700,0018117003224fd6,0018110122010000,0018110122010000,17785.4,True
3701,001922851311f6eb,0019220211020000,0019220211020000,15778.7,True
3702,001a22766f112ef6,001a220211010000,001a220211010000,18557.7,True
3703,001b22b6cc1123ba,001b220211010000,001b220211010000,16126.2,True
3704,001c2250c2117c26,001c220111010000,001c220111010000,18880.3,True
3705,001d1108ef220195,001d110122010000,001d110122010000,14272.1,True
3706,001e225ffd111ff4,001e220211010000,001e220211010000,18377.0,True
3707,001f113fc422af1d,001f110122020000,001f110122020000,17070.7,True
3708,00202229f2119bea,0020220111020000,0020220111020000,15501.7,True
3709,002111087822ad73,0021110122020000,0021110122020000,16835.8,True
3710,002211750a22da9a,0022110222020000,0022110222020000,16770.6,True
3711,00231135c0227edc,0023110122020000,0023110122020000,16994.1,True
3712,00242246ae11ffb2,0024220111020000,0024220111020000,17209.2,True
3713,0025114a8722bfc1,0025110122020000,0025110122020000,16597.7,True
3714,002611e3f422fe1b,0026110222020000,0026110222020000,17283.1,True
3715,00272219d211e2be,0027220111020000,0027220111020000,16616.6,True
3716,0028112fd5221890,0028110122010000,0028110122010000,17021.3,True
3717,00291148b222667e,0029110122010000,0029110122010000,19091.2,True
3718,002a225ae0110c79,002a220111010000,002a220111010000,14903.8,True
3719,002b11f12e22c4d5,002b110222020000,002b110222020000,16801.7,True
3720,002c116a18227328,002c110122010000,002c110122010000,17076.2,True
3721,002d11daf5229690,002d110222020000,002d110222020000,16899.6,True
3722,002e22ffb911f2ae,002e220211020000,002e220211020000,17152.0,True
3723,002f22fba611f909,002f220211020000,002f220211020000,16331.5,True
3724,003011dc7722d3c9,0030110222020000,0030110222020000,17335.8,True
3725,003122c35f117659,0031220211010000,0031220211010000,16959.7,True
3726,0032119b7d229fbc,0032110122020000,0032110122020000,16580.0,True
3727,00332255da11229c,0033220111010000,0033220111010000,17133.1,True
3728,0034223899117bcf,0034220111010000,0034220111010000,17070.9,True
3729,003511ac6822f282,0035110222020000,0035110222020000,16804.8,True
3730,0036113dfb22a777,0036110122020000,0036110122020000,16947.4,True
3731,003711034d22617a,0037110122010000,0037110122010000,16693.6,True
3732,003811abab2232aa,0038110222010000,0038110222010000,17159.5,True
3733,003911c6d9229e2b,0039110222020000,0039110222020000,16938.0,True
3734,003a224fca11bc79,003a220111020000,003a220111020000,16946.3,True
3735,003b222906115175,003b220111010000,003b220111010000,16730.6,True
3736,003c22eb9a1173d6,003c220211010000,003c220211010000,16923.9,True
3737,003d112e30227f53,003d110122010000,003d110122010000,17263.8,True
3738,003e115b7c2266bf,003e110122010000,003e110122010000,17094.9,True
3739,003f22fea411a7e5,003f220211020000,003f220211020000,16919.1,True
3740,004022ec7e11337a,0040220211010000,0040220211010000,16916.0,True
3741,004122b72f11eaaa,0041220211020000,0041220211020000,16802.3,True
3742,00421143af22a83b,0042110122020000,0042110122020000,17595.4,True
3743,004322959d11e1cf,0043220211020000,0043220211020000,16039.7,True
3744,0044225100110dfa,0044220111010000,0044220111010000,17272.8,True
3745,004522ecd511e618,0045220211020000,0045220211020000,16785.7,True
3746,00462211791134d7,0046220111010000,0046220111010000,16944.2,True
3747,004722fbf711925e,0047220211020000,0047220211020000,17014.7,True
3748,00482271d5119706,0048220111020000,0048220111020000,17296.4,True
3749,004911aedb22dec1,0049110222020000,0049110222020000,16606.9,True
3750,004a11f98922148a,004a110222010000,004a110222010000,120246.1,True
3751,004b22dab9119205,004b220211020000,004b220211020000,204767.3,True
3752,004c1161ab222f09,004c110122010000,004c110122010000,19679.9,True
3753,004d222a441100dc,004d220111010000,004d220111010000,13686.1,True
3754,004e2241c611bbb8,004e220111020000,004e220111020000,34260.6,True
3755,004f221db6113606,004f220111010000,004f220111010000,16667.3,True
3756,005022b28a119b0b,0050220211020000,0050220211020000,16921.1,True
3757,005122951a115677,0051220211010000,0051220211010000,16906.4,True
3758,005222b754115c49,0052220211010000,0052220211010000,17030.1,True
3759,005322a90f110cae,0053220211010000,0053220211010000,17155.2,True
3760,005411321b2216a8,0054110122010000,0054110122010000,16959.7,True
3761,0055112a55221f3f,0055110122010000,0055110122010000,16984.9,True
3762,00561149a122b665,0056110122020000,0056110122020000,16543.4,True
3763,0057224cf8116135,0057220111010000,0057220111010000,17086.1,True
3764,005811330622fb1c,0058110122020000,0058110122020000,17289.6,True
3765,005922440411faa2,0059220111020000,0059220111020000,16891.2,True
3766,005a22ad0311a3c7,005a220211020000,005a220211020000,16484.7,True
3767,005b11256322f7d1,005b110122020000,005b110122020000,17244.5,True
3768,005c224aa1117cad,005c220111020000,005c220111020000,17054.1,True
3769,005d224cf51113ec,005d220111010000,005d220111010000,16892.8,True
3770,005e115969226cab,005e110222010000,005e110222010000,16908.8,True
3771,005f22000511c301,005f220111020000,005f220111020000,16955.5,True
3772,006011f9d7221e86,0060110222010000,0060110222010000,16785.0,True
3773,00611111e6223ed4,0061110122010000,0061110122010000,17200.4,True
3774,006222031511f92f,0062220111020000,0062220111020000,16647.1,True
3775,0063229d3f11a171,0063220211020000,0063220211020000,17102.8,True
3776,0000222d5a11d67e,0000220011000000,0000220011000000,16919.0,True
3777,000122ab05119282,0001220011000000,0001220011000000,17421.7,True
3778,00021135872298e7,0002110022000000,0002110022000000,17520.9,True
3779,0003220fc411dc30,0003220011000000,0003220011000000,15878.7,True
3780,00041170cd227ad6,0004110022000000,0004110022000000,16907.8,True
3781,00052237a31173c3,0005220011000000,0005220011000000,18238.0,True
3782,000622f3af11ca5c,0006220011000000,0006220011000000,16575.3,True
3783,000711ad62221798,0007110022000000,0007110022000000,16641.7,True
3784,000822d31111b745,0008220011000000,0008220011000000,17858.2,True
3785,000922afca112b31,0009220011000000,0009220011000000,17816.0,True
3786,000a2200d91114c1,000a220011000000,000a220011000000,15250.3,True
3787,000b11285622df10,000b110022000000,000b110022000000,16074.5,True
3788,000c22b896112be5,000c220011000000,000c220011000000,16807.6,True
3789,000d1149d222f5fc,000d110022000000,000d110022000000,17208.7,True
3790,000e111d4922a479,000e110022000000,000e110022000000,16767.2,True
3791,000f1152e8222579,000f110022000000,000f110022000000,16844.0,True
3792,0010118f08220407,0010110222000000,0010110222000000,17138.4,True
3793,001111663b22ef2a,0011110122020000,0011110122020000,17003.4,True
3794,00121106332210f2,0012110122010000,0012110122010000,16707.8,True
3795,0013226139113163,0013220111010000,0013220111010000,17163.2,True
3796,001422dd0b119ffb,0014220211020000,0014220211020000,16918.9,True
3797,00151156c622afc3,0015110122020000,0015110122020000,16982.9,True
3798,00162251e611b9d8,0016220111020000,0016220111020000,16680.0,True
3799,001722e31f11935d,0017220211020000,0017220211020000,17258.1,True
3800,001822278b111f53,0018220111010000,0018220111010000,16934.6,True
3801,00192287e21123e9,0019220211010000,0019220211010000,16948.6,True
3802,001a227bb311f1bb,001a220111020000,001a220111020000,16939.4,True
3803,001b1151ae223f72,001b110122010000,001b110122010000,16926.0,True
3804,001c2253f511d002,001c220111020000,001c220111020000,16964.0,True
3805,001d112a3822b2ee,001d110122020000,001d110122020000,16944.7,True
3806,001e22b32d116dc0,001e220211020000,001e220211020000,16948.6,True
3807,001f2219d71103b9,001f220111010000,001f220111010000,17045.5,True
3808,002011970522444e,0020110222010000,0020110222010000,17039.7,True
3809,0021220c91115e10,0021220111010000,0021220111010000,16730.7,True
3810,0022119e3122ca1c,0022110222020000,0022110222020000,16934.2,True
3811,002322d5e811e7bf,0023220211020000,0023220211020000,16972.7,True
3812,002411b72d223489,0024110222010000,0024110222010000,16943.0,True
3813,002511e71422015e,0025110222010000,0025110222010000,16906.6,True
3814,00261177b6228cc6,0026110122020000,0026110122020000,16948.5,True
3815,00272280a911f3c1,0027220211020000,0027220211020000,16923.1,True
3816,002822ee7f115ef3,0028220211010000,0028220211010000,16903.4,True
3817,00292259ad11d363,0029220111020000,0029220111020000,16948.6,True
3818,002a2223a411703e,002a220111010000,002a220111010000,16947.3,True
3819,002b119e13228eb7,002b110222020000,002b110222020000,17118.1,True
3820,002c22d935118ee4,002c220211010000,002c220211010000,16802.2,True
3821,002d114e9722b4e3,002d110122020000,002d110122020000,16945.0,True
3822,002e22e9ef119516,002e220211020000,002e220211020000,16860.3,True
3823,002f22f57211f7bb,002f220211020000,002f220211020000,16935.6,True
3824,00302201bb11006b,0030220111010000,0030220111010000,16678.4,True
3825,003122d4f11186d0,0031220211010000,0031220211010000,17156.4,True
3826,0032111a1222d2de,0032110122020000,0032110122020000,16819.7,True
3827,0033113bfb223508,0033110122010000,0033110122010000,20613.8,True
3828,0034112920227f5f,0034110122010000,0034110122010000,16971.7,True
3829,00351120b122cdfe,0035110122020000,0035110122020000,17133.1,True
3830,0036228010113952,0036220111010000,0036220111010000,17055.2,True
3831,003711d0c6226c13,0037110222010000,0037110222010000,16603.9,True
3832,003811372a220b85,0038110122010000,0038110122010000,15484.2,True
3833,0039111b112262d5,0039110122010000,0039110122010000,16307.8,True
3834,003a11b8e2221dbd,003a110222010000,003a110222010000,17109.1,True
3835,003b22b4af111106,003b220211010000,003b220211010000,14931.8,True
3836,003c22bb4a1123f0,003c220211010000,003c220211010000,16776.1,True
3837,003d111958222182,003d110122010000,003d110122010000,17090.4,True
3838,003e11806922ea35,003e110222020000,003e110222020000,18174.6,True
3839,003f22e1d111b668,003f220211020000,003f220211020000,15709.3,True
3840,0040117c3d222db1,0040110222010000,0040110222010000,16906.4,True
3841,004122a50611d38d,0041220211020000,0041220211020000,16944.0,True
3842,004211704522b8c5,0042110222020000,0042110222020000,17016.6,True
3843,004311e8b622e535,0043110222020000,0043110222020000,17094.5,True
3844,0044115b1f2229fe,0044110122010000,0044110122010000,16965.5,True
3845,00451190aa225844,0045110222010000,0045110222010000,16761.7,True
3846,004622a954115791,0046220211010000,0046220211010000,16894.9,True
3847,004711aff4221204,0047110222010000,0047110222010000,16956.6,True
3848,0048117295222ea4,0048110122010000,0048110122010000,17048.9,True
3849,0049229f65113e34,0049220211010000,0049220211010000,17126.3,True
3850,004a22bc3b119a95,004a220211020000,004a220211020000,16890.7,True
3851,004b22d93b118368,004b220211020000,004b220211020000,16964.5,True
3852,004c2276521109f2,004c220111010000,004c220111010000,16895.6,True
3853,004d2291aa11878c,004d220211020000,004d220211020000,16788.7,True
3854,004e22b8d111a25a,004e220211020000,004e220211020000,16743.4,True
3855,004f22b11711b61d,004f220211020000,004f220211020000,17124.6,True
3856,0050113ff7220f4b,0050110122010000,0050110122010000,16991.7,True
3857,00512283c4119591,0051220111020000,0051220111020000,17017.6,True
3858,005211082e22f40b,0052110122020000,0052110122020000,16895.4,True
3859,005311322d227f4c,0053110122010000,0053110122010000,16865.9,True
3860,005422518d11b152,0054220111020000,0054220111020000,16932.8,True
3861,005522f0631181bb,0055220211020000,0055220211020000,17230.8,True
3862,005622fc5211646b,0056220211010000,0056220211010000,16636.1,True
3863,00572249d0117b85,0057220111020000,0057220111020000,17111.3,True
3864,00581153322259ce,0058110122010000,0058110122010000,16609.3,True
3865,0059118b8622a872,0059110222020000,0059110222020000,16977.8,True
3866,005a110a9922255b,005a110122010000,005a110122010000,17026.9,True
3867,005b22605311e82d,005b220111020000,005b220111020000,16996.2,True
3868,005c22c398116969,005c220211010000,005c220211010000,16494.8,True
3869,005d11972022196a,005d110222010000,005d110222010000,17220.9,True
3870,005e2277aa11e0f2,005e220111020000,005e220111020000,16946.0,True
3871,005f11e3ac2281fa,005f110222020000,005f110222020000,16934.7,True
3872,006011a881227327,0060110222010000,0060110222010000,16955.3,True
3873,00612288261185b6,0061220211020000,0061220211020000,16963.6,True
3874,006211cd16227379,0062110222010000,0062110222010000,16604.1,True
3875,006311216822a805,0063110122020000,0063110122020000,17020.9,True
3876,000022891811fe5a,0000220011000000,0000220011000000,16968.3,True
3877,000111e94f22cfdb,0001110022000000,0001110022000000,16955.4,True
3878,000222a544114057,0002220011000000,0002220011000000,20661.2,True
3879,0003111f3d22e641,0003110022000000,0003110022000000,15858.1,True
3880,00041107b9226829,0004110022000000,0004110022000000,17210.5,True
3881,0005222a7a11ef13,0005220011000000,0005220011000000,16725.3,True
3882,000622e832117db5,0006220011000000,0006220011000000,16298.3,True
3883,000722d830116e4e,0007220011000000,0007220011000000,16920.1,True
3884,0008119b8f22b37b,0008110022000000,0008110022000000,16743.5,True
3885,0009110d8d226eca,0009110022000000,0009110022000000,18233.0,True
3886,000a11df4822eeee,000a110022000000,000a110022000000,13708.4,True
3887,000b1192be22d0a4,000b110022000000,000b110022000000,17031.0,True
3888,000c221d8711ba8b,000c220011000000,000c220011000000,17222.9,True
3889,000d112030229f1f,000d110022000000,000d110022000000,16507.7,True
3890,000e22a0e711c400,000e220011000000,000e220011000000,16897.1,True
3891,000f22799b118742,000f220011000000,000f220011000000,16848.6,True
3892,001011075e2237d5,0010110122000000,0010110122000000,17069.7,True
3893,00112219d411d12c,0011220011020000,0011220011020000,16786.4,True
3894,001222f7cf11f5d3,0012220211020000,0012220211020000,17094.2,True
3895,00131127f722b93d,0013110122020000,0013110122020000,16703.2,True
3896,001422328b1141d7,0014220111010000,0014220111010000,16975.8,True
3897,001511df6a227782,0015110222010000,0015110222010000,16986.7,True
3898,0016229fc5116717,0016220211010000,0016220211010000,17255.0,True
3899,0017111237220c60,0017110122010000,0017110122010000,16732.5,True
3900,0018113d4122d88b,0018110122020000,0018110122020000,16551.4,True
3901,001922bda611413e,0019220211010000,0019220211010000,17161.7,True
3902,001a22503c1153c9,001a220111010000,001a220111010000,17605.0,True
3903,001b22b1ed11a433,001b220211020000,001b220211020000,16255.7,True
3904,001c113590221fc3,001c110122010000,001c110122010000,17435.6,True
3905,001d22393c11fe45,001d220111020000,001d220111020000,16460.4,True
3906,001e2206b911fe09,001e220111020000,001e220111020000,17020.0,True
3907,001f11ee502224cd,001f110222010000,001f110222010000,16854.3,True
3908,002011cbeb22c5f3,0020110222020000,0020110222020000,16980.9,True
3909,002122ea6b11281d,0021220211010000,0021220211010000,16894.1,True
3910,002211ac0322bc29,0022110222020000,0022110222020000,16967.1,True
3911,002322399f11fa4e,0023220111020000,0023220111020000,16930.0,True
3912,002422b518113193,0024220211010000,0024220211010000,17062.5,True
3913,0025225738119386,0025220111020000,0025220111020000,16733.0,True
3914,0026112d86224b9a,0026110122010000,0026110122010000,17147.3,True
3915,0027118c5f22af4a,0027110222020000,0027110222020000,16713.9,True
3916,002822583f115486,0028220111010000,0028220111010000,17136.5,True
3917,0029222020119855,0029220111020000,0029220111020000,16842.3,True
3918,002a1106e022983c,002a110122020000,002a110122020000,16880.4,True
3919,002b11a70a226b7f,002b110222020000,002b110222020000,17038.4,True
3920,002c117998225a47,002c110122010000,002c110122010000,17001.9,True
3921,002d225777117b45,002d220111010000,002d220111010000,16946.6,True
3922,002e1103bc227d91,002e110122020000,002e110122020000,16774.1,True
3923,002f1177c022984c,002f110222020000,002f110222020000,16898.0,True
3924,003022a0e9117c03,0030220211020000,0030220211020000,16945.2,True
3925,00312236f311c3ca,0031220111020000,0031220111020000,17074.8,True
3926,0032110f1f22ecc5,0032110122020000,0032110122020000,16886.5,True
3927,003311a0c822ba98,0033110222020000,0033110222020000,16932.5,True
3928,003422b07f1145e8,0034220211010000,0034220211010000,16589.3,True
3929,00351195eb22bef2,0035110222020000,0035110222020000,16542.7,True
3930,0036114a53225b06,0036110122010000,0036110122010000,16713.2,True
3931,003711896922d8c4,0037110222020000,0037110222020000,18768.4,True
3932,003811792b22e141,0038110222020000,0038110222020000,15876.1,True
3933,0039118a892210b2,0039110222010000,0039110222010000,15413.4,True
3934,003a113b2a22b947,003a110122020000,003a110122020000,16962.4,True
3935,003b22ac67118900,003b220211020000,003b220211020000,19625.0,True
3936,003c2247731138af,003c220111010000,003c220111010000,14311.8,True
3937,003d114383229a6d,003d110122020000,003d110122020000,16831.8,True
3938,003e11856e220bc8,003e110222010000,003e110222010000,21196.1,True
3939,003f11b02b224eb0,003f110222010000,003f110222010000,12812.5,True
3940,0040225f7311e4f2,0040220111020000,0040220111020000,16988.9,True
3941,004111fffd22e4ec,0041110222020000,0041110222020000,16551.9,True
3942,00422200f9114d11,0042220111010000,0042220111010000,17023.4,True
3943,004311619222a707,0043110122020000,0043110122020000,17345.0,True
3944,004411032622faf6,0044110122020000,0044110122020000,16412.9,True
3945,00451130302286c1,0045110122020000,0045110122020000,17302.8,True
3946,0046117f46225bb9,0046110222010000,0046110222010000,16927.2,True
3947,0047110a782210e7,0047110122010000,0047110122010000,16682.1,True
3948,004822667411bbe8,0048220111020000,0048220111020000,17239.8,True
3949,0049220bf3119cc2,0049220111020000,0049220111020000,16851.0,True
3950,004a22ca8c110760,004a220211010000,004a220211010000,17020.3,True
3951,004b22e4ac11cafd,004b220211020000,004b220211020000,17241.5,True
3952,004c11938222d9fd,004c110222020000,004c110222020000,18343.8,True
3953,004d11ce9d229ebd,004d110222020000,004d110222020000,14849.6,True
3954,004e11b62322b383,004e110222020000,004e110222020000,17421.1,True
3955,004f22a88011395b,004f220211010000,004f220211010000,17060.5,True
3956,005011392722b5d3,0050110122020000,0050110122020000,17013.3,True
3957,005111558522cfdb,0051110122020000,0051110122020000,16390.3,True
3958,005222862911dd5f,0052220111020000,0052220111020000,16853.5,True
3959,0053220b2711dc9c,0053220111020000,0053220111020000,17390.5,True
3960,005422c13c111705,0054220211010000,0054220211010000,16879.3,True
3961,0055220b9311adde,0055220111020000,0055220111020000,16792.1,True
3962,0056116edb22a629,0056110122020000,0056110122020000,16943.3,True
3963,00572214fd113fa9,0057220111010000,0057220111010000,17032.0,True
3964,005822e19a1166f0,0058220211010000,0058220211010000,16867.4,True
3965,005922b76111f7c3,0059220211020000,0059220211020000,17062.3,True
3966,005a225bf9117b34,005a220111010000,005a220111010000,16594.1,True
3967,005b1194ee228646,005b110222010000,005b110222010000,17311.0,True
3968,005c11c40c227a47,005c110222010000,005c110222010000,16797.8,True
3969,005d11c2c822b90d,005d110222020000,005d110222020000,16941.5,True
3970,005e118a0122c3eb,005e110222020000,005e110222020000,17053.6,True
3971,005f222f9111637b,005f220111010000,005f220111010000,16937.0,True
3972,006022987711070a,0060220211010000,0060220211010000,16891.5,True
3973,0061224c46118608,0061220111010000,0061220111010000,17102.8,True
3974,0062220c811171f5,0062220111010000,0062220111010000,16353.7,True
3975,006322b2a211f38b,0063220211020000,0063220211020000,17296.8,True
3976,000011474d222b5d,0000110022000000,0000110022000000,16879.7,True
3977,000111326822449e,0001110022000000,0001110022000000,17020.3,True
3978,000222c2e211424d,0002220011000000,0002220011000000,16513.7,True
3979,000311efee226b77,0003110022000000,0003110022000000,17330.0,True
3980,000422a3a7115288,0004220011000000,0004220011000000,17088.6,True
3981,000511274d22a1ec,0005110022000000,0005110022000000,16553.2,True
3982,00061151ac2263d8,0006110022000000,0006110022000000,19258.4,True
3983,000711303f22d845,0007110022000000,0007110022000000,14504.9,True
3984,00081114fc2230fe,0008110022000000,0008110022000000,16887.0,True
3985,000911d22822db06,0009110022000000,0009110022000000,16885.1,True
3986,000a22196b110cff,000a220011000000,000a220011000000,16864.7,True
3987,000b11376e22919b,000b110022000000,000b110022000000,16970.1,True
3988,000c1107b7228846,000c110022000000,000c110022000000,16924.5,True
3989,000d1161e62279b2,000d110022000000,000d110022000000,16978.3,True
3990,000e11a5f12296ee,000e110022000000,000e110022000000,16766.1,True
3991,000f11208322023d,000f110022000000,000f110022000000,16836.9,True
3992,0010224db1118617,0010220011020000,0010220011020000,17201.3,True
3993,00112296c7119711,0011220211020000,0011220211020000,16515.9,True
3994,001222cba311a56b,0012220211020000,0012220211020000,21781.1,True
3995,001322c3d2114590,0013220211010000,0013220211010000,12159.3,True
3996,001411eb7e22cabf,0014110222020000,0014110222020000,17080.7,True
3997,001511bd0e22a9a9,0015110222020000,0015110222020000,16937.9,True
3998,001622d39f11e337,0016220211020000,0016220211020000,16793.2,True
3999,001711e133221abb,0017110222010000,0017110222010000,17742.2,True
4000,001811e10622c678,0018110222020000,0018110222020000,15757.2,True
4001,001911d0c4229439,0019110222020000,0019110222020000,17082.8,True
4002,001a11f639226b87,001a110222010000,001a110222010000,17076.1,True
4003,001b1180fc22f96b,001b110122020000,001b110122020000,17791.4,True
4004,001c11197e22a54e,001c110122020000,001c110122020000,15909.9,True
4005,001d11269e22a763,001d110122020000,001d110122020000,16767.2,True
4006,001e22b5b411f67a,001e220211020000,001e220211020000,17112.4,True
4007,001f11153e225a0d,001f110122010000,001f110122010000,16971.5,True
4008,002011601f224f7d,0020110122010000,0020110122010000,16902.7,True
4009,0021228672111797,0021220111010000,0021220111010000,16856.1,True
4010,002211498222f1ae,0022110122020000,0022110122020000,17165.2,True
4011,002322159011475e,0023220111010000,0023220111010000,16831.0,True
4012,002411162f226341,0024110122010000,0024110122010000,17144.6,True
4013,0025223114119d6e,0025220111020000,0025220111020000,16660.0,True
4014,002622f56e113318,0026220211010000,0026220211010000,17072.2,True
4015,0027118c8d221ed0,0027110222010000,0027110222010000,16858.5,True
4016,00282269db11aadc,0028220111020000,0028220111020000,17119.0,True
4017,0029225fce118079,0029220111020000,0029220111020000,16513.4,True
4018,002a228296116580,002a220211020000,002a220211020000,16974.3,True
4019,002b1178c722d697,002b110222020000,002b110222020000,16990.3,True
4020,002c11147022dee2,002c110122020000,002c110122020000,16913.7,True
4021,002d1143d522a27a,002d110122020000,002d110122020000,17032.2,True
4022,002e110cbd22006d,002e110122010000,002e110122010000,16911.1,True
4023,002f1181652276f9,002f110222010000,002f110222010000,17193.9,True
4024,0030115a0d228905,0030110222020000,0030110222020000,16378.6,True
4025,0031119d02227637,0031110222010000,0031110222010000,17160.6,True
4026,003211b484226d72,0032110222010000,0032110222010000,17010.1,True
4027,003322ab521190cd,0033220211020000,0033220211020000,17045.8,True
4028,003422328b117690,0034220111020000,0034220111020000,13792.9,True
4029,0035118faa2292b8,0035110222020000,0035110222020000,19936.1,True
4030,003611c62b22b1e1,0036110222020000,0036110222020000,21605.2,True
4031,0037115b88224629,0037110122010000,0037110122010000,11534.9,True
4032,003811a4a522c2ca,0038110222020000,0038110222020000,16795.4,True
4033,003911cb73224cc0,0039110222010000,0039110222010000,15354.6,True
4034,003a22dfeb1133c3,003a220211010000,003a220211010000,16127.8,True
4035,003b11713a224edb,003b110122010000,003b110122010000,18848.6,True
4036,003c116e2e221952,003c110122010000,003c110122010000,18278.0,True
4037,003d226d3b11c6bd,003d220111020000,003d220111020000,15834.8,True
4038,003e221af21134f0,003e220111010000,003e220111010000,16240.2,True
4039,003f2227cd1194a0,003f220111020000,003f220111020000,15834.3,True
4040,004011bf45220d57,0040110222010000,0040110222010000,16363.1,True
4041,00411126bf22fe8f,0041110122020000,0041110122020000,16924.3,True
4042,004222425a11b64e,0042220111020000,0042220111020000,19018.0,True
4043,004322aa60117ee6,0043220211010000,0043220211010000,15082.1,True
4044,004411d0e12211ad,0044110222010000,0044110222010000,16666.4,True
4045,004511546522e4a7,0045110122020000,0045110122020000,17293.4,True
4046,004622e61d111ad3,0046220211010000,0046220211010000,16947.3,True
4047,00471166b222b846,0047110122020000,0047110122020000,16951.1,True
4048,004822c4cd112b3f,0048220211010000,0048220211010000,16681.2,True
4049,004922233b114a12,0049220111010000,0049220111010000,17231.3,True
4050,004a117b6122fd12,004a110222020000,004a110222020000,16917.0,True
4051,004b11976122ad3a,004b110222020000,004b110222020000,16936.1,True
4052,004c22b81311657b,004c220211010000,004c220211010000,16947.1,True
4053,004d11b5cd2261a0,004d110222010000,004d110222010000,16953.8,True
4054,004e2210c511b95f,004e220111020000,004e220111020000,16881.3,True
4055,004f11162922ec18,004f110122020000,004f110122020000,17010.1,True
4056,00501189ea226a2b,0050110222010000,0050110222010000,16781.4,True
4057,0051229903117753,0051220211020000,0051220211020000,17111.7,True
4058,00522202bc119fe1,0052220111020000,0052220111020000,16932.9,True
4059,005322ee1011fe8e,0053220211020000,0053220211020000,16881.6,True
4060,005422365b11eaec,0054220111020000,0054220111020000,16946.0,True
4061,005522eca411f547,0055220211020000,0055220211020000,17129.5,True
4062,0056223c75114cec,0056220111010000,0056220111010000,16450.1,True
4063,005722fadd11a5df,0057220211020000,0057220211020000,17013.6,True
4064,0058114c0422be48,0058110122020000,0058110122020000,17167.0,True
4065,00592290c9115361,0059220111010000,0059220111010000,16944.9,True
4066,005a2287d01113ec,005a220111010000,005a220111010000,16867.7,True
4067,005b11ebc922518c,005b110222010000,005b110222010000,17013.8,True
4068,005c119a172262d3,005c110222010000,005c110222010000,16945.4,True
4069,005d115f2e22bd06,005d110122020000,005d110122020000,16962.8,True
4070,005e220e7f114a05,005e220111010000,005e220111010000,16979.3,True
4071,005f22095e11e8e6,005f220111020000,005f220111020000,16852.0,True
4072,006011d6322201b5,0060110222010000,0060110222010000,16627.4,True
4073,0061224fe711de36,0061220111020000,0061220111020000,17205.4,True
4074,006211b77b223c0c,0062110222010000,0062110222010000,16878.3,True
4075,0063226c671147e5,0063220211010000,0063220211010000,16955.0,True
4076,000022decb11111b,0000220011000000,0000220011000000,16620.6,True
4077,000122772311865e,0001220011000000,0001220011000000,17115.9,True
4078,000222e7f5119c32,0002220011000000,0002220011000000,20439.8,True
4079,000322b3131103c0,0003220011000000,0003220011000000,15518.7,True
4080,000422d93d1194e5,0004220011000000,0004220011000000,15200.6,True
4081,000522f3d711e22f,0005220011000000,0005220011000000,16184.4,True
4082,000622452f112604,0006220011000000,0006220011000000,18419.6,True
4083,000711fc32228323,0007110022000000,0007110022000000,15775.3,True
4084,000822a20211632a,0008220011000000,0008220011000000,17241.8,True
4085,0009227a1e11d2cf,0009220011000000,0009220011000000,16470.7,True
4086,000a22d13011f291,000a220011000000,000a220011000000,17072.4,True
4087,000b223ef2116e56,000b220011000000,000b220011000000,16661.6,True
4088,000c2291c4113bc2,000c220011000000,000c220011000000,16870.2,True
4089,000d22eb8f111633,000d220011000000,000d220011000000,17994.9,True
4090,000e22a7cb116ffa,000e220011000000,000e220011000000,16089.6,True
4091,000f11ff39221352,000f110022000000,000f110022000000,17505.4,True
4092,001011013b22ff3d,0010110122020000,0010110122020000,18029.4,True
4093,001111eb3422c88f,0011110222020000,0011110222020000,15825.1,True
4094,0012110a932294f6,0012110122010000,0012110122010000,16508.4,True
4095,0013110af9225fc9,0013110122010000,0013110122010000,16408.6,True
4096,0014111e4022107c,0014110122010000,0014110122010000,17090.2,True
4097,0015112840226433,0015110122010000,0015110122010000,16968.4,True
4098,0016115f6022de42,0016110122020000,0016110122020000,17123.4,True
4099,001711d3bd225db1,0017110222010000,0017110222010000,16877.3,True
4100,0018117e6f2215c5,0018110222010000,0018110222010000,16977.9,True
4101,0019119cac22c9cc,0019110222020000,0019110222020000,16735.0,True
4102,001a22e3ad119b62,001a220211020000,001a220211020000,16986.7,True
4103,001b11261d2288e4,001b110122010000,001b110122010000,16875.7,True
4104,001c11bcb9228e8e,001c110222010000,001c110222010000,16944.5,True
4105,001d22060411ca5b,001d220111020000,001d220111020000,16933.0,True
4106,001e22f4bc119979,001e220211020000,001e220211020000,17144.1,True
4107,001f11092022caed,001f110122020000,001f110122020000,16660.3,True
4108,002022c26811aae4,0020220211020000,0020220211020000,17033.6,True
4109,00212242ee1178ec,0021220111020000,0021220111020000,16964.1,True
4110,0022119b602258ac,0022110222010000,0022110222010000,16984.8,True
4111,00232217e511c094,0023220111020000,0023220111020000,16925.3,True
4112,002411fbef22d487,0024110222020000,0024110222020000,16998.7,True
4113,002522642e11a801,0025220111020000,0025220111020000,16567.9,True
4114,002622771e11a1f8,0026220111020000,0026220111020000,17247.3,True
4115,002711fb7c2208cc,0027110222010000,0027110222010000,16962.0,True
4116,002822410b11b2a3,0028220111020000,0028220111020000,17415.7,True
4117,002922866e11cf88,0029220211020000,0029220211020000,16392.5,True
4118,002a22f39d117670,002a220211010000,002a220211010000,17177.5,True
4119,002b113be2229ff1,002b110122020000,002b110122020000,16788.2,True
4120,002c11644222c1f6,002c110122020000,002c110122020000,16912.1,True
4121,002d228b8211ae53,002d220211020000,002d220211020000,16643.0,True
4122,002e22810811b6eb,002e220111020000,002e220111020000,17018.6,True
4123,002f22c81311e816,002f220211020000,002f220211020000,16930.2,True
4124,0030220562117fed,0030220111010000,0030220111010000,16940.1,True
4125,003111ab0b224426,0031110222010000,0031110222010000,16942.4,True
4126,0032227a1a119567,0032220211010000,0032220211010000,16941.3,True
4127,003311ffbf22cb7e,0033110222020000,0033110222020000,16908.7,True
4128,00341189aa22d927,0034110122020000,0034110122020000,16869.5,True
4129,003522408c11e55c,0035220111020000,0035220111020000,20121.5,True
4130,003622c416119511,0036220211010000,0036220211010000,18718.0,True
4131,003722404a11895f,0037220111010000,0037220111010000,14938.8,True
4132,00382248e0115527,0038220111010000,0038220111010000,16521.5,True
4133,003922f6ef11227f,0039220211010000,0039220211010000,15930.7,True
4134,003a11bb7b2207aa,003a110222010000,003a110222010000,15495.3,True
4135,003b225fb5119916,003b220111010000,003b220111010000,21038.9,True
4136,003c11a744222c12,003c110222010000,003c110222010000,12597.0,True
4137,003d2274df118785,003d220211010000,003d220211010000,16816.9,True
4138,003e1112d72269b0,003e110122010000,003e110122010000,17025.2,True
4139,003f22cc2b11d47a,003f220211020000,003f220211020000,17851.6,True
4140,004022ca6811b6ba,0040220211020000,0040220211020000,16115.0,True
4141,00411112752293f9,0041110122020000,0041110122020000,17113.2,True
4142,00421190e1228e6a,0042110222020000,0042110222020000,16652.6,True
4143,0043119f5222ba21,0043110222020000,0043110222020000,17631.3,True
4144,004411c3eb22675b,0044110222010000,0044110222010000,16385.3,True
4145,0045226a30110347,0045220111010000,0045220111010000,17154.4,True
4146,0046221b0f11641a,0046220111010000,0046220111010000,16992.7,True
4147,0047226b41117193,0047220111010000,0047220111010000,16533.7,True
4148,00481151032253eb,0048110122010000,0048110122010000,16813.9,True
4149,004922754a11e637,0049220211020000,0049220211020000,16667.1,True
4150,004a22b312114b8c,004a220211010000,004a220211010000,20804.3,True
4151,004b116f9b2264ef,004b110122010000,004b110122010000,13566.8,True
4152,004c114d6d2246fd,004c110122010000,004c110122010000,16677.4,True
4153,004d1170fd22c62c,004d110122020000,004d110122020000,16923.0,True
4154,004e22b03611dbf5,004e220211020000,004e220211020000,17193.5,True
4155,004f22898711bc0d,004f220211020000,004f220211020000,18404.7,True
4156,005022138411c7e4,0050220111020000,0050220111020000,15287.2,True
4157,005122af32114ee2,0051220211010000,0051220211010000,17037.1,True
4158,0052116903223b1d,0052110122010000,0052110122010000,16926.9,True
4159,00531193df2260d0,0053110222010000,0053110222010000,16944.9,True
4160,00542210cd11c08b,0054220111020000,0054220111020000,16788.1,True
4161,00552238bd11bb3f,0055220111020000,0055220111020000,17091.4,True
4162,005611827b22b706,0056110122020000,0056110122020000,16774.9,True
4163,005722bd90111579,0057220211010000,0057220211010000,16660.2,True
4164,00581181c1226841,0058110122010000,0058110122010000,17242.4,True
4165,0059115caf228f4f,0059110122020000,0059110122020000,17604.5,True
4166,005a11ac082245de,005a110222010000,005a110222010000,16480.7,True
4167,005b22725111376b,005b220211010000,005b220211010000,16854.6,True
4168,005c11ec3722c59c,005c110222020000,005c110222020000,16792.4,True
4169,005d2266b511ffc2,005d220111020000,005d220111020000,16942.7,True
4170,005e115dea2285fb,005e110122020000,005e110122020000,16930.4,True
4171,005f22f92c11f00b,005f220211020000,005f220211020000,17079.3,True
4172,0060220b90118f91,0060220111020000,0060220111020000,16653.6,True
4173,006111075f22abd7,0061110122020000,0061110122020000,17145.0,True
4174,006211199c225f3c,0062110122010000,0062110122010000,16920.7,True
4175,00631191382240e5,0063110222010000,0063110222010000,17024.0,True
4176,0000110032220064,0000110022000000,0000110022000000,16832.3,True
4177,0001110032220064,0001110022000000,0001110022000000,17323.8,True
4178,0002110032220064,0002110022000000,0002110022000000,16653.8,True
4179,0003110032220064,0003110022000000,0003110022000000,17436.3,True
4180,0004110032220064,0004110022000000,0004110022000000,16576.0,True
4181,0005110032220064,0005110022000000,0005110022000000,16749.6,True
4182,0006110032220064,0006110022000000,0006110022000000,16354.5,True
4183,0007110032220064,0007110022000000,0007110022000000,15892.7,True
4184,0008110032220064,0008110022000000,0008110022000000,16728.8,True
4185,0009110032220064,0009110022000000,0009110022000000,16858.6,True
4186,000a110032220064,000a110022000000,000a110022000000,17243.1,True
4187,000b110032220064,000b110022000000,000b110022000000,17052.3,True
4188,000c110032220064,000c110022000000,000c110022000000,16602.7,True
4189,000d110032220064,000d110022000000,000d110022000000,16849.4,True
4190,000e110032220064,000e110022000000,000e110022000000,17583.1,True
4191,000f110032220064,000f110022000000,000f110022000000,16286.9,True
4192,001022003c110050,0010220111020000,0010220111020000,16587.4,True
4193,0011110055220037,0011110222010000,0011110222010000,17104.5,True
4194,0012110055220037,0012110222010000,0012110222010000,16984.1,True
4195,0013220082110014,0013220211010000,0013220211010000,16871.2,True
4196,001422008c11000f,0014220211010000,0014220211010000,17888.4,True
4197,000011003b22001b,0000110022000000,0000110022000000,16044.6,True
4198,0001110015220038,0001110022000000,0001110022000000,17065.1,True
4199,0002110027220053,0002110022000000,0002110022000000,16795.6,True
4200,0003110010220008,0003110022000000,0003110022000000,17073.9,True
4201,0004110042220043,0004110022000000,0004110022000000,16720.8,True
4202,0005110018220055,0005110022000000,0005110022000000,17021.3,True
4203,000611002c220001,0006110022000000,0006110022000000,16947.8,True
4204,0007110024220031,0007110022000000,0007110022000000,16925.4,True
4205,0008110023220043,0008110022000000,0008110022000000,17058.0,True
4206,000911005322003b,0009110022000000,0009110022000000,17075.2,True
4207,000a11000b220006,000a110022000000,000a110022000000,16928.8,True
4208,000b110049220024,000b110022000000,000b110022000000,16838.4,True
4209,000c11005e220021,000c110022000000,000c110022000000,16875.1,True
4210,000d110053220018,000d110022000000,000d110022000000,17027.4,True
4211,000e110044220041,000e110022000000,000e110022000000,17022.4,True
4212,000f11000322000d,000f110022000000,000f110022000000,16778.0,True
4213,0010220045110020,0010220211000000,0010220211000000,16951.2,True
4214,001111004622004e,0011110222020000,0011110222020000,17654.3,True
4215,001211003d220015,0012110222010000,0012110222010000,16256.9,True
4216,001311003722005b,0013110222020000,0013110222020000,17023.6,True
4217,001422002f110049,0014220211020000,0014220211020000,16912.3,True
4218,001522001c110014,0015220111010000,0015220111010000,16508.7,True
4219,0016110013220022,0016110122010000,0016110122010000,17198.2,True
4220,001722003111004b,0017220211020000,0017220211020000,16839.6,True
4221,001822003e110010,0018220211010000,0018220211010000,17083.5,True
4222,0019220052110061,0019220211020000,0019220211020000,16990.0,True
4223,001a11000b22004e,001a110122020000,001a110122020000,16711.4,True
4224,001b110016220040,001b110122020000,001b110122020000,17016.4,True
4225,001c22002c110043,001c220111020000,001c220111020000,16778.3,True
4226,001d110057220051,001d110222020000,001d110222020000,17176.7,True
4227,001e11003022005a,001e110222020000,001e110222020000,16689.4,True
4228,001f22005a11005d,001f220211020000,001f220211020000,16959.8,True
4229,0020110034220014,0020110122010000,0020110122010000,16809.6,True
4230,0021220054110059,0021220211020000,0021220211020000,20588.5,True
4231,002222004411005f,0022220211020000,0022220211020000,12919.2,True
4232,0023110052220063,0023110222020000,0023110222020000,16816.2,True
4233,0024110015220030,0024110122010000,0024110122010000,15710.0,True
4234,0025220050110057,0025220211020000,0025220211020000,16677.0,True
4235,002622001c110016,0026220111010000,0026220111010000,17969.2,True
4236,0027220041110004,0027220111010000,0027220111010000,16360.8,True
4237,002811003822003d,0028110122010000,0028110122010000,16797.4,True
4238,002911002f220042,0029110122010000,0029110122010000,16681.9,True
4239,002a22004a11002e,002a220211010000,002a220211010000,17503.6,True
4240,002b22002211000f,002b220111010000,002b220111010000,16633.4,True
4241,002c110057220003,002c110222010000,002c110222010000,16796.1,True
4242,002d11003f220030,002d110222010000,002d110222010000,16823.0,True
4243,002e11003b220023,002e110222010000,002e110222010000,16763.1,True
4244,002f220041110028,002f220211010000,002f220211010000,16984.4,True
4245,003022002d11000d,0030220111010000,0030220111010000,17218.3,True
4246,0031110045220047,0031110222020000,0031110222020000,16804.7,True
4247,003222002611004a,0032220111020000,0032220111020000,17216.1,True
4248,003322003311001b,0033220211010000,0033220211010000,16812.4,True
4249,0034110046220017,0034110222010000,0034110222010000,17021.2,True
4250,0035220062110039,0035220211020000,0035220211020000,16522.1,True
4251,003622000911004b,0036220111020000,0036220111020000,17514.3,True
4252,003711001822001a,0037110122010000,0037110122010000,16637.9,True
4253,0038110014220008,0038110122010000,0038110122010000,16781.0,True
4254,0039220063110040,0039220211020000,0039220211020000,16704.7,True
4255,003a22003911003b,003a220211020000,003a220211020000,17295.7,True
4256,003b22001e110020,003b220111010000,003b220111010000,16951.7,True
4257,003c11003e22000e,003c110222010000,003c110222010000,16861.9,True
4258,003d220058110033,003d220211020000,003d220211020000,17012.7,True
4259,003e220004110038,003e220111020000,003e220111020000,17120.0,True
4260,003f11001a220016,003f110122010000,003f110122010000,16737.9,True
4261,0040220058110059,0040220211020000,0040220211020000,16926.4,True
4262,004122006311005f,0041220211020000,0041220211020000,16984.7,True
4263,004222002611004f,0042220111020000,0042220111020000,16955.8,True
4264,004311005c220024,0043110222010000,0043110222010000,16780.2,True
4265,0044220032110010,0044220211010000,0044220211010000,17076.7,True
4266,0045110033220059,0045110122020000,0045110122020000,16941.9,True
4267,004622001c11004e,0046220111020000,0046220111020000,16954.1,True
4268,004711005122004d,0047110222020000,0047110222020000,16916.7,True
4269,004822005d110039,0048220211010000,0048220211010000,16988.8,True
4270,004911003e220048,0049110222020000,0049110222020000,17026.0,True
4271,004a22001e11003f,004a220111020000,004a220111020000,16789.8,True
4272,004b220052110012,004b220211010000,004b220211010000,16949.9,True
4273,004c11000222003b,004c110122020000,004c110122020000,16935.5,True
4274,004d22001f11004d,004d220111020000,004d220111020000,16928.9,True
4275,004e11000a220044,004e110122020000,004e110122020000,16913.3,True
4276,004f220031110045,004f220111020000,004f220111020000,16925.8,True
4277,0050110052220034,0050110222010000,0050110222010000,16746.8,True
4278,0051110040220012,0051110222010000,0051110222010000,17004.5,True
4279,005222004d110001,0052220211010000,0052220211010000,16961.7,True
4280,0053110053220000,0053110222010000,0053110222010000,18614.2,True
4281,005422004c11004d,0054220211020000,0054220211020000,16866.6,True
4282,0055110052220052,0055110222020000,0055110222020000,18551.7,True
4283,005622001611000d,0056220111010000,0056220111010000,15526.1,True
4284,0057110051220048,0057110222020000,0057110222020000,16333.6,True
4285,0058220056110055,0058220211020000,0058220211020000,17946.6,True
4286,0059220018110011,0059220111010000,0059220111010000,16087.8,True
4287,005a110010220009,005a110122010000,005a110122010000,16778.5,True
4288,005b22000d110045,005b220111020000,005b220111020000,15380.9,True
4289,005c110049220057,005c110222020000,005c110222020000,16844.7,True
4290,005d110048220051,005d110222020000,005d110222020000,18133.8,True
4291,005e22003a110020,005e220211010000,005e220211010000,16249.4,True
4292,005f220020110020,005f220111010000,005f220111010000,16791.5,True
4293,006011003a220056,0060110222020000,0060110222020000,16586.3,True
4294,006122005311002f,0061220211010000,0061220211010000,17133.7,True
4295,006222001a110007,0062220111010000,0062220111010000,16923.0,True
4296,0063220057110026,0063220211010000,0063220211010000,17048.5,True
4297,000011003b22001b,0000110022000000,0000110022000000,16916.1,True
4298,0001110015220038,0001110022000000,0001110022000000,17101.7,True
4299,0002110027220053,0002110022000000,0002110022000000,16816.9,True
4300,0003110010220008,0003110022000000,0003110022000000,16884.5,True
4301,0004110042220043,0004110022000000,0004110022000000,17008.3,True
4302,0005110018220055,0005110022000000,0005110022000000,16928.1,True
4303,000611002c220001,0006110022000000,0006110022000000,16949.3,True
4304,0007110024220031,0007110022000000,0007110022000000,16932.9,True
4305,0008110023220043,0008110022000000,0008110022000000,16991.7,True
4306,000911005322003b,0009110022000000,0009110022000000,16902.1,True
4307,000a11000b220006,000a110022000000,000a110022000000,16931.2,True
4308,000b110049220024,000b110022000000,000b110022000000,16955.6,True
4309,000c11005e220021,000c110022000000,000c110022000000,16971.7,True
4310,000d110053220018,000d110022000000,000d110022000000,16906.2,True
4311,000e110044220041,000e110022000000,000e110022000000,16940.7,True
4312,000f11000322000d,000f110022000000,000f110022000000,18325.8,True
4313,0010220045110020,0010220211000000,0010220211000000,15589.6,True
4314,001111004622004e,0011110222020000,0011110222020000,16943.3,True
4315,001211003d220015,0012110222010000,0012110222010000,16950.6,True
4316,001311003722005b,0013110222020000,0013110222020000,16898.8,True
4317,001422002f110049,0014220211020000,0014220211020000,17890.8,True
4318,001522001c110014,0015220111010000,0015220111010000,15815.7,True
4319,0016110013220022,0016110122010000,0016110122010000,17196.1,True
4320,001722003111004b,0017220211020000,0017220211020000,16956.3,True
4321,001822003e110010,0018220211010000,0018220211010000,16758.0,True
4322,0019220052110061,0019220211020000,0019220211020000,17017.3,True
4323,001a11000b22004e,001a110122020000,001a110122020000,17073.1,True
4324,001b110016220040,001b110122020000,001b110122020000,16720.8,True
4325,001c22002c110043,001c220111020000,001c220111020000,17158.3,True
4326,001d110057220051,001d110222020000,001d110222020000,16963.5,True
4327,001e11003022005a,001e110222020000,001e110222020000,16833.0,True
4328,001f22005a11005d,001f220211020000,001f220211020000,16800.0,True
4329,0020110034220014,0020110122010000,0020110122010000,17006.3,True
4330,0021220054110059,0021220211020000,0021220211020000,16346.0,True
4331,002222004411005f,0022220211020000,0022220211020000,17477.9,True
4332,0023110052220063,0023110222020000,0023110222020000,15806.1,True
4333,0024110015220030,0024110122010000,0024110122010000,18946.5,True
4334,0025220050110057,0025220211020000,0025220211020000,14960.3,True
4335,002622001c110016,0026220111010000,0026220111010000,16746.1,True
4336,0027220041110004,0027220111010000,0027220111010000,17215.6,True
4337,002811003822003d,0028110122010000,0028110122010000,17116.0,True
4338,002911002f220042,0029110122010000,0029110122010000,17798.7,True
4339,002a22004a11002e,002a220211010000,002a220211010000,15754.8,True
4340,002b22002211000f,002b220111010000,002b220111010000,16526.2,True
4341,002c110057220003,002c110222010000,002c110222010000,17124.1,True
4342,002d11003f220030,002d110222010000,002d110222010000,16942.9,True
4343,002e11003b220023,002e110222010000,002e110222010000,17148.0,True
4344,002f220041110028,002f220211010000,002f220211010000,16781.0,True
4345,003022002d11000d,0030220111010000,0030220111010000,17228.8,True
4346,0031110045220047,0031110222020000,0031110222020000,16362.4,True
4347,003222002611004a,0032220111020000,0032220111020000,17213.4,True
4348,003322003311001b,0033220211010000,0033220211010000,16904.9,True
4349,0034110046220017,0034110222010000,0034110222010000,16921.7,True
4350,0035220062110039,0035220211020000,0035220211020000,16874.4,True
4351,003622000911004b,0036220111020000,0036220111020000,17402.4,True
4352,003711001822001a,0037110122010000,0037110122010000,16619.2,True
4353,0038110014220008,0038110122010000,0038110122010000,16778.1,True
4354,0039220063110040,0039220211020000,0039220211020000,16942.5,True
4355,003a22003911003b,003a220211020000,003a220211020000,17149.1,True
4356,003b22001e110020,003b220111010000,003b220111010000,16745.5,True
4357,003c11003e22000e,003c110222010000,003c110222010000,16910.6,True
4358,003d220058110033,003d220211020000,003d220211020000,17111.0,True
4359,003e220004110038,003e220111020000,003e220111020000,16949.9,True
4360,003f11001a220016,003f110122010000,003f110122010000,16864.2,True
4361,0040220058110059,0040220211020000,0040220211020000,16818.4,True
4362,004122006311005f,0041220211020000,0041220211020000,16939.5,True
4363,004222002611004f,0042220111020000,0042220111020000,17131.7,True
4364,004311005c220024,0043110222010000,0043110222010000,16863.7,True
4365,0044220032110010,0044220211010000,0044220211010000,16921.9,True
4366,0045110033220059,0045110122020000,0045110122020000,16923.8,True
4367,004622001c11004e,0046220111020000,0046220111020000,17166.8,True
4368,004711005122004d,0047110222020000,0047110222020000,16365.5,True
4369,004822005d110039,0048220211010000,0048220211010000,17036.2,True
4370,004911003e220048,0049110222020000,0049110222020000,16862.3,True
4371,004a22001e11003f,004a220111020000,004a220111020000,16994.4,True
4372,004b220052110012,004b220211010000,004b220211010000,16851.9,True
4373,004c11000222003b,004c110122020000,004c110122020000,16975.4,True
4374,004d22001f11004d,004d220111020000,004d220111020000,16939.3,True
4375,004e11000a220044,004e110122020000,004e110122020000,17013.3,True
4376,004f220031110045,004f220111020000,004f220111020000,21234.5,True
4377,0050110052220034,0050110222010000,0050110222010000,12393.3,True
4378,0051110040220012,0051110222010000,0051110222010000,17099.1,True
4379,005222004d110001,0052220211010000,0052220211010000,16796.7,True
4380,0053110053220000,0053110222010000,0053110222010000,18138.0,True
4381,005422004c11004d,0054220211020000,0054220211020000,17325.1,True
4382,0055110052220052,0055110222020000,0055110222020000,16068.2,True
4383,005622001611000d,0056220111010000,0056220111010000,16716.4,True
4384,0057110051220048,0057110222020000,0057110222020000,16568.2,True
4385,0058220056110055,0058220211020000,0058220211020000,17061.3,True
4386,0059220018110011,0059220111010000,0059220111010000,17710.7,True
4387,005a110010220009,005a110122010000,005a110122010000,17587.7,True
4388,005b22000d110045,005b220111020000,005b220111020000,16611.1,True
4389,005c110049220057,005c110222020000,005c110222020000,15572.7,True
4390,005d110048220051,005d110222020000,005d110222020000,17430.5,True
4391,005e22003a110020,005e220211010000,005e220211010000,16439.2,True
4392,005f220020110020,005f220111010000,005f220111010000,17315.8,True
4393,006011003a220056,0060110222020000,0060110222020000,16650.8,True
4394,006122005311002f,0061220211010000,0061220211010000,16987.2,True
4395,006222001a110007,0062220111010000,0062220111010000,16821.6,True
4396,0063220057110026,0063220211010000,0063220211010000,16951.2,True
4397,000011000a22000a,0000110022000000,0000110022000000,16756.3,True
4398,000122000a11000a,0001220011000000,0001220011000000,16977.8,True
4399,000211000a22000a,0002110022000000,0002110022000000,16709.4,True
4400,000322000a11000a,0003220011000000,0003220011000000,17037.5,True
4401,000411000a22000a,0004110022000000,0004110022000000,17125.0,True
4402,000522000a11000a,0005220011000000,0005220011000000,17273.7,True
4403,000611000a22000a,0006110022000000,0006110022000000,16472.6,True
4404,000722000a11000a,0007220011000000,0007220011000000,17020.3,True
4405,000811000a22000a,0008110022000000,0008110022000000,16887.5,True
4406,000922000a11000a,0009220011000000,0009220011000000,16922.5,True
4407,000a11000a22000a,000a110022000000,000a110022000000,17244.4,True
4408,000b22000a11000a,000b220011000000,000b220011000000,16739.9,True
4409,000c11000a22000a,000c110022000000,000c110022000000,16816.3,True
4410,000d22000a11000a,000d220011000000,000d220011000000,16954.3,True
4411,000e11000a22000a,000e110022000000,000e110022000000,17072.9,True
4412,000f22000a11000a,000f220011000000,000f220011000000,17111.4,True
4413,001011000a220009,0010110022000000,0010110022000000,16353.2,True
4414,001122000a11000b,0011220211020000,0011220211020000,17281.0,True
4415,001211000a22000a,0012110222020000,0012110222020000,17010.0,True
4416,001322000b110000,0013220211010000,0013220211010000,16954.2,True
4417,001411000022000b,0014110122020000,0014110122020000,16746.2,True
4418,001522000011000a,0015220111020000,0015220111020000,17094.6,True
4419,001611000a22000a,0016110222020000,0016110222020000,16893.2,True
4420,001722000911000a,0017220211020000,0017220211020000,16821.2,True
4421,001811000b22000a,0018110222020000,0018110222020000,17154.0,True
4422,001922000a11000a,0019220211020000,0019220211020000,16842.5,True
4423,001a11000022000b,001a110122020000,001a110122020000,16786.2,True
4424,001b22000b110000,001b220211010000,001b220211010000,16952.8,True
4425,001c11000a220000,001c110222010000,001c110222010000,16983.6,True
4426,001d22000a11000a,001d220211020000,001d220211020000,16898.8,True
4427,001e11000a220009,001e110222020000,001e110222020000,16900.4,True
4428,001f22000a11000b,001f220211020000,001f220211020000,17033.0,True
4429,002011000a22000a,0020110222020000,0020110222020000,16825.6,True
4430,002122000b110000,0021220211010000,0021220211010000,18157.3,True
4431,002211000022000b,0022110122020000,0022110122020000,16802.5,True
4432,002322000011000a,0023220111020000,0023220111020000,17545.0,True
4433,002411000a22000a,0024110222020000,0024110222020000,17052.4,True
4434,002522000911000a,0025220211020000,0025220211020000,15024.4,True
4435,002611000b22000a,0026110222020000,0026110222020000,19233.7,True
4436,002722000a11000a,0027220211020000,0027220211020000,14543.7,True
4437,002811000022000b,0028110122020000,0028110122020000,17068.3,True
4438,002922000b110000,0029220211010000,0029220211010000,16948.5,True
4439,002a11000a220000,002a110222010000,002a110222010000,16782.2,True
4440,002b22000a11000a,002b220211020000,002b220211020000,17056.9,True
4441,002c11000a220009,002c110222020000,002c110222020000,16885.0,True
4442,002d22000a11000b,002d220211020000,002d220211020000,16834.2,True
4443,002e11000a22000a,002e110222020000,002e110222020000,16831.5,True
4444,002f22000b110000,002f220211010000,002f220211010000,17492.9,True
4445,003011000022000b,0030110122020000,0030110122020000,16501.9,True
4446,003122000011000a,0031220111020000,0031220111020000,17046.9,True
4447,003211000a22000a,0032110222020000,0032110222020000,17024.0,True
4448,003322000911000a,0033220211020000,0033220211020000,16750.6,True
4449,003411000b22000a,0034110222020000,0034110222020000,16950.4,True
4450,003522000a11000a,0035220211020000,0035220211020000,16957.0,True
4451,003611000022000b,0036110122020000,0036110122020000,16971.8,True
4452,003722000b110000,0037220211010000,0037220211010000,16902.3,True
4453,003811000a220000,0038110222010000,0038110222010000,16953.8,True
4454,003922000a11000a,0039220211020000,0039220211020000,16956.8,True
4455,003a11000a220009,003a110222020000,003a110222020000,17093.1,True
4456,003b22000a11000b,003b220211020000,003b220211020000,16787.1,True
4457,003c11000a22000a,003c110222020000,003c110222020000,16955.0,True
4458,003d22000b110000,003d220211010000,003d220211010000,16898.4,True
4459,003e11000022000b,003e110122020000,003e110122020000,16968.2,True
4460,003f22000011000a,003f220111020000,003f220111020000,16926.9,True
4461,004011000a22000a,0040110222020000,0040110222020000,16979.2,True
4462,004122000911000a,0041220211020000,0041220211020000,16623.8,True
4463,004211000b22000a,0042110222020000,0042110222020000,17342.3,True
4464,004322000a11000a,0043220211020000,0043220211020000,16873.1,True
4465,004411000022000b,0044110122020000,0044110122020000,16832.5,True
4466,004522000b110000,0045220211010000,0045220211010000,17006.5,True
4467,004611000a220000,0046110222010000,0046110222010000,16618.9,True
4468,004722000a11000a,0047220211020000,0047220211020000,17269.7,True
4469,0000220000110001,0000220011000000,0000220011000000,17040.4,True
4470,0001220000110001,0001220011000000,0001220011000000,16731.3,True
4471,0002220000110001,0002220011000000,0002220011000000,16964.0,True
4472,0003220000110001,0003220011000000,0003220011000000,17003.9,True
4473,0004220000110001,0004220011000000,0004220011000000,17077.3,True
4474,0005220000110001,0005220011000000,0005220011000000,16853.5,True
4475,0006220000110001,0006220011000000,0006220011000000,16807.4,True
4476,0007220000110001,0007220011000000,0007220011000000,16855.4,True
4477,0008220000110001,0008220011000000,0008220011000000,17059.7,True
4478,0009220000110001,0009220011000000,0009220011000000,16870.9,True
4479,000a220000110001,000a220011000000,000a220011000000,17022.6,True
4480,000b220000110001,000b220011000000,000b220011000000,18232.8,True
4481,000c220000110001,000c220011000000,000c220011000000,16788.2,True
4482,000d220000110001,000d220011000000,000d220011000000,16626.2,True
4483,000e220000110001,000e220011000000,000e220011000000,17099.9,True
4484,000f22000f110000,000f220011000000,000f220011000000,16575.1,True
4485,0010220001110001,0010220011020000,0010220011020000,16326.0,True
4486,0011220000110000,0011220111020000,0011220111020000,16574.5,True
4487,001222000f110001,0012220211020000,0012220211020000,17474.9,True
4488,0013220010110002,0013220211020000,0013220211020000,17489.8,True
4489,0014220001110001,0014220111020000,0014220111020000,15791.2,True
4490,0015220000110000,0015220111020000,0015220111020000,16964.1,True
4491,001622000f110001,0016220211020000,0016220211020000,17785.2,True
4492,0017220010110002,0017220211020000,0017220211020000,19303.2,True
4493,0018220001110001,0018220111020000,0018220111020000,13727.3,True
4494,0019220000110000,0019220111020000,0019220111020000,16940.9,True
4495,001a22000f110001,001a220211020000,001a220211020000,17471.2,True
4496,001b220010110002,001b220211020000,001b220211020000,16455.9,True
4497,001c220001110001,001c220111020000,001c220111020000,16763.5,True
4498,001d220000110000,001d220111020000,001d220111020000,17267.5,True
4499,001e22000f110001,001e220211020000,001e220211020000,16591.7,True
4500,001f220010110002,001f220211020000,001f220211020000,17360.3,True
4501,0020220001110001,0020220111020000,0020220111020000,16426.7,True
4502,0021220000110000,0021220111010000,0021220111010000,16948.9,True
4503,002222000f110001,0022220211010000,0022220211010000,31740.3,True
4504,0023220010110002,0023220211020000,0023220211020000,19144.5,True
4505,0024220001110001,0024220111020000,0024220111020000,16937.5,True
4506,0025220000110000,0025220111010000,0025220111010000,16965.1,True
4507,002622000f110001,0026220211010000,0026220211010000,16930.3,True
4508,0027220010110002,0027220211020000,0027220211020000,16959.2,True
4509,0028220001110001,0028220111020000,0028220111020000,16928.0,True
4510,0029220000110000,0029220111010000,0029220111010000,17210.7,True
4511,002a22000f110001,002a220211010000,002a220211010000,16690.8,True
4512,002b220010110002,002b220211020000,002b220211020000,16923.2,True
4513,002c220001110001,002c220111020000,002c220111020000,16959.8,True
4514,002d220000110000,002d220111010000,002d220111010000,16927.8,True
4515,002e22000f110001,002e220211010000,002e220211010000,16945.5,True
4516,002f220010110002,002f220211020000,002f220211020000,16970.1,True
4517,0030220001110001,0030220111020000,0030220111020000,17057.7,True
4518,0031220000110000,0031220111010000,0031220111010000,16795.3,True
4519,003222000f110001,0032220211010000,0032220211010000,16950.9,True
4520,0033220010110002,0033220211020000,0033220211020000,16944.9,True
4521,0034220001110001,0034220111020000,0034220111020000,16919.9,True
4522,0035220000110000,0035220111010000,0035220111010000,17174.0,True
4523,003622000f110001,0036220211010000,0036220211010000,16737.1,True
4524,0037220010110002,0037220211020000,0037220211020000,16924.7,True
4525,0038220001110001,0038220111020000,0038220111020000,16918.3,True
4526,0039220000110000,0039220111010000,0039220111010000,17264.4,True
4527,003a22000f110001,003a220211010000,003a220211010000,17105.8,True
4528,003b220010110002,003b220211020000,003b220211020000,16425.0,True
4529,003c220001110001,003c220111020000,003c220111020000,16890.2,True
4530,003d220000110000,003d220111010000,003d220111010000,19933.9,True
4531,003e22000f110001,003e220211010000,003e220211010000,16581.8,True
4532,003f220010110002,003f220211020000,003f220211020000,15254.0,True
4533,0040220001110001,0040220111020000,0040220111020000,18591.2,True
4534,0041220000110000,0041220111010000,0041220111010000,17008.7,True
4535,004222000f110001,0042220211010000,0042220211010000,16123.6,True
4536,0043220010110002,0043220211020000,0043220211020000,14528.5,True
4537,0044220001110001,0044220111020000,0044220111020000,17008.9,True
4538,0045220000110000,0045220111010000,0045220111010000,18977.5,True
4539,004622000f110001,0046220211010000,0046220211010000,16041.7,True
4540,0047220010110002,0047220211020000,0047220211020000,15942.5,True
4541,0048220001110001,0048220111020000,0048220111020000,16788.0,True
4542,0049220000110000,0049220111010000,0049220111010000,17152.1,True
4543,004a22000f110001,004a220211010000,004a220211010000,16809.4,True
4544,004b220010110002,004b220211020000,004b220211020000,17033.9,True
4545,004c220001110001,004c220111020000,004c220111020000,16978.0,True
4546,004d220000110000,004d220111010000,004d220111010000,16219.8,True
4547,004e22000f110001,004e220211010000,004e220211010000,16940.4,True
4548,004f220010110002,004f220211020000,004f220211020000,17156.5,True
4549,000011ffff220000,0000110022000000,0000110022000000,16807.0,True
4550,000122000011ffff,0001220011000000,0001220011000000,16958.9,True
4551,000211ffff220000,0002110022000000,0002110022000000,16819.7,True
4552,000322000011ffff,0003220011000000,0003220011000000,17059.8,True
4553,000411ffff220000,0004110022000000,0004110022000000,16854.2,True
4554,000522000011ffff,0005220011000000,0005220011000000,16845.9,True
4555,000611ffff220000,0006110022000000,0006110022000000,17097.4,True
4556,000722000011ffff,0007220011000000,0007220011000000,16789.9,True
4557,000811ffff220000,0008110022000000,0008110022000000,17135.2,True
4558,000922000011ffff,0009220011000000,0009220011000000,16642.2,True
4559,000a11ffff220000,000a110022000000,000a110022000000,17247.7,True
4560,000b22000011ffff,000b220011000000,000b220011000000,17386.5,True
4561,000c11ffff220000,000c110022000000,000c110022000000,16524.6,True
4562,000d22000011ffff,000d220011000000,000d220011000000,16848.8,True
4563,000e11ffff220000,000e110022000000,000e110022000000,17025.8,True
4564,000f22000011ffff,000f220011000000,000f220011000000,17035.7,True
4565,001011ffff22ffff,0010110022020000,0010110022020000,16826.7,True
4566,001122ffff11ffff,0011220211000000,0011220211000000,16908.5,True
4567,001211ffff22ffff,0012110022020000,0012110022020000,16822.5,True
4568,001322ffff11ffff,0013220211000000,0013220211000000,17093.3,True
4569,001411ffff22ffff,0014110022020000,0014110022020000,16918.4,True
4570,001522ffff11ffff,0015220211000000,0015220211000000,17332.6,True
4571,001611ffff22ffff,0016110022020000,0016110022020000,16548.1,True
4572,001722ffff11ffff,0017220211000000,0017220211000000,16943.7,True
4573,001811ffff22ffff,0018110022020000,0018110022020000,16877.2,True
4574,001922ffff11ffff,0019220211000000,0019220211000000,17259.7,True
4575,001a11ffff22ffff,001a110022020000,001a110022020000,16545.1,True
4576,001b22ffff11ffff,001b220211000000,001b220211000000,16918.5,True
4577,001c11ffff22ffff,001c110022020000,001c110022020000,16743.9,True
4578,001d22ffff11ffff,001d220211000000,001d220211000000,16771.6,True
4579,001e11ffff22ffff,001e110022020000,001e110022020000,18660.7,True
4580,001f22ffff11ffff,001f220211000000,001f220211000000,16409.3,True
4581,002011000022ffff,0020110122020000,0020110122020000,16820.6,True
4582,002122ffff11ffff,0021220211020000,0021220211020000,16031.8,True
4583,002211000022ffff,0022110122020000,0022110122020000,17109.3,True
4584,002322ffff11ffff,0023220211020000,0023220211020000,16741.9,True
4585,002411000022ffff,0024110122020000,0024110122020000,18449.7,True
4586,002522ffff11ffff,0025220211020000,0025220211020000,16852.4,True
4587,002611000022ffff,0026110122020000,0026110122020000,15637.9,True
4588,002722ffff11ffff,0027220211020000,0027220211020000,16730.0,True
4589,002811000022ffff,0028110122020000,0028110122020000,16941.6,True
4590,002922ffff11ffff,0029220211020000,0029220211020000,16942.2,True
4591,002a11000022ffff,002a110122020000,002a110122020000,17129.2,True
4592,002b22ffff11ffff,002b220211020000,002b220211020000,16646.7,True
4593,002c11000022ffff,002c110122020000,002c110122020000,16796.6,True
4594,002d22ffff11ffff,002d220211020000,002d220211020000,16944.9,True
4595,002e11000022ffff,002e110122020000,002e110122020000,16845.7,True
4596,002f22ffff11ffff,002f220211020000,002f220211020000,16649.8,True
4597,0030110000220000,0030110122010000,0030110122010000,17237.6,True
4598,003122ffff11ffff,0031220211020000,0031220211020000,16724.4,True
4599,0032110000220000,0032110122010000,0032110122010000,17115.8,True
4600,003322ffff11ffff,0033220211020000,0033220211020000,16871.0,True
4601,0034110000220000,0034110122010000,0034110122010000,17010.3,True
4602,003522ffff11ffff,0035220211020000,0035220211020000,17067.2,True
4603,0036110000220000,0036110122010000,0036110122010000,17062.6,True
4604,003722ffff11ffff,0037220211020000,0037220211020000,16639.1,True
4605,0038110000220000,0038110122010000,0038110122010000,17077.1,True
4606,003922ffff11ffff,0039220211020000,0039220211020000,16799.8,True
4607,003a110000220000,003a110122010000,003a110122010000,16963.2,True
4608,003b22ffff11ffff,003b220211020000,003b220211020000,16904.3,True
4609,003c110000220000,003c110122010000,003c110122010000,16966.9,True
4610,003d22ffff11ffff,003d220211020000,003d220211020000,16913.1,True
4611,003e110000220000,003e110122010000,003e110122010000,16829.4,True
4612,003f22ffff11ffff,003f220211020000,003f220211020000,16866.8,True
4613,0040110000220000,0040110122010000,0040110122010000,16932.6,True
4614,004122ffff11ffff,0041220211020000,0041220211020000,16959.1,True
4615,0042110000220000,0042110122010000,0042110122010000,16958.6,True
4616,004322ffff11ffff,0043220211020000,0043220211020000,16952.8,True
4617,0044110000220000,0044110122010000,0044110122010000,16928.5,True
4618,004522ffff11ffff,0045220211020000,0045220211020000,17009.4,True
4619,0046110000220000,0046110122010000,0046110122010000,16885.6,True
4620,004722ffff11ffff,0047220211020000,0047220211020000,16879.1,True
4621,0048110000220000,0048110122010000,0048110122010000,16894.0,True
4622,004922ffff11ffff,0049220211020000,0049220211020000,17036.6,True
4623,004a110000220000,004a110122010000,004a110122010000,16719.2,True
4624,004b22ffff11ffff,004b220211020000,004b220211020000,17020.4,True
4625,004c110000220000,004c110122010000,004c110122010000,17337.8,True
4626,004d22ffff11ffff,004d220211020000,004d220211020000,16699.4,True
4627,004e110000220000,004e110122010000,004e110122010000,16998.1,True
4628,004f22ffff11ffff,004f220211020000,004f220211020000,16865.6,True
4629,0050110000220000,0050110122010000,0050110122010000,16898.0,True
4630,005122ffff11ffff,0051220211020000,0051220211020000,17827.6,True
4631,0052110000220000,0052110122010000,0052110122010000,17348.9,True
4632,005322ffff11ffff,0053220211020000,0053220211020000,15674.8,True
4633,0054110000220000,0054110122010000,0054110122010000,17930.5,True
4634,005522ffff11ffff,0055220211020000,0055220211020000,15500.3,True
4635,0056110000220000,0056110122010000,0056110122010000,19437.1,True
4636,005722ffff11ffff,0057220211020000,0057220211020000,14295.7,True
4637,0058110000220000,0058110122010000,0058110122010000,17205.3,True
4638,005922ffff11ffff,0059220211020000,0059220211020000,16933.7,True
4639,005a110000220000,005a110122010000,005a110122010000,17146.0,True
4640,005b22ffff11ffff,005b220211020000,005b220211020000,17016.3,True
4641,005c110000220000,005c110122010000,005c110122010000,20186.3,True
4642,005d22ffff11ffff,005d220211020000,005d220211020000,13456.9,True
4643,005e110000220000,005e110122010000,005e110122010000,16545.9,True
4644,005f22ffff11ffff,005f220211020000,005f220211020000,16922.4,True
4645,0000220000110000,0000220011000000,0000220011000000,16834.5,True
4646,0001220000110000,0001220011000000,0001220011000000,17016.5,True
4647,0002220000110000,0002220011000000,0002220011000000,16966.9,True
4648,0003220000110000,0003220011000000,0003220011000000,17168.3,True
4649,0004220000110000,0004220011000000,0004220011000000,16720.0,True
4650,0005220000110000,0005220011000000,0005220011000000,17093.3,True
4651,0006220000110000,0006220011000000,0006220011000000,16830.0,True
4652,0007220000110000,0007220011000000,0007220011000000,16930.7,True
4653,0008220000110000,0008220011000000,0008220011000000,16933.2,True
4654,0009220000110000,0009220011000000,0009220011000000,17365.1,True
4655,000a220000110000,000a220011000000,000a220011000000,16524.8,True
4656,000b220000110000,000b220011000000,000b220011000000,17159.0,True
4657,000c220000110000,000c220011000000,000c220011000000,16832.3,True
4658,000d220000110000,000d220011000000,000d220011000000,16941.5,True
4659,000e220000110000,000e220011000000,000e220011000000,16936.4,True
4660,000f220000110000,000f220011000000,000f220011000000,16804.2,True
4661,0010220000110000,0010220011000000,0010220011000000,16964.2,True
4662,0011220000110000,0011220011000000,0011220011000000,17064.7,True
4663,0012220000110000,0012220011000000,0012220011000000,16896.6,True
4664,0013220000110000,0013220011000000,0013220011000000,16936.2,True
4665,0014220000110000,0014220011000000,0014220011000000,16803.3,True
4666,0015220000110000,0015220011000000,0015220011000000,16947.5,True
4667,0016220000110000,0016220011000000,0016220011000000,16735.5,True
4668,0017220000110000,0017220011000000,0017220011000000,17241.3,True
4669,0018220000110000,0018220011000000,0018220011000000,18209.7,True
4670,0019220000110000,0019220011000000,0019220011000000,15418.9,True
4671,001a220000110000,001a220011000000,001a220011000000,16881.9,True
4672,001b220000110000,001b220011000000,001b220011000000,17182.8,True
4673,001c220000110000,001c220011000000,001c220011000000,16928.1,True
4674,001d220000110000,001d220011000000,001d220011000000,17045.1,True
4675,001e220000110000,001e220011000000,001e220011000000,16820.7,True
4676,001f220000110000,001f220011000000,001f220011000000,16548.5,True
4677,0020220000110000,0020220011000000,0020220011000000,17089.0,True
4678,0021220000110000,0021220011000000,0021220011000000,16851.0,True
4679,0022220000110000,0022220011000000,0022220011000000,17244.3,True
4680,0023220000110000,0023220011000000,0023220011000000,18741.3,True
4681,0024220000110000,0024220011000000,0024220011000000,16965.1,True
4682,0025220000110000,0025220011000000,0025220011000000,14814.1,True
4683,0026220000110000,0026220011000000,0026220011000000,17067.3,True
4684,0027220000110000,0027220011000000,0027220011000000,16996.8,True
4685,000011c53e222b59,0000110022000000,0000110022000000,16649.7,True
4686,000122656511d755,0001220011000000,0001220011000000,16944.7,True
4687,00021114ba22712e,0002110022000000,0002110022000000,18236.9,True
4688,0003221f4f118490,0003220011000000,0003220011000000,15665.3,True
4689,000411f8cb22c506,0004110022000000,0004110022000000,16957.9,True
4690,000522040511cf53,0005220011000000,0005220011000000,17169.3,True
4691,0006119b4b223237,0006110022000000,0006110022000000,16792.1,True
4692,000722c9a111f404,0007220011000000,0007220011000000,16770.9,True
4693,000811b752229463,0008110022000000,0008110022000000,17196.7,True
4694,000922e5a7116fd7,0009220011000000,0009220011000000,16621.7,True
4695,000a11474e22fa2c,000a110022000000,000a110022000000,17163.8,True
4696,000b226f3b11904d,000b220011000000,000b220011000000,17061.9,True
4697,000c11478c22d898,000c110022000000,000c110022000000,17033.1,True
4698,000d222ad511308d,000d220011000000,000d220011000000,16459.9,True
4699,000e11804222bc95,000e110022000000,000e110022000000,17291.2,True
4700,000f2270b5114b3e,000f220011000000,000f220011000000,16828.5,True
4701,0010119ecb228596,0010110222020000,0010110222020000,17138.8,True
4702,001122554a113291,0011220111010000,0011220111010000,16826.7,True
4703,00121125c122dcc9,0012110122020000,0012110122020000,17127.9,True
4704,001322624611a90f,0013220111020000,0013220111020000,16713.0,True
4705,001411f1bc22b78f,0014110222020000,0014110222020000,16959.0,True
4706,0015223ae211338f,0015220111010000,0015220111010000,16923.3,True
4707,001611b5242220b1,0016110222010000,0016110222010000,17073.1,True
4708,0017220e2411de4b,0017220111020000,0017220111020000,16817.4,True
4709,001811a1e422e739,0018110222020000,0018110222020000,16648.1,True
4710,00192267431168b1,0019220111010000,0019220111010000,17254.0,True
4711,001a11f43a223ce1,001a110222010000,001a110222010000,16899.0,True
4712,001b22fe8211e2a8,001b220211020000,001b220211020000,16991.2,True
4713,001c11855f22cbc0,001c110122020000,001c110122020000,17737.7,True
4714,001d228351111fe3,001d220111010000,001d220111010000,16126.7,True
4715,001e110730226a1a,001e110122010000,001e110122010000,17080.1,True
4716,001f22158e112fc1,001f220111010000,001f220111010000,16788.1,True
4717,002011cc32226e89,0020110222010000,0020110222010000,17092.1,True
4718,0021224aee110095,0021220111010000,0021220111010000,16918.0,True
4719,002211fcb6223592,0022110222010000,0022110222010000,16906.1,True
4720,002322655c11aa90,0023220111020000,0023220111020000,16824.2,True
4721,0024117ce122eab4,0024110122020000,0024110122020000,17066.6,True
4722,002522c18d11a681,0025220211020000,0025220211020000,16912.1,True
4723,002611203f22b929,0026110122020000,0026110122020000,18593.6,True
4724,0027224d7b1161d3,0027220111010000,0027220111010000,15117.0,True
4725,00281171832235a1,0028110122010000,0028110122010000,16910.9,True
4726,002922f9ce117a2b,0029220211010000,0029220211010000,16943.2,True
4727,002a1148f5224bfb,002a110122010000,002a110122010000,16988.2,True
4728,002b22cfd311e55c,002b220211020000,002b220211020000,16678.6,True
4729,002c112eb322d8b2,002c110122020000,002c110122020000,17008.6,True
4730,002d22fda5112930,002d220211010000,002d220211010000,20829.2,True
4731,002e11a3de22a519,002e110222020000,002e110222020000,17641.6,True
4732,002f22ff3311fa83,002f220211020000,002f220211020000,16257.0,True
4733,00301137d622ff4e,0030110122020000,0030110122020000,16582.1,True
4734,003122676b119a57,0031220111020000,0031220111020000,15670.1,True
4735,0032119509227003,0032110222010000,0032110222010000,18349.9,True
4736,00332204f8113fe7,0033220111010000,0033220111010000,15389.0,True
4737,003411aa5e22ae31,0034110222020000,0034110222020000,14809.6,True
4738,003522a2f211680a,0035220211010000,0035220211010000,17065.9,True
4739,003611934722a4c6,0036110222020000,0036110222020000,16936.9,True
4740,003722122811e3d5,0037220111020000,0037220111020000,17039.1,True
4741,0038112eea224bf6,0038110122010000,0038110122010000,16575.2,True
4742,003922838611c511,0039220111020000,0039220111020000,17149.5,True
4743,003a11a253224fd2,003a110222010000,003a110222010000,16745.0,True
4744,003b22c20c117bf5,003b220211010000,003b220211010000,16921.9,True
4745,003c1194a62296b9,003c110222020000,003c110222020000,16915.4,True
4746,003d22f0dc115e24,003d220211010000,003d220211010000,16992.3,True
4747,003e1160f72221f9,003e110122010000,003e110122010000,17000.8,True
4748,003f222b56115f9b,003f220111010000,003f220111010000,16890.6,True
4749,00401110e122142e,0040110122010000,0040110122010000,17159.7,True
4750,00412221f9118526,0041220111020000,0041220111020000,16925.2,True
4751,004211f3fb22733f,0042110222020000,0042110222020000,16920.2,True
4752,00432242d011235f,0043220111010000,0043220111010000,16946.5,True
4753,0044112dfd2214cd,0044110122010000,0044110122010000,16938.0,True
4754,00452299d41142ac,0045220211010000,0045220211010000,16938.0,True
4755,0046114c912207d3,0046110122010000,0046110122010000,16952.7,True
4756,004722e5ad1113c8,0047220211010000,0047220211010000,16941.2,True
4757,004811291622a943,0048110122020000,0048110122020000,16947.1,True
4758,004922524511c857,0049220111020000,0049220111020000,16947.4,True
4759,004a118d1f224c32,004a110222010000,004a110222010000,16954.6,True
4760,004b22ebe5117893,004b220211020000,004b220211020000,16797.1,True
4761,004c116e2e22be1d,004c110222020000,004c110222020000,17053.1,True
4762,004d22c3b311d6be,004d220211020000,004d220211020000,17092.3,True
4763,004e118ce8221136,004e110222010000,004e110222010000,16719.9,True
4764,004f222e6911e6b0,004f220111020000,004f220111020000,17096.6,True
4765,005011fc3d222718,0050110222010000,0050110222010000,16871.6,True
4766,005122da4c11b6f8,0051220211020000,0051220211020000,16954.4,True
4767,0052112a2c226986,0052110122010000,0052110122010000,16924.7,True
4768,005322944e11a60d,0053220211020000,0053220211020000,16939.6,True
4769,0054113b0f22d5ef,0054110122020000,0054110122020000,16947.5,True
4770,005522f6e411f90f,0055220211020000,0055220211020000,17664.4,True
4771,005611aba822c6f2,0056110222020000,0056110222020000,16035.0,True
4772,0057227796116179,0057220111010000,0057220111010000,17515.5,True
4773,0058117c6f220a7c,0058110122010000,0058110122010000,16656.2,True
4774,005922001f11084c,0059220111010000,0059220111010000,16849.9,True
4775,005a118ac5225d2b,005a110122010000,005a110122010000,16935.0,True
4776,005b229ad9113bf9,005b220211010000,005b220211010000,17109.9,True
4777,005c1170e0228248,005c110122020000,005c110122020000,16728.6,True
4778,005d22aa5511be7e,005d220211020000,005d220211020000,16950.0,True
4779,005e115749222199,005e110122010000,005e110122010000,16971.5,True
4780,005f22fcad11aa42,005f220211020000,005f220211020000,16914.7,True
4781,006011da2d228625,0060110222010000,0060110222010000,19329.0,True
4782,0061229b09111fd7,0061220211010000,0061220211010000,17047.9,True
4783,006211338222d0ee,0062110122020000,0062110122020000,16715.7,True
4784,006322c4b0114aef,0063220211010000,0063220211010000,15166.4,True
4785,006411700322c471,0064110122020000,0064110122020000,16334.5,True
4786,0065221fe0111728,0065220111010000,0065220111010000,16751.2,True
4787,00661125e22253dc,0066110122010000,0066110122010000,17394.3,True
4788,0067224130110dab,0067220111010000,0067220111010000,16539.1,True
4789,0068113fb7227a57,0068110122010000,0068110122010000,16857.3,True
4790,00692292fd116085,0069220211020000,0069220211020000,17863.3,True
4791,006a113d4822ab05,006a110122020000,006a110122020000,16190.0,True
4792,006b221c6e11c84c,006b220111020000,006b220111020000,16801.9,True
4793,006c112edd221265,006c110122010000,006c110122010000,17281.3,True
4794,006d22f67011bd82,006d220211020000,006d220211020000,17957.5,True
4795,006e113b6a22d5f2,006e110122020000,006e110122020000,15879.0,True
4796,006f2248241112a1,006f220111010000,006f220111010000,16926.8,True
4797,0070110b1322fbd1,0070110122020000,0070110122020000,17096.7,True
4798,00712229ca1163a1,0071220111020000,0071220111020000,16839.0,True
4799,0072115eb4224d80,0072110222010000,0072110222010000,16800.4,True
4800,007322b49e113f6f,0073220211010000,0073220211010000,16989.1,True
4801,007411f55e22d280,0074110222020000,0074110222020000,17203.5,True
4802,0075221203116bd0,0075220111020000,0075220111020000,16688.9,True
4803,0076111f4622eebc,0076110122020000,0076110122020000,16919.3,True
4804,007722c5fb110baa,0077220211010000,0077220211010000,16906.9,True
4805,007811d9ea22eaf2,0078110222020000,0078110222020000,16928.8,True
4806,00792218141133f7,0079220111010000,0079220111010000,16937.2,True
4807,007a1185142233f5,007a110222010000,007a110222010000,16955.9,True
4808,007b22f1181123d7,007b220211010000,007b220211010000,16964.7,True
4809,007c117110224d80,007c110222010000,007c110222010000,16934.7,True
4810,007d220a5b1124d9,007d220111010000,007d220111010000,16639.0,True
4811,007e119a2422109f,007e110222010000,007e110222010000,17362.2,True
4812,007f2243f111b359,007f220111020000,007f220111020000,16899.6,True
4813,008011df4422a5d7,0080110222020000,0080110222020000,16960.9,True
4814,00812235e8115c52,0081220111010000,0081220111010000,16644.4,True
4815,0082111f4022b17e,0082110122020000,0082110122020000,17187.3,True
4816,00832263d311ef2b,0083220111020000,0083220111020000,16794.4,True
4817,008411142922c44e,0084110122020000,0084110122020000,17016.8,True
4818,008522fb0b1133ab,0085220211010000,0085220211010000,17069.0,True
4819,008611c8552238d4,0086110222010000,0086110222010000,16773.2,True
4820,0087221ecd116611,0087220111010000,0087220111010000,16925.8,True
4821,008811853022ef33,0088110222020000,0088110222020000,17067.6,True
4822,008922acfc11b794,0089220211020000,0089220211020000,16934.5,True
4823,008a11f0c0223fa7,008a110222010000,008a110222010000,16916.7,True
4824,008b2297bf1156be,008b220211010000,008b220211010000,16801.3,True
4825,008c116825224114,008c110122010000,008c110122010000,17092.8,True
4826,008d22c679111db8,008d220211010000,008d220211010000,16862.7,True
4827,008e11510022966d,008e110122020000,008e110122020000,16976.3,True
4828,008f223e3c1152eb,008f220111010000,008f220111010000,16961.1,True
4829,009011af432260d5,0090110222010000,0090110222010000,17176.9,True
4830,009122138c11805a,0091220111020000,0091220111020000,16299.8,True
4831,0092113c0322c8b7,0092110122020000,0092110122020000,18665.5,True
4832,009322e39f11e276,0093220211020000,0093220211020000,16698.2,True
4833,009411598122be3f,0094110122020000,0094110122020000,16156.4,True
4834,00952261861106c2,0095220111010000,0095220111010000,17173.1,True
4835,009611f17822e933,0096110222020000,0096110222020000,15679.9,True
4836,009722b68e11d1df,0097220211020000,0097220211020000,18159.5,True
4837,0098119f75222692,0098110222010000,0098110222010000,15958.8,True
4838,00992216db11b6dc,0099220111020000,0099220111020000,16758.7,True
4839,009a11c6fc221478,009a110222010000,009a110222010000,16902.6,True
4840,009b22f8ea11807a,009b220211010000,009b220211010000,16917.3,True
4841,009c114e8c2282c1,009c110122010000,009c110122010000,17111.9,True
4842,009d220da511065e,009d220111010000,009d220111010000,16793.5,True
4843,009e11ea78226e94,009e110222010000,009e110222010000,16753.2,True
4844,009f22759511287c,009f220111010000,009f220111010000,16912.8,True
4845,00a011abfd222fdc,00a0110222010000,00a0110222010000,16996.1,True
4846,00a122d718111765,00a1220211010000,00a1220211010000,16513.1,True
4847,00a2118fcf229c51,00a2110222020000,00a2110222020000,17162.1,True
4848,00a3223a15114509,00a3220111010000,00a3220111010000,17059.6,True
4849,00a4117af2224a97,00a4110122010000,00a4110122010000,16883.3,True
4850,00a522da1811f6b2,00a5220211020000,00a5220211020000,16887.7,True
4851,00a611b45622d817,00a6110222020000,00a6110222020000,16962.6,True
4852,00a7222b06119364,00a7220111020000,00a7220111020000,17076.4,True
4853,00a811b7e92235a3,00a8110222010000,00a8110222010000,16799.6,True
4854,00a922d4ce1143c2,00a9220211010000,00a9220211010000,17042.7,True
4855,00aa119edf222037,00aa110222010000,00aa110222010000,16955.5,True
4856,00ab2232cb11c6aa,00ab220111020000,00ab220111020000,16768.0,True
4857,00ac11d42e22d490,00ac110222020000,00ac110222020000,16969.1,True
4858,00ad224ff3112954,00ad220111010000,00ad220111010000,16681.9,True
4859,00ae1100c7220fb8,00ae110122010000,00ae110122010000,16972.5,True
4860,00af22e4b8116276,00af220211010000,00af220211010000,16936.8,True
4861,00b011ab3622dcb7,00b0110222020000,00b0110222020000,16778.5,True
4862,00b122d5831151f5,00b1220211010000,00b1220211010000,17095.4,True
4863,00b2117a94220f6d,00b2110122010000,00b2110122010000,16761.1,True
4864,00b322fe45117239,00b3220211010000,00b3220211010000,17033.0,True
4865,00b411e57122a624,00b4110222020000,00b4110222020000,17047.3,True
4866,00b522815211c1de,00b5220111020000,00b5220111020000,16845.3,True
4867,00b611d42d222836,00b6110222010000,00b6110222010000,19181.1,True
4868,00b722b47b111026,00b7220211010000,00b7220211010000,14474.4,True
4869,00b811cdf5222402,00b8110222010000,00b8110222010000,17199.7,True
4870,00b9223e2511d621,00b9220111020000,00b9220111020000,16775.6,True
4871,00ba1117f322b7f0,00ba110122020000,00ba110122020000,17022.5,True
4872,00bb220f0a1154d3,00bb220111010000,00bb220111010000,17116.9,True
4873,00bc11e40522b0de,00bc110222020000,00bc110222020000,16724.4,True
4874,00bd22b21d1120b5,00bd220211010000,00bd220211010000,17269.7,True
4875,00be1184b9225b16,00be110122010000,00be110122010000,16922.2,True
4876,00bf22051a1150bc,00bf220111010000,00bf220111010000,16929.9,True
4877,00c011e489227603,00c0110222020000,00c0110222020000,16927.0,True
4878,00c122bb4a11f97a,00c1220211020000,00c1220211020000,16857.4,True
4879,00c211000922241a,00c2110122010000,00c2110122010000,16712.1,True
4880,00c322495d1113ec,00c3220111010000,00c3220111010000,16901.4,True
4881,00c411fd39226a7c,00c4110222020000,00c4110222020000,17890.6,True
4882,00c52201a711a6e2,00c5220111020000,00c5220111020000,16118.6,True
4883,00c6119fc62268da,00c6110222020000,00c6110222020000,17085.8,True
4884,00c7223f1211ef0c,00c7220111020000,00c7220111020000,17263.1,True
4885,00c81119862203ad,00c8110122010000,00c8110122010000,17370.0,True
4886,00c922962611d48c,00c9220211020000,00c9220211020000,15915.0,True
4887,00ca11604122bcfe,00ca110122020000,00ca110122020000,17112.4,True
4888,00cb220c9e112abc,00cb220111010000,00cb220111010000,16545.5,True
4889,00cc1142d3227739,00cc110122020000,00cc110122020000,17069.1,True
4890,00cd2248a511078a,00cd220111010000,00cd220111010000,16865.4,True
4891,00ce11cdba225fbd,00ce110222020000,00ce110222020000,17474.2,True
4892,00cf22e87811d5c0,00cf220211020000,00cf220211020000,16538.2,True
4893,00d011a1e122398b,00d0110222010000,00d0110222010000,17013.1,True
4894,00d122f4111101bc,00d1220211010000,00d1220211010000,16718.7,True
4895,00d2116d5322b05b,00d2110122020000,00d2110122020000,16962.6,True
4896,00d3228435110751,00d3220211010000,00d3220211010000,16946.1,True
4897,00d41101352242a4,00d4110122010000,00d4110122010000,17050.7,True
4898,00d5220e4d113210,00d5220111010000,00d5220111010000,16549.8,True
4899,00d6116183226a8e,00d6110222010000,00d6110222010000,17234.5,True
4900,00d722b977113ce0,00d7220211010000,00d7220211010000,16981.3,True
4901,00d81165a322ab86,00d8110222020000,00d8110222020000,17024.0,True
4902,00d922f25d119ad6,00d9220211020000,00d9220211020000,16772.0,True
4903,00da118f592295d3,00da110222020000,00da110222020000,17158.0,True
4904,00db2297ba115d4c,00db220211020000,00db220211020000,16872.9,True
4905,00dc11334a22a76a,00dc110122020000,00dc110122020000,16821.0,True
4906,00dd225e3b11f382,00dd220111020000,00dd220111020000,16845.2,True
4907,00de11cb1b22295f,00de110222010000,00de110222010000,17012.7,True
4908,00df2234851129a6,00df220111010000,00df220111010000,16944.8,True
4909,00e0110b2f229d93,00e0110122020000,00e0110122020000,16911.7,True
4910,00e1225014118ca7,00e1220111020000,00e1220111020000,16996.8,True
4911,00e211e7ec22c0d0,00e2110222020000,00e2110222020000,16899.7,True
4912,00e3224b39113b47,00e3220111010000,00e3220111010000,16933.7,True
4913,00e411835222401e,00e4110222010000,00e4110222010000,16958.5,True
4914,00e522721511444f,00e5220111010000,00e5220111010000,16833.3,True
4915,00e611b1b022a1bc,00e6110222020000,00e6110222020000,17059.3,True
4916,00e7227c55113aef,00e7220111010000,00e7220111010000,16643.2,True
4917,00e8114f1222792b,00e8110122010000,00e8110122010000,17380.6,True
4918,00e9225e2d118e8b,00e9220111020000,00e9220111020000,16547.9,True
4919,00ea110982229505,00ea110122020000,00ea110122020000,17020.9,True
4920,00eb22beb31115a8,00eb220211010000,00eb220211010000,17134.2,True
4921,00ec1114d122d6ee,00ec110122020000,00ec110122020000,17046.6,True
4922,00ed2217ae116956,00ed220111020000,00ed220111020000,16810.3,True
4923,00ee1184f32243b4,00ee110222010000,00ee110222010000,17107.7,True
4924,00ef220a8511a122,00ef220111020000,00ef220111020000,16561.2,True
4925,00f011bbd922c9a0,00f0110222020000,00f0110222020000,17174.6,True
4926,00f12227e5111581,00f1220111010000,00f1220111010000,17068.0,True
4927,00f211fd2d22257b,00f2110222010000,00f2110222010000,16864.4,True
4928,00f322439811ead6,00f3220111020000,00f3220111020000,16787.9,True
4929,00f411def222d728,00f4110222020000,00f4110222020000,17033.9,True
4930,00f522994911beb1,00f5220211020000,00f5220211020000,16587.7,True
4931,00f6115b4822d560,00f6110122020000,00f6110122020000,18476.7,True
4932,00f72248d9116a6a,00f7220111010000,00f7220111010000,16366.0,True
4933,00f811c04b22d829,00f8110222020000,00f8110222020000,17231.1,True
4934,00f9229897119502,00f9220211020000,00f9220211020000,15995.0,True
4935,00fa11048e22b589,00fa110122020000,00fa110122020000,21666.7,True
4936,00fb222b4a1146e3,00fb220111010000,00fb220111010000,13202.9,True
4937,00fc114d52227f01,00fc110122020000,00fc110122020000,16024.6,True
4938,00fd22e3be118af1,00fd220211010000,00fd220211010000,16631.2,True
4939,00fe11aab422bd0f,00fe110222020000,00fe110222020000,17067.0,True
4940,00ff221d9f11acce,00ff220111020000,00ff220111020000,16879.9,True
4941,010011bc0122c0bb,0100110222020000,0100110222020000,16918.8,True
4942,010122d137112ffa,0101220211010000,0101220211010000,35789.5,True
4943,010211ad2f220450,0102110222010000,0102110222010000,15048.4,True
4944,010322d59e111242,0103220211010000,0103220211010000,16999.0,True
4945,010411151822a42e,0104110122020000,0104110122020000,17148.1,True
4946,010522e1f1118a0b,0105220211020000,0105220211020000,16833.7,True
4947,01061153e5226871,0106110122010000,0106110122010000,16996.5,True
4948,010722be41114c80,0107220211010000,0107220211010000,16770.2,True
4949,010811943d22962c,0108110222010000,0108110222010000,17176.4,True
4950,010922f11811b8c8,0109220211020000,0109220211020000,17093.7,True
4951,010a11ca22222e9e,010a110222010000,010a110222010000,16820.4,True
4952,010b225ef4114260,010b220111010000,010b220111010000,16775.8,True
4953,010c11963922379c,010c110222010000,010c110222010000,17164.1,True
4954,010d228dcf113ad3,010d220211010000,010d220211010000,16722.1,True
4955,010e11f4c422396c,010e110222010000,010e110222010000,16931.1,True
4956,010f224ec9117aba,010f220111020000,010f220111020000,16924.7,True
4957,01101118b522e46f,0110110122020000,0110110122020000,16798.2,True
4958,011122cc2c119da2,0111220211020000,0111220211020000,16793.5,True
4959,0112115bf2225eea,0112110122010000,0112110122010000,16957.9,True
4960,011322d7e9112448,0113220211010000,0113220211010000,17170.7,True
4961,0114119af722dd09,0114110222020000,0114110222020000,16959.9,True
4962,011522597711ce6c,0115220111020000,0115220111020000,16936.9,True
4963,011611a833227ef4,0116110222010000,0116110222010000,16991.5,True
4964,011722e82a119934,0117220211020000,0117220211020000,16814.0,True
4965,011811d45622ae47,0118110222020000,0118110222020000,17104.2,True
4966,01192248fe1137a1,0119220111010000,0119220111010000,16943.6,True
4967,011a1132e422b5f2,011a110122020000,011a110122020000,16961.9,True
4968,011b22ecc411f65c,011b220211020000,011b220211020000,16891.6,True
4969,011c11f2b0222c49,011c110222010000,011c110222010000,16968.9,True
4970,011d22f77111ac95,011d220211020000,011d220211020000,16932.8,True
4971,011e11aff3226843,011e110222010000,011e110222010000,16894.2,True
4972,011f2296e6113fa7,011f220111010000,011f220111010000,16917.8,True
4973,012011f54a2200f1,0120110222010000,0120110222010000,17083.0,True
4974,012122e5ee113b65,0121220211010000,0121220211010000,16559.8,True
4975,012211fed722ec8c,0122110222020000,0122110222020000,16955.7,True
4976,01232203fb11da62,0123220111020000,0123220111020000,17041.5,True
4977,012411135d226ffd,0124110122010000,0124110122010000,17097.5,True
4978,01252298dc119a93,0125220211010000,0125220211010000,16742.3,True
4979,012611ab8f223a9a,0126110222010000,0126110222010000,16961.8,True
4980,0127229a31114fb3,0127220211010000,0127220211010000,16885.4,True
4981,0128115546224ffc,0128110122010000,0128110122010000,22112.4,True
4982,012922d93111c04a,0129220211020000,0129220211020000,11719.4,True
4983,012a112c8122f15f,012a110122020000,012a110122020000,17354.1,True
4984,012b222f631121b5,012b220111010000,012b220111010000,17531.9,True
4985,00001144cb225abb,0000110022000000,0000110022000000,17457.1,True
4986,0001225c8f11204f,0001220011000000,0001220011000000,16457.0,True
4987,0002118298222ee6,0002110022000000,0002110022000000,15162.4,True
4988,00032282b5113c5f,0003220011000000,0003220011000000,17791.1,True
4989,000411fda922109e,0004110022000000,0004110022000000,15576.9,True
4990,000522241211e623,0005220011000000,0005220011000000,16771.6,True
4991,000611f1ca222a9d,0006110022000000,0006110022000000,17627.9,True
4992,000722088b11c25c,0007220011000000,0007220011000000,16543.8,True
4993,0008116b7f22e7ef,0008110022000000,0008110022000000,20033.5,True
4994,000922077411300e,0009220011000000,0009220011000000,13556.2,True
4995,000a11f9c8228ff9,000a110022000000,000a110022000000,17111.9,True
4996,000b227fc6110e83,000b220011000000,000b220011000000,16795.5,True
4997,000c11c79522898b,000c110022000000,000c110022000000,17192.2,True
4998,000d22380e11dd93,000d220011000000,000d220011000000,16941.6,True
4999,000e110114225e85,000e110022000000,000e110022000000,16949.1,True
5000,000f22b05811e409,000f220011000000,000f220011000000,16900.1,True
5001,001011885c2294a0,0010110122000000,0010110122000000,16695.4,True
5002,0011222397117520,0011220111010000,0011220111010000,17253.1,True
5003,00121134572255be,0012110122010000,0012110122010000,16671.8,True
5004,00132251ba11a286,0013220111020000,0013220111020000,17169.4,True
5005,0014110fa92282ab,0014110122020000,0014110122020000,16933.6,True
5006,0015225617110b6d,0015220111010000,0015220111010000,16936.3,True
5007,0016110d07228bbb,0016110122020000,0016110122020000,16907.7,True
5008,00172296c71104b6,0017220211010000,0017220211010000,16989.0,True
5009,001811c32d22e8ce,0018110222020000,0018110222020000,16897.1,True
5010,001922a4dd116ee6,0019220211020000,0019220211020000,17013.5,True
5011,001a11d81f22fe34,001a110222020000,001a110222020000,16929.4,True
5012,001b22f292110ede,001b220211010000,001b220211010000,16927.0,True
5013,001c117181223a77,001c110222010000,001c110222010000,17081.3,True
5014,001d220c1911e032,001d220111020000,001d220111020000,16640.6,True
5015,001e11fddb229fbf,001e110222020000,001e110222020000,17095.4,True
5016,001f22c5ea117756,001f220211020000,001f220211020000,16701.1,True
5017,002011b0ff22afca,0020110222020000,0020110222020000,17099.1,True
5018,002122d782117634,0021220211020000,0021220211020000,16669.0,True
5019,0022117004226046,0022110122010000,0022110122010000,17228.5,True
5020,002322844f11eb51,0023220111020000,0023220111020000,16984.1,True
5021,002411945e2237af,0024110222010000,0024110222010000,16922.6,True
5022,00252281c5110b00,0025220111010000,0025220111010000,16940.9,True
5023,002611d515226b0d,0026110222010000,0026110222010000,16761.5,True
5024,002722dd01113333,0027220211010000,0027220211010000,16980.0,True
5025,0028115f2f220aa8,0028110122010000,0028110122010000,16978.8,True
5026,00292273641197c0,0029220111020000,0029220111020000,16893.1,True
5027,002a113de5220925,002a110122010000,002a110122010000,17017.5,True
5028,002b22cb6c11aa57,002b220211020000,002b220211020000,16876.0,True
5029,002c11d81e224afd,002c110222010000,002c110222010000,16848.4,True
5030,002d221216116133,002d220111010000,002d220111010000,16960.9,True
5031,002e119b53225209,002e110222010000,002e110222010000,18396.4,True
5032,002f22e42e11917d,002f220211020000,002f220211020000,14633.5,True
5033,003011ffac22da73,0030110222020000,0030110222020000,15923.1,True
5034,00312270f211c965,0031220111020000,0031220111020000,17055.2,True
5035,00321111ad22e6d5,0032110122020000,0032110122020000,16948.9,True
5036,003322724611f5e0,0033220111020000,0033220111020000,16825.9,True
5037,0034117c48220fb7,0034110122010000,0034110122010000,17034.6,True
5038,003522ca3011cefe,0035220211020000,0035220211020000,16846.1,True
5039,003611d42022a47a,0036110222020000,0036110222020000,16539.9,True
5040,003722da43115894,0037220211010000,0037220211010000,17009.4,True
5041,003811bbf7221e19,0038110222010000,0038110222010000,17441.3,True
5042,00392298e211bfd9,0039220211020000,0039220211020000,16415.6,True
5043,003a112c45224059,003a110122010000,003a110122010000,16814.4,True
5044,003b226c9c11e0bf,003b220111020000,003b220111020000,17071.2,True
5045,003c11374222184a,003c110122010000,003c110122010000,17083.3,True
5046,003d229cde1153d0,003d220211010000,003d220211010000,16749.7,True
5047,003e11c958222436,003e110222010000,003e110222010000,17238.0,True
5048,003f22272311bdb5,003f220111020000,003f220111020000,16921.1,True
5049,004011fab9229ee7,0040110222020000,0040110222020000,16771.2,True
5050,0041229883110f24,0041220211010000,0041220211010000,17073.6,True
5051,004211f04a225100,0042110222010000,0042110222010000,17257.1,True
5052,004322d514111643,0043220211010000,0043220211010000,16346.2,True
5053,0044119df7228135,0044110222020000,0044110222020000,17048.8,True
5054,00452242c211c985,0045220111020000,0045220111020000,16940.7,True
5055,0046115738220457,0046110122010000,0046110122010000,17156.2,True
5056,0047221369115651,0047220111010000,0047220111010000,16709.2,True
5057,0048117431226f68,0048110122020000,0048110122020000,17018.1,True
5058,004922ebf411064c,0049220211010000,0049220211010000,16822.0,True
5059,004a1166272257d1,004a110122010000,004a110122010000,17165.1,True
5060,004b2213291176df,004b220111010000,004b220111010000,16724.1,True
5061,004c11cf1422c185,004c110222020000,004c110222020000,17138.8,True
5062,004d22669b11b009,004d220111020000,004d220111020000,16791.5,True
5063,004e11b4e022b1a0,004e110222020000,004e110222020000,17057.2,True
5064,004f2232b311eb13,004f220111020000,004f220111020000,16918.1,True
5065,00501189de226959,0050110222010000,0050110222010000,17003.8,True
5066,005122ddab1102ec,0051220211010000,0051220211010000,17270.5,True
5067,005211c472226363,0052110222010000,0052110222010000,16411.8,True
5068,005322fc1511422c,0053220211010000,0053220211010000,16959.2,True
5069,0054116935223577,0054110122010000,0054110122010000,16846.3,True
5070,005522c7b611da28,0055220211020000,0055220211020000,17030.7,True
5071,0056111cbc229796,0056110122020000,0056110122020000,16947.8,True
5072,005722ffe511f652,0057220211020000,0057220211020000,16934.3,True
5073,005811babe2208ce,0058110222010000,0058110222010000,16923.5,True
5074,005922a693116651,0059220211010000,0059220211010000,16902.1,True
5075,005a11d3a922cdfd,005a110222020000,005a110222020000,16936.5,True
5076,005b22900d11f848,005b220111020000,005b220111020000,16777.7,True
5077,005c11b6ad220943,005c110222010000,005c110222010000,17301.5,True
5078,005d22505d11d42f,005d220111020000,005d220111020000,16417.1,True
5079,005e11b1312266d6,005e110222010000,005e110222010000,17277.7,True
5080,005f22a7cd1100cf,005f220211010000,005f220211010000,16511.8,True
5081,006011a98a224531,0060110222010000,0060110222010000,18141.4,True
5082,006122ad9d11ea92,0061220211020000,0061220211020000,17186.8,True
5083,0062110e5222dbc5,0062110122020000,0062110122020000,16215.2,True
5084,0063226d1211758e,0063220111010000,0063220111010000,17618.0,True
5085,0000111cf4221619,0000110022000000,0000110022000000,15432.0,True
5086,0001227ee3112ee4,0001220011000000,0001220011000000,17005.9,True
5087,0002112b74224d86,0002110022000000,0002110022000000,16956.4,True
5088,000322129111b8dc,0003220011000000,0003220011000000,17855.4,True
5089,0004115692220225,0004110022000000,0004110022000000,15955.1,True
5090,000522b03b119dc4,0005220011000000,0005220011000000,17000.1,True
5091,00061180cf2239ea,0006110022000000,0006110022000000,18948.2,True
5092,0007229272116ca7,0007220011000000,0007220011000000,15033.0,True
5093,000811124b22aca7,0008110022000000,0008110022000000,16830.0,True
5094,000922fa3e115117,0009220011000000,0009220011000000,17032.6,True
5095,000a11dc80220fc6,000a110022000000,000a110022000000,16833.9,True
5096,000b229de411c97d,000b220011000000,000b220011000000,16931.6,True
5097,000c11be7e22e5b5,000c110022000000,000c110022000000,16783.4,True
5098,000d22176f11e3c3,000d220011000000,000d220011000000,17099.7,True
5099,000e118956228723,000e110022000000,000e110022000000,16942.5,True
5100,000f22cdbf111264,000f220011000000,000f220011000000,16726.0,True
5101,0010110e0d224e91,0010110022010000,0010110022010000,17231.5,True
5102,001122f21011ba60,0011220211020000,0011220211020000,16827.5,True
5103,001211ee06227378,0012110222010000,0012110222010000,17088.4,True
5104,0013222fd911a30d,0013220111020000,0013220111020000,16539.2,True
5105,001411c29122a1f2,0014110222020000,0014110222020000,17028.4,True
5106,001522343f11d8e3,0015220111020000,0015220111020000,16982.7,True
5107,0016115437220c64,0016110122010000,0016110122010000,16801.2,True
5108,001722e548115ad8,0017220211010000,0017220211010000,17060.9,True
5109,00181178e522414c,0018110122010000,0018110122010000,16829.0,True
5110,001922c931117611,0019220211010000,0019220211010000,17067.9,True
5111,001a110c3722f94d,001a110122020000,001a110122020000,16772.9,True
5112,001b22a7ea115a7b,001b220211010000,001b220211010000,16873.8,True
5113,001c11a6792249a4,001c110222010000,001c110222010000,16921.0,True
5114,001d22ae9e1158e0,001d220211010000,001d220211010000,17100.6,True
5115,001e1145fd2284a8,001e110122010000,001e110122010000,16832.5,True
5116,001f22860f11b829,001f220211020000,001f220211020000,17256.9,True
5117,0020115d1a22d6ea,0020110122020000,0020110122020000,16758.4,True
5118,002122093b11e42a,0021220111020000,0021220111020000,17128.6,True
5119,002211d44f2247f8,0022110222010000,0022110222010000,16871.4,True
5120,0023221d1211ba7f,0023220111020000,0023220111020000,16879.4,True
5121,002411b523228184,0024110222020000,0024110222020000,16982.8,True
5122,002522112e11b949,0025220111020000,0025220111020000,17142.4,True
5123,002611e43b22436e,0026110222010000,0026110222010000,16794.7,True
5124,0027225284115286,0027220111010000,0027220111010000,17026.2,True
5125,002811ccba225767,0028110222010000,0028110222010000,16900.8,True
5126,002922311611ec3d,0029220111020000,0029220111020000,16941.9,True
5127,002a117ff322e822,002a110122020000,002a110122020000,16685.6,True
5128,002b22769b11fae3,002b220211020000,002b220211020000,17018.6,True
5129,002c118ee6221013,002c110122010000,002c110122010000,16918.5,True
5130,002d227e5711ff02,002d220211020000,002d220211020000,17068.9,True
5131,002e11b535227706,002e110122020000,002e110122020000,16211.4,True
5132,002f22e3af11e8cc,002f220211020000,002f220211020000,16770.3,True
5133,003011ec092225a8,0030110222010000,0030110222010000,17697.4,True
5134,003122806611b398,0031220211010000,0031220211010000,16116.0,True
5135,003211e9c122292e,0032110222010000,0032110222010000,16206.7,True
5136,00332274d711f924,0033220211020000,0033220211020000,17420.4,True
5137,003411719122b83b,0034110122020000,0034110122020000,16206.2,True
5138,003522836211a63a,0035220211010000,0035220211010000,16924.0,True
5139,003611550722d895,0036110122020000,0036110122020000,17655.8,True
5140,0037228eb6118949,0037220211010000,0037220211010000,15932.0,True
5141,003811f5a3220278,0038110222010000,0038110222010000,17223.8,True
5142,0039224d5f119e7f,0039220111010000,0039220111010000,17259.5,True
5143,003a119b4922122c,003a110122010000,003a110122010000,16314.7,True
5144,003b22c4fe11d037,003b220211020000,003b220211020000,16922.8,True
5145,003c119faa22d144,003c110122020000,003c110122020000,16712.8,True
5146,003d22520a116a67,003d220111010000,003d220111010000,16892.5,True
5147,003e11fa512238eb,003e110222010000,003e110222010000,17375.2,True
5148,003f222cf611bbb2,003f220111020000,003f220111020000,16793.3,True
5149,0040112697227b52,0040110122020000,0040110122020000,16956.2,True
5150,004122342d11aed3,0041220111020000,0041220111020000,16784.6,True
5151,004211044f223315,0042110122010000,0042110122010000,16880.9,True
5152,0043220a231161ff,0043220111010000,0043220111010000,17128.2,True
5153,004411365a225d0f,0044110122010000,0044110122010000,17169.0,True
5154,004522768a111e15,0045220211010000,0045220211010000,16710.9,True
5155,004611190a2235df,0046110122010000,0046110122010000,16944.0,True
5156,0047226f48118bd3,0047220211020000,0047220211020000,16932.7,True
5157,0048117407220c83,0048110122010000,0048110122010000,16944.2,True
5158,004922edc6113668,0049220211010000,0049220211010000,16953.2,True
5159,004a1145e322e860,004a110122020000,004a110122020000,16812.6,True
5160,004b229e9411881c,004b220211020000,004b220211020000,17086.9,True
5161,004c117d5a22c28f,004c110222020000,004c110222020000,16841.5,True
5162,004d226cc6116bc3,004d220211020000,004d220211020000,17003.7,True
5163,004e111eea226b97,004e110122020000,004e110122020000,16776.8,True
5164,004f22de1211d888,004f220211020000,004f220211020000,16947.2,True
5165,005011105122d9e8,0050110122020000,0050110122020000,16913.2,True
5166,0051220aea111d14,0051220111010000,0051220111010000,16873.5,True
5167,005211b986221a3b,0052110222010000,0052110222010000,16958.3,True
5168,005322d60611b86e,0053220211020000,0053220211020000,17118.4,True
5169,0054115800225cc9,0054110122010000,0054110122010000,17008.2,True
5170,0055223004117fbe,0055220111020000,0055220111020000,16798.2,True
5171,0056110c0022f5a8,0056110122020000,0056110122020000,16790.3,True
5172,005722bb7c112a72,0057220211010000,0057220211010000,17036.4,True
5173,0058113afe2209f9,0058110122010000,0058110122010000,17141.5,True
5174,0059223cb711228a,0059220111010000,0059220111010000,16768.2,True
5175,005a110cf922bba3,005a110122020000,005a110122020000,17131.6,True
5176,005b2294431114ed,005b220211010000,005b220211010000,16710.9,True
5177,005c110ad322be94,005c110122020000,005c110122020000,16923.1,True
5178,005d229dd611bf06,005d220211020000,005d220211020000,16915.9,True
5179,005e1182e92209c1,005e110222010000,005e110222010000,16929.7,True
5180,005f22d31211416d,005f220211010000,005f220211010000,16927.4,True
5181,00601150712233cb,0060110222010000,0060110222010000,18140.3,True
5182,00612235c4115e13,0061220111020000,0061220111020000,16735.7,True
5183,00621100fd229ca1,0062110122020000,0062110122020000,16757.7,True
5184,006322659311c568,0063220111020000,0063220111020000,16046.4,True
5185,00001179d6229b21,0000110022000000,0000110022000000,17026.3,True
5186,000122ad851142c6,0001220011000000,0001220011000000,18125.4,True
5187,000211bd6a2205dd,0002110022000000,0002110022000000,18577.2,True
5188,000322d49611f2b7,0003220011000000,0003220011000000,14040.5,True
5189,000411218c22a137,0004110022000000,0004110022000000,16936.2,True
5190,0005220a441106bd,0005220011000000,0005220011000000,16925.7,True
5191,000611f03f22c0c6,0006110022000000,0006110022000000,16945.0,True
5192,000722443b1184ca,0007220011000000,0007220011000000,17608.4,True
5193,00081177fa221ec2,0008110022000000,0008110022000000,16321.9,True
5194,000922aa3611622c,0009220011000000,0009220011000000,17186.0,True
5195,000a11f0c622eeb8,000a110022000000,000a110022000000,16734.3,True
5196,000b22b4b111f3e4,000b220011000000,000b220011000000,16927.6,True
5197,000c11cb5522b484,000c110022000000,000c110022000000,16972.3,True
5198,000d228ecf114d1d,000d220011000000,000d220011000000,17246.9,True
5199,000e1176be22faa0,000e110022000000,000e110022000000,16561.1,True
5200,000f220b5b114da1,000f220011000000,000f220011000000,16864.5,True
5201,001011c7a5221f03,0010110222000000,0010110222000000,16965.1,True
5202,0011220ae11107c1,0011220011010000,0011220011010000,17177.4,True
5203,00121120c822bd03,0012110122020000,0012110122020000,16851.7,True
5204,001322809311519c,0013220211010000,0013220211010000,16754.6,True
5205,00141115e822e9a1,0014110122020000,0014110122020000,17797.7,True
5206,00152298e6119a3f,0015220211020000,0015220211020000,16234.5,True
5207,0016110fe022a3da,0016110122020000,0016110122020000,17011.7,True
5208,0017225ad61189f2,0017220111020000,0017220111020000,16666.2,True
5209,001811f20c22ba58,0018110222020000,0018110222020000,17167.8,True
5210,0019225ed811c674,0019220111020000,0019220111020000,17009.8,True
5211,001a11da9722a016,001a110222020000,001a110222020000,16956.3,True
5212,001b22bd0111ca38,001b220211020000,001b220211020000,16955.5,True
5213,001c11e3a522873c,001c110222010000,001c110222010000,16999.9,True
5214,001d2299ce1144af,001d220211010000,001d220211010000,16866.5,True
5215,001e11bb2522c11b,001e110222020000,001e110222020000,16762.3,True
5216,001f2235b11131e5,001f220111010000,001f220111010000,17238.4,True
5217,002011125f220dc8,0020110122010000,0020110122010000,16759.3,True
5218,002122434911459d,0021220111010000,0021220111010000,17157.8,True
5219,002211fd61229eba,0022110222020000,0022110222020000,16596.9,True
5220,00232271f0116f18,0023220111010000,0023220111010000,16811.9,True
5221,00241184162289eb,0024110122020000,0024110122020000,17374.3,True
5222,0025227a3611df50,0025220111020000,0025220111020000,16809.3,True
5223,0026119a2022a7d3,0026110122020000,0026110122020000,16630.3,True
5224,0027225ff211d7a0,0027220111020000,0027220111020000,17169.6,True
5225,002811c59022ded7,0028110222020000,0028110222020000,16942.6,True
5226,00292231ac11b3aa,0029220111020000,0029220111020000,17002.2,True
5227,002a11d0ad223424,002a110222010000,002a110222010000,16664.2,True
5228,002b22a4d81176fb,002b220211010000,002b220211010000,17173.5,True
5229,002c11ac6c22aae1,002c110222020000,002c110222020000,16857.3,True
5230,002d2272ec110eac,002d220111010000,002d220111010000,17070.0,True
5231,002e118f3222e079,002e110222020000,002e110222020000,16619.1,True
5232,002f2256ac115381,002f220111010000,002f220111010000,18161.9,True
5233,003011a71c2228ee,0030110222010000,0030110222010000,16046.3,True
5234,003122ac65113549,0031220211010000,0031220211010000,16574.6,True
5235,0032116c18226fa0,0032110122010000,0032110122010000,17024.9,True
5236,003322e6f61188bf,0033220211010000,0033220211010000,17021.9,True
5237,00341191e5228a8c,0034110222020000,0034110222020000,16839.7,True
5238,0035227336113fb5,0035220111010000,0035220111010000,16930.6,True
5239,003611207d223de9,0036110122010000,0036110122010000,17351.1,True
5240,003722115c11f6c8,0037220111020000,0037220111020000,18508.9,True
5241,003811f78e2261b1,0038110222010000,0038110222010000,14796.0,True
5242,003922a15a112d52,0039220211010000,0039220211010000,17020.0,True
5243,003a11b02b225dff,003a110222010000,003a110222010000,17024.7,True
5244,003b228ea311221a,003b220211010000,003b220211010000,16831.0,True
5245,003c11d22822ae22,003c110222020000,003c110222020000,17166.0,True
5246,003d222bcb114d31,003d220111010000,003d220111010000,16905.0,True
5247,003e110a4d22b0c8,003e110122020000,003e110122020000,16817.4,True
5248,003f224266119678,003f220111020000,003f220111020000,17055.0,True
5249,004011dab222d7b1,0040110222020000,0040110222020000,16588.8,True
5250,004122957911d494,0041220211020000,0041220211020000,16877.2,True
5251,0042113ce2228ad7,0042110122020000,0042110122020000,16845.0,True
5252,004322edef1116a0,0043220211010000,0043220211010000,16877.9,True
5253,004411170222b155,0044110122020000,0044110122020000,17027.6,True
5254,004522d57411c16f,0045220211020000,0045220211020000,16965.0,True
5255,004611a9722294af,0046110222020000,0046110222020000,17026.9,True
5256,004722d6ec118ee2,0047220211020000,0047220211020000,16817.5,True
5257,00481178ce22d1ac,0048110222020000,0048110222020000,16966.7,True
5258,0049221232111270,0049220111010000,0049220111010000,17010.1,True
5259,004a119e8d22d397,004a110222020000,004a110222020000,16880.1,True
5260,004b224fde1103b4,004b220111010000,004b220111010000,16948.9,True
5261,004c11276822662e,004c110122010000,004c110122010000,17353.4,True
5262,004d22026311375b,004d220111010000,004d220111010000,16418.8,True
5263,004e11101022f467,004e110122020000,004e110122020000,16836.9,True
5264,004f22de6311650f,004f220211020000,004f220211020000,17366.6,True
5265,005011d0dd2271b5,0050110222010000,0050110222010000,16795.2,True
5266,005122108c11954e,0051220111020000,0051220111020000,16947.5,True
5267,00521186d822e9d0,0052110222020000,0052110222020000,16950.7,True
5268,00532293fd114ff9,0053220211010000,0053220211010000,16739.7,True
5269,00541115ba22aea0,0054110122020000,0054110122020000,17144.4,True
5270,005522747611adfc,0055220111020000,0055220111020000,16847.4,True
5271,005611a0ae2222d9,0056110222010000,0056110222010000,17222.2,True
5272,00572292f311b86b,0057220211020000,0057220211020000,16198.2,True
5273,00581146d2223d70,0058110122010000,0058110122010000,17062.3,True
5274,0059227d3311c16d,0059220111020000,0059220111020000,16686.4,True
5275,005a11c0e5221714,005a110222010000,005a110222010000,17365.1,True
5276,005b2211fe11ebba,005b220111020000,005b220111020000,16429.6,True
5277,005c11c5bb22659d,005c110222010000,005c110222010000,17367.3,True
5278,005d22dc1a113484,005d220211010000,005d220211010000,16694.9,True
5279,005e118ae7221945,005e110122010000,005e110122010000,16810.9,True
5280,005f2206ba11dcc5,005f220111020000,005f220111020000,17103.4,True
5281,00601179ab22f64b,0060110122020000,0060110122020000,17287.4,True
5282,0061223ddb119a28,0061220111020000,0061220111020000,16931.5,True
5283,006211dff82257f8,0062110222010000,0062110222010000,16688.6,True
5284,006322998a118437,0063220211010000,0063220211010000,16302.0,True
5285,00001178db22515b,0000110022000000,0000110022000000,17005.4,True
5286,000122a9a1119b49,0001220011000000,0001220011000000,17028.7,True
5287,00021134d22204cf,0002110022000000,0002110022000000,22866.7,True
5288,000322ba0511cac8,0003220011000000,0003220011000000,10965.8,True
5289,000411f52f2216ef,0004110022000000,0004110022000000,16880.0,True
5290,000522e8d9114f58,0005220011000000,0005220011000000,17116.8,True
5291,0006112e212256d1,0006110022000000,0006110022000000,16712.5,True
5292,000722bafa11220e,0007220011000000,0007220011000000,17224.0,True
5293,0008110a2522b9b6,0008110022000000,0008110022000000,16919.0,True
5294,00092294a611cd9d,0009220011000000,0009220011000000,16839.4,True
5295,000a1194292231b7,000a110022000000,000a110022000000,16761.9,True
5296,000b22e0ef111e21,000b220011000000,000b220011000000,17993.1,True
5297,000c1171a0226a1a,000c110022000000,000c110022000000,15801.0,True
5298,000d22d91011b872,000d220011000000,000d220011000000,17286.9,True
5299,000e118da9226a74,000e110022000000,000e110022000000,16954.5,True
5300,000f223a2c115867,000f220011000000,000f220011000000,16908.7,True
5301,001011365d221e61,0010110022000000,0010110022000000,16839.1,True
5302,0011221fd9118600,0011220011020000,0011220011020000,17222.8,True
5303,0012116dc5221c4c,0012110122000000,0012110122000000,17103.3,True
5304,001322565b110d20,0013220011010000,0013220011010000,16162.1,True
5305,0014118540224c9d,0014110222000000,0014110222000000,16909.1,True
5306,00152214ef118b22,0015220011020000,0015220011020000,16970.2,True
5307,001611630922fb38,0016110122020000,0016110122020000,16759.0,True
5308,0017227f84115463,0017220211010000,0017220211010000,17159.2,True
5309,0018119ea422a492,0018110222020000,0018110222020000,16810.0,True
5310,001922123611944b,0019220111020000,0019220111020000,16914.8,True
5311,001a11beaa223e9a,001a110222010000,001a110222010000,16797.2,True
5312,001b2295f7112c66,001b220211010000,001b220211010000,17132.3,True
5313,001c11acc022d192,001c110222020000,001c110222020000,16869.6,True
5314,001d22668811c69f,001d220211020000,001d220211020000,16794.5,True
5315,001e117f6c22f49d,001e110222020000,001e110222020000,17007.4,True
5316,001f22674e115b07,001f220111010000,001f220111010000,27644.0,True
5317,0020117ea1227bd5,0020110222020000,0020110222020000,5927.6,True
5318,002122e0ac11f27a,0021220211020000,0021220211020000,17272.9,True
5319,0022118f5b22d23d,0022110222020000,0022110222020000,17126.4,True
5320,002322fbdf112dbe,0023220211010000,0023220211010000,16652.3,True
5321,00241199b92212e0,0024110222010000,0024110222010000,17183.2,True
5322,00252270281103b1,0025220111010000,0025220111010000,16857.2,True
5323,002611957922d7aa,0026110222020000,0026110222020000,16795.2,True
5324,002722e312119f9f,0027220211020000,0027220211020000,16992.6,True
5325,00281163e7227f46,0028110122010000,0028110122010000,16498.5,True
5326,002922db0d11d3f0,0029220211020000,0029220211020000,17302.2,True
5327,002a11d8f3226e72,002a110222010000,002a110222010000,16993.1,True
5328,002b22ff4511938f,002b220211020000,002b220211020000,16924.8,True
5329,002c11dcb122601b,002c110222010000,002c110222010000,16899.7,True
5330,002d22103411e71a,002d220111020000,002d220111020000,18922.5,True
5331,002e1152982212d8,002e110122010000,002e110122010000,14898.4,True
5332,002f22823f117769,002f220111010000,002f220111010000,17308.3,True
5333,0030119c372281bb,0030110222010000,0030110222010000,18238.6,True
5334,0031227c1a1184f1,0031220111010000,0031220111010000,17489.4,True
5335,0032111623226a87,0032110122010000,0032110122010000,14103.7,True
5336,0033227682112982,0033220111010000,0033220111010000,16588.9,True
5337,00341117b722d592,0034110122020000,0034110122020000,18000.9,True
5338,00352285fb11ece3,0035220111020000,0035220111020000,15731.2,True
5339,0036118f9422488d,0036110222010000,0036110222010000,17058.5,True
5340,003722a66811f146,0037220211020000,0037220211020000,16930.9,True
5341,003811af89221a40,0038110222010000,0038110222010000,16922.6,True
5342,003922a108114a45,0039220211010000,0039220211010000,17234.2,True
5343,003a116422223bd4,003a110122010000,003a110122010000,17320.5,True
5344,003b22ce51112204,003b220211010000,003b220211010000,16104.9,True
5345,003c11d3592214bc,003c110222010000,003c110222010000,16939.6,True
5346,003d22fd131167c4,003d220211010000,003d220211010000,16991.2,True
5347,003e11e1de22c662,003e110222020000,003e110222020000,17035.1,True
5348,003f222f91118d77,003f220111020000,003f220111020000,16870.2,True
5349,0040115e0e22dc37,0040110122020000,0040110122020000,17120.6,True
5350,0041226bfd11b62f,0041220111020000,0041220111020000,16919.8,True
5351,004211df312254b6,0042110222010000,0042110222010000,17778.5,True
5352,004322ac5511a42e,0043220211020000,0043220211020000,16058.9,True
5353,00441165bd2297a8,0044110122020000,0044110122020000,16912.4,True
5354,004522f14411a5a6,0045220211020000,0045220211020000,17004.0,True
5355,00461133b322a14c,0046110122020000,0046110122020000,17050.5,True
5356,004722d708111f8b,0047220211010000,0047220211010000,16938.2,True
5357,004811752e226e33,0048110122010000,0048110122010000,16778.9,True
5358,004922895e118e11,0049220111020000,0049220111020000,16940.4,True
5359,004a11798e22ad53,004a110122020000,004a110122020000,16639.8,True
5360,004b22c8cc113e89,004b220211010000,004b220211010000,17264.0,True
5361,004c11a98122fe26,004c110222020000,004c110222020000,17301.9,True
5362,004d222615115ae6,004d220111010000,004d220111010000,16629.6,True
5363,004e1194f4228f66,004e110222010000,004e110222010000,16838.8,True
5364,004f2261ec11eb04,004f220111020000,004f220111020000,16605.0,True
5365,0050110d252216ce,0050110122010000,0050110122010000,17277.2,True
5366,005122ca231115eb,0051220211010000,0051220211010000,16543.2,True
5367,005211b6d3224159,0052110222010000,0052110222010000,17388.1,True
5368,00532289f4112a4b,0053220111010000,0053220111010000,16563.6,True
5369,0054119245221ef7,0054110222010000,0054110222010000,16838.7,True
5370,00552255a311a77c,0055220111020000,0055220111020000,17425.8,True
5371,005611094f22eddc,0056110122020000,0056110122020000,16927.2,True
5372,005722f1c211a547,0057220211020000,0057220211020000,16786.8,True
5373,00581193f722ceb5,0058110222020000,0058110222020000,17066.0,True
5374,005922c7e811a4b2,0059220211020000,0059220211020000,16776.3,True
5375,005a114e4a226fe4,005a110122010000,005a110122010000,18636.5,True
5376,005b2201ad11d223,005b220111020000,005b220111020000,16026.1,True
5377,005c1127cf226c21,005c110122010000,005c110122010000,16289.8,True
5378,005d225040119639,005d220111020000,005d220111020000,16893.9,True
5379,005e1162012206b6,005e110122010000,005e110122010000,17218.2,True
5380,005f2283c111e366,005f220211020000,005f220211020000,16264.3,True
5381,0060119580223b55,0060110222010000,0060110222010000,23055.0,True
5382,006122caa41145db,0061220211010000,0061220211010000,10892.4,True
5383,006211800622c31d,0062110222020000,0062110222020000,18041.0,True
5384,00632271d511c365,0063220111020000,0063220111020000,17670.4,True
5385,00001182c9224c38,0000110022000000,0000110022000000,14936.0,True
5386,0001229e5d11b791,0001220011000000,0001220011000000,16981.0,True
5387,0002110ed922f7b3,0002110022000000,0002110022000000,16962.0,True
5388,00032252b311ee66,0003220011000000,0003220011000000,17145.5,True
5389,0004117f832218db,0004110022000000,0004110022000000,16931.8,True
5390,0005222973111a8c,0005220011000000,0005220011000000,16882.4,True
5391,000611504e22cfd0,0006110022000000,0006110022000000,16833.7,True
5392,000722104b1139f6,0007220011000000,0007220011000000,18054.9,True
5393,000811be5b227984,0008110022000000,0008110022000000,17553.0,True
5394,000922b00a11f029,0009220011000000,0009220011000000,16551.8,True
5395,000a117e3e22801b,000a110022000000,000a110022000000,22166.2,True
5396,000b22e94c11c2f2,000b220011000000,000b220011000000,10247.2,True
5397,000c11343522d7f0,000c110022000000,000c110022000000,17233.0,True
5398,000d224a8f117fa8,000d220011000000,000d220011000000,16730.8,True
5399,000e1106b6221c85,000e110022000000,000e110022000000,16914.9,True
5400,000f2210c0116ef7,000f220011000000,000f220011000000,16940.5,True
5401,001011d0f922fcb4,0010110222020000,0010110222020000,17034.8,True
5402,001122ab1a118f18,0011220211020000,0011220211020000,17118.1,True
5403,0012115d39226a03,0012110122010000,0012110122010000,16724.7,True
5404,00132242da11c764,0013220111020000,0013220111020000,17180.1,True
5405,00141151b72243fb,0014110122010000,0014110122010000,16966.0,True
5406,001522d3e01124d4,0015220211010000,0015220211010000,16934.2,True
5407,001611470c223698,0016110122010000,0016110122010000,16980.3,True
5408,001722566f11e3c1,0017220111020000,0017220111020000,17051.4,True
5409,00181140de22de7e,0018110122020000,0018110122020000,16849.6,True
5410,001922bef91143b5,0019220211010000,0019220211010000,17779.4,True
5411,001a1100e8224c69,001a110122010000,001a110122010000,16243.5,True
5412,001b221e171102b8,001b220111010000,001b220111010000,16549.2,True
5413,001c116b3d22d75e,001c110222020000,001c110222020000,17285.9,True
5414,001d2296f1116e53,001d220211020000,001d220211020000,17339.8,True
5415,001e1154eb22484b,001e110122010000,001e110122010000,16368.3,True
5416,001f22e80311553d,001f220211010000,001f220211010000,17052.8,True
5417,002011941f2256ad,0020110222010000,0020110222010000,16683.0,True
5418,002122e83611a096,0021220211020000,0021220211020000,17096.6,True
5419,00221165d422f9ef,0022110222020000,0022110222020000,17207.4,True
5420,002322a2a91168d8,0023220211020000,0023220211020000,16714.4,True
5421,0024115d0322f545,0024110222020000,0024110222020000,16758.7,True
5422,0025228c4e1164cd,0025220111020000,0025220111020000,16865.3,True
5423,002611c435229500,0026110222010000,0026110222010000,16840.3,True
5424,002722f0ae1198fa,0027220211020000,0027220211020000,17208.0,True
5425,0028110b0b22cebd,0028110122020000,0028110122020000,18257.9,True
5426,0029224b0211b8ed,0029220111020000,0029220111020000,15325.4,True
5427,002a11d46e2239a1,002a110222010000,002a110222010000,16993.7,True
5428,002b22c1061154f8,002b220211010000,002b220211010000,17410.3,True
5429,002c114a99225bd9,002c110122010000,002c110122010000,16581.1,True
5430,002d22ffa7118712,002d220211020000,002d220211020000,17141.1,True
5431,002e11215922ad4d,002e110122010000,002e110122010000,16710.6,True
5432,002f225c3811a9e8,002f220111020000,002f220111020000,20625.0,True
5433,0030119a4b222da3,0030110222010000,0030110222010000,17834.8,True
5434,003122fbd51101bb,0031220211010000,0031220211010000,14791.8,True
5435,003211ad00228b6c,0032110222010000,0032110222010000,17595.5,True
5436,003322b8ff1121cd,0033220211010000,0033220211010000,16919.8,True
5437,0034119eb222204f,0034110222010000,0034110222010000,14237.3,True
5438,003522b61e11b5f0,0035220211020000,0035220211020000,19098.1,True
5439,0036119cb4221192,0036110222010000,0036110222010000,18832.7,True
5440,0037229c8411f624,0037220211020000,0037220211020000,14068.1,True
5441,003811a1af22ba13,0038110222020000,0038110222020000,16809.7,True
5442,0039228fcb115e9a,0039220211010000,0039220211010000,16519.1,True
5443,003a11f66222f8ab,003a110222020000,003a110222020000,16989.4,True
5444,003b22879b11f1f0,003b220111020000,003b220111020000,16381.2,True
5445,003c115a2c229673,003c110122020000,003c110122020000,17488.8,True
5446,003d22ae1e111d2f,003d220211010000,003d220211010000,15676.6,True
5447,003e11832a225b77,003e110122010000,003e110122010000,16914.1,True
5448,003f2205ed110bb5,003f220111010000,003f220111010000,17130.7,True
5449,004011b71d22f2d7,0040110222020000,0040110222020000,16784.4,True
5450,004122805a11ceff,0041220111020000,0041220111020000,17078.1,True
5451,004211094022a6dd,0042110122020000,0042110122020000,16676.7,True
5452,0043228c2011d670,0043220211020000,0043220211020000,17284.5,True
5453,004411bb7c22ed06,0044110222020000,0044110222020000,17192.3,True
5454,00452293e111c0b2,0045220111020000,0045220111020000,16664.4,True
5455,00461104a522b690,0046110122020000,0046110122020000,16954.5,True
5456,004722b21d11e7d8,0047220211020000,0047220211020000,16951.2,True
5457,00481117ec228c39,0048110122010000,0048110122010000,16617.4,True
5458,004922b0f0115ca1,0049220211010000,0049220211010000,17282.6,True
5459,004a11649e22d122,004a110122020000,004a110122020000,16947.9,True
5460,004b22b339113cf0,004b220211010000,004b220211010000,16963.1,True
5461,004c117dff22584e,004c110222010000,004c110222010000,16926.7,True
5462,004d22e64a11eca6,004d220211020000,004d220211020000,16881.8,True
5463,004e11b05222ba82,004e110222020000,004e110222020000,16642.1,True
5464,004f22ab2e11b5a7,004f220111020000,004f220111020000,17277.9,True
5465,00501180752248a1,0050110122010000,0050110122010000,16945.4,True
5466,005122551411ecfa,0051220111020000,0051220111020000,16948.9,True
5467,00521137522265b5,0052110122010000,0052110122010000,16955.7,True
5468,005322b95b11bc0e,0053220211020000,0053220211020000,16881.4,True
5469,005411977b22f458,0054110222020000,0054110222020000,16975.8,True
5470,00552290d21112c1,0055220111010000,0055220111010000,16696.3,True
5471,005611ddaf22285d,0056110222010000,0056110222010000,17204.8,True
5472,005722d550112eaf,0057220211010000,0057220211010000,16650.2,True
5473,0058116abe2257f9,0058110122010000,0058110122010000,16936.7,True
5474,005922d77211ae75,0059220211020000,0059220211020000,17228.8,True
5475,005a11b9aa229af7,005a110222020000,005a110222020000,16948.7,True
5476,005b228a99114be0,005b220111010000,005b220111010000,16922.2,True
5477,005c11ae0f220e24,005c110222010000,005c110222010000,17366.9,True
5478,005d226425118d25,005d220111010000,005d220111010000,16385.5,True
5479,005e112f242251ee,005e110122010000,005e110122010000,17034.3,True
5480,005f22e1d3119ff9,005f220211020000,005f220211020000,16946.9,True
5481,006011a233225c8a,0060110222010000,0060110222010000,17111.7,True
5482,0061227025119cc2,0061220111020000,0061220111020000,16784.8,True
5483,0062115ade225c6e,0062110122010000,0062110122010000,16543.3,True
5484,006322156e112809,0063220111010000,0063220111010000,18141.2,True
5485,000011294022f30d,0000110022000000,0000110022000000,15260.4,True
5486,000122f50311f856,0001220011000000,0001220011000000,18315.6,True
5487,00021185f322fbea,0002110022000000,0002110022000000,17172.2,True
5488,00032248cc1112da,0003220011000000,0003220011000000,15941.8,True
5489,000411003b22c144,0004110022000000,0004110022000000,17626.8,True
5490,000522fe48114a89,0005220011000000,0005220011000000,15146.4,True
5491,000611f0c5229c81,0006110022000000,0006110022000000,17705.4,True
5492,000722ef3c11bf0e,0007220011000000,0007220011000000,18279.1,True
5493,000811a38622a593,0008110022000000,0008110022000000,14710.0,True
5494,000922bba2110b35,0009220011000000,0009220011000000,17455.2,True
5495,000a118b9f225378,000a110022000000,000a110022000000,16756.5,True
5496,000b22c08811fa49,000b220011000000,000b220011000000,16885.7,True
5497,000c11656e228817,000c110022000000,000c110022000000,16860.4,True
5498,000d22a3e511d3f8,000d220011000000,000d220011000000,16610.9,True
5499,000e11303c22cbeb,000e110022000000,000e110022000000,17362.4,True
5500,000f22f9da1162ce,000f220011000000,000f220011000000,16091.8,True
5501,00101187f22250fd,0010110222010000,0010110222010000,16945.6,True
5502,00112294e2112d1c,0011220111010000,0011220111010000,16985.4,True
5503,001211d97222032b,0012110222010000,0012110222010000,16581.0,True
5504,001322e61211abd1,0013220211020000,0013220211020000,17115.1,True
5505,0014112faf221d3c,0014110122010000,0014110122010000,16878.5,True
5506,0015225d7a11b96a,0015220111020000,0015220111020000,17019.5,True
5507,001611d1e4220f6a,0016110222010000,0016110222010000,17147.5,True
5508,001722396a11803f,0017220111010000,0017220111010000,16816.4,True
5509,001811e3f222bde7,0018110222020000,0018110222020000,16887.3,True
5510,001922b959113003,0019220211010000,0019220211010000,17171.3,True
5511,001a1164f222feb0,001a110122020000,001a110122020000,16626.3,True
5512,001b221fe2119516,001b220111020000,001b220111020000,17670.6,True
5513,001c1131f22262a0,001c110122010000,001c110122010000,16139.7,True
5514,001d224f0b111763,001d220111010000,001d220111010000,16904.6,True
5515,001e1166d82289db,001e110122020000,001e110122020000,16923.4,True
5516,001f22079611b883,001f220111020000,001f220111020000,16937.3,True
5517,002011f93122d81f,0020110222020000,0020110222020000,16855.7,True
5518,002122fbbf11632f,0021220211010000,0021220211010000,17328.2,True
5519,0022110e8d2226d1,0022110122010000,0022110122010000,16659.7,True
5520,002322f01311b906,0023220211020000,0023220211020000,16809.9,True
5521,0024117d622276d1,0024110122010000,0024110122010000,16938.2,True
5522,002522334711dc00,0025220111020000,0025220111020000,16802.2,True
5523,0026119bd022bde8,0026110222020000,0026110222020000,16781.8,True
5524,002722b95411b6fa,0027220211020000,0027220211020000,17465.0,True
5525,0028113d3a224a38,0028110122010000,0028110122010000,16158.3,True
5526,0029227c99112deb,0029220111010000,0029220111010000,17636.5,True
5527,002a1165f322a2fb,002a110122020000,002a110122020000,16738.5,True
5528,002b2249de113bd0,002b220111010000,002b220111010000,16650.9,True
5529,002c11892822134a,002c110222010000,002c110222010000,16998.7,True
5530,002d2231d4119fe3,002d220111020000,002d220111020000,16910.6,True
5531,002e1164772235fb,002e110122010000,002e110122010000,17050.9,True
5532,002f22172c11c276,002f220111020000,002f220111020000,13131.8,True
5533,003011f7ad22f4ac,0030110222020000,0030110222020000,16356.9,True
5534,003122ece811720a,0031220211010000,0031220211010000,16842.4,True
5535,00321146b5222353,0032110122010000,0032110122010000,16356.6,True
5536,0033220fcb116b76,0033220111010000,0033220111010000,16711.6,True
5537,0034110669224107,0034110122010000,0034110122010000,17833.3,True
5538,0035222ac61160a3,0035220111010000,0035220111010000,15000.4,True
5539,0036115699225276,0036110122010000,0036110122010000,16721.6,True
5540,00372287c61108bb,0037220211010000,0037220211010000,19396.3,True
5541,003811aa7322e76a,0038110222020000,0038110222020000,14239.6,True
5542,003922ffd7119cbc,0039220211020000,0039220211020000,16838.7,True
5543,003a11bfcf220a62,003a110222010000,003a110222010000,16567.3,True
5544,003b22462e11c13b,003b220111020000,003b220111020000,15760.1,True
5545,003c11c7402260a9,003c110222010000,003c110222010000,17923.0,True
5546,003d22e1bb11940b,003d220211020000,003d220211020000,16856.4,True
5547,003e1140f022f554,003e110122020000,003e110122020000,15995.7,True
5548,003f22e10311fa3e,003f220211020000,003f220211020000,17482.8,True
5549,0040111b8e22e4e7,0040110122020000,0040110122020000,16027.3,True
5550,0041228d85115ee6,0041220211010000,0041220211010000,17156.1,True
5551,004211d88422f471,0042110222020000,0042110222020000,16677.7,True
5552,004322209911cba7,0043220111020000,0043220111020000,16963.2,True
5553,0044113124229561,0044110122010000,0044110122010000,17066.0,True
5554,004522ba1511e1eb,0045220211020000,0045220211020000,16571.4,True
5555,0046117d99229277,0046110122010000,0046110122010000,17342.7,True
5556,004722b864112d98,0047220211010000,0047220211010000,16406.9,True
5557,004811e468221157,0048110222010000,0048110222010000,17303.5,True
5558,0049222ad811e4f6,0049220111020000,0049220111020000,16518.1,True
5559,004a11c291228d33,004a110222010000,004a110222010000,17190.0,True
5560,004b228f42112727,004b220111010000,004b220111010000,16843.7,True
5561,004c11da53228c58,004c110222010000,004c110222010000,17265.9,True
5562,004d22f23a11f11d,004d220211020000,004d220211020000,16530.9,True
5563,004e119b5f22dc84,004e110122020000,004e110122020000,16925.1,True
5564,004f22e37211d170,004f220211020000,004f220211020000,16797.4,True
5565,0050112bff22be2f,0050110122020000,0050110122020000,16700.4,True
5566,0051221056116260,0051220111010000,0051220111010000,16910.8,True
5567,0052118819222bd9,0052110122010000,0052110122010000,16879.5,True
5568,0053227fc811e718,0053220111020000,0053220111020000,17281.5,True
5569,005411f9af227a16,0054110222010000,0054110222010000,17063.5,True
5570,00552210bf115821,0055220111010000,0055220111010000,16782.2,True
5571,005611097e2258b9,0056110122010000,0056110122010000,16696.0,True
5572,005722ac3a110b32,0057220211010000,0057220211010000,17296.8,True
5573,0058113f3a22bdb0,0058110122020000,0058110122020000,16774.8,True
5574,005922105d118095,0059220111010000,0059220111010000,17073.4,True
5575,005a11b8db221aa8,005a110222010000,005a110222010000,16794.3,True
5576,005b226b19116007,005b220111010000,005b220111010000,17070.6,True
5577,005c11833b22ddb6,005c110222020000,005c110222020000,16931.3,True
5578,005d22afdc11e72f,005d220211020000,005d220211020000,16613.8,True
5579,005e11a8ac2227ba,005e110222010000,005e110222010000,17137.3,True
5580,005f2250b5118270,005f220111020000,005f220111020000,16554.0,True
5581,006011d236223a62,0060110222010000,0060110222010000,17332.0,True
5582,006122cc9f11d7ee,0061220211020000,0061220211020000,16767.7,True
5583,006211f886224579,0062110222010000,0062110222010000,18146.5,True
5584,006322ed9811892f,0063220211010000,0063220211010000,15003.8,True
5585,000011a5cd22461b,0000110022000000,0000110022000000,18082.2,True
5586,000122dc6d114d3c,0001220011000000,0001220011000000,16732.4,True
5587,000211ca26228e8d,0002110022000000,0002110022000000,15189.1,True
5588,000322d4a11118b8,0003220011000000,0003220011000000,17899.9,True
5589,000411251622b7b0,0004110022000000,0004110022000000,15716.4,True
5590,000522c2c9113031,0005220011000000,0005220011000000,16886.8,True
5591,000611bb3b227625,0006110022000000,0006110022000000,16820.9,True
5592,0007224d45111db2,0007220011000000,0007220011000000,16969.5,True
5593,0008116dec222a7c,0008110022000000,0008110022000000,16763.6,True
5594,0009225a39111332,0009220011000000,0009220011000000,17165.7,True
5595,000a112c01224d76,000a110022000000,000a110022000000,16792.9,True
5596,000b2276c311de06,000b220011000000,000b220011000000,17458.8,True
5597,000c11d61a227777,000c110022000000,000c110022000000,16534.7,True
5598,000d22062d1123c4,000d220011000000,000d220011000000,17216.5,True
5599,000e117b3822f84d,000e110022000000,000e110022000000,16640.4,True
5600,000f225d5c112e71,000f220011000000,000f220011000000,17029.3,True
5601,001011d95a228686,0010110222020000,0010110222020000,16863.6,True
5602,0011229059111e43,0011220211010000,0011220211010000,16938.4,True
5603,0012113f62220218,0012110122010000,0012110122010000,16972.1,True
5604,0013224a9611724c,0013220111020000,0013220111020000,17361.7,True
5605,0014111fac22d680,0014110122020000,0014110122020000,16550.5,True
5606,001522bd0e11cb19,0015220211020000,0015220211020000,17211.0,True
5607,001611196322a321,0016110122020000,0016110122020000,16671.7,True
5608,0017224040117131,0017220111020000,0017220111020000,17134.8,True
5609,00181117d9221ba4,0018110122010000,0018110122010000,16859.9,True
5610,001922e9cd11442f,0019220211010000,0019220211010000,16796.4,True
5611,001a11944722c8e5,001a110222020000,001a110222020000,16872.0,True
5612,001b22cbcf11d699,001b220211020000,001b220211020000,16646.1,True
5613,001c1149db22cc46,001c110122020000,001c110122020000,17006.1,True
5614,001d22c9ca113c4f,001d220211010000,001d220211010000,16994.6,True
5615,001e119df1223502,001e110222010000,001e110222010000,17117.5,True
5616,001f22f68a115c88,001f220211010000,001f220211010000,17012.5,True
5617,00201134c322cd06,0020110122020000,0020110122020000,16998.6,True
5618,0021221fde116030,0021220111010000,0021220111010000,16929.2,True
5619,002211beaa226197,0022110222010000,0022110222010000,16805.0,True
5620,002322227b1131e2,0023220111010000,0023220111010000,16664.6,True
5621,0024112025226ae3,0024110122010000,0024110122010000,17342.8,True
5622,002522e199111e84,0025220211010000,0025220211010000,16892.0,True
5623,0026116973225319,0026110222010000,0026110222010000,16830.0,True
5624,002722384811fe2a,0027220111020000,0027220111020000,17085.3,True
5625,002811daed22ae1b,0028110222020000,0028110222020000,16924.0,True
5626,0029221aeb11a0d7,0029220111020000,0029220111020000,16882.7,True
5627,002a11ee6322346b,002a110222010000,002a110222010000,16915.3,True
5628,002b22001e11e807,002b220111020000,002b220111020000,16805.3,True
5629,002c11b921224d72,002c110222010000,002c110222010000,17034.6,True
5630,002d2233f311997b,002d220111020000,002d220111020000,16957.0,True
5631,002e117f3122ba2b,002e110122020000,002e110122020000,16868.5,True
5632,002f220d0e115c0a,002f220111010000,002f220111010000,16808.6,True
5633,0030117cfa222400,0030110122010000,0030110122010000,15467.4,True
5634,0031226a781129e8,0031220211010000,0031220211010000,18075.7,True
5635,00321199ba22c0a1,0032110222020000,0032110222020000,16569.2,True
5636,0033224c0e11fd7f,0033220111020000,0033220111020000,16853.5,True
5637,003411afdc228127,0034110222020000,0034110222020000,17575.5,True
5638,003522b1dd11e5cd,0035220211020000,0035220211020000,19330.3,True
5639,003611936c22ba73,0036110122020000,0036110122020000,14845.7,True
5640,003722f2c311257a,0037220211010000,0037220211010000,23321.7,True
5641,0038113c73223ee5,0038110122010000,0038110122010000,11351.6,True
5642,0039223b0f11d614,0039220111020000,0039220111020000,15630.0,True
5643,003a11547522f9e4,003a110122020000,003a110122020000,15798.3,True
5644,003b22ee9611af21,003b220211020000,003b220211020000,16883.0,True
5645,003c114dd022f5f6,003c110122020000,003c110122020000,20591.9,True
5646,003d22f7b911fa59,003d220211020000,003d220211020000,13426.1,True
5647,003e11d7e8229fab,003e110222020000,003e110222020000,16804.7,True
5648,003f222bf9111412,003f220111010000,003f220111010000,17249.5,True
5649,00401127bd2249c9,0040110122010000,0040110122010000,16745.5,True
5650,004122345111a0a3,0041220111020000,0041220111020000,16953.0,True
5651,004211ae2422af6d,0042110222020000,0042110222020000,17356.7,True
5652,004322878e11b34a,0043220111020000,0043220111020000,16675.2,True
5653,004411fe4c22f50d,0044110222020000,0044110222020000,17046.9,True
5654,00452252a811e993,0045220111020000,0045220111020000,16922.0,True
5655,0046112334220bd3,0046110122010000,0046110122010000,16943.6,True
5656,0047226911112feb,0047220111010000,0047220111010000,16965.9,True
5657,0048118a3522b937,0048110122020000,0048110122020000,17104.0,True
5658,0049224b0f11f2bd,0049220111020000,0049220111020000,16916.6,True
5659,004a112147220dd8,004a110122010000,004a110122010000,16871.4,True
5660,004b22989f111f10,004b220211010000,004b220211010000,16927.3,True
5661,004c119e84222e98,004c110222010000,004c110222010000,16917.4,True
5662,004d2285b011e42b,004d220211020000,004d220211020000,16919.7,True
5663,004e1191b622bbc0,004e110222020000,004e110222020000,16931.1,True
5664,004f22558611c586,004f220111020000,004f220111020000,16919.0,True
5665,005011b1aa22b61d,0050110222020000,0050110222020000,16810.2,True
5666,0051227211110b8d,0051220111010000,0051220111010000,17015.3,True
5667,005211ec6322a8c9,0052110222020000,0052110222020000,16882.8,True
5668,005322723211b5ff,0053220111020000,0053220111020000,16935.7,True
5669,005411560a2263ea,0054110122010000,0054110122010000,17053.3,True
5670,0055227a91113bf3,0055220211010000,0055220211010000,16744.2,True
5671,005611fcc522cd26,0056110222020000,0056110222020000,16987.2,True
5672,0057227417111e2f,0057220111010000,0057220111010000,16938.7,True
5673,0058116fb822665b,0058110122010000,0058110122010000,17114.2,True
5674,005922fc4d11932a,0059220211020000,0059220211020000,16841.4,True
5675,005a11423822b60c,005a110122020000,005a110122020000,16841.5,True
5676,005b220ed6117ec7,005b220111010000,005b220111010000,17027.1,True
5677,005c11cbb9220e4d,005c110222010000,005c110222010000,16850.9,True
5678,005d228f0f11c82a,005d220211020000,005d220211020000,16922.5,True
5679,005e11fe3622f1c9,005e110222020000,005e110222020000,16958.0,True
5680,005f2284b2112941,005f220111010000,005f220111010000,16899.0,True
5681,006011552d226325,0060110122010000,0060110122010000,16866.7,True
5682,006122b04511e5fb,0061220211020000,0061220211020000,17153.5,True
5683,006211cda422e4fb,0062110222020000,0062110222020000,16789.0,True
5684,006322b2f4118e40,0063220211020000,0063220211020000,18929.3,True
5685,000011823122ffff,0000110022000000,0000110022000000,23590.2,True
5686,000122000011aa2f,0001220011000000,0001220011000000,9134.3,True
5687,0002111d9c220000,0002110022000000,0002110022000000,17216.6,True
5688,0003220000115733,0003220011000000,0003220011000000,14797.2,True
5689,00041131cf220000,0004110022000000,0004110022000000,16791.8,True
5690,0005220000110724,0005220011000000,0005220011000000,18453.3,True
5691,00061103dd220000,0006110022000000,0006110022000000,17167.4,True
5692,000722000011e408,0007220011000000,0007220011000000,15276.8,True
5693,000811510d220000,0008110022000000,0008110022000000,17030.1,True
5694,000922000011f809,0009220011000000,0009220011000000,17737.0,True
5695,000a11a416220000,000a110022000000,000a110022000000,16705.4,True
5696,000b22000011d92c,000b220011000000,000b220011000000,16302.5,True
5697,000c113b35220000,000c110022000000,000c110022000000,17119.7,True
5698,000d220000110a3c,000d220011000000,000d220011000000,16901.8,True
5699,000e11ecfd220000,000e110022000000,000e110022000000,16836.4,True
5700,000f220000119b3c,000f220011000000,000f220011000000,17024.1,True
5701,0010112001220000,0010110122000000,0010110122000000,16748.6,True
5702,001122000011ccc5,0011220011020000,0011220011020000,16955.2,True
5703,001211c2f9220000,0012110222000000,0012110222000000,17146.3,True
5704,001322000011e288,0013220011020000,0013220011020000,16979.4,True
5705,001411f2d6220000,0014110222000000,0014110222000000,17164.8,True
5706,00152200001151e3,0015220011010000,0015220011010000,16674.7,True
5707,0016118a02220000,0016110122000000,0016110122000000,17316.5,True
5708,001722000011ab63,0017220011020000,0017220011020000,16448.2,True
5709,00181188dc220000,0018110122000000,0018110122000000,16984.2,True
5710,001922000011199a,0019220011010000,0019220011010000,17138.1,True
5711,001a119884220000,001a110222000000,001a110222000000,16840.2,True
5712,001b22000011e559,001b220011020000,001b220011020000,16943.7,True
5713,001c119ac6220000,001c110222000000,001c110222000000,16962.1,True
5714,001d22000011b43c,001d220011020000,001d220011020000,16932.7,True
5715,001e11b8b0220000,001e110222000000,001e110222000000,16978.2,True
5716,001f22000011df17,001f220011020000,001f220011020000,16985.1,True
5717,0020117bc5220000,0020110122000000,0020110122000000,16862.1,True
5718,002122000011d781,0021220011020000,0021220011020000,16935.9,True
5719,00221123b5220000,0022110122000000,0022110122000000,16936.0,True
5720,002322000011195d,0023220011010000,0023220011010000,16641.6,True
5721,002411ee77220000,0024110222000000,0024110222000000,17356.9,True
5722,0025220000118952,0025220011010000,0025220011010000,16629.2,True
5723,002611cfaf220000,0026110222000000,0026110222000000,16839.7,True
5724,0027220000111e2b,0027220011010000,0027220011010000,16971.9,True
5725,002811a522220000,0028110222000000,0028110222000000,16965.8,True
5726,0029220000112f99,0029220011010000,0029220011010000,17040.4,True
5727,002a112390220000,002a110122000000,002a110122000000,16536.0,True
5728,002b22000011503b,002b220011010000,002b220011010000,17327.5,True
5729,002c1187bd220000,002c110222000000,002c110222000000,16905.5,True
5730,002d220000119c13,002d220011020000,002d220011020000,17206.6,True
5731,002e117ce2220000,002e110222000000,002e110222000000,16690.2,True
5732,002f220000118ee5,002f220011020000,002f220011020000,16848.4,True
5733,003011fe8c220000,0030110222000000,0030110222000000,17910.2,True
5734,003122000011d790,0031220011020000,0031220011020000,17131.8,True
5735,003211cef0220000,0032110222000000,0032110222000000,16895.2,True
5736,003322000011eb73,0033220011020000,0033220011020000,16110.3,True
5737,00341183b9220000,0034110122000000,0034110122000000,16970.1,True
5738,0035220000115ac0,0035220011010000,0035220011010000,16286.0,True
5739,003611aeaa220000,0036110222000000,0036110222000000,16947.9,True
5740,00372200001187b6,0037220011010000,0037220011010000,16980.5,True
5741,003811571e220000,0038110122000000,0038110122000000,16888.3,True
5742,0039220000118504,0039220011010000,0039220011010000,16852.5,True
5743,003a11e0a4220000,003a110222000000,003a110222000000,17099.1,True
5744,003b22000011f51c,003b220011020000,003b220011020000,16760.3,True
5745,003c11df5c220000,003c110222000000,003c110222000000,16762.1,True
5746,003d22000011c28d,003d220011020000,003d220011020000,17170.0,True
5747,003e11a94e220000,003e110122000000,003e110122000000,16914.5,True
5748,003f220000113928,003f220011010000,003f220011010000,16885.9,True
5749,004011c4a9220000,0040110222000000,0040110222000000,17218.7,True
5750,004122000011e1c5,0041220011020000,0041220011020000,16523.6,True
5751,0042112f7f220000,0042110122000000,0042110122000000,17244.8,True
5752,0043220000113579,0043220011010000,0043220011010000,16658.9,True
5753,004411cae5220000,0044110222000000,0044110222000000,17068.9,True
5754,0045220000114ca2,0045220011010000,0045220011010000,16875.3,True
5755,0046113c9e220000,0046110122000000,0046110122000000,17104.1,True
5756,004722ffff116ae2,0047220211010000,0047220211010000,17011.0,True
5757,0048116181220000,0048110122010000,0048110122010000,16885.4,True
5758,004922000011028a,0049220111010000,0049220111010000,16834.1,True
5759,004a110b80220000,004a110122010000,004a110122010000,17089.9,True
5760,004b22000011a845,004b220111020000,004b220111020000,16807.9,True
5761,004c11071c220000,004c110122010000,004c110122010000,16680.3,True
5762,004d22000011c1a4,004d220111020000,004d220111020000,17247.2,True
5763,004e117543220000,004e110222010000,004e110222010000,16942.9,True
5764,004f220000110a2c,004f220111010000,004f220111010000,16816.6,True
5765,005011f50e220000,0050110222010000,0050110222010000,17219.5,True
5766,00512200001153e3,0051220111010000,0051220111010000,17400.4,True
5767,005211a43a220000,0052110222010000,0052110222010000,17068.9,True
5768,005322000011f33c,0053220111020000,0053220111020000,16702.4,True
5769,005411072a220000,0054110122010000,0054110122010000,17609.5,True
5770,0055220000113e86,0055220111010000,0055220111010000,21933.2,True
5771,0056118bb4220000,0056110222010000,0056110222010000,10815.9,True
5772,005722000011d6ea,0057220111020000,0057220111020000,15789.4,True
5773,00581141ec220000,0058110122010000,0058110122010000,16881.1,True
5774,00592200001156cc,0059220111010000,0059220111010000,16964.6,True
5775,005a11430b220000,005a110122010000,005a110122010000,19023.3,True
5776,005b220000119fcf,005b220111020000,005b220111020000,14923.2,True
5777,005c11a4be220000,005c110222010000,005c110222010000,16945.7,True
5778,005d220000115405,005d220111010000,005d220111010000,16939.1,True
5779,005e11cbea220000,005e110222010000,005e110222010000,17244.4,True
5780,005f22000011f845,005f220111020000,005f220111020000,17041.9,True
5781,0060115d01220000,0060110122010000,0060110122010000,16731.4,True
5782,0061220000111c49,0061220111010000,0061220111010000,17396.1,True
5783,006211950b220000,0062110222010000,0062110222010000,16255.5,True
5784,0063220000118441,0063220111020000,0063220111020000,19257.5,True
5785,006411e8d8220000,0064110222010000,0064110222010000,15156.7,True
5786,00652200001141d8,0065220111010000,0065220111010000,16765.4,True
5787,00661125fa220000,0066110122010000,0066110122010000,16743.0,True
5788,00672200001159eb,0067220111010000,0067220111010000,17005.5,True
5789,0068117e46220000,0068110222010000,0068110222010000,16776.3,True
5790,0069220000111221,0069220111010000,0069220111010000,16958.3,True
5791,006a11b95a220000,006a110222010000,006a110222010000,16958.7,True
5792,006b2200001192c8,006b220111020000,006b220111020000,16883.8,True
5793,006c11417a220000,006c110122010000,006c110122010000,17029.3,True
5794,006d2200001151e5,006d220111010000,006d220111010000,16824.0,True
5795,006e1174ba220000,006e110222010000,006e110222010000,17086.4,True
5796,006f220000110d72,006f220111010000,006f220111010000,16901.0,True
5797,00701184ed220000,0070110222010000,0070110222010000,16935.0,True
5798,007122000011d94b,0071220111020000,0071220111020000,16936.5,True
5799,007211f821220000,0072110222010000,0072110222010000,16977.7,True
5800,007322000011b4e7,0073220111020000,0073220111020000,16791.0,True
5801,00741101db220000,0074110122010000,0074110122010000,16985.7,True
5802,007522000011ddc6,0075220111020000,0075220111020000,16973.9,True
5803,0076111cb0220000,0076110122010000,0076110122010000,16969.8,True
5804,007722000011339f,0077220111010000,0077220111010000,17119.4,True
5805,007811f0d9220000,0078110222010000,0078110222010000,16940.0,True
5806,0079220000110c01,0079220111010000,0079220111010000,16967.4,True
5807,007a111c86220000,007a110122010000,007a110122010000,16953.5,True
5808,007b22000011d3b3,007b220111020000,007b220111020000,16603.3,True
5809,007c112371220000,007c110122010000,007c110122010000,17280.2,True
5810,007d220000119a09,007d220111020000,007d220111020000,16789.0,True
5811,007e11f2eb220000,007e110222010000,007e110222010000,17116.6,True
5812,007f2200001131d4,007f220111010000,007f220111010000,16927.5,True
5813,0080115765220000,0080110122010000,0080110122010000,16950.8,True
5814,008122000011c72e,0081220111020000,0081220111020000,16956.7,True
5815,008211a182220000,0082110222010000,0082110222010000,16924.5,True
5816,0083220000113d60,0083220111010000,0083220111010000,17087.9,True
5817,0084112790220000,0084110122010000,0084110122010000,16722.0,True
5818,0085220000110735,0085220111010000,0085220111010000,17009.0,True
5819,0086114b3b220000,0086110122010000,0086110122010000,16997.1,True
5820,008722000011ae88,0087220111020000,0087220111020000,16963.7,True
5821,008811408d220000,0088110122010000,0088110122010000,16549.8,True
5822,00892200001137f6,0089220111010000,0089220111010000,16863.5,True
5823,008a110508220000,008a110122010000,008a110122010000,17239.5,True
5824,008b22000011bbaa,008b220111020000,008b220111020000,17089.0,True
5825,008c111dd4220000,008c110122010000,008c110122010000,16802.1,True
5826,008d2200001167ab,008d220111020000,008d220111020000,17050.6,True
5827,008e11d21022ffff,008e110222020000,008e110222020000,16827.0,True
5828,008f2200001149c8,008f220111010000,008f220111010000,16780.0,True
5829,009011ec61220000,0090110222010000,0090110222010000,17054.9,True
5830,009122000011e172,0091220111020000,0091220111020000,16919.7,True
5831,009211b70f220000,0092110222010000,0092110222010000,16939.8,True
5832,0093220000112b03,0093220111010000,0093220111010000,16755.3,True
5833,009411ffcf220000,0094110222010000,0094110222010000,16920.5,True
5834,0095220000118459,0095220111020000,0095220111020000,17983.8,True
5835,009611ce30220000,0096110222010000,0096110222010000,17306.3,True
5836,009722000011a287,0097220111020000,0097220111020000,16113.4,True
5837,009811831d220000,0098110122010000,0098110122010000,16532.0,True
5838,0099220000113f7f,0099220111010000,0099220111010000,16659.2,True
5839,009a118b03220000,009a110122010000,009a110122010000,18215.6,True
5840,009b220000117a83,009b220111010000,009b220111010000,15689.2,True
5841,009c111ef4220000,009c110122010000,009c110122010000,16923.9,True
5842,009d220000115013,009d220111010000,009d220111010000,16890.8,True
5843,009e11d41c220000,009e110222010000,009e110222010000,16875.8,True
5844,009f22000011ce31,009f220111020000,009f220111020000,17025.7,True
5845,00a011ec47220000,00a0110222010000,00a0110222010000,16697.0,True
5846,00a122000011a596,00a1220111020000,00a1220111020000,16987.5,True
5847,00a21109d4220000,00a2110122010000,00a2110122010000,16845.2,True
5848,00a322000011aa09,00a3220111020000,00a3220111020000,16932.1,True
5849,00a411a3fe220000,00a4110222010000,00a4110222010000,17346.7,True
5850,00a522000011b0d7,00a5220111020000,00a5220111020000,16444.8,True
5851,00a611845d220000,00a6110122010000,00a6110122010000,17226.1,True
5852,00a722000011624b,00a7220111010000,00a7220111010000,16644.6,True
5853,00a811b0e8220000,00a8110222010000,00a8110222010000,17385.3,True
5854,00a922000011716d,00a9220111010000,00a9220111010000,16775.6,True
5855,00aa118b58220000,00aa110122010000,00aa110122010000,16938.5,True
5856,00ab2200001196f6,00ab220111020000,00ab220111020000,16885.2,True
5857,00ac11c37f220000,00ac110222010000,00ac110222010000,17173.2,True
5858,00ad22000011b335,00ad220111020000,00ad220111020000,16703.1,True
5859,00ae114828220000,00ae110122010000,00ae110122010000,16928.0,True
5860,00af220000117d60,00af220111010000,00af220111010000,16915.4,True
5861,00b01136db220000,00b0110122010000,00b0110122010000,17051.1,True
5862,00b1220000112591,00b1220111010000,00b1220111010000,16855.8,True
5863,00b2115df6220000,00b2110122010000,00b2110122010000,16963.3,True
5864,00b322000011fdd2,00b3220111020000,00b3220111020000,19241.2,True
5865,00b411488a220000,00b4110122010000,00b4110122010000,14636.2,True
5866,00b522000011cba8,00b5220111020000,00b5220111020000,16971.4,True
5867,00b61104f9220000,00b6110122010000,00b6110122010000,17186.8,True
5868,00b72200001100eb,00b7220111010000,00b7220111010000,16766.9,True
5869,00b81156fe220000,00b8110122010000,00b8110122010000,16784.3,True
5870,00b922000011ac12,00b9220111020000,00b9220111020000,16960.1,True
5871,00ba1127ba220000,00ba110122010000,00ba110122010000,17079.3,True
5872,00bb220000119740,00bb220111020000,00bb220111020000,16923.6,True
5873,00bc115d4a220000,00bc110122010000,00bc110122010000,16786.0,True
5874,00bd22000011a2c2,00bd220111020000,00bd220111020000,16687.3,True
5875,00be115032220000,00be110122010000,00be110122010000,17358.2,True
5876,00bf220000119f9c,00bf220111020000,00bf220111020000,16863.0,True
5877,00c01143fc220000,00c0110122010000,00c0110122010000,16987.4,True
5878,00c1220000117bb8,00c1220111020000,00c1220111020000,16919.1,True
5879,00c2114821220000,00c2110122010000,00c2110122010000,16964.4,True
5880,00c32200001141c9,00c3220111010000,00c3220111010000,16873.0,True
5881,00c411b106220000,00c4110222010000,00c4110222010000,16928.2,True
5882,00c522000011db3a,00c5220111020000,00c5220111020000,16604.5,True
5883,00c611ee4e220000,00c6110222010000,00c6110222010000,17103.0,True
5884,00c7220000111272,00c7220111010000,00c7220111010000,18228.9,True
5885,00c811b0f2220000,00c8110222010000,00c8110222010000,19319.2,True
5886,00c922000011a0d8,00c9220111020000,00c9220111020000,15451.3,True
5887,00ca113da8220000,00ca110122010000,00ca110122010000,18053.4,True
5888,00cb2200001191e3,00cb220111020000,00cb220111020000,15416.7,True
5889,00cc11033a220000,00cc110122010000,00cc110122010000,17824.3,True
5890,00cd220000116ccb,00cd220111010000,00cd220111010000,15168.9,True
5891,00ce119a48220000,00ce110222010000,00ce110222010000,17437.3,True
5892,00cf220000111ab1,00cf220111010000,00cf220111010000,16481.4,True
5893,00d011a173220000,00d0110222010000,00d0110222010000,16346.9,True
5894,00d122000011157c,00d1220111010000,00d1220111010000,19906.2,True
5895,00d211f429220000,00d2110222010000,00d2110222010000,13298.1,True
5896,00d322000011d482,00d3220111020000,00d3220111020000,16819.7,True
5897,00d41112ed220000,00d4110122010000,00d4110122010000,17200.3,True
5898,00d522ffff118850,00d5220211020000,00d5220211020000,16729.7,True
5899,00d6114752220000,00d6110122010000,00d6110122010000,17124.1,True
5900,00d7220000110875,00d7220111010000,00d7220111010000,16715.3,True
5901,00d8113746220000,00d8110122010000,00d8110122010000,17193.0,True
5902,00d9220000110293,00d9220111010000,00d9220111010000,16943.4,True
5903,00da11f828220000,00da110222010000,00da110222010000,16676.4,True
5904,00db22000011886a,00db220111020000,00db220111020000,17169.1,True
5905,00dc11886e220000,00dc110222010000,00dc110222010000,17000.0,True
5906,00dd220000119856,00dd220111020000,00dd220111020000,16948.1,True
5907,00de117456220000,00de110222010000,00de110222010000,16957.2,True
5908,00df220000118b07,00df220111020000,00df220111020000,16920.8,True
5909,00e0110c34220000,00e0110122010000,00e0110122010000,16941.4,True
5910,00e12200001193a5,00e1220111020000,00e1220111020000,16952.7,True
5911,00e2112526220000,00e2110122010000,00e2110122010000,17005.9,True
5912,00e322000011f5cf,00e3220111020000,00e3220111020000,16898.2,True
5913,00e41103db220000,00e4110122010000,00e4110122010000,16990.2,True
5914,00e522000011327c,00e5220111010000,00e5220111010000,16995.0,True
5915,00e6116158220000,00e6110122010000,00e6110122010000,16816.4,True
5916,00e7220000112dce,00e7220111010000,00e7220111010000,16945.2,True
5917,00e8114856220000,00e8110122010000,00e8110122010000,16934.4,True
5918,00e9220000118801,00e9220111020000,00e9220111020000,16945.1,True
5919,00ea119f1f220000,00ea110222010000,00ea110222010000,16941.1,True
5920,00eb220000115ad3,00eb220111010000,00eb220111010000,17055.0,True
5921,00ec11b7a0220000,00ec110222010000,00ec110222010000,16721.6,True
5922,00ed22000011ae32,00ed220111020000,00ed220111020000,16972.2,True
5923,00ee11a1ae220000,00ee110222010000,00ee110222010000,17054.7,True
5924,00ef2200001121f3,00ef220111010000,00ef220111010000,16932.0,True
5925,00f011ecb5220000,00f0110222010000,00f0110222010000,16937.4,True
5926,00f1220000119658,00f1220111020000,00f1220111020000,16928.0,True
5927,00f211798d220000,00f2110122010000,00f2110122010000,16940.0,True
5928,00f322000011fde1,00f3220111020000,00f3220111020000,16910.5,True
5929,00f4115760220000,00f4110122010000,00f4110122010000,17331.0,True
5930,00f522000011ce43,00f5220111020000,00f5220111020000,16540.7,True
5931,00f611dbb7220000,00f6110222010000,00f6110222010000,16971.1,True
5932,00f72200001117e8,00f7220111010000,00f7220111010000,16895.7,True
5933,00f8111fa3220000,00f8110122010000,00f8110122010000,16922.7,True
5934,00f922000011bb76,00f9220111020000,00f9220111020000,23043.7,True
5935,00fa11a8c5220000,00fa110222010000,00fa110222010000,13786.6,True
5936,00fb220000110cb5,00fb220111010000,00fb220111010000,17236.2,True
5937,00fc11cf0f220000,00fc110222010000,00fc110222010000,14475.4,True
5938,00fd220000116bd6,00fd220111010000,00fd220111010000,16613.3,True
5939,00fe11a77a220000,00fe110222010000,00fe110222010000,16836.0,True
5940,00ff22000011d64b,00ff220111020000,00ff220111020000,18519.9,True
5941,0100119b14220000,0100110222010000,0100110222010000,16262.0,True
5942,01012200001140b6,0101220111010000,0101220111010000,15612.2,True
5943,0102118bc3220000,0102110122010000,0102110122010000,17752.4,True
5944,01032200001104e5,0103220111010000,0103220111010000,15636.6,True
5945,010411a035220000,0104110222010000,0104110222010000,17069.3,True
5946,0105220000116cf1,0105220111010000,0105220111010000,16951.1,True
5947,010611d890220000,0106110222010000,0106110222010000,17120.2,True
5948,010722000011081e,0107220111010000,0107220111010000,16507.2,True
5949,0108115998220000,0108110122010000,0108110122010000,16943.5,True
5950,010922000011bbe2,0109220111020000,0109220111020000,16806.3,True
5951,010a11505c220000,010a110122010000,010a110122010000,17053.9,True
5952,010b22000011be1d,010b220111020000,010b220111020000,16957.0,True
5953,010c111faf220000,010c110122010000,010c110122010000,17039.6,True
5954,010d220000111e0b,010d220111010000,010d220111010000,16855.6,True
5955,010e119a58220000,010e110222010000,010e110222010000,16643.7,True
5956,010f22000011f8e7,010f220111020000,010f220111020000,17328.3,True
5957,0110114d1d220000,0110110122010000,0110110122010000,18208.2,True
5958,011122000011340d,0111220111010000,0111220111010000,15501.2,True
5959,0112110aaf220000,0112110122010000,0112110122010000,17106.4,True
5960,0113220000114173,0113220111010000,0113220111010000,16839.1,True
5961,0114115d91220000,0114110122010000,0114110122010000,16991.1,True
5962,011522000011c6ef,0115220111020000,0115220111020000,16853.0,True
5963,0116112d62220000,0116110122010000,0116110122010000,16692.0,True
5964,0117220000119902,0117220111020000,0117220111020000,17838.7,True
5965,01181154bd220000,0118110122010000,0118110122010000,16357.5,True
5966,0119220000111f4b,0119220111010000,0119220111010000,16713.2,True
5967,011a11107e220000,011a110122010000,011a110122010000,17137.6,True
5968,011b2200001114a0,011b220111010000,011b220111010000,16977.9,True
5969,011c1162b822ffff,011c110222020000,011c110222020000,16990.3,True
5970,011d2200001160bb,011d220111020000,011d220111020000,16974.1,True
5971,011e118cbf220000,011e110222010000,011e110222010000,16802.4,True
5972,011f22000011f688,011f220111020000,011f220111020000,16938.0,True
5973,0120112749220000,0120110122010000,0120110122010000,17063.8,True
5974,012122000011c60b,0121220111020000,0121220111020000,16799.8,True
5975,0122117503220000,0122110222010000,0122110222010000,16945.1,True
5976,012322000011a976,0123220111020000,0123220111020000,17067.1,True
5977,01241112fd220000,0124110122010000,0124110122010000,16921.6,True
5978,012522000011c225,0125220111020000,0125220111020000,16776.3,True
5979,012611a7b6220000,0126110222010000,0126110222010000,16990.2,True
5980,012722000011f12f,0127220111020000,0127220111020000,16830.0,True
5981,012811d469220000,0128110222010000,0128110222010000,17158.2,True
5982,0129220000112545,0129220111010000,0129220111010000,16671.6,True
5983,012a1194b4220000,012a110222010000,012a110222010000,20020.5,True
5984,012b220000115cfb,012b220111010000,012b220111010000,14327.6,True
5985,012c1163ea220000,012c110122010000,012c110122010000,17313.6,True
5986,012d220000112db8,012d220111010000,012d220111010000,16345.5,True
5987,012e1154e4220000,012e110122010000,012e110122010000,16812.4,True
5988,012f220000117953,012f220111010000,012f220111010000,16423.6,True
5989,013011ec2e220000,0130110222010000,0130110222010000,17216.8,True
5990,013122000011746b,0131220111010000,0131220111010000,16629.1,True
5991,0132119622220000,0132110222010000,0132110222010000,16770.1,True
5992,013322000011361b,0133220111010000,0133220111010000,16830.4,True
5993,01341191cd220000,0134110222010000,0134110222010000,19773.9,True
5994,0135220000111cdb,0135220111010000,0135220111010000,13955.7,True
5995,013611bc0e220000,0136110222010000,0136110222010000,16902.8,True
5996,013722000011e143,0137220111020000,0137220111020000,16788.6,True
5997,013811217e220000,0138110122010000,0138110122010000,17011.9,True
5998,0139220000114372,0139220111010000,0139220111010000,16760.2,True
5999,013a11f8de220000,013a110222010000,013a110222010000,16982.9,True
6000,013b22000011e3e0,013b220111020000,013b220111020000,16873.9,True
6001,013c11dc1c220000,013c110222010000,013c110222010000,16971.5,True
6002,013d22000011168a,013d220111010000,013d220111010000,16917.8,True
6003,013e118e28220000,013e110222010000,013e110222010000,17237.4,True
6004,013f2200001129d6,013f220111010000,013f220111010000,16846.9,True
6005,0140111fdd220000,0140110122010000,0140110122010000,17022.9,True
6006,0141220000111014,0141220111010000,0141220111010000,16873.1,True
6007,0142115003220000,0142110122010000,0142110122010000,16612.8,True
6008,014322000011876d,0143220111020000,0143220111020000,17246.6,True
6009,0144113dff220000,0144110122010000,0144110122010000,16889.0,True
6010,014522000011b0ec,0145220111020000,0145220111020000,17097.9,True
6011,0146112d01220000,0146110122010000,0146110122010000,16694.8,True
6012,014722000011b313,0147220111020000,0147220111020000,16938.6,True
6013,0148117e15220000,0148110222010000,0148110222010000,16971.7,True
6014,014922000011b6e8,0149220111020000,0149220111020000,17022.4,True
6015,014a117b8d220000,014a110222010000,014a110222010000,16847.9,True
6016,014b220000117cd0,014b220111020000,014b220111020000,16927.4,True
6017,014c117ae3220000,014c110222010000,014c110222010000,16930.4,True
6018,014d22000011d4a9,014d220111020000,014d220111020000,17025.6,True
6019,014e11a0e7220000,014e110222010000,014e110222010000,16882.6,True
6020,014f22000011a535,014f220111020000,014f220111020000,16951.2,True
6021,01501175ff220000,0150110122010000,0150110122010000,16930.5,True
6022,0151220000113844,0151220111010000,0151220111010000,16684.6,True
6023,015211520d220000,0152110122010000,0152110122010000,17012.4,True
6024,0153220000117b81,0153220111010000,0153220111010000,17272.3,True
6025,01541196a5220000,0154110222010000,0154110222010000,16925.5,True
6026,0155220000112aaa,0155220111010000,0155220111010000,16923.7,True
6027,015611662d220000,0156110122010000,0156110122010000,16760.7,True
6028,015722000011facd,0157220111020000,0157220111020000,17039.1,True
6029,01581184d7220000,0158110122010000,0158110122010000,16993.9,True
6030,0159220000111aec,0159220111010000,0159220111010000,16504.0,True
6031,015a111bce220000,015a110122010000,015a110122010000,17366.5,True
6032,015b220000113e31,015b220111010000,015b220111010000,16714.5,True
6033,015c111ea5220000,015c110122010000,015c110122010000,16928.2,True
6034,015d22000011dcf5,015d220111020000,015d220111020000,16962.9,True
6035,015e113187220000,015e110122010000,015e110122010000,19950.4,True
6036,015f22000011dcaa,015f220111020000,015f220111020000,14811.2,True
6037,01601183eb220000,0160110222010000,0160110222010000,18397.0,True
6038,016122000011f670,0161220111020000,0161220111020000,15020.6,True
6039,016211b47e220000,0162110222010000,0162110222010000,18847.3,True
6040,016322ffff11ccdd,0163220211020000,0163220211020000,14673.8,True
6041,01641169a3220000,0164110122010000,0164110122010000,16819.9,True
6042,0165220000118047,0165220111010000,0165220111010000,20093.4,True
6043,016611a6b3220000,0166110222010000,0166110222010000,13608.7,True
6044,016722000011a27e,0167220111020000,0167220111020000,17379.9,True
6045,0168112b44220000,0168110122010000,0168110122010000,16639.2,True
6046,01692200001108b2,0169220111010000,0169220111010000,17133.3,True
6047,016a11bfc3220000,016a110222010000,016a110222010000,16782.7,True
6048,016b220000112f02,016b220111010000,016b220111010000,16746.8,True
6049,016c11c467220000,016c110222010000,016c110222010000,17145.8,True
6050,016d22000011f67e,016d220111020000,016d220111020000,16762.5,True
6051,016e118aff220000,016e110122010000,016e110122010000,16997.9,True
6052,016f220000111f82,016f220111010000,016f220111010000,16625.8,True
6053,017011971c220000,0170110222010000,0170110222010000,17138.8,True
6054,01712200001103d1,0171220111010000,0171220111010000,16930.0,True
6055,017211effc220000,0172110222010000,0172110222010000,17094.5,True
6056,0173220000118b8a,0173220111020000,0173220111020000,16547.4,True
6057,017411267b220000,0174110122010000,0174110122010000,16926.3,True
6058,01752200001112de,0175220111010000,0175220111010000,17210.5,True
6059,017611ce5b220000,0176110222010000,0176110222010000,16972.1,True
6060,01772200001196e7,0177220111020000,0177220111020000,16870.9,True
6061,0178114b95220000,0178110122010000,0178110122010000,17127.1,True
6062,017922000011af63,0179220111020000,0179220111020000,16777.8,True
6063,017a11fa74220000,017a110222010000,017a110222010000,16945.8,True
6064,017b220000112562,017b220111010000,017b220111010000,16942.3,True
6065,017c11cd66220000,017c110222010000,017c110222010000,16954.3,True
6066,017d22000011d5f3,017d220111020000,017d220111020000,16916.3,True
6067,017e11cb6e220000,017e110222010000,017e110222010000,17093.0,True
6068,017f22000011c6fa,017f220111020000,017f220111020000,16618.6,True
6069,01801188ac220000,0180110122010000,0180110122010000,16921.6,True
6070,018122000011d349,0181220111020000,0181220111020000,17226.1,True
6071,0182111389220000,0182110122010000,0182110122010000,17096.5,True
6072,018322000011b59e,0183220111020000,0183220111020000,16552.1,True
6073,01841103ac220000,0184110122010000,0184110122010000,17268.2,True
6074,0185220000110afb,0185220111010000,0185220111010000,16757.8,True
6075,01861145a0220000,0186110122010000,0186110122010000,16931.5,True
6076,018722000011fee2,0187220111020000,0187220111020000,16925.7,True
6077,0188114e9b220000,0188110122010000,0188110122010000,16944.8,True
6078,0189220000110471,0189220111010000,0189220111010000,16953.3,True
6079,018a113795220000,018a110122010000,018a110122010000,16998.4,True
6080,018b220000118fce,018b220111020000,018b220111020000,16858.1,True
6081,018c11fe17220000,018c110222010000,018c110222010000,16802.0,True
6082,018d220000111295,018d220111010000,018d220111010000,17442.7,True
6083,018e118d40220000,018e110222010000,018e110222010000,16636.9,True
6084,018f220000111690,018f220111010000,018f220111010000,16829.5,True
6085,019011b648220000,0190110222010000,0190110222010000,19075.5,True
6086,01912200001131ac,0191220111010000,0191220111010000,16162.9,True
6087,01921183bc220000,0192110222010000,0192110222010000,16184.5,True
6088,0193220000116154,0193220111020000,0193220111020000,16618.9,True
6089,019411bda3220000,0194110222010000,0194110222010000,16515.8,True
6090,0195220000119a03,0195220111020000,0195220111020000,16788.1,True
6091,019611c511220000,0196110222010000,0196110222010000,16995.5,True
6092,019722000011510f,0197220111010000,0197220111010000,17058.1,True
6093,01981129bb220000,0198110122010000,0198110122010000,16576.0,True
6094,01992200001187b5,0199220111020000,0199220111020000,17132.9,True
6095,019a11e44b220000,019a110222010000,019a110222010000,17179.3,True
6096,019b220000113897,019b220111010000,019b220111010000,16759.9,True
6097,019c110c77220000,019c110122010000,019c110122010000,16693.0,True
6098,019d22000011eeed,019d220111020000,019d220111020000,16774.6,True
6099,019e118233220000,019e110222010000,019e110222010000,16949.6,True
6100,019f220000113ce9,019f220111010000,019f220111010000,17098.8,True
6101,01a011b649220000,01a0110222010000,01a0110222010000,16952.1,True
6102,01a122000011b9f0,01a1220111020000,01a1220111020000,16777.7,True
6103,01a211568d220000,01a2110122010000,01a2110122010000,16971.7,True
6104,01a32200001142a8,01a3220111010000,01a3220111010000,17003.9,True
6105,01a411131f220000,01a4110122010000,01a4110122010000,16996.9,True
6106,01a5220000111379,01a5220111010000,01a5220111010000,17239.8,True
6107,01a611c2ba220000,01a6110222010000,01a6110222010000,16599.8,True
6108,01a7220000115f84,01a7220111010000,01a7220111010000,17278.3,True
6109,01a811c6ca220000,01a8110222010000,01a8110222010000,16610.2,True
6110,01a922000011ff45,01a9220111020000,01a9220111020000,17078.0,True
6111,01aa11455c22ffff,01aa110122020000,01aa110122020000,16667.5,True
6112,01ab2200001163f1,01ab220111010000,01ab220111010000,17190.9,True
6113,01ac11e0b7220000,01ac110222010000,01ac110222010000,16782.7,True
6114,01ad2200001143d2,01ad220111010000,01ad220111010000,17338.4,True
6115,01ae11e4c7220000,01ae110222010000,01ae110222010000,16546.0,True
6116,01af22000011b2d9,01af220111020000,01af220111020000,17045.3,True
6117,01b0119108220000,01b0110222010000,01b0110222010000,16949.3,True
6118,01b122000011bcd0,01b1220111020000,01b1220111020000,16792.0,True
6119,01b21168e2220000,01b2110122010000,01b2110122010000,16946.4,True
6120,01b322000011f66a,01b3220111020000,01b3220111020000,16975.5,True
6121,01b4116cd5220000,01b4110122010000,01b4110122010000,16905.6,True
6122,01b52200001184a2,01b5220111010000,01b5220111010000,16790.5,True
6123,01b6113fe0220000,01b6110122010000,01b6110122010000,17100.4,True
6124,01b7220000110c29,01b7220111010000,01b7220111010000,16946.1,True
6125,01b81162d3220000,01b8110122010000,01b8110122010000,17041.6,True
6126,01b922000011f75d,01b9220111020000,01b9220111020000,16899.8,True
6127,01ba11353a220000,01ba110122010000,01ba110122010000,17062.6,True
6128,01bb220000111a8b,01bb220111010000,01bb220111010000,16852.8,True
6129,01bc11e8c4220000,01bc110222010000,01bc110222010000,16944.4,True
6130,01bd22000011402a,01bd220111010000,01bd220111010000,16759.6,True
6131,01be115445220000,01be110122010000,01be110122010000,16765.5,True
6132,01bf220000118ff4,01bf220111020000,01bf220111020000,16954.2,True
6133,01c0112fe9220000,01c0110122010000,01c0110122010000,16951.6,True
6134,01c1220000114ee8,01c1220111010000,01c1220111010000,16971.6,True
6135,01c211817f220000,01c2110222010000,01c2110222010000,24012.0,True
6136,01c32200001128e3,01c3220111010000,01c3220111010000,14260.2,True
6137,01c4111d23220000,01c4110122010000,01c4110122010000,17160.9,True
6138,01c522000011193b,01c5220111010000,01c5220111010000,17108.1,True
6139,01c6114465220000,01c6110122010000,01c6110122010000,22549.6,True
6140,01c722000011beab,01c7220111020000,01c7220111020000,9375.4,True
6141,01c811175e220000,01c8110122010000,01c8110122010000,16714.8,True
6142,01c9220000118b43,01c9220111020000,01c9220111020000,15533.8,True
6143,01ca11901e220000,01ca110222010000,01ca110222010000,16453.3,True
6144,01cb22000011efe7,01cb220111020000,01cb220111020000,17861.3,True
6145,01cc117a21220000,01cc110222010000,01cc110222010000,17986.7,True
6146,01cd2200001187fa,01cd220111020000,01cd220111020000,15955.6,True
6147,01ce114032220000,01ce110122010000,01ce110122010000,15579.1,True
6148,01cf22000011f819,01cf220111020000,01cf220111020000,16609.2,True
6149,01d01146d3220000,01d0110122010000,01d0110122010000,16782.2,True
6150,01d122000011a2a7,01d1220111020000,01d1220111020000,16808.9,True
6151,01d2112a95220000,01d2110122010000,01d2110122010000,17041.1,True
6152,01d3220000114387,01d3220111010000,01d3220111010000,16674.9,True
6153,01d41103c3220000,01d4110122010000,01d4110122010000,17247.2,True
6154,01d5220000114926,01d5220111010000,01d5220111010000,16773.4,True
6155,01d6119c6e220000,01d6110222010000,01d6110222010000,17005.9,True
6156,01d722000011e7db,01d7220111020000,01d7220111020000,17217.9,True
6157,01d8113cee220000,01d8110122010000,01d8110122010000,16663.9,True
6158,01d9220000110a5e,01d9220111010000,01d9220111010000,16877.1,True
6159,01da115657220000,01da110122010000,01da110122010000,16949.5,True
6160,01db220000112afd,01db220111010000,01db220111010000,16948.4,True
6161,01dc113e13220000,01dc110122010000,01dc110122010000,18953.1,True
6162,01dd220000119241,01dd220111020000,01dd220111020000,14828.5,True
6163,01de11e817220000,01de110222010000,01de110222010000,16810.7,True
6164,01df22000011e4be,01df220111020000,01df220111020000,17188.6,True
6165,01e01180ad220000,01e0110222010000,01e0110222010000,16911.0,True
6166,01e1220000110a45,01e1220111010000,01e1220111010000,16926.7,True
6167,01e211e102220000,01e2110222010000,01e2110222010000,16717.1,True
6168,01e3220000112a79,01e3220111010000,01e3220111010000,16958.4,True
6169,01e4113a81220000,01e4110122010000,01e4110122010000,17501.9,True
6170,01e522000011d523,01e5220111020000,01e5220111020000,16683.0,True
6171,01e6115cb5220000,01e6110122010000,01e6110122010000,16829.4,True
6172,01e722000011e35b,01e7220111020000,01e7220111020000,16954.0,True
6173,01e8118d73220000,01e8110222010000,01e8110222010000,16939.1,True
6174,01e9220000118235,01e9220111020000,01e9220111020000,16967.0,True
6175,01ea11d49e220000,01ea110222010000,01ea110222010000,16996.6,True
6176,01eb220000111632,01eb220111010000,01eb220111010000,17161.7,True
6177,01ec11ac3f220000,01ec110222010000,01ec110222010000,16603.2,True
6178,01ed220000117c60,01ed220111010000,01ed220111010000,16978.1,True
6179,01ee11f6a8220000,01ee110222010000,01ee110222010000,16915.0,True
6180,01ef2200001199fb,01ef220111020000,01ef220111020000,17157.3,True
6181,01f01107ee220000,01f0110122010000,01f0110122010000,16702.5,True
6182,01f122ffff11979c,01f1220211020000,01f1220211020000,17024.8,True
6183,01f211b2fa220000,01f2110222010000,01f2110222010000,16820.7,True
6184,01f32200001139d9,01f3220111010000,01f3220111010000,17112.3,True
6185,01f411e097220000,01f4110222010000,01f4110222010000,20642.1,True
6186,01f522000011eb48,01f5220111020000,01f5220111020000,15052.0,True
6187,01f61132d4220000,01f6110122010000,01f6110122010000,15197.0,True
6188,01f722000011d931,01f7220111020000,01f7220111020000,16783.4,True
6189,01f811f836220000,01f8110222010000,01f8110222010000,16903.9,True
6190,01f922000011a86f,01f9220111020000,01f9220111020000,16899.7,True
6191,01fa11055d220000,01fa110122010000,01fa110122010000,16740.0,True
6192,01fb22000011eda9,01fb220111020000,01fb220111020000,17857.4,True
6193,01fc11108e220000,01fc110122010000,01fc110122010000,16600.5,True
6194,01fd220000112532,01fd220111010000,01fd220111010000,17155.5,True
6195,01fe114ffd220000,01fe110122010000,01fe110122010000,16137.3,True
6196,01ff220000113d1b,01ff220111010000,01ff220111010000,17969.7,True
6197,020011cd13220000,0200110222010000,0200110222010000,15954.3,True
6198,020122000011c156,0201220111020000,0201220111020000,16423.4,True
6199,020211cd8d220000,0202110222010000,0202110222010000,17033.9,True
6200,020322000011a27c,0203220111020000,0203220111020000,16754.6,True
6201,02041150a5220000,0204110122010000,0204110122010000,17138.0,True
6202,020522000011ff86,0205220111020000,0205220111020000,17136.5,True
6203,0206115710220000,0206110122010000,0206110122010000,16850.3,True
6204,020722000011d800,0207220111020000,0207220111020000,17060.6,True
6205,02081125af220000,0208110122010000,0208110122010000,16582.8,True
6206,0209220000111fe3,0209220111010000,0209220111010000,17267.0,True
6207,020a111a24220000,020a110122010000,020a110122010000,16805.3,True
6208,020b220000117fb7,020b220111020000,020b220111020000,16974.7,True
6209,020c11acf8220000,020c110222010000,020c110222010000,16894.3,True
6210,020d22000011e3fa,020d220111020000,020d220111020000,16957.3,True
6211,020e11a697220000,020e110222010000,020e110222010000,16623.2,True
6212,020f22000011c496,020f220111020000,020f220111020000,17234.7,True
6213,0210116e63220000,0210110122010000,0210110122010000,16984.7,True
6214,0211220000110884,0211220111010000,0211220111010000,16973.6,True
6215,021211a4f3220000,0212110222010000,0212110222010000,16800.0,True
6216,021322000011316f,0213220111010000,0213220111010000,17085.1,True
6217,0214119069220000,0214110222010000,0214110222010000,16785.0,True
6218,0215220000118ef5,0215220111020000,0215220111020000,16978.5,True
6219,0216114cd4220000,0216110122010000,0216110122010000,16969.8,True
6220,0217220000119000,0217220111020000,0217220111020000,16882.0,True
6221,0218116039220000,0218110122010000,0218110122010000,16956.5,True
6222,02192200001175d3,0219220111010000,0219220111010000,16942.8,True
6223,021a1113d8220000,021a110122010000,021a110122010000,16946.8,True
6224,021b22000011d496,021b220111020000,021b220111020000,17052.3,True
6225,021c11fe81220000,021c110222010000,021c110222010000,16747.3,True
6226,021d220000111386,021d220111010000,021d220111010000,17108.0,True
6227,021e11fa25220000,021e110222010000,021e110222010000,16969.9,True
6228,021f220000110bf8,021f220111010000,021f220111010000,16858.2,True
6229,0220111aea220000,0220110122010000,0220110122010000,16672.4,True
6230,0221220000117a38,0221220111020000,0221220111020000,17062.0,True
6231,022211b01b220000,0222110222010000,0222110222010000,16935.0,True
6232,02232200001159be,0223220111010000,0223220111010000,16950.3,True
6233,02241122af220000,0224110122010000,0224110122010000,16846.4,True
6234,0225220000119eed,0225220111020000,0225220111020000,18540.1,True
6235,022611c70a220000,0226110222010000,0226110222010000,15430.0,True
6236,02272200001191ed,0227220111020000,0227220111020000,17855.1,True
6237,02281189f1220000,0228110222010000,0228110222010000,19162.2,True
6238,0229220000112089,0229220111010000,0229220111010000,15582.7,True
6239,022a11e151220000,022a110222010000,022a110222010000,14251.6,True
6240,022b22000011f2e3,022b220111020000,022b220111020000,16939.6,True
6241,022c1169c8220000,022c110122010000,022c110122010000,16912.2,True
6242,022d22000011ca3f,022d220111020000,022d220111020000,16909.6,True
6243,022e11e9ae220000,022e110222010000,022e110222010000,17096.1,True
6244,022f220000114908,022f220111010000,022f220111010000,16699.7,True
6245,023011154c220000,0230110122010000,0230110122010000,17309.9,True
6246,023122000011d1e5,0231220111020000,0231220111020000,16567.4,True
6247,023211e60c220000,0232110222010000,0232110222010000,17204.4,True
6248,02332200001117de,0233220111010000,0233220111010000,16801.1,True
6249,023411715e220000,0234110122010000,0234110122010000,17304.8,True
6250,023522000011b587,0235220111020000,0235220111020000,16913.7,True
6251,023611e9af220000,0236110222010000,0236110222010000,16848.9,True
6252,023722000011a6dc,0237220111020000,0237220111020000,18835.8,True
6253,023811798322ffff,0238110122020000,0238110122020000,14633.1,True
6254,023922000011bbc2,0239220111020000,0239220111020000,16959.4,True
6255,023a118dac220000,023a110122010000,023a110122010000,17261.9,True
6256,023b220000118ded,023b220111010000,023b220111010000,16768.1,True
6257,023c11446a220000,023c110122010000,023c110122010000,17070.1,True
6258,023d220000116c6a,023d220111010000,023d220111010000,16864.8,True
6259,023e118ee5220000,023e110222010000,023e110222010000,16939.5,True
6260,023f22000011bbea,023f220111020000,023f220111020000,16934.6,True
6261,024011e28c220000,0240110222010000,0240110222010000,16936.7,True
6262,024122000011ee87,0241220111020000,0241220111020000,17095.7,True
6263,024211deb9220000,0242110222010000,0242110222010000,17115.0,True
6264,02432200001180f3,0243220111010000,0243220111010000,16577.1,True
6265,024411dd86220000,0244110222010000,0244110222010000,16760.8,True
6266,0245220000112391,0245220111010000,0245220111010000,16815.1,True
6267,0246114356220000,0246110122010000,0246110122010000,17271.3,True
6268,024722000011b51a,0247220111020000,0247220111020000,16900.2,True
6269,0248111dbe220000,0248110122010000,0248110122010000,16951.3,True
6270,0249220000114c22,0249220111010000,0249220111010000,16929.9,True
6271,024a110755220000,024a110122010000,024a110122010000,17076.8,True
6272,024b220000117eb9,024b220111010000,024b220111010000,16571.6,True
6273,024c11bcc6220000,024c110222010000,024c110222010000,17194.9,True
6274,024d220000112ab3,024d220111010000,024d220111010000,17018.8,True
6275,024e11e699220000,024e110222010000,024e110222010000,16826.6,True
6276,024f2200001124a3,024f220111010000,024f220111010000,16761.7,True
6277,025011fb9b220000,0250110222010000,0250110222010000,16896.0,True
6278,0251220000115d67,0251220111010000,0251220111010000,17167.8,True
6279,02521187be220000,0252110222010000,0252110222010000,17373.6,True
6280,025322000011fc0a,0253220111020000,0253220111020000,16336.4,True
6281,025411da6d220000,0254110222010000,0254110222010000,17082.2,True
6282,025522000011f0ab,0255220111020000,0255220111020000,16886.1,True
6283,0256111a82220000,0256110122010000,0256110122010000,17100.4,True
6284,025722000011506a,0257220111010000,0257220111010000,16668.1,True
6285,025811b994220000,0258110222010000,0258110222010000,17026.0,True
6286,0259220000119030,0259220111020000,0259220111020000,18282.7,True
6287,025a11746a220000,025a110122010000,025a110122010000,15752.4,True
6288,025b2200001137d4,025b220111010000,025b220111010000,17400.5,True
6289,025c111952220000,025c110122010000,025c110122010000,16181.7,True
6290,025d22000011ce97,025d220111020000,025d220111020000,16974.2,True
6291,025e1110c8220000,025e110122010000,025e110122010000,16942.6,True
6292,025f22000011fe7a,025f220111020000,025f220111020000,16868.9,True
6293,026011425b220000,0260110122010000,0260110122010000,16912.9,True
6294,026122000011563d,0261220111010000,0261220111010000,16910.8,True
6295,026211fe67220000,0262110222010000,0262110222010000,16906.9,True
6296,026322000011c4d7,0263220111020000,0263220111020000,17342.8,True
6297,026411d5e0220000,0264110222010000,0264110222010000,16729.6,True
6298,026522000011e244,0265220111020000,0265220111020000,16612.7,True
6299,0266117536220000,0266110122010000,0266110122010000,16977.9,True
6300,026722000011dcf6,0267220111020000,0267220111020000,16828.2,True
6301,02681134f5220000,0268110122010000,0268110122010000,17180.6,True
6302,0269220000119a2d,0269220111020000,0269220111020000,17044.6,True
6303,026a111a36220000,026a110122010000,026a110122010000,16779.0,True
6304,026b220000118ca0,026b220111010000,026b220111010000,17221.6,True
6305,026c11348a220000,026c110122010000,026c110122010000,16700.8,True
6306,026d220000110611,026d220111010000,026d220111010000,16948.3,True
6307,026e11675a220000,026e110122010000,026e110122010000,16944.0,True
6308,026f22000011faa4,026f220111020000,026f220111020000,16933.1,True
6309,027011f936220000,0270110222010000,0270110222010000,16972.5,True
6310,02712200001185e0,0271220111010000,0271220111010000,17063.2,True
6311,027211cbea220000,0272110222010000,0272110222010000,16800.3,True
6312,027322000011410c,0273220111010000,0273220111010000,16932.1,True
6313,027411ba4b220000,0274110222010000,0274110222010000,16899.3,True
6314,0275220000116932,0275220111010000,0275220111010000,17233.0,True
6315,027611de46220000,0276110222010000,0276110222010000,16662.3,True
6316,027722000011ec2b,0277220111020000,0277220111020000,16962.3,True
6317,027811c000220000,0278110222010000,0278110222010000,17016.4,True
6318,027922000011f5ee,0279220111020000,0279220111020000,16700.3,True
6319,027a1106ac220000,027a110122010000,027a110122010000,17030.0,True
6320,027b22000011c759,027b220111020000,027b220111020000,17070.6,True
6321,027c11adb6220000,027c110222010000,027c110222010000,16717.7,True
6322,027d220000112437,027d220111010000,027d220111010000,17060.8,True
6323,027e11b097220000,027e110222010000,027e110222010000,16863.4,True
6324,027f22ffff11c0b6,027f220211020000,027f220211020000,16992.1,True
6325,028011d310220000,0280110222010000,0280110222010000,16735.5,True
6326,028122000011d71d,0281220111020000,0281220111020000,17067.8,True
6327,0282117f07220000,0282110122010000,0282110122010000,16923.9,True
6328,028322000011320b,0283220111010000,0283220111010000,17160.2,True
6329,028411ba89220000,0284110222010000,0284110222010000,16823.9,True
6330,028522000011ead7,0285220111020000,0285220111020000,16916.0,True
6331,0286118a70220000,0286110122010000,0286110122010000,16939.2,True
6332,028722000011d7c8,0287220111020000,0287220111020000,16863.0,True
6333,0288114975220000,0288110122010000,0288110122010000,16637.4,True
6334,028922000011abe2,0289220111020000,0289220111020000,17054.9,True
6335,028a11f784220000,028a110222010000,028a110222010000,17054.1,True
6336,028b220000116bbb,028b220111010000,028b220111010000,17103.6,True
6337,028c1134fc220000,028c110122010000,028c110122010000,16522.0,True
6338,028d22000011b147,028d220111020000,028d220111020000,16867.5,True
6339,028e1134f0220000,028e110122010000,028e110122010000,16247.2,True
6340,028f220000118b34,028f220111010000,028f220111010000,19041.9,True
6341,0290119df5220000,0290110222010000,0290110222010000,14201.2,True
6342,02912200001147ae,0291220111010000,0291220111010000,17029.8,True
6343,029211e595220000,0292110222010000,0292110222010000,16772.4,True
6344,029322000011e2ad,0293220111020000,0293220111020000,16664.0,True
6345,029411a8e5220000,0294110222010000,0294110222010000,16853.7,True
6346,029522000011c1d7,0295220111020000,0295220111020000,19477.9,True
6347,029611f16f220000,0296110222010000,0296110222010000,14681.1,True
6348,02972200001168ef,0297220111010000,0297220111010000,16882.1,True
6349,029811f8d6220000,0298110222010000,0298110222010000,16832.3,True
6350,029922000011e570,0299220111020000,0299220111020000,16873.4,True
6351,029a118d45220000,029a110122010000,029a110122010000,17190.1,True
6352,029b22000011c65c,029b220111020000,029b220111020000,16918.7,True
6353,029c11b714220000,029c110222010000,029c110222010000,17295.1,True
6354,029d22000011076f,029d220111010000,029d220111010000,16438.2,True
6355,029e116ece220000,029e110122010000,029e110122010000,17081.0,True
6356,029f220000117ccd,029f220111010000,029f220111010000,16913.2,True
6357,02a011f381220000,02a0110222010000,02a0110222010000,17075.2,True
6358,02a1220000112b85,02a1220111010000,02a1220111010000,16796.2,True
6359,02a211779e220000,02a2110122010000,02a2110122010000,17075.9,True
6360,02a3220000118577,02a3220111010000,02a3220111010000,16928.4,True
6361,02a4115fe3220000,02a4110122010000,02a4110122010000,16653.1,True
6362,02a5220000113e20,02a5220111010000,02a5220111010000,16862.8,True
6363,02a611509c220000,02a6110122010000,02a6110122010000,17097.5,True
6364,02a7220000117754,02a7220111010000,02a7220111010000,16949.5,True
6365,02a81196de220000,02a8110222010000,02a8110222010000,16983.7,True
6366,02a92200001182e6,02a9220111020000,02a9220111020000,17036.8,True
6367,02aa1151a7220000,02aa110122010000,02aa110122010000,16920.6,True
6368,02ab22000011a8d4,02ab220111020000,02ab220111020000,16810.0,True
6369,02ac116de7220000,02ac110122010000,02ac110122010000,18386.9,True
6370,02ad220000115642,02ad220111010000,02ad220111010000,15609.1,True
6371,02ae114020220000,02ae110122010000,02ae110122010000,16862.1,True
6372,02af22000011062e,02af220111010000,02af220111010000,16788.8,True
6373,02b011a123220000,02b0110222010000,02b0110222010000,17081.9,True
6374,02b1220000119dc8,02b1220111020000,02b1220111020000,16859.6,True
6375,02b2116793220000,02b2110122010000,02b2110122010000,16807.0,True
6376,02b32200001120c5,02b3220111010000,02b3220111010000,17128.5,True
6377,02b4118690220000,02b4110222010000,02b4110222010000,16624.2,True
6378,02b52200001150e4,02b5220111010000,02b5220111010000,17045.4,True
6379,02b611be32220000,02b6110222010000,02b6110222010000,16976.6,True
6380,02b7220000114a9d,02b7220111010000,02b7220111010000,17788.0,True
6381,02b811b488220000,02b8110222010000,02b8110222010000,15959.6,True
6382,02b9220000113e63,02b9220111010000,02b9220111010000,17051.1,True
6383,02ba116428220000,02ba110122010000,02ba110122010000,16992.3,True
6384,02bb22000011e6b8,02bb220111020000,02bb220111020000,16863.2,True
6385,02bc11a98c220000,02bc110222010000,02bc110222010000,16779.3,True
6386,02bd220000116f45,02bd220111010000,02bd220111010000,16894.7,True
6387,02be11fbfe220000,02be110222010000,02be110222010000,20520.6,True
6388,02bf22000011f4c9,02bf220111020000,02bf220111020000,16657.8,True
6389,02c011b575220000,02c0110222010000,02c0110222010000,19189.0,True
6390,02c1220000115e24,02c1220111010000,02c1220111010000,14027.1,True
6391,02c2114498220000,02c2110122010000,02c2110122010000,16586.7,True
6392,02c32200001125eb,02c3220111010000,02c3220111010000,15503.7,True
6393,02c41159c3220000,02c4110122010000,02c4110122010000,18892.7,True
6394,02c5220000118b94,02c5220111020000,02c5220111020000,14143.7,True
6395,02c611c60d22ffff,02c6110222020000,02c6110222020000,16772.0,True
6396,02c72200001170a6,02c7220111010000,02c7220111010000,16928.6,True
6397,02c811afb0220000,02c8110222010000,02c8110222010000,18584.9,True
6398,02c922000011ed2b,02c9220111020000,02c9220111020000,15403.4,True
6399,02ca1133e2220000,02ca110122010000,02ca110122010000,17030.7,True
6400,02cb220000111d1b,02cb220111010000,02cb220111010000,16981.4,True
6401,02cc1152d2220000,02cc110122010000,02cc110122010000,16715.1,True
6402,02cd220000113565,02cd220111010000,02cd220111010000,17069.7,True
6403,02ce113b45220000,02ce110122010000,02ce110122010000,16944.4,True
6404,02cf2200001100b7,02cf220111010000,02cf220111010000,16942.0,True
6405,02d0118fce220000,02d0110222010000,02d0110222010000,17304.7,True
6406,02d1220000116ddf,02d1220111020000,02d1220111020000,16612.7,True
6407,02d211b3d7220000,02d2110222010000,02d2110222010000,16938.5,True
6408,02d3220000117b82,02d3220111020000,02d3220111020000,16950.3,True
6409,02d41174e4220000,02d4110222010000,02d4110222010000,16930.1,True
6410,02d5220000111356,02d5220111010000,02d5220111010000,16944.2,True
6411,02d6116d51220000,02d6110222010000,02d6110222010000,16953.2,True
6412,02d722000011bcb1,02d7220111020000,02d7220111020000,16673.3,True
6413,02d8111933220000,02d8110122010000,02d8110122010000,17197.4,True
6414,02d9220000112343,02d9220111010000,02d9220111010000,16973.2,True
6415,02da115746220000,02da110222010000,02da110222010000,16933.6,True
6416,02db22000011c6f1,02db220111020000,02db220111020000,16939.0,True
6417,02dc114a85220000,02dc110122010000,02dc110122010000,16765.1,True
6418,02dd2200001149d0,02dd220111010000,02dd220111010000,17096.2,True
6419,02de11a29b220000,02de110222010000,02de110222010000,16973.5,True
6420,02df22000011f7ef,02df220111020000,02df220111020000,16960.3,True
6421,02e011fd60220000,02e0110222010000,02e0110222010000,16907.8,True
6422,02e1220000119229,02e1220111020000,02e1220111020000,16676.5,True
6423,02e2118e94220000,02e2110222010000,02e2110222010000,17222.7,True
6424,02e3220000116c28,02e3220111010000,02e3220111010000,16922.4,True
6425,02e411c813220000,02e4110222010000,02e4110222010000,16937.3,True
6426,02e522000011eca4,02e5220111020000,02e5220111020000,17093.4,True
6427,02e61136c9220000,02e6110122010000,02e6110122010000,16917.8,True
6428,02e722000011dcfe,02e7220111020000,02e7220111020000,16792.7,True
6429,02e8118aeb220000,02e8110122010000,02e8110122010000,16935.3,True
6430,02e922000011055a,02e9220111010000,02e9220111010000,17016.3,True
6431,02ea116ebc220000,02ea110122010000,02ea110122010000,16895.0,True
6432,02eb22000011d71f,02eb220111020000,02eb220111020000,16753.9,True
6433,02ec113fa0220000,02ec110122010000,02ec110122010000,17108.9,True
6434,02ed22000011a880,02ed220111020000,02ed220111020000,17003.1,True
6435,02ee119876220000,02ee110122010000,02ee110122010000,16878.8,True
6436,02ef2200001169ed,02ef220111010000,02ef220111010000,18351.7,True
6437,02f011228e220000,02f0110122010000,02f0110122010000,16467.1,True
6438,02f122000011e8e7,02f1220111020000,02f1220111020000,16869.6,True
6439,02f2115283220000,02f2110122010000,02f2110122010000,16269.8,True
6440,02f322000011a199,02f3220111020000,02f3220111020000,17015.4,True
6441,02f411607c220000,02f4110122010000,02f4110122010000,17212.7,True
6442,02f522000011e538,02f5220111020000,02f5220111020000,16170.7,True
6443,02f6111445220000,02f6110122010000,02f6110122010000,16817.0,True
6444,02f7220000113ec5,02f7220111010000,02f7220111010000,17482.8,True
6445,02f811671e220000,02f8110122010000,02f8110122010000,16395.9,True
6446,02f922000011fd52,02f9220111020000,02f9220111020000,17004.2,True
6447,02fa11ed49220000,02fa110222010000,02fa110222010000,16617.0,True
6448,02fb22000011196d,02fb220111010000,02fb220111010000,16950.5,True
6449,02fc11e7ad220000,02fc110222010000,02fc110222010000,17088.5,True
6450,02fd22000011acf8,02fd220111020000,02fd220111020000,16840.0,True
6451,02fe11efcc220000,02fe110222010000,02fe110222010000,17188.9,True
6452,02ff22000011c566,02ff220111020000,02ff220111020000,16617.7,True
6453,030011568b220000,0300110122010000,0300110122010000,17116.5,True
6454,030122000011bdd1,0301220111020000,0301220111020000,17003.7,True
6455,030211a44d220000,0302110222010000,0302110222010000,16842.4,True
6456,0303220000117a39,0303220111010000,0303220111010000,16756.8,True
6457,030411c947220000,0304110222010000,0304110222010000,17159.9,True
6458,0305220000117e6d,0305220111010000,0305220111010000,17080.3,True
6459,0306110c6a220000,0306110122010000,0306110122010000,16528.1,True
6460,030722000011e007,0307220111020000,0307220111020000,17219.6,True
6461,030811f772220000,0308110222010000,0308110222010000,17082.2,True
6462,0309220000113b09,0309220111010000,0309220111010000,16598.5,True
6463,030a11c482220000,030a110222010000,030a110222010000,17509.8,True
6464,030b2200001173e3,030b220111010000,030b220111010000,16465.6,True
6465,030c11aa46220000,030c110222010000,030c110222010000,17127.6,True
6466,030d22ffff112e9f,030d220211010000,030d220211010000,16864.6,True
6467,030e11dad1220000,030e110222010000,030e110222010000,17294.8,True
6468,030f22000011fe3d,030f220111020000,030f220111020000,16605.0,True
6469,03101173fe220000,0310110122010000,0310110122010000,17091.4,True
6470,031122000011eb07,0311220111020000,0311220111020000,16793.8,True
6471,031211c90e220000,0312110222010000,0312110222010000,17128.5,True
6472,031322000011432b,0313220111010000,0313220111010000,16710.2,True
6473,031411c60b220000,0314110222010000,0314110222010000,16815.2,True
6474,031522000011808d,0315220111010000,0315220111010000,17038.0,True
6475,031611491e220000,0316110122010000,0316110122010000,16934.0,True
6476,03172200001153d4,0317220111010000,0317220111010000,16946.4,True
6477,031811dc25220000,0318110222010000,0318110222010000,17070.2,True
6478,0319220000116fc7,0319220111010000,0319220111010000,16824.9,True
6479,031a1112c8220000,031a110122010000,031a110122010000,16950.5,True
6480,031b220000117961,031b220111010000,031b220111010000,16932.3,True
6481,031c11cea8220000,031c110222010000,031c110222010000,16960.9,True
6482,031d22000011878e,031d220111010000,031d220111010000,16987.4,True
6483,031e11c2b1220000,031e110222010000,031e110222010000,17040.6,True
6484,031f22000011bb73,031f220111020000,031f220111020000,16735.4,True
6485,000011000022007f,0000110022000000,0000110022000000,17015.4,True
6486,000122027e1101ff,0001220011000000,0001220011000000,17673.0,True
6487,00021103fe22047d,0002110022000000,0002110022000000,17972.1,True
6488,000322067c1105fd,0003220011000000,0003220011000000,17665.8,True
6489,00041107fc22087b,0004110022000000,0004110022000000,14315.1,True
6490,0005220a7a1109fb,0005220011000000,0005220011000000,17304.6,True
6491,0006110bfa220c79,0006110022000000,0006110022000000,16396.7,True
6492,0007220e78110df9,0007220011000000,0007220011000000,16909.7,True
6493,0008110ff8221077,0008110022000000,0008110022000000,16924.9,True
6494,00092212761111f7,0009220011000000,0009220011000000,17227.3,True
6495,000a1113f6221475,000a110022000000,000a110022000000,16656.1,True
6496,000b2216741115f5,000b220011000000,000b220011000000,17116.3,True
6497,000c1117f4221873,000c110022000000,000c110022000000,16899.5,True
6498,000d221a721119f3,000d220011000000,000d220011000000,16971.4,True
6499,000e111bf2221c71,000e110022000000,000e110022000000,16803.5,True
6500,000f221e70111df1,000f220011000000,000f220011000000,16937.2,True
6501,0010111ff022206f,0010110022000000,0010110022000000,17033.9,True
6502,001122226e1121ef,0011220011000000,0011220011000000,17191.1,True
6503,00121123ee22246d,0012110022000000,0012110022000000,16436.4,True
6504,001322266c1125ed,0013220011000000,0013220011000000,17314.7,True
6505,00141127ec22286b,0014110022000000,0014110022000000,16604.4,True
6506,0015222a6a1129eb,0015220011000000,0015220011000000,16831.6,True
6507,0016112bea222c69,0016110022000000,0016110022000000,16974.7,True
6508,0017222e68112de9,0017220011000000,0017220011000000,17209.8,True
6509,0018112fe8223067,0018110022000000,0018110022000000,16950.7,True
6510,00192232661131e7,0019220011000000,0019220011000000,16947.8,True
6511,001a1133e6223465,001a110022000000,001a110022000000,16945.6,True
6512,001b2236641135e5,001b220011000000,001b220011000000,17340.2,True
6513,001c1137e4223863,001c110022000000,001c110022000000,16546.7,True
6514,001d223a621139e3,001d220011000000,001d220011000000,16942.3,True
6515,001e113be2223c61,001e110022000000,001e110022000000,16983.4,True
6516,001f223e60113de1,001f220011000000,001f220011000000,16997.5,True
6517,0020113fe022405f,0020110022000000,0020110022000000,16807.4,True
6518,002122425e1141df,0021220011000000,0021220011000000,16955.3,True
6519,00221143de22445d,0022110022000000,0022110022000000,16940.8,True
6520,002322465c1145dd,0023220011000000,0023220011000000,16924.7,True
6521,00241147dc22485b,0024110022000000,0024110022000000,17066.8,True
6522,0025224a5a1149db,0025220011000000,0025220011000000,16787.0,True
6523,0026114bda224c59,0026110022000000,0026110022000000,16959.8,True
6524,0027224e58114dd9,0027220011000000,0027220011000000,16944.3,True
6525,0028114fd8225057,0028110022000000,0028110022000000,17051.0,True
6526,00292252561151d7,0029220011000000,0029220011000000,16839.8,True
6527,002a1153d6225455,002a110022000000,002a110022000000,17058.2,True
6528,002b2256541155d5,002b220011000000,002b220011000000,16793.9,True
6529,002c1157d4225853,002c110022000000,002c110022000000,17009.8,True
6530,002d225a521159d3,002d220011000000,002d220011000000,16688.4,True
6531,002e115bd2225c51,002e110022000000,002e110022000000,17245.9,True
6532,002f225e50115dd1,002f220011000000,002f220011000000,16914.2,True
6533,0030115fd022604f,0030110022000000,0030110022000000,16915.6,True
6534,003122624e1161cf,0031220011000000,0031220011000000,16892.4,True
6535,00321163ce22644d,0032110022000000,0032110022000000,16972.7,True
6536,003322664c1165cd,0033220011000000,0033220011000000,16716.4,True
6537,00341167cc22684b,0034110022000000,0034110022000000,18554.4,True
6538,0035226a4a1169cb,0035220011000000,0035220011000000,15546.1,True
6539,0036116bca226c49,0036110022000000,0036110022000000,17971.8,True
6540,0037226e48116dc9,0037220011000000,0037220011000000,15887.1,True
6541,0038116fc8227047,0038110022000000,0038110022000000,16431.2,True
6542,00392272461171c7,0039220011000000,0039220011000000,16897.1,True
6543,003a1173c6227445,003a110022000000,003a110022000000,16957.6,True
6544,003b2276441175c5,003b220011000000,003b220011000000,17140.8,True
6545,003c1177c4227843,003c110022000000,003c110022000000,16806.0,True
6546,003d227a421179c3,003d220011000000,003d220011000000,16744.3,True
6547,003e117bc2227c41,003e110022000000,003e110022000000,17101.6,True
6548,003f227e40117dc1,003f220011000000,003f220011000000,16732.9,True
6549,0040117fc022803f,0040110022000000,0040110022000000,17167.4,True
6550,004122823e1181bf,0041220011000000,0041220011000000,16732.4,True
6551,00421183be22843d,0042110022000000,0042110022000000,16961.4,True
6552,004322863c1185bd,0043220011000000,0043220011000000,16941.4,True
6553,00441187bc22883b,0044110022000000,0044110022000000,16970.0,True
6554,0045228a3a1189bb,0045220011000000,0045220011000000,17263.3,True
6555,0046118bba228c39,0046110022000000,0046110022000000,16819.6,True
6556,0047228e38118db9,0047220011000000,0047220011000000,16808.6,True
6557,0048118fb8229037,0048110022000000,0048110022000000,17233.5,True
6558,00492292361191b7,0049220011000000,0049220011000000,16631.6,True
6559,004a1193b6229435,004a110022000000,004a110022000000,16949.0,True
6560,004b2296341195b5,004b220011000000,004b220011000000,16944.3,True
6561,004c1197b4229833,004c110022000000,004c110022000000,17145.8,True
6562,004d229a321199b3,004d220011000000,004d220011000000,16510.9,True
6563,004e119bb2229c31,004e110022000000,004e110022000000,17298.7,True
6564,004f229e30119db1,004f220011000000,004f220011000000,16808.3,True
6565,0050119fb022a02f,0050110022000000,0050110022000000,16958.6,True
6566,005122a22e11a1af,0051220011000000,0051220011000000,16814.9,True
6567,005211a3ae22a42d,0052110022000000,0052110022000000,16826.8,True
6568,005322a62c11a5ad,0053220011000000,0053220011000000,17099.2,True
6569,005411a7ac22a82b,0054110022000000,0054110022000000,17078.8,True
6570,005522aa2a11a9ab,0055220011000000,0055220011000000,16861.6,True
6571,005611abaa22ac29,0056110022000000,0056110022000000,16890.5,True
6572,005722ae2811ada9,0057220011000000,0057220011000000,17053.4,True
6573,005811afa822b027,0058110022000000,0058110022000000,16510.3,True
6574,005922b22611b1a7,0059220011000000,0059220011000000,17144.4,True
6575,005a11b3a622b425,005a110022000000,005a110022000000,16986.4,True
6576,005b22b62411b5a5,005b220011000000,005b220011000000,17081.2,True
6577,005c11b7a422b823,005c110022000000,005c110022000000,16936.6,True
6578,005d22ba2211b9a3,005d220011000000,005d220011000000,16788.1,True
6579,005e11bba222bc21,005e110022000000,005e110022000000,16915.6,True
6580,005f22be2011bda1,005f220011000000,005f220011000000,17014.1,True
6581,006011bfa022c01f,0060110022000000,0060110022000000,16896.9,True
6582,006122c21e11c19f,0061220011000000,0061220011000000,16902.0,True
6583,006211c39e22c41d,0062110022000000,0062110022000000,17003.1,True
6584,006322c61c11c59d,0063220011000000,0063220011000000,16939.9,True
6585,006411c79c22c81b,0064110022000000,0064110022000000,16804.2,True
6586,006522ca1a11c99b,0065220011000000,0065220011000000,16951.4,True
6587,006611cb9a22cc19,0066110022000000,0066110022000000,18558.8,True
6588,006722ce1811cd99,0067220011000000,0067220011000000,16007.5,True
6589,006811cf9822d017,0068110022000000,0068110022000000,16932.0,True
6590,006922d21611d197,0069220011000000,0069220011000000,16548.3,True
6591,006a11d39622d415,006a110022000000,006a110022000000,17888.4,True
6592,006b22d61411d595,006b220011000000,006b220011000000,15556.6,True
6593,006c11d79422d813,006c110022000000,006c110022000000,17083.1,True
6594,006d22da1211d993,006d220011000000,006d220011000000,16683.7,True
6595,006e11db9222dc11,006e110022000000,006e110022000000,16989.7,True
6596,006f22de1011dd91,006f220011000000,006f220011000000,17095.7,True
6597,007011df9022e00f,0070110022000000,0070110022000000,16651.0,True
6598,007122e20e11e18f,0071220011000000,0071220011000000,16889.5,True
6599,007211e38e22e40d,0072110022000000,0072110022000000,16856.8,True
6600,007322e60c11e58d,0073220011000000,0073220011000000,17540.0,True
6601,007411e78c22e80b,0074110022000000,0074110022000000,16319.5,True
6602,007522ea0a11e98b,0075220011000000,0075220011000000,17207.7,True
6603,007611eb8a22ec09,0076110022000000,0076110022000000,16802.4,True
6604,007722ee0811ed89,0077220011000000,0077220011000000,16892.5,True
6605,007811ef8822f007,0078110022000000,0078110022000000,17176.8,True
6606,007922f20611f187,0079220011000000,0079220011000000,17023.7,True
6607,007a11f38622f405,007a110022000000,007a110022000000,16660.1,True
6608,007b22f60411f585,007b220011000000,007b220011000000,17132.5,True
6609,007c11f78422f803,007c110022000000,007c110022000000,16949.8,True
6610,007d22fa0211f983,007d220011000000,007d220011000000,16807.0,True
6611,007e11fb8222fc01,007e110022000000,007e110022000000,17932.1,True
6612,007f22fe0011fd81,007f220011000000,007f220011000000,16153.2,True
6613,008011ff8022ffff,0080110022000000,0080110022000000,16876.0,True
6614,008122ff8011ffff,0081220011000000,0081220011000000,16719.0,True
6615,008211fe0022fd81,0082110022000000,0082110022000000,17171.0,True
6616,008322fb8211fc01,0083220011000000,0083220011000000,16911.2,True
6617,008411fa0222f983,0084110022000000,0084110022000000,16951.0,True
6618,008522f78411f803,0085220111000000,0085220111000000,16927.6,True
6619,008611f60422f585,0086110122010000,0086110122010000,16986.5,True
6620,008722f38611f405,0087220111010000,0087220111010000,16957.7,True
6621,008811f20622f187,0088110122010000,0088110122010000,16942.6,True
6622,008922ef8811f007,0089220111010000,0089220111010000,16908.1,True
6623,008a11ee0822ed89,008a110122010000,008a110122010000,16945.6,True
6624,008b22eb8a11ec09,008b220111010000,008b220111010000,16946.8,True
6625,008c11ea0a22e98b,008c110122010000,008c110122010000,16821.3,True
6626,008d22e78c11e80b,008d220111010000,008d220111010000,16932.8,True
6627,008e11e60c22e58d,008e110122010000,008e110122010000,16805.4,True
6628,008f22e38e11e40d,008f220111010000,008f220111010000,17180.3,True
6629,009011e20e22e18f,0090110122010000,0090110122010000,16796.9,True
6630,009122df9011e00f,0091220111010000,0091220111010000,16945.2,True
6631,009211de1022dd91,0092110122010000,0092110122010000,16817.6,True
6632,009322db9211dc11,0093220111010000,0093220111010000,16949.3,True
6633,009411da1222d993,0094110122010000,0094110122010000,16863.1,True
6634,009522d79411d813,0095220111010000,0095220111010000,24008.4,True
6635,009611d61422d595,0096110122010000,0096110122010000,9730.6,True
6636,009722d39611d415,0097220111010000,0097220111010000,17127.6,True
6637,009811d21622d197,0098110122010000,0098110122010000,16849.0,True
6638,009922cf9811d017,0099220111010000,0099220111010000,20013.7,True
6639,009a11ce1822cd99,009a110122010000,009a110122010000,15330.4,True
6640,009b22cb9a11cc19,009b220111010000,009b220111010000,20363.1,True
6641,009c11ca1a22c99b,009c110122010000,009c110122010000,13756.4,True
6642,009d22c79c11c81b,009d220111010000,009d220111010000,17417.8,True
6643,009e11c61c22c59d,009e110122010000,009e110122010000,16271.5,True
6644,009f22c39e11c41d,009f220111010000,009f220111010000,17929.4,True
6645,00a011c21e22c19f,00a0110122010000,00a0110122010000,15381.0,True
6646,00a122bfa011c01f,00a1220111010000,00a1220111010000,15840.3,True
6647,00a211be2022bda1,00a2110122010000,00a2110122010000,16432.6,True
6648,00a322bba211bc21,00a3220111010000,00a3220111010000,17304.9,True
6649,00a411ba2222b9a3,00a4110122010000,00a4110122010000,16447.1,True
6650,00a522b7a411b823,00a5220111010000,00a5220111010000,18197.5,True
6651,00a611b62422b5a5,00a6110122010000,00a6110122010000,15772.1,True
6652,00a722b3a611b425,00a7220111010000,00a7220111010000,16835.5,True
6653,00a811b22622b1a7,00a8110122010000,00a8110122010000,16950.4,True
6654,00a922afa811b027,00a9220111010000,00a9220111010000,16785.5,True
6655,00aa11ae2822ada9,00aa110122010000,00aa110122010000,17024.2,True
6656,00ab22abaa11ac29,00ab220111010000,00ab220111010000,17140.7,True
6657,00ac11aa2a22a9ab,00ac110122010000,00ac110122010000,17022.6,True
6658,00ad22a7ac11a82b,00ad220111010000,00ad220111010000,16948.7,True
6659,00ae11a62c22a5ad,00ae110122010000,00ae110122010000,16954.0,True
6660,00af22a3ae11a42d,00af220111010000,00af220111010000,16925.5,True
6661,00b011a22e22a1af,00b0110122010000,00b0110122010000,16958.0,True
6662,00b1229fb011a02f,00b1220111010000,00b1220111010000,16637.5,True
6663,00b2119e30229db1,00b2110122010000,00b2110122010000,19639.5,True
6664,00b3229bb2119c31,00b3220111010000,00b3220111010000,14529.8,True
6665,00b4119a322299b3,00b4110122010000,00b4110122010000,16930.8,True
6666,00b52297b4119833,00b5220111010000,00b5220111010000,16940.0,True
6667,00b61196342295b5,00b6110122010000,00b6110122010000,17008.6,True
6668,00b72293b6119435,00b7220111010000,00b7220111010000,16889.7,True
6669,00b81192362291b7,00b8110122010000,00b8110122010000,16994.2,True
6670,00b9228fb8119037,00b9220111010000,00b9220111010000,16692.1,True
6671,00ba118e38228db9,00ba110122010000,00ba110122010000,17272.6,True
6672,00bb228bba118c39,00bb220111010000,00bb220111010000,16784.3,True
6673,00bc118a3a2289bb,00bc110122010000,00bc110122010000,16952.4,True
6674,00bd2287bc11883b,00bd220111010000,00bd220111010000,16938.1,True
6675,00be11863c2285bd,00be110122010000,00be110122010000,16942.8,True
6676,00bf2283be11843d,00bf220111010000,00bf220111010000,16947.6,True
6677,00c011823e2281bf,00c0110122010000,00c0110122010000,17033.3,True
6678,00c1227fc011803f,00c1220111010000,00c1220111010000,16870.9,True
6679,00c2117e40227dc1,00c2110122010000,00c2110122010000,17009.6,True
6680,00c3227bc2117c41,00c3220111010000,00c3220111010000,16911.7,True
6681,00c4117a422279c3,00c4110122010000,00c4110122010000,17003.5,True
6682,00c52277c4117843,00c5220111010000,00c5220111010000,16977.5,True
6683,00c61176442275c5,00c6110122010000,00c6110122010000,16844.0,True
6684,00c72273c6117445,00c7220111010000,00c7220111010000,16951.3,True
6685,00c81172462271c7,00c8110122010000,00c8110122010000,16735.8,True
6686,00c9226fc8117047,00c9220111010000,00c9220111010000,17043.6,True
6687,00ca116e48226dc9,00ca110122010000,00ca110122010000,18061.4,True
6688,00cb226bca116c49,00cb220111010000,00cb220111010000,16595.2,True
6689,00cc116a4a2269cb,00cc110122010000,00cc110122010000,17341.8,True
6690,00cd2267cc11684b,00cd220111010000,00cd220111010000,15867.1,True
6691,00ce11664c2265cd,00ce110122010000,00ce110122010000,16864.2,True
6692,00cf2263ce11644d,00cf220111010000,00cf220111010000,16878.1,True
6693,00d011624e2261cf,00d0110122010000,00d0110122010000,16917.9,True
6694,00d1225fd011604f,00d1220111010000,00d1220111010000,16739.5,True
6695,00d2115e50225dd1,00d2110122010000,00d2110122010000,16900.0,True
6696,00d3225bd2115c51,00d3220111010000,00d3220111010000,16911.3,True
6697,00d4115a522259d3,00d4110122010000,00d4110122010000,17299.1,True
6698,00d52257d4115853,00d5220111010000,00d5220111010000,16587.1,True
6699,00d61156542255d5,00d6110122010000,00d6110122010000,18676.3,True
6700,00d72253d6115455,00d7220111010000,00d7220111010000,15209.3,True
6701,00d81152562251d7,00d8110122010000,00d8110122010000,16665.9,True
6702,00d9224fd8115057,00d9220111010000,00d9220111010000,17312.8,True
6703,00da114e58224dd9,00da110122010000,00da110122010000,17130.4,True
6704,00db224bda114c59,00db220111010000,00db220111010000,16159.7,True
6705,00dc114a5a2249db,00dc110122010000,00dc110122010000,16854.7,True
6706,00dd2247dc11485b,00dd220111010000,00dd220111010000,16932.0,True
6707,00de11465c2245dd,00de110122010000,00de110122010000,17407.8,True
6708,00df2243de11445d,00df220111010000,00df220111010000,16755.2,True
6709,00e011425e2241df,00e0110122010000,00e0110122010000,17136.6,True
6710,00e1223fe011405f,00e1220111010000,00e1220111010000,17013.9,True
6711,00e2113e60223de1,00e2110122010000,00e2110122010000,16487.0,True
6712,00e3223be2113c61,00e3220111010000,00e3220111010000,17335.8,True
6713,00e4113a622239e3,00e4110122010000,00e4110122010000,16661.4,True
6714,00e52237e4113863,00e5220111010000,00e5220111010000,17360.1,True
6715,00e61136642235e5,00e6110122010000,00e6110122010000,16659.7,True
6716,00e72233e6113465,00e7220111010000,00e7220111010000,16866.2,True
6717,00e81132662231e7,00e8110122010000,00e8110122010000,16883.0,True
6718,00e9222fe8113067,00e9220111010000,00e9220111010000,17115.4,True
6719,00ea112e68222de9,00ea110122010000,00ea110122010000,16889.7,True
6720,00eb222bea112c69,00eb220111010000,00eb220111010000,17196.3,True
6721,00ec112a6a2229eb,00ec110122010000,00ec110122010000,16568.9,True
6722,00ed2227ec11286b,00ed220111010000,00ed220111010000,16683.7,True
6723,00ee11266c2225ed,00ee110122010000,00ee110122010000,17152.7,True
6724,00ef2223ee11246d,00ef220111010000,00ef220111010000,16921.8,True
6725,00f011226e2221ef,00f0110122010000,00f0110122010000,17006.4,True
6726,00f1221ff011206f,00f1220111010000,00f1220111010000,17001.8,True
6727,00f2111e70221df1,00f2110122010000,00f2110122010000,16833.4,True
6728,00f3221bf2111c71,00f3220111010000,00f3220111010000,17036.9,True
6729,00f4111a722219f3,00f4110122010000,00f4110122010000,16731.4,True
6730,00f52217f4111873,00f5220111010000,00f5220111010000,16988.8,True
6731,00f61116742215f5,00f6110122010000,00f6110122010000,16696.9,True
6732,00f72213f6111475,00f7220111010000,00f7220111010000,17310.5,True
6733,00f81112762211f7,00f8110122010000,00f8110122010000,16767.6,True
6734,00f9220ff8111077,00f9220111010000,00f9220111010000,17473.7,True
6735,00fa110e78220df9,00fa110122010000,00fa110122010000,16440.2,True
6736,00fb220bfa110c79,00fb220111010000,00fb220111010000,16687.6,True
6737,00fc110a7a2209fb,00fc110122010000,00fc110122010000,17181.9,True
6738,00fd2207fc11087b,00fd220111010000,00fd220111010000,17457.7,True
6739,00fe11067c2205fd,00fe110122010000,00fe110122010000,16969.9,True
6740,00ff2203fe11047d,00ff220111010000,00ff220111010000,17864.2,True
6741,010011027e2201ff,0100110122010000,0100110122010000,15862.1,True
6742,010122000011007f,0101220111010000,0101220111010000,16146.5,True
6743,000011000022a055,0000110022000000,0000110022000000,19140.9,True
6744,00012295aa110aab,0001220011000000,0001220011000000,14647.8,True
6745,0002111556228aff,0002110022000000,0002110022000000,17555.8,True
6746,0003228054112001,0003220011000000,0003220011000000,16304.7,True
6747,0004112aac2275a9,0004110022000000,0004110022000000,16958.5,True
6748,0005226afe113557,0005220011000000,0005220011000000,17863.3,True
6749,0006114002226053,0006110022000000,0006110022000000,16254.7,True
6750,00072255a8114aad,0007220011000000,0007220011000000,16865.6,True
6751,0008115558224afd,0008110022000000,0008110022000000,16778.4,True
6752,0009224052116003,0009220011000000,0009220011000000,17202.0,True
6753,000a116aae2235a7,000a110022000000,000a110022000000,16947.3,True
6754,000b222afc117559,000b220011000000,000b220011000000,16959.4,True
6755,000c118004222051,000c110022000000,000c110022000000,16795.1,True
6756,000d2215a6118aaf,000d220011000000,000d220011000000,18743.9,True
6757,000e11955a220afb,000e110022000000,000e110022000000,15314.7,True
6758,000f22005011a005,000f220011000000,000f220011000000,16950.9,True
6759,001011aab022f5a5,0010110022020000,0010110022020000,17087.1,True
6760,001122eafa11b55b,0011220211000000,0011220211000000,16778.7,True
6761,001211c00622e04f,0012110022020000,0012110022020000,17042.3,True
6762,001322d5a411cab1,0013220211000000,0013220211000000,16810.3,True
6763,001411d55c22caf9,0014110022020000,0014110022020000,17072.5,True
6764,001522c04e11e007,0015220211000000,0015220211000000,16949.8,True
6765,001611eab222b5a3,0016110022020000,0016110022020000,16781.6,True
6766,001722aaf811f55d,0017220211000000,0017220211000000,16945.5,True
6767,001811000822a04d,0018110122020000,0018110122020000,16944.9,True
6768,00192295a2110ab3,0019220211010000,0019220211010000,16944.2,True
6769,001a11155e228af7,001a110122010000,001a110122010000,16740.8,True
6770,001b22804c112009,001b220111010000,001b220111010000,17120.1,True
6771,001c112ab42275a1,001c110122010000,001c110122010000,16926.0,True
6772,001d226af611355f,001d220111010000,001d220111010000,16942.0,True
6773,001e11400a22604b,001e110122010000,001e110122010000,17039.4,True
6774,001f2255a0114ab5,001f220111010000,001f220111010000,16965.2,True
6775,0020115560224af5,0020110122010000,0020110122010000,16988.0,True
6776,002122404a11600b,0021220111010000,0021220111010000,16703.6,True
6777,0022116ab622359f,0022110222010000,0022110222010000,17134.7,True
6778,0023222af4117561,0023220111020000,0023220111020000,16932.0,True
6779,002411800c222049,0024110222010000,0024110222010000,16877.7,True
6780,002522159e118ab7,0025220111020000,0025220111020000,16843.5,True
6781,0026119562220af3,0026110222010000,0026110222010000,16989.5,True
6782,002722004811a00d,0027220111020000,0027220111020000,16764.6,True
6783,002811aab822f59d,0028110222020000,0028110222020000,17114.9,True
6784,002922eaf211b563,0029220211020000,0029220211020000,16861.0,True
6785,002a11c00e22e047,002a110222020000,002a110222020000,16994.8,True
6786,002b22d59c11cab9,002b220211020000,002b220211020000,16729.9,True
6787,002c11d56422caf1,002c110222020000,002c110222020000,16959.8,True
6788,002d22c04611e00f,002d220211020000,002d220211020000,18719.3,True
6789,002e11eaba22b59b,002e110222020000,002e110222020000,17494.3,True
6790,002f22aaf011f565,002f220211020000,002f220211020000,15344.6,True
6791,003011001022a045,0030110122020000,0030110122020000,16365.2,True
6792,003122959a110abb,0031220211010000,0031220211010000,18326.2,True
6793,0032111566228aef,0032110122010000,0032110122010000,15347.5,True
6794,0033228044112011,0033220111010000,0033220111010000,16736.6,True
6795,0034112abc227599,0034110122010000,0034110122010000,17091.2,True
6796,0035226aee113567,0035220111010000,0035220111010000,16740.3,True
6797,0036114012226043,0036110122010000,0036110122010000,17046.4,True
6798,0037225598114abd,0037220111010000,0037220111010000,17480.3,True
6799,0038115568224aed,0038110122010000,0038110122010000,17010.1,True
6800,0039224042116013,0039220111010000,0039220111010000,16320.4,True
6801,003a116abe223597,003a110222010000,003a110222010000,16900.6,True
6802,003b222aec117569,003b220111020000,003b220111020000,16835.3,True
6803,003c118014222041,003c110222010000,003c110222010000,16871.6,True
6804,003d221596118abf,003d220111020000,003d220111020000,17024.9,True
6805,003e11956a220aeb,003e110222010000,003e110222010000,17086.6,True
6806,003f22004011a015,003f220111020000,003f220111020000,16949.6,True
6807,004011aac022f595,0040110222020000,0040110222020000,17070.2,True
6808,004122eaea11b56b,0041220211020000,0041220211020000,16854.8,True
6809,004211c01622e03f,0042110222020000,0042110222020000,16927.8,True
6810,004322d59411cac1,0043220211020000,0043220211020000,17082.1,True
6811,004411d56c22cae9,0044110222020000,0044110222020000,16568.5,True
6812,004522c03e11e017,0045220211020000,0045220211020000,17290.2,True
6813,004611eac222b593,0046110222020000,0046110222020000,16838.9,True
6814,004722aae811f56d,0047220211020000,0047220211020000,16934.4,True
6815,004811001822a03d,0048110122020000,0048110122020000,17123.6,True
6816,0049229592110ac3,0049220211010000,0049220211010000,16758.4,True
6817,004a11156e228ae7,004a110122010000,004a110122010000,16952.5,True
6818,004b22803c112019,004b220111010000,004b220111010000,17044.3,True
6819,004c112ac4227591,004c110122010000,004c110122010000,16828.0,True
6820,004d226ae611356f,004d220111010000,004d220111010000,16861.3,True
6821,004e11401a22603b,004e110122010000,004e110122010000,17119.5,True
6822,004f225590114ac5,004f220111010000,004f220111010000,16808.5,True
6823,0050115570224ae5,0050110122010000,0050110122010000,16969.3,True
6824,005122403a11601b,0051220111010000,0051220111010000,17231.5,True
6825,0052116ac622358f,0052110222010000,0052110222010000,16530.6,True
6826,0053222ae4117571,0053220111020000,0053220111020000,17087.7,True
6827,005411801c222039,0054110222010000,0054110222010000,16688.3,True
6828,005522158e118ac7,0055220111020000,0055220111020000,17011.9,True
6829,0056119572220ae3,0056110222010000,0056110222010000,16940.9,True
6830,005722003811a01d,0057220111020000,0057220111020000,17073.8,True
6831,005811aac822f58d,0058110222020000,0058110222020000,16798.1,True
6832,005922eae211b573,0059220211020000,0059220211020000,17082.4,True
6833,005a11c01e22e037,005a110222020000,005a110222020000,16761.6,True
6834,005b22d58c11cac9,005b220211020000,005b220211020000,17037.6,True
6835,005c11d57422cae1,005c110222020000,005c110222020000,16683.4,True
6836,005d22c03611e01f,005d220211020000,005d220211020000,19325.9,True
6837,005e11eaca22b58b,005e110222020000,005e110222020000,14563.2,True
6838,005f22aae011f575,005f220211020000,005f220211020000,18200.5,True
6839,006011002022a035,0060110122020000,0060110122020000,18895.6,True
6840,006122958a110acb,0061220211010000,0061220211010000,14752.9,True
6841,0062111576228adf,0062110122010000,0062110122010000,17994.3,True
6842,0063228034112021,0063220111010000,0063220111010000,16427.2,True
6843,0064112acc227589,0064110122010000,0064110122010000,17213.1,True
6844,0065226ade113577,0065220111010000,0065220111010000,16836.4,True
6845,0066114022226033,0066110122010000,0066110122010000,17606.7,True
6846,0067225588114acd,0067220111010000,0067220111010000,14557.0,True
6847,0068115578224add,0068110122010000,0068110122010000,18104.6,True
6848,0069224032116023,0069220111010000,0069220111010000,15603.0,True
6849,006a116ace223587,006a110222010000,006a110222010000,17385.2,True
6850,006b222adc117579,006b220111020000,006b220111020000,16841.2,True
6851,006c118024222031,006c110222010000,006c110222010000,16442.6,True
6852,006d221586118acf,006d220111020000,006d220111020000,16897.4,True
6853,006e11957a220adb,006e110222010000,006e110222010000,17047.1,True
6854,006f22003011a025,006f220111020000,006f220111020000,16713.4,True
6855,007011aad022f585,0070110222020000,0070110222020000,17024.5,True
6856,007122eada11b57b,0071220211020000,0071220211020000,16899.8,True
6857,007211c02622e02f,0072110222020000,0072110222020000,17201.6,True
6858,007322d58411cad1,0073220211020000,0073220211020000,16782.2,True
6859,007411d57c22cad9,0074110222020000,0074110222020000,17131.8,True
6860,007522c02e11e027,0075220211020000,0075220211020000,17118.1,True
6861,007611ead222b583,0076110222020000,0076110222020000,17070.0,True
6862,007722aad811f57d,0077220211020000,0077220211020000,16336.6,True
6863,007811002822a02d,0078110122020000,0078110122020000,17149.6,True
6864,0079229582110ad3,0079220211010000,0079220211010000,16955.0,True
6865,007a11157e228ad7,007a110122010000,007a110122010000,16942.3,True
6866,007b22802c112029,007b220111010000,007b220111010000,16938.8,True
6867,007c112ad4227581,007c110122010000,007c110122010000,16948.0,True
6868,007d226ad611357f,007d220111010000,007d220111010000,16927.2,True
6869,007e11402a22602b,007e110122010000,007e110122010000,16954.7,True
6870,007f225580114ad5,007f220111010000,007f220111010000,17126.3,True
6871,0080115580224ad5,0080110122010000,0080110122010000,16741.2,True
6872,008122402a11602b,0081220111010000,0081220111010000,16799.7,True
6873,0082116ad622357f,0082110222010000,0082110222010000,16937.4,True
6874,0083222ad4117581,0083220111020000,0083220111020000,16834.8,True
6875,008411802c222029,0084110222010000,0084110222010000,17037.0,True
6876,008522157e118ad7,0085220111020000,0085220111020000,17627.8,True
6877,0086119582220ad3,0086110222010000,0086110222010000,16142.3,True
6878,008722002811a02d,0087220111020000,0087220111020000,17025.2,True
6879,008811aad822f57d,0088110222020000,0088110222020000,16885.0,True
6880,008922ead211b583,0089220211020000,0089220211020000,16900.4,True
6881,008a11c02e22e027,008a110222020000,008a110222020000,16870.6,True
6882,008b22d57c11cad9,008b220211020000,008b220211020000,16963.9,True
6883,008c11d58422cad1,008c110222020000,008c110222020000,16862.1,True
6884,008d22c02611e02f,008d220211020000,008d220211020000,16994.8,True
6885,008e11eada22b57b,008e110222020000,008e110222020000,17141.9,True
6886,008f22aad011f585,008f220211020000,008f220211020000,16969.8,True
6887,009011003022a025,0090110122020000,0090110122020000,16836.5,True
6888,009122957a110adb,0091220211010000,0091220211010000,17909.8,True
6889,0092111586228acf,0092110122010000,0092110122010000,17140.9,True
6890,0093228024112031,0093220111010000,0093220111010000,18082.4,True
6891,0094112adc227579,0094110122010000,0094110122010000,16405.8,True
6892,0095226ace113587,0095220111010000,0095220111010000,15981.8,True
6893,0096114032226023,0096110122010000,0096110122010000,15821.6,True
6894,0097225578114add,0097220111010000,0097220111010000,17063.5,True
6895,0098115588224acd,0098110122010000,0098110122010000,17725.4,True
6896,0099224022116033,0099220111010000,0099220111010000,16488.2,True
6897,009a116ade223577,009a110222010000,009a110222010000,16796.4,True
6898,009b222acc117589,009b220111020000,009b220111020000,16935.9,True
6899,009c118034222021,009c110222010000,009c110222010000,16696.9,True
6900,009d221576118adf,009d220111020000,009d220111020000,17172.6,True
6901,009e11958a220acb,009e110222010000,009e110222010000,16755.4,True
6902,009f22002011a035,009f220111020000,009f220111020000,17279.7,True
6903,00a011aae022f575,00a0110222020000,00a0110222020000,16802.4,True
6904,00a122eaca11b58b,00a1220211020000,00a1220211020000,24737.8,True
6905,00a211c03622e01f,00a2110222020000,00a2110222020000,8970.5,True
6906,00a322d57411cae1,00a3220211020000,00a3220211020000,16953.9,True
6907,00a411d58c22cac9,00a4110222020000,00a4110222020000,17099.9,True
6908,00a522c01e11e037,00a5220211020000,00a5220211020000,17139.1,True
6909,00a611eae222b573,00a6110222020000,00a6110222020000,16703.3,True
6910,00a722aac811f58d,00a7220211020000,00a7220211020000,17073.9,True
6911,00a811003822a01d,00a8110122020000,00a8110122020000,16954.5,True
6912,00a9229572110ae3,00a9220211010000,00a9220211010000,16923.4,True
6913,00aa11158e228ac7,00aa110122010000,00aa110122010000,16773.6,True
6914,00ab22801c112039,00ab220111010000,00ab220111010000,17130.2,True
6915,00ac112ae4227571,00ac110122010000,00ac110122010000,16721.5,True
6916,00ad226ac611358f,00ad220111010000,00ad220111010000,17095.4,True
6917,00ae11403a22601b,00ae110122010000,00ae110122010000,16936.4,True
6918,00af225570114ae5,00af220111010000,00af220111010000,16949.6,True
6919,00b0115590224ac5,00b0110122010000,00b0110122010000,16823.4,True
6920,00b122401a11603b,00b1220111010000,00b1220111010000,16802.4,True
6921,00b2116ae622356f,00b2110222010000,00b2110222010000,17055.7,True
6922,00b3222ac4117591,00b3220111020000,00b3220111020000,16592.7,True
6923,00b411803c222019,00b4110222010000,00b4110222010000,17174.7,True
6924,00b522156e118ae7,00b5220111020000,00b5220111020000,16731.1,True
6925,00b6119592220ac3,00b6110222010000,00b6110222010000,17153.9,True
6926,00b722001811a03d,00b7220111020000,00b7220111020000,17146.0,True
6927,00b811aae822f56d,00b8110222020000,00b8110222020000,16702.1,True
6928,00b922eac211b593,00b9220211020000,00b9220211020000,17133.1,True
6929,00ba11c03e22e017,00ba110222020000,00ba110222020000,16727.7,True
6930,00bb22d56c11cae9,00bb220211020000,00bb220211020000,16770.0,True
6931,00bc11d59422cac1,00bc110222020000,00bc110222020000,17107.9,True
6932,00bd22c01611e03f,00bd220211020000,00bd220211020000,16953.0,True
6933,00be11eaea22b56b,00be110222020000,00be110222020000,16936.7,True
6934,00bf22aac011f595,00bf220211020000,00bf220211020000,17069.3,True
6935,00c011004022a015,00c0110122020000,00c0110122020000,17056.0,True
6936,00c122956a110aeb,00c1220211010000,00c1220211010000,16756.9,True
6937,00c2111596228abf,00c2110122010000,00c2110122010000,16916.4,True
6938,00c3228014112041,00c3220111010000,00c3220111010000,17393.7,True
6939,00c4112aec227569,00c4110122010000,00c4110122010000,17268.1,True
6940,00c5226abe113597,00c5220111010000,00c5220111010000,16266.6,True
6941,00c6114042226013,00c6110122010000,00c6110122010000,17097.9,True
6942,00c7225568114aed,00c7220111010000,00c7220111010000,16356.2,True
6943,00c8115598224abd,00c8110122010000,00c8110122010000,16952.1,True
6944,00c9224012116043,00c9220111010000,00c9220111010000,16842.2,True
6945,00ca116aee223567,00ca110222010000,00ca110222010000,17047.8,True
6946,00cb222abc117599,00cb220111020000,00cb220111020000,17903.5,True
6947,00cc118044222011,00cc110222010000,00cc110222010000,17445.0,True
6948,00cd221566118aef,00cd220111020000,00cd220111020000,22748.1,True
6949,00ce11959a220abb,00ce110222010000,00ce110222010000,9618.4,True
6950,00cf22001011a045,00cf220111020000,00cf220111020000,16845.4,True
6951,00d011aaf022f565,00d0110222020000,00d0110222020000,17100.3,True
6952,00d122eaba11b59b,00d1220211020000,00d1220211020000,16937.5,True
6953,00d211c04622e00f,00d2110222020000,00d2110222020000,17094.9,True
6954,00d322d56411caf1,00d3220211020000,00d3220211020000,17141.5,True
6955,00d411d59c22cab9,00d4110222020000,00d4110222020000,16802.9,True
6956,00d522c00e11e047,00d5220211020000,00d5220211020000,16478.1,True
6957,00d611eaf222b563,00d6110222020000,00d6110222020000,17196.5,True
6958,00d722aab811f59d,00d7220211020000,00d7220211020000,16960.1,True
6959,00d811004822a00d,00d8110122020000,00d8110122020000,16939.2,True
6960,00d9229562110af3,00d9220211010000,00d9220211010000,16950.3,True
6961,00da11159e228ab7,00da110122010000,00da110122010000,16934.2,True
6962,00db22800c112049,00db220111010000,00db220111010000,16955.7,True
6963,00dc112af4227561,00dc110122010000,00dc110122010000,18222.1,True
6964,00dd226ab611359f,00dd220111010000,00dd220111010000,15467.7,True
6965,00de11404a22600b,00de110122010000,00de110122010000,17291.4,True
6966,00df225560114af5,00df220111010000,00df220111010000,16545.2,True
6967,00e01155a0224ab5,00e0110122010000,00e0110122010000,17241.9,True
6968,00e122400a11604b,00e1220111010000,00e1220111010000,16804.0,True
6969,00e2116af622355f,00e2110222010000,00e2110222010000,16945.2,True
6970,00e3222ab41175a1,00e3220111020000,00e3220111020000,17050.5,True
6971,00e411804c222009,00e4110222010000,00e4110222010000,16988.2,True
6972,00e522155e118af7,00e5220111020000,00e5220111020000,16914.5,True
6973,00e61195a2220ab3,00e6110222010000,00e6110222010000,17028.6,True
6974,00e722000811a04d,00e7220111020000,00e7220111020000,16709.9,True
6975,00e811aaf822f55d,00e8110222020000,00e8110222020000,17063.5,True
6976,00e922eab211b5a3,00e9220211020000,00e9220211020000,16842.7,True
6977,00ea11c04e22e007,00ea110222020000,00ea110222020000,16967.9,True
6978,00eb22d55c11caf9,00eb220211020000,00eb220211020000,16927.5,True
6979,00ec11d5a422cab1,00ec110222020000,00ec110222020000,16811.3,True
6980,00ed22c00611e04f,00ed220211020000,00ed220211020000,17063.7,True
6981,00ee11eafa22b55b,00ee110222020000,00ee110222020000,16791.7,True
6982,00ef22aab011f5a5,00ef220211020000,00ef220211020000,16925.1,True
6983,00f011005022a005,00f0110122020000,00f0110122020000,16942.9,True
6984,00f122955a110afb,00f1220211010000,00f1220211010000,17723.2,True
6985,00f21115a6228aaf,00f2110122010000,00f2110122010000,16135.7,True
6986,00f3228004112051,00f3220111010000,00f3220111010000,16835.3,True
6987,00f4112afc227559,00f4110122010000,00f4110122010000,17010.6,True
6988,00f5226aae1135a7,00f5220111010000,00f5220111010000,16672.2,True
6989,00f6114052226003,00f6110122010000,00f6110122010000,17434.7,True
6990,00f7225558114afd,00f7220111010000,00f7220111010000,17243.5,True
6991,00f81155a8224aad,00f8110122010000,00f8110122010000,16189.2,True
6992,00f9224002116053,00f9220111010000,00f9220111010000,17532.2,True
6993,00fa116afe223557,00fa110222010000,00fa110222010000,16585.7,True
6994,00fb222aac1175a9,00fb220111020000,00fb220111020000,18832.7,True
6995,00fc118054222001,00fc110222010000,00fc110222010000,16599.9,True
6996,00fd221556118aff,00fd220111020000,00fd220111020000,15473.9,True
6997,00fe1195aa220aab,00fe110222010000,00fe110222010000,16862.6,True
6998,00ff22000011a055,00ff220111020000,00ff220111020000,16714.3,True
6999,000011ffff220000,0000110022000000,0000110022000000,17003.3,True
7000,000122ffff110000,0001220011000000,0001220011000000,16933.1,True
7001,000211000022ffff,0002110022000000,0002110022000000,18354.6,True
7002,000322ffff110000,0003220011000000,0003220011000000,17643.5,True
7003,000411000022ffff,0004110022000000,0004110022000000,20533.1,True
7004,000522ffff110000,0005220011000000,0005220011000000,10867.0,True
7005,000611000022ffff,0006110022000000,0006110022000000,16977.9,True
7006,000722ffff110000,0007220011000000,0007220011000000,17237.1,True
7007,000811000022ffff,0008110022000000,0008110022000000,16774.3,True
7008,000922ffff110000,0009220011000000,0009220011000000,17047.1,True
7009,000a11000022ffff,000a110022000000,000a110022000000,16892.5,True
7010,000b22ffff110000,000b220011000000,000b220011000000,16859.2,True
7011,000c11000022ffff,000c110022000000,000c110022000000,16905.5,True
7012,000d22ffff110000,000d220011000000,000d220011000000,16894.3,True
7013,000e11000022ffff,000e110022000000,000e110022000000,16883.5,True
7014,000f22ffff110000,000f220011000000,000f220011000000,17561.5,True
7015,001011000022ffff,0010110022000000,0010110022000000,16066.6,True
7016,001122ffff11ffff,0011220011020000,0011220011020000,16688.1,True
7017,001211000022ffff,0012110122000000,0012110122000000,17123.3,True
7018,0013220000110000,0013220111010000,0013220111010000,16987.7,True
7019,001411000022ffff,0014110122020000,0014110122020000,16814.7,True
7020,001522ffff110000,0015220211010000,0015220211010000,17163.3,True
7021,001611000022ffff,0016110122020000,0016110122020000,16382.5,True
7022,001722ffff110000,0017220211010000,0017220211010000,16951.6,True
7023,001811000022ffff,0018110122020000,0018110122020000,16952.5,True
7024,001922ffff110000,0019220211010000,0019220211010000,17177.0,True
7025,001a11000022ffff,001a110122020000,001a110122020000,16774.4,True
7026,001b22ffff110000,001b220211010000,001b220211010000,17027.9,True
7027,001c11000022ffff,001c110122020000,001c110122020000,16761.9,True
7028,001d22ffff110000,001d220211010000,001d220211010000,16895.7,True
7029,001e11000022ffff,001e110122020000,001e110122020000,16903.1,True
7030,001f22ffff110000,001f220211010000,001f220211010000,16853.1,True
7031,002011000022ffff,0020110122020000,0020110122020000,16899.4,True
7032,002122ffff110000,0021220211010000,0021220211010000,17062.6,True
7033,002211ffff22ffff,0022110222020000,0022110222020000,16734.4,True
7034,002322ffff110000,0023220211010000,0023220211010000,17598.8,True
7035,002411000022ffff,0024110122020000,0024110122020000,16222.8,True
7036,002522ffff110000,0025220211010000,0025220211010000,16914.7,True
7037,0026110000220000,0026110122010000,0026110122010000,16666.3,True
7038,002722ffff110000,0027220211010000,0027220211010000,23641.9,True
7039,002811000022ffff,0028110122020000,0028110122020000,15410.7,True
7040,002922ffff110000,0029220211010000,0029220211010000,12640.5,True
7041,002a11000022ffff,002a110122020000,002a110122020000,21072.9,True
7042,002b22ffff110000,002b220211010000,002b220211010000,14452.9,True
7043,002c11000022ffff,002c110122020000,002c110122020000,17843.1,True
7044,002d22ffff110000,002d220211010000,002d220211010000,16868.8,True
7045,002e11000022ffff,002e110122020000,002e110122020000,15037.8,True
7046,002f22ffff110000,002f220211010000,002f220211010000,18338.7,True
7047,003011000022ffff,0030110122020000,0030110122020000,15624.2,True
7048,003122ffff110000,0031220211010000,0031220211010000,15591.3,True
7049,003211000022ffff,0032110122020000,0032110122020000,15685.3,True
7050,003322ffff11ffff,0033220211020000,0033220211020000,20028.2,True
7051,003411000022ffff,0034110122020000,0034110122020000,13867.2,True
7052,003522ffff110000,0035220211010000,0035220211010000,16702.9,True
7053,003611000022ffff,0036110122020000,0036110122020000,20390.7,True
7054,003722ffff110000,0037220211010000,0037220211010000,15517.6,True
7055,003811000022ffff,0038110122020000,0038110122020000,15184.9,True
7056,0039220000110000,0039220111010000,0039220111010000,17304.3,True
7057,003a11000022ffff,003a110122020000,003a110122020000,16067.4,True
7058,003b22ffff110000,003b220211010000,003b220211010000,16962.4,True
7059,003c11000022ffff,003c110122020000,003c110122020000,16777.4,True
7060,003d22ffff110000,003d220211010000,003d220211010000,16939.8,True
7061,003e11000022ffff,003e110122020000,003e110122020000,16891.9,True
7062,003f22ffff110000,003f220211010000,003f220211010000,16842.8,True
7063,004011000022ffff,0040110122020000,0040110122020000,16924.0,True
7064,004122ffff110000,0041220211010000,0041220211010000,16805.9,True
7065,004211000022ffff,0042110122020000,0042110122020000,16822.6,True
7066,004322ffff110000,0043220211010000,0043220211010000,16941.3,True
7067,004411ffff22ffff,0044110222020000,0044110222020000,16952.5,True
7068,004522ffff110000,0045220211010000,0045220211010000,17250.0,True
7069,004611000022ffff,0046110122020000,0046110122020000,17011.8,True
7070,004722ffff110000,0047220211010000,0047220211010000,17040.3,True
7071,004811000022ffff,0048110122020000,0048110122020000,17317.7,True
7072,004922ffff110000,0049220211010000,0049220211010000,16409.5,True
7073,004a11000022ffff,004a110122020000,004a110122020000,16939.8,True
7074,004b22ffff110000,004b220211010000,004b220211010000,17030.6,True
7075,004c110000220000,004c110122010000,004c110122010000,16739.4,True
7076,004d22ffff110000,004d220211010000,004d220211010000,17322.7,True
7077,004e11000022ffff,004e110122020000,004e110122020000,16718.3,True
7078,004f22ffff110000,004f220211010000,004f220211010000,16917.3,True
7079,005011000022ffff,0050110122020000,0050110122020000,16934.3,True
7080,005122ffff110000,0051220211010000,0051220211010000,16933.0,True
7081,005211000022ffff,0052110122020000,0052110122020000,16759.4,True
7082,005322ffff110000,0053220211010000,0053220211010000,16831.8,True
7083,005411000022ffff,0054110122020000,0054110122020000,17204.6,True
7084,005522ffff11ffff,0055220211020000,0055220211020000,16571.4,True
7085,005611000022ffff,0056110122020000,0056110122020000,17308.1,True
7086,005722ffff110000,0057220211010000,0057220211010000,16900.7,True
7087,005811000022ffff,0058110122020000,0058110122020000,16896.3,True
7088,005922ffff110000,0059220211010000,0059220211010000,16665.3,True
7089,005a11000022ffff,005a110122020000,005a110122020000,20373.5,True
7090,005b22ffff110000,005b220211010000,005b220211010000,16669.6,True
7091,005c11000022ffff,005c110122020000,005c110122020000,15258.4,True
7092,005d22ffff110000,005d220211010000,005d220211010000,16714.0,True
7093,005e11000022ffff,005e110122020000,005e110122020000,19260.0,True
7094,005f220000110000,005f220111010000,005f220111010000,13874.2,True
7095,006011000022ffff,0060110122020000,0060110122020000,16911.3,True
7096,006122ffff110000,0061220211010000,0061220211010000,17411.0,True
7097,006211000022ffff,0062110122020000,0062110122020000,16706.1,True
7098,006322ffff110000,0063220211010000,0063220211010000,16289.6,True
7099,006411000022ffff,0064110122020000,0064110122020000,18940.8,True
7100,006522ffff110000,0065220211010000,0065220211010000,15029.7,True
7101,006611ffff22ffff,0066110222020000,0066110222020000,16654.3,True
7102,006722ffff110000,0067220211010000,0067220211010000,17153.9,True
7103,006811000022ffff,0068110122020000,0068110122020000,16914.6,True
7104,006922ffff110000,0069220211010000,0069220211010000,17299.3,True
7105,006a11000022ffff,006a110122020000,006a110122020000,16439.3,True
7106,006b22ffff110000,006b220211010000,006b220211010000,17052.0,True
7107,006c11000022ffff,006c110122020000,006c110122020000,16704.9,True
7108,006d22ffff110000,006d220211010000,006d220211010000,16943.2,True
7109,006e11000022ffff,006e110122020000,006e110122020000,17111.1,True
7110,006f22ffff110000,006f220211010000,006f220211010000,16815.5,True
7111,007011000022ffff,0070110122020000,0070110122020000,17077.3,True
7112,007122ffff110000,0071220211010000,0071220211010000,16727.2,True
7113,0072110000220000,0072110122010000,0072110122010000,17237.4,True
7114,007322ffff110000,0073220211010000,0073220211010000,16678.6,True
7115,007411000022ffff,0074110122020000,0074110122020000,17179.9,True
7116,007522ffff110000,0075220211010000,0075220211010000,17817.2,True
7117,007611000022ffff,0076110122020000,0076110122020000,16031.2,True
7118,007722ffff11ffff,0077220211020000,0077220211020000,16937.6,True
7119,007811000022ffff,0078110122020000,0078110122020000,16983.9,True
7120,007922ffff110000,0079220211010000,0079220211010000,17027.2,True
7121,007a11000022ffff,007a110122020000,007a110122020000,16849.3,True
7122,007b22ffff110000,007b220211010000,007b220211010000,16929.2,True
7123,007c11000022ffff,007c110122020000,007c110122020000,16942.6,True
7124,007d22ffff110000,007d220211010000,007d220211010000,16960.1,True
7125,007e11000022ffff,007e110122020000,007e110122020000,16926.9,True
7126,007f22ffff110000,007f220211010000,007f220211010000,16943.5,True
7127,008011000022ffff,0080110122020000,0080110122020000,17015.7,True
7128,008122ffff110000,0081220211010000,0081220211010000,16994.9,True
7129,008211000022ffff,0082110122020000,0082110122020000,16841.0,True
7130,008322ffff110000,0083220211010000,0083220211010000,17028.8,True
7131,008411000022ffff,0084110122020000,0084110122020000,16742.0,True
7132,0085220000110000,0085220111010000,0085220111010000,17145.0,True
7133,008611000022ffff,0086110122020000,0086110122020000,16913.3,True
7134,008722ffff110000,0087220211010000,0087220211010000,16755.7,True
7135,008811ffff22ffff,0088110222020000,0088110222020000,16956.7,True
7136,008922ffff110000,0089220211010000,0089220211010000,16930.5,True
7137,008a11000022ffff,008a110122020000,008a110122020000,16882.2,True
7138,008b22ffff110000,008b220211010000,008b220211010000,17019.8,True
7139,008c11000022ffff,008c110122020000,008c110122020000,20761.6,True
7140,008d22ffff110000,008d220211010000,008d220211010000,14394.0,True
7141,008e11000022ffff,008e110122020000,008e110122020000,18377.3,True
7142,008f22ffff110000,008f220211010000,008f220211010000,16361.1,True
7143,009011000022ffff,0090110122020000,0090110122020000,15855.2,True
7144,009122ffff110000,0091220211010000,0091220211010000,16074.0,True
7145,009211000022ffff,0092110122020000,0092110122020000,16638.2,True
7146,009322ffff110000,0093220211010000,0093220211010000,20847.6,True
7147,009411000022ffff,0094110122020000,0094110122020000,13169.9,True
7148,009522ffff110000,0095220211010000,0095220211010000,16627.6,True
7149,009611000022ffff,0096110122020000,0096110122020000,17136.9,True
7150,009722ffff110000,0097220211010000,0097220211010000,16856.7,True
7151,0098110000220000,0098110122010000,0098110122010000,16985.5,True
7152,009922ffff11ffff,0099220211020000,0099220211020000,17604.2,True
7153,009a11000022ffff,009a110122020000,009a110122020000,16558.5,True
7154,009b22ffff110000,009b220211010000,009b220211010000,16372.6,True
7155,009c11000022ffff,009c110122020000,009c110122020000,17326.7,True
7156,009d22ffff110000,009d220211010000,009d220211010000,16587.0,True
7157,009e11000022ffff,009e110122020000,009e110122020000,16780.2,True
7158,009f22ffff110000,009f220211010000,009f220211010000,16974.8,True
7159,00a011000022ffff,00a0110122020000,00a0110122020000,18140.4,True
7160,00a122ffff110000,00a1220211010000,00a1220211010000,15581.2,True
7161,00a211000022ffff,00a2110122020000,00a2110122020000,16959.0,True
7162,00a322ffff110000,00a3220211010000,00a3220211010000,16923.3,True
7163,00a411000022ffff,00a4110122020000,00a4110122020000,16990.8,True
7164,00a522ffff110000,00a5220211010000,00a5220211010000,16893.5,True
7165,00a611000022ffff,00a6110122020000,00a6110122020000,17059.3,True
7166,00a722ffff110000,00a7220211010000,00a7220211010000,16766.4,True
7167,00a811000022ffff,00a8110122020000,00a8110122020000,17004.6,True
7168,00a922ffff110000,00a9220211010000,00a9220211010000,16881.7,True
7169,00aa11ffff22ffff,00aa110222020000,00aa110222020000,17145.0,True
7170,00ab220000110000,00ab220111010000,00ab220111010000,17179.5,True
7171,00ac11000022ffff,00ac110122020000,00ac110122020000,16784.6,True
7172,00ad22ffff110000,00ad220211010000,00ad220211010000,16658.6,True
7173,00ae11000022ffff,00ae110122020000,00ae110122020000,17244.6,True
7174,00af22ffff110000,00af220211010000,00af220211010000,16929.3,True
7175,00b011000022ffff,00b0110122020000,00b0110122020000,16939.4,True
7176,00b122ffff110000,00b1220211010000,00b1220211010000,17079.1,True
7177,00b211000022ffff,00b2110122020000,00b2110122020000,16950.7,True
7178,00b322ffff110000,00b3220211010000,00b3220211010000,16538.1,True
7179,00b411000022ffff,00b4110122020000,00b4110122020000,17299.5,True
7180,00b522ffff110000,00b5220211010000,00b5220211010000,16919.7,True
7181,00b611000022ffff,00b6110122020000,00b6110122020000,16829.6,True
7182,00b722ffff110000,00b7220211010000,00b7220211010000,17099.1,True
7183,00b811000022ffff,00b8110122020000,00b8110122020000,16786.9,True
7184,00b922ffff110000,00b9220211010000,00b9220211010000,16620.0,True
7185,00ba11000022ffff,00ba110122020000,00ba110122020000,17229.7,True
7186,00bb22ffff11ffff,00bb220211020000,00bb220211020000,17040.3,True
7187,00bc11000022ffff,00bc110122020000,00bc110122020000,16843.2,True
7188,00bd22ffff110000,00bd220211010000,00bd220211010000,16799.6,True
7189,00be110000220000,00be110122010000,00be110122010000,17013.4,True
7190,00bf22ffff110000,00bf220211010000,00bf220211010000,17850.5,True
7191,00c011000022ffff,00c0110122020000,00c0110122020000,16852.2,True
7192,00c122ffff110000,00c1220211010000,00c1220211010000,16531.8,True
7193,00c211000022ffff,00c2110122020000,00c2110122020000,17646.1,True
7194,00c322ffff110000,00c3220211010000,00c3220211010000,15768.4,True
7195,00c411000022ffff,00c4110122020000,00c4110122020000,16755.9,True
7196,00c522ffff110000,00c5220211010000,00c5220211010000,16948.9,True
7197,00c611000022ffff,00c6110122020000,00c6110122020000,17166.2,True
7198,00c722ffff110000,00c7220211010000,00c7220211010000,17024.6,True
7199,00c811000022ffff,00c8110122020000,00c8110122020000,16606.5,True
7200,00c922ffff110000,00c9220211010000,00c9220211010000,17293.9,True
7201,00ca11000022ffff,00ca110122020000,00ca110122020000,16638.0,True
7202,00cb22ffff110000,00cb220211010000,00cb220211010000,16873.2,True
7203,00cc11ffff22ffff,00cc110222020000,00cc110222020000,17083.8,True
7204,00cd22ffff110000,00cd220211010000,00cd220211010000,16859.6,True
7205,00ce11000022ffff,00ce110122020000,00ce110122020000,16997.2,True
7206,00cf22ffff110000,00cf220211010000,00cf220211010000,17047.4,True
7207,00d011000022ffff,00d0110122020000,00d0110122020000,16884.3,True
7208,00d1220000110000,00d1220111010000,00d1220111010000,17199.5,True
7209,00d211000022ffff,00d2110122020000,00d2110122020000,16672.5,True
7210,00d322ffff110000,00d3220211010000,00d3220211010000,16945.1,True
7211,00d411000022ffff,00d4110122020000,00d4110122020000,16946.7,True
7212,00d522ffff110000,00d5220211010000,00d5220211010000,16940.7,True
7213,00d611000022ffff,00d6110122020000,00d6110122020000,16959.9,True
7214,00d722ffff110000,00d7220211010000,00d7220211010000,17008.4,True
7215,00d811000022ffff,00d8110122020000,00d8110122020000,16831.8,True
7216,00d922ffff110000,00d9220211010000,00d9220211010000,16946.6,True
7217,00da11000022ffff,00da110122020000,00da110122020000,16935.1,True
7218,00db22ffff110000,00db220211010000,00db220211010000,17126.9,True
7219,00dc11000022ffff,00dc110122020000,00dc110122020000,16759.8,True
7220,00dd22ffff11ffff,00dd220211020000,00dd220211020000,16836.0,True
7221,00de11000022ffff,00de110122020000,00de110122020000,17047.8,True
7222,00df22ffff110000,00df220211010000,00df220211010000,16992.6,True
7223,00e011000022ffff,00e0110122020000,00e0110122020000,16928.1,True
7224,00e122ffff110000,00e1220211010000,00e1220211010000,17201.9,True
7225,00e211000022ffff,00e2110122020000,00e2110122020000,16632.7,True
7226,00e322ffff110000,00e3220211010000,00e3220211010000,16943.6,True
7227,00e4110000220000,00e4110122010000,00e4110122010000,16931.2,True
7228,00e522ffff110000,00e5220211010000,00e5220211010000,16947.9,True
7229,00e611000022ffff,00e6110122020000,00e6110122020000,17120.3,True
7230,00e722ffff110000,00e7220211010000,00e7220211010000,16873.3,True
7231,00e811000022ffff,00e8110122020000,00e8110122020000,16783.7,True
7232,00e922ffff110000,00e9220211010000,00e9220211010000,17147.8,True
7233,00ea11000022ffff,00ea110122020000,00ea110122020000,16508.8,True
7234,00eb22ffff110000,00eb220211010000,00eb220211010000,17249.4,True
7235,00ec11000022ffff,00ec110122020000,00ec110122020000,17057.7,True
7236,00ed22ffff110000,00ed220211010000,00ed220211010000,16790.7,True
7237,00ee11ffff22ffff,00ee110222020000,00ee110222020000,16724.0,True
7238,00ef22ffff110000,00ef220211010000,00ef220211010000,17075.8,True
7239,00f011000022ffff,00f0110122020000,00f0110122020000,16598.5,True
7240,00f122ffff110000,00f1220211010000,00f1220211010000,17332.9,True
7241,00f211000022ffff,00f2110122020000,00f2110122020000,17693.3,True
7242,00f322ffff110000,00f3220211010000,00f3220211010000,17280.3,True
7243,00f411000022ffff,00f4110122020000,00f4110122020000,17807.5,True
7244,00f522ffff110000,00f5220211010000,00f5220211010000,14569.5,True
7245,00f611000022ffff,00f6110122020000,00f6110122020000,16956.8,True
7246,00f7220000110000,00f7220111010000,00f7220111010000,17006.8,True
7247,00f811000022ffff,00f8110122020000,00f8110122020000,16767.1,True
7248,00f922ffff110000,00f9220211010000,00f9220211010000,17012.8,True
7249,00fa11000022ffff,00fa110122020000,00fa110122020000,16868.1,True
7250,00fb22ffff110000,00fb220211010000,00fb220211010000,16968.3,True
7251,00fc11000022ffff,00fc110122020000,00fc110122020000,16878.7,True
7252,00fd22ffff110000,00fd220211010000,00fd220211010000,17405.6,True
7253,00fe11000022ffff,00fe110122020000,00fe110122020000,16272.8,True
7254,00ff22ffff11ffff,00ff220211020000,00ff220211020000,16702.9,True
7255,000011000022fffe,0000110022000000,0000110022000000,16837.7,True
7256,000122fffe110000,0001220011000000,0001220011000000,16809.5,True
7257,000211000022fffe,0002110022000000,0002110022000000,16875.8,True
7258,000322fffe110000,0003220011000000,0003220011000000,17183.4,True
7259,000411000022fffe,0004110022000000,0004110022000000,17380.9,True
7260,000522fffe110000,0005220011000000,0005220011000000,16509.7,True
7261,000611000022fffe,0006110022000000,0006110022000000,16922.4,True
7262,000722fffe110000,0007220011000000,0007220011000000,16971.6,True
7263,000811000022fffe,0008110022000000,0008110022000000,16967.0,True
7264,000922fffe110000,0009220011000000,0009220011000000,16987.2,True
7265,000a11000022fffe,000a110022000000,000a110022000000,17005.0,True
7266,000b22fffe110000,000b220011000000,000b220011000000,16791.1,True
7267,000c11000022fffe,000c110022000000,000c110022000000,17266.2,True
7268,000d22fffe110000,000d220011000000,000d220011000000,16641.9,True
7269,000e11000022fffe,000e110022000000,000e110022000000,17084.9,True
7270,000f22fffe110000,000f220011000000,000f220011000000,16988.6,True
7271,001011000022fffe,0010110022000000,0010110022000000,16732.0,True
7272,001122fffe110000,0011220011000000,0011220011000000,16976.9,True
7273,001211000022fffe,0012110022000000,0012110022000000,16963.8,True
7274,001322fffe110000,0013220011000000,0013220011000000,16632.5,True
7275,001411000022fffe,0014110022000000,0014110022000000,17137.2,True
7276,001522fffe110000,0015220011000000,0015220011000000,16711.2,True
7277,001611000022fffe,0016110022000000,0016110022000000,17214.4,True
7278,001722fffe110000,0017220011000000,0017220011000000,16921.8,True
7279,001811000022fffe,0018110022000000,0018110022000000,16937.1,True
7280,001922fffe110000,0019220011000000,0019220011000000,16941.3,True
7281,001a11000022fffe,001a110022000000,001a110022000000,16957.7,True
7282,001b22fffe110000,001b220011000000,001b220011000000,16959.4,True
7283,001c11000022fffe,001c110022000000,001c110022000000,16922.4,True
7284,001d22fffe110000,001d220011000000,001d220011000000,16902.1,True
7285,001e11000022fffe,001e110022000000,001e110022000000,17095.8,True
7286,001f22fffe110000,001f220011000000,001f220011000000,17143.6,True
7287,002011ffff220001,0020110222010000,0020110222010000,16719.1,True
7288,002122000111ffff,0021220111020000,0021220111020000,16580.7,True
7289,002211ffff220001,0022110222010000,0022110222010000,17672.2,True
7290,002322000111ffff,0023220111020000,0023220111020000,17817.6,True
7291,002411ffff220001,0024110222010000,0024110222010000,16599.3,True
7292,002522000111ffff,0025220111020000,0025220111020000,19379.3,True
7293,002611ffff220001,0026110222010000,0026110222010000,14106.8,True
7294,002722000111ffff,0027220111020000,0027220111020000,16412.5,True
7295,002811ffff220001,0028110222010000,0028110222010000,17184.9,True
7296,002922000111ffff,0029220111020000,0029220111020000,16202.9,True
7297,002a11ffff220001,002a110222010000,002a110222010000,16999.5,True
7298,002b22000111ffff,002b220111020000,002b220111020000,17288.8,True
7299,002c11ffff220001,002c110222010000,002c110222010000,16779.0,True
7300,002d22000111ffff,002d220111020000,002d220111020000,16977.7,True
7301,002e11ffff220001,002e110222010000,002e110222010000,19508.1,True
7302,002f22000111ffff,002f220111020000,002f220111020000,14740.0,True
7303,003011ffff220001,0030110222010000,0030110222010000,18517.3,True
7304,003122000111ffff,0031220111020000,0031220111020000,14818.9,True
7305,003211ffff220001,0032110222010000,0032110222010000,17130.1,True
7306,003322000111ffff,0033220111020000,0033220111020000,16488.9,True
7307,003411ffff220001,0034110222010000,0034110222010000,16928.3,True
7308,003522000111ffff,0035220111020000,0035220111020000,17076.0,True
7309,003611ffff220001,0036110222010000,0036110222010000,17021.4,True
7310,003722000111ffff,0037220111020000,0037220111020000,16471.2,True
7311,003811ffff220001,0038110222010000,0038110222010000,16954.9,True
7312,003922000111ffff,0039220111020000,0039220111020000,16938.2,True
7313,003a11ffff220001,003a110222010000,003a110222010000,17173.2,True
7314,003b22000111ffff,003b220111020000,003b220111020000,16920.4,True
7315,003c11ffff220001,003c110222010000,003c110222010000,16954.8,True
7316,003d22000111ffff,003d220111020000,003d220111020000,16976.1,True
7317,003e11ffff220001,003e110222010000,003e110222010000,16677.2,True
7318,003f22000111ffff,003f220111020000,003f220111020000,17171.4,True
7319,0040117fff228000,0040110122020000,0040110122020000,16946.9,True
7320,0041228000117fff,0041220211010000,0041220211010000,16938.4,True
7321,0042117fff228000,0042110122020000,0042110122020000,16941.2,True
7322,0043228000117fff,0043220211010000,0043220211010000,16960.8,True
7323,0044117fff228000,0044110122020000,0044110122020000,16924.0,True
7324,0045228000117fff,0045220211010000,0045220211010000,17021.0,True
7325,0046117fff228000,0046110122020000,0046110122020000,16941.8,True
7326,0047228000117fff,0047220211010000,0047220211010000,16850.9,True
7327,0048117fff228000,0048110122020000,0048110122020000,16957.5,True
7328,0049228000117fff,0049220211010000,0049220211010000,16812.3,True
7329,004a117fff228000,004a110122020000,004a110122020000,17103.7,True
7330,004b228000117fff,004b220211010000,004b220211010000,16944.9,True
7331,004c117fff228000,004c110122020000,004c110122020000,17075.3,True
7332,004d228000117fff,004d220211010000,004d220211010000,16805.4,True
7333,004e117fff228000,004e110122020000,004e110122020000,16894.1,True
7334,004f228000117fff,004f220211010000,004f220211010000,16930.3,True
7335,0050117fff228000,0050110122020000,0050110122020000,16927.2,True
7336,0051228000117fff,0051220211010000,0051220211010000,17068.7,True
7337,0052117fff228000,0052110122020000,0052110122020000,16721.7,True
7338,0053228000117fff,0053220211010000,0053220211010000,16956.0,True
7339,0054117fff228000,0054110122020000,0054110122020000,17167.7,True
7340,0055228000117fff,0055220211010000,0055220211010000,17073.6,True
7341,0056117fff228000,0056110122020000,0056110122020000,17563.0,True
7342,0057228000117fff,0057220211010000,0057220211010000,16181.1,True
7343,0058117fff228000,0058110122020000,0058110122020000,17921.6,True
7344,0059228000117fff,0059220211010000,0059220211010000,17195.4,True
7345,005a117fff228000,005a110122020000,005a110122020000,15432.2,True
7346,005b228000117fff,005b220211010000,005b220211010000,15975.7,True
7347,005c117fff228000,005c110122020000,005c110122020000,18616.8,True
7348,005d228000117fff,005d220211010000,005d220211010000,15507.8,True
7349,005e117fff228000,005e110122020000,005e110122020000,15960.0,True
7350,005f228000117fff,005f220211010000,005f220211010000,17225.4,True
7351,0060118000227fff,0060110222020000,0060110222020000,16508.3,True
7352,0061227fff118000,0061220211020000,0061220211020000,18104.3,True
7353,0062118000227fff,0062110222020000,0062110222020000,15983.4,True
7354,0063227fff118000,0063220211020000,0063220211020000,17665.9,True
7355,0064118000227fff,0064110222020000,0064110222020000,16149.2,True
7356,0065227fff118000,0065220211020000,0065220211020000,17245.5,True
7357,0066118000227fff,0066110222020000,0066110222020000,16502.1,True
7358,0067227fff118000,0067220211020000,0067220211020000,17094.4,True
7359,0068118000227fff,0068110222020000,0068110222020000,16848.9,True
7360,0069227fff118000,0069220211020000,0069220211020000,17064.4,True
7361,006a118000227fff,006a110222020000,006a110222020000,16792.6,True
7362,006b227fff118000,006b220211020000,006b220211020000,16828.7,True
7363,006c118000227fff,006c110222020000,006c110222020000,17482.8,True
7364,006d227fff118000,006d220211020000,006d220211020000,16424.5,True
7365,006e118000227fff,006e110222020000,006e110222020000,17003.5,True
7366,006f227fff118000,006f220211020000,006f220211020000,17070.6,True
7367,0070118000227fff,0070110222020000,0070110222020000,17005.7,True
7368,0071227fff118000,0071220211020000,0071220211020000,16892.8,True
7369,0072118000227fff,0072110222020000,0072110222020000,18121.1,True
7370,0073227fff118000,0073220211020000,0073220211020000,14984.7,True
7371,0074118000227fff,0074110222020000,0074110222020000,16777.4,True
7372,0075227fff118000,0075220211020000,0075220211020000,16885.1,True
7373,0076118000227fff,0076110222020000,0076110222020000,17024.8,True
7374,0077227fff118000,0077220211020000,0077220211020000,16826.8,True
7375,0078118000227fff,0078110222020000,0078110222020000,16984.1,True
7376,0079227fff118000,0079220211020000,0079220211020000,16844.0,True
7377,007a118000227fff,007a110222020000,007a110222020000,16998.9,True
7378,007b227fff118000,007b220211020000,007b220211020000,16956.9,True
7379,007c118000227fff,007c110222020000,007c110222020000,17001.5,True
7380,007d227fff118000,007d220211020000,007d220211020000,16870.4,True
7381,007e118000227fff,007e110222020000,007e110222020000,17152.8,True
7382,007f227fff118000,007f220211020000,007f220211020000,16836.9,True
7383,008011000122ffff,0080110122020000,0080110122020000,16774.5,True
7384,008122ffff110001,0081220211010000,0081220211010000,16925.3,True
7385,008211000122ffff,0082110122020000,0082110122020000,17072.4,True
7386,008322ffff110001,0083220211010000,0083220211010000,16808.9,True
7387,008411000122ffff,0084110122020000,0084110122020000,17137.6,True
7388,008522ffff110001,0085220211010000,0085220211010000,16756.6,True
7389,008611000122ffff,0086110122020000,0086110122020000,16823.9,True
7390,008722ffff110001,0087220211010000,0087220211010000,20180.9,True
7391,008811000122ffff,0088110122020000,0088110122020000,17211.8,True
7392,008922ffff110001,0089220211010000,0089220211010000,13581.4,True
7393,008a11000122ffff,008a110122020000,008a110122020000,17964.2,True
7394,008b22ffff110001,008b220211010000,008b220211010000,15783.6,True
7395,008c11000122ffff,008c110122020000,008c110122020000,17123.5,True
7396,008d22ffff110001,008d220211010000,008d220211010000,16463.9,True
7397,008e11000122ffff,008e110122020000,008e110122020000,16984.0,True
7398,008f22ffff110001,008f220211010000,008f220211010000,16912.0,True
7399,009011000122ffff,0090110122020000,0090110122020000,16937.7,True
7400,009122ffff110001,0091220211010000,0091220211010000,18076.0,True
7401,009211000122ffff,0092110122020000,0092110122020000,15676.4,True
7402,009322ffff110001,0093220211010000,0093220211010000,17121.8,True
7403,009411000122ffff,0094110122020000,0094110122020000,17775.8,True
7404,009522ffff110001,0095220211010000,0095220211010000,15914.7,True
7405,009611000122ffff,0096110122020000,0096110122020000,16991.2,True
7406,009722ffff110001,0097220211010000,0097220211010000,17048.8,True
7407,009811000122ffff,0098110122020000,0098110122020000,16778.0,True
7408,009922ffff110001,0099220211010000,0099220211010000,17367.7,True
7409,009a11000122ffff,009a110122020000,009a110122020000,16531.7,True
7410,009b22ffff110001,009b220211010000,009b220211010000,16961.7,True
7411,009c11000122ffff,009c110122020000,009c110122020000,16918.0,True
7412,009d22ffff110001,009d220211010000,009d220211010000,18569.3,True
7413,009e11000122ffff,009e110122020000,009e110122020000,15402.4,True
7414,009f22ffff110001,009f220211010000,009f220211010000,16810.9,True
7415,00a011fffe220000,00a0110222010000,00a0110222010000,16923.0,True
7416,00a122000011fffe,00a1220111020000,00a1220111020000,17168.0,True
7417,00a211fffe220000,00a2110222010000,00a2110222010000,17003.0,True
7418,00a322000011fffe,00a3220111020000,00a3220111020000,16959.1,True
7419,00a411fffe220000,00a4110222010000,00a4110222010000,16988.1,True
7420,00a522000011fffe,00a5220111020000,00a5220111020000,17349.1,True
7421,00a611fffe220000,00a6110222010000,00a6110222010000,16462.2,True
7422,00a722000011fffe,00a7220111020000,00a7220111020000,16966.5,True
7423,00a811fffe220000,00a8110222010000,00a8110222010000,16787.2,True
7424,00a922000011fffe,00a9220111020000,00a9220111020000,17223.2,True
7425,00aa11fffe220000,00aa110222010000,00aa110222010000,16960.1,True
7426,00ab22000011fffe,00ab220111020000,00ab220111020000,16970.3,True
7427,00ac11fffe220000,00ac110222010000,00ac110222010000,16852.7,True
7428,00ad22000011fffe,00ad220111020000,00ad220111020000,16663.4,True
7429,00ae11fffe220000,00ae110222010000,00ae110222010000,17039.3,True
7430,00af22000011fffe,00af220111020000,00af220111020000,17154.4,True
7431,00b011fffe220000,00b0110222010000,00b0110222010000,16685.4,True
7432,00b122000011fffe,00b1220111020000,00b1220111020000,17001.6,True
7433,00b211fffe220000,00b2110222010000,00b2110222010000,16937.1,True
7434,00b322000011fffe,00b3220111020000,00b3220111020000,17014.9,True
7435,00b411fffe220000,00b4110222010000,00b4110222010000,16785.1,True
7436,00b522000011fffe,00b5220111020000,00b5220111020000,16912.5,True
7437,00b611fffe220000,00b6110222010000,00b6110222010000,17027.2,True
7438,00b722000011fffe,00b7220111020000,00b7220111020000,16747.4,True
7439,00b811fffe220000,00b8110222010000,00b8110222010000,17179.2,True
7440,00b922000011fffe,00b9220111020000,00b9220111020000,17624.9,True
7441,00ba11fffe220000,00ba110222010000,00ba110222010000,17504.1,True
7442,00bb22000011fffe,00bb220111020000,00bb220111020000,16739.3,True
7443,00bc11fffe220000,00bc110222010000,00bc110222010000,18056.6,True
7444,00bd22000011fffe,00bd220111020000,00bd220111020000,14621.1,True
7445,00be11fffe220000,00be110222010000,00be110222010000,17260.3,True
7446,00bf22000011fffe,00bf220111020000,00bf220111020000,16589.6,True
7447,000011000122fffe,0000110022000000,0000110022000000,16789.3,True
7448,000122fffe110001,0001220011000000,0001220011000000,16784.8,True
7449,000211000122fffe,0002110022000000,0002110022000000,17704.2,True
7450,000322fffe110001,0003220011000000,0003220011000000,16160.6,True
7451,000411000122fffe,0004110022000000,0004110022000000,17247.7,True
7452,000522fffe110001,0005220011000000,0005220011000000,16589.7,True
7453,000611000122fffe,0006110022000000,0006110022000000,17158.0,True
7454,000722fffe110001,0007220011000000,0007220011000000,17163.0,True
7455,000811000122fffe,0008110022000000,0008110022000000,16657.0,True
7456,000922fffe110001,0009220011000000,0009220011000000,17039.9,True
7457,000a11000122fffe,000a110022000000,000a110022000000,17127.3,True
7458,000b22fffe110001,000b220011000000,000b220011000000,16792.8,True
7459,000c11000122fffe,000c110022000000,000c110022000000,17126.7,True
7460,000d22fffe110001,000d220011000000,000d220011000000,16529.8,True
7461,000e11000122fffe,000e110022000000,000e110022000000,17429.6,True
7462,000f22fffe110001,000f220011000000,000f220011000000,16612.6,True
7463,0010110000220002,0010110022010000,0010110022010000,16937.8,True
7464,0011220001110001,0011220111020000,0011220111020000,17106.1,True
7465,0012110002220000,0012110222010000,0012110222010000,16768.6,True
7466,0013220002110000,0013220111020000,0013220111020000,17021.8,True
7467,0014110001220001,0014110222010000,0014110222010000,17178.4,True
7468,0015220000110002,0015220111020000,0015220111020000,16636.3,True
7469,0016110000220002,0016110222010000,0016110222010000,16665.5,True
7470,0017220001110001,0017220111020000,0017220111020000,16945.8,True
7471,0018110002220000,0018110222010000,0018110222010000,16917.8,True
7472,0019220002110000,0019220111020000,0019220111020000,17366.9,True
7473,001a110001220001,001a110222010000,001a110222010000,16733.9,True
7474,001b220000110002,001b220111020000,001b220111020000,16787.3,True
7475,001c110000220002,001c110222010000,001c110222010000,17416.7,True
7476,001d220001110001,001d220111020000,001d220111020000,16458.3,True
7477,001e110002220000,001e110222010000,001e110222010000,17669.8,True
7478,001f220002110000,001f220211020000,001f220211020000,16735.2,True
7479,0020110001220001,0020110222020000,0020110222020000,16810.6,True
7480,0021220000110002,0021220211020000,0021220211020000,16862.6,True
7481,0022110000220002,0022110222020000,0022110222020000,16662.7,True
7482,0023220001110001,0023220211020000,0023220211020000,17108.0,True
7483,0024110002220000,0024110222020000,0024110222020000,17265.8,True
7484,0025220002110000,0025220211020000,0025220211020000,16530.7,True
7485,0026110001220001,0026110222020000,0026110222020000,17108.1,True
7486,0027220000110002,0027220211020000,0027220211020000,16983.6,True
7487,000011000222fffd,0000110022000000,0000110022000000,17040.1,True
7488,000122fffd110002,0001220011000000,0001220011000000,16848.0,True
7489,000211000222fffd,0002110022000000,0002110022000000,17005.1,True
7490,000322fffd110002,0003220011000000,0003220011000000,16547.2,True
7491,000411000222fffd,0004110022000000,0004110022000000,17285.1,True
7492,000522fffd110002,0005220011000000,0005220011000000,17274.8,True
7493,000611000222fffd,0006110022000000,0006110022000000,16130.8,True
7494,000722fffd110002,0007220011000000,0007220011000000,17053.0,True
7495,000811000222fffd,0008110022000000,0008110022000000,17711.9,True
7496,000922fffd110002,0009220011000000,0009220011000000,16112.2,True
7497,000a11000222fffd,000a110022000000,000a110022000000,16856.4,True
7498,000b22fffd110002,000b220011000000,000b220011000000,17028.8,True
7499,000c11000222fffd,000c110022000000,000c110022000000,16895.4,True
7500,000d22fffd110002,000d220011000000,000d220011000000,16937.8,True
7501,000e11000222fffd,000e110022000000,000e110022000000,16863.4,True
7502,000f22fffd110002,000f220011000000,000f220011000000,16559.2,True
7503,0010110001220003,0010110022010000,0010110022010000,17860.3,True
7504,0011220002110002,0011220111020000,0011220111020000,16152.7,True
7505,0012110003220001,0012110222010000,0012110222010000,17062.4,True
7506,0013220003110001,0013220111020000,0013220111020000,16848.6,True
7507,0014110002220002,0014110222010000,0014110222010000,17100.7,True
7508,0015220001110003,0015220111020000,0015220111020000,16853.1,True
7509,0016110001220003,0016110222010000,0016110222010000,16610.2,True
7510,0017220002110002,0017220111020000,0017220111020000,17022.9,True
7511,0018110003220001,0018110222010000,0018110222010000,16543.4,True
7512,0019220003110001,0019220111020000,0019220111020000,17395.0,True
7513,001a110002220002,001a110222010000,001a110222010000,16719.2,True
7514,001b220001110003,001b220111020000,001b220111020000,16949.4,True
7515,001c110001220003,001c110222010000,001c110222010000,16956.2,True
7516,001d220002110002,001d220111020000,001d220111020000,17073.6,True
7517,001e110003220001,001e110222010000,001e110222010000,16805.5,True
7518,001f220003110001,001f220211020000,001f220211020000,16939.6,True
7519,0020110002220002,0020110222020000,0020110222020000,16947.6,True
7520,0021220001110003,0021220211020000,0021220211020000,17339.8,True
7521,0022110001220003,0022110222020000,0022110222020000,16515.8,True
7522,0023220002110002,0023220211020000,0023220211020000,16947.6,True
7523,0024110003220001,0024110222020000,0024110222020000,17060.4,True
7524,0025220003110001,0025220211020000,0025220211020000,16913.2,True
7525,0026110002220002,0026110222020000,0026110222020000,16788.9,True
7526,0027220001110003,0027220211020000,0027220211020000,16781.8,True
7527,000011000422fffb,0000110022000000,0000110022000000,17059.9,True
7528,000122fffb110004,0001220011000000,0001220011000000,16812.8,True
7529,000211000422fffb,0002110022000000,0002110022000000,16951.7,True
7530,000322fffb110004,0003220011000000,0003220011000000,16937.8,True
7531,000411000422fffb,0004110022000000,0004110022000000,16952.0,True
7532,000522fffb110004,0005220011000000,0005220011000000,16933.4,True
7533,000611000422fffb,0006110022000000,0006110022000000,17076.6,True
7534,000722fffb110004,0007220011000000,0007220011000000,16944.9,True
7535,000811000422fffb,0008110022000000,0008110022000000,16937.2,True
7536,000922fffb110004,0009220011000000,0009220011000000,16926.0,True
7537,000a11000422fffb,000a110022000000,000a110022000000,16595.5,True
7538,000b22fffb110004,000b220011000000,000b220011000000,17251.2,True
7539,000c11000422fffb,000c110022000000,000c110022000000,16482.1,True
7540,000d22fffb110004,000d220011000000,000d220011000000,17181.1,True
7541,000e11000422fffb,000e110022000000,000e110022000000,17977.3,True
7542,000f22fffb110004,000f220011000000,000f220011000000,16833.4,True
7543,0010110003220005,0010110022010000,0010110022010000,18421.5,True
7544,0011220004110004,0011220111020000,0011220111020000,15532.1,True
7545,0012110005220003,0012110222010000,0012110222010000,17289.3,True
7546,0013220005110003,0013220111020000,0013220111020000,16011.5,True
7547,0014110004220004,0014110222010000,0014110222010000,17121.8,True
7548,0015220003110005,0015220111020000,0015220111020000,17609.0,True
7549,0016110003220005,0016110222010000,0016110222010000,16702.5,True
7550,0017220004110004,0017220111020000,0017220111020000,16081.2,True
7551,0018110005220003,0018110222010000,0018110222010000,16601.7,True
7552,0019220005110003,0019220111020000,0019220111020000,17086.0,True
7553,001a110004220004,001a110222010000,001a110222010000,18666.4,True
7554,001b220003110005,001b220111020000,001b220111020000,15816.4,True
7555,001c110003220005,001c110222010000,001c110222010000,16309.8,True
7556,001d220004110004,001d220111020000,001d220111020000,16686.4,True
7557,001e110005220003,001e110222010000,001e110222010000,17146.6,True
7558,001f220005110003,001f220211020000,001f220211020000,16826.6,True
7559,0020110004220004,0020110222020000,0020110222020000,17069.8,True
7560,0021220003110005,0021220211020000,0021220211020000,16748.3,True
7561,0022110003220005,0022110222020000,0022110222020000,17257.1,True
7562,0023220004110004,0023220211020000,0023220211020000,17071.1,True
7563,0024110005220003,0024110222020000,0024110222020000,16663.0,True
7564,0025220005110003,0025220211020000,0025220211020000,16728.8,True
7565,0026110004220004,0026110222020000,0026110222020000,17008.0,True
7566,0027220003110005,0027220211020000,0027220211020000,16877.4,True
7567,000011000822fff7,0000110022000000,0000110022000000,18650.1,True
7568,000122fff7110008,0001220011000000,0001220011000000,16887.3,True
7569,000211000822fff7,0002110022000000,0002110022000000,15340.6,True
7570,000322fff7110008,0003220011000000,0003220011000000,16919.5,True
7571,000411000822fff7,0004110022000000,0004110022000000,17092.9,True
7572,000522fff7110008,0005220011000000,0005220011000000,16945.9,True
7573,000611000822fff7,0006110022000000,0006110022000000,16960.6,True
7574,000722fff7110008,0007220011000000,0007220011000000,16941.1,True
7575,000811000822fff7,0008110022000000,0008110022000000,16958.0,True
7576,000922fff7110008,0009220011000000,0009220011000000,17027.4,True
7577,000a11000822fff7,000a110022000000,000a110022000000,16826.0,True
7578,000b22fff7110008,000b220011000000,000b220011000000,16988.2,True
7579,000c11000822fff7,000c110022000000,000c110022000000,16936.9,True
7580,000d22fff7110008,000d220011000000,000d220011000000,16942.0,True
7581,000e11000822fff7,000e110022000000,000e110022000000,16982.4,True
7582,000f22fff7110008,000f220011000000,000f220011000000,16721.3,True
7583,0010110007220009,0010110022010000,0010110022010000,17115.2,True
7584,0011220008110008,0011220111020000,0011220111020000,17035.0,True
7585,0012110009220007,0012110222010000,0012110222010000,16981.3,True
7586,0013220009110007,0013220111020000,0013220111020000,16778.5,True
7587,0014110008220008,0014110222010000,0014110222010000,16967.2,True
7588,0015220007110009,0015220111020000,0015220111020000,16933.8,True
7589,0016110007220009,0016110222010000,0016110222010000,16904.7,True
7590,0017220008110008,0017220111020000,0017220111020000,16926.8,True
7591,0018110009220007,0018110222010000,0018110222010000,16998.1,True
7592,0019220009110007,0019220111020000,0019220111020000,18791.2,True
7593,001a110008220008,001a110222010000,001a110222010000,17258.6,True
7594,001b220007110009,001b220111020000,001b220111020000,15795.2,True
7595,001c110007220009,001c110222010000,001c110222010000,16536.8,True
7596,001d220008110008,001d220111020000,001d220111020000,17219.5,True
7597,001e110009220007,001e110222010000,001e110222010000,17192.0,True
7598,001f220009110007,001f220211020000,001f220211020000,16044.1,True
7599,0020110008220008,0020110222020000,0020110222020000,16329.5,True
7600,0021220007110009,0021220211020000,0021220211020000,15884.1,True
7601,0022110007220009,0022110222020000,0022110222020000,16977.9,True
7602,0023220008110008,0023220211020000,0023220211020000,16726.4,True
7603,0024110009220007,0024110222020000,0024110222020000,16817.2,True
7604,0025220009110007,0025220211020000,0025220211020000,17072.0,True
7605,0026110008220008,0026110222020000,0026110222020000,16846.3,True
7606,0027220007110009,0027220211020000,0027220211020000,17175.7,True
7607,000011001022ffef,0000110022000000,0000110022000000,16746.3,True
7608,000122ffef110010,0001220011000000,0001220011000000,17174.7,True
7609,000211001022ffef,0002110022000000,0002110022000000,20001.3,True
7610,000322ffef110010,0003220011000000,0003220011000000,13887.8,True
7611,000411001022ffef,0004110022000000,0004110022000000,16839.1,True
7612,000522ffef110010,0005220011000000,0005220011000000,17222.4,True
7613,000611001022ffef,0006110022000000,0006110022000000,16659.1,True
7614,000722ffef110010,0007220011000000,0007220011000000,17093.2,True
7615,000811001022ffef,0008110022000000,0008110022000000,16786.5,True
7616,000922ffef110010,0009220011000000,0009220011000000,16798.7,True
7617,000a11001022ffef,000a110022000000,000a110022000000,17081.9,True
7618,000b22ffef110010,000b220011000000,000b220011000000,16977.2,True
7619,000c11001022ffef,000c110022000000,000c110022000000,16873.5,True
7620,000d22ffef110010,000d220011000000,000d220011000000,17346.3,True
7621,000e11001022ffef,000e110022000000,000e110022000000,16550.7,True
7622,000f22ffef110010,000f220011000000,000f220011000000,16960.0,True
7623,001011000f220011,0010110022010000,0010110022010000,16933.7,True
7624,0011220010110010,0011220111020000,0011220111020000,17103.4,True
7625,001211001122000f,0012110222010000,0012110222010000,17875.5,True
7626,001322001111000f,0013220111020000,0013220111020000,15844.0,True
7627,0014110010220010,0014110222010000,0014110222010000,17009.9,True
7628,001522000f110011,0015220111020000,0015220111020000,16886.3,True
7629,001611000f220011,0016110222010000,0016110222010000,16990.4,True
7630,0017220010110010,0017220111020000,0017220111020000,16860.2,True
7631,001811001122000f,0018110222010000,0018110222010000,17147.1,True
7632,001922001111000f,0019220111020000,0019220111020000,16854.4,True
7633,001a110010220010,001a110222010000,001a110222010000,16801.7,True
7634,001b22000f110011,001b220111020000,001b220111020000,16940.2,True
7635,001c11000f220011,001c110222010000,001c110222010000,16952.0,True
7636,001d220010110010,001d220111020000,001d220111020000,16724.2,True
7637,001e11001122000f,001e110222010000,001e110222010000,17130.3,True
7638,001f22001111000f,001f220211020000,001f220211020000,17100.8,True
7639,0020110010220010,0020110222020000,0020110222020000,16596.8,True
7640,002122000f110011,0021220211020000,0021220211020000,17103.8,True
7641,002211000f220011,0022110222020000,0022110222020000,18542.8,True
7642,0023220010110010,0023220211020000,0023220211020000,15832.1,True
7643,002411001122000f,0024110222020000,0024110222020000,12417.9,True
7644,002522001111000f,0025220211020000,0025220211020000,16371.8,True
7645,0026110010220010,0026110222020000,0026110222020000,17113.0,True
7646,002722000f110011,0027220211020000,0027220211020000,16114.0,True
7647,000011002022ffdf,0000110022000000,0000110022000000,17069.4,True
7648,000122ffdf110020,0001220011000000,0001220011000000,19866.5,True
7649,000211002022ffdf,0002110022000000,0002110022000000,15211.4,True
7650,000322ffdf110020,0003220011000000,0003220011000000,18889.2,True
7651,000411002022ffdf,0004110022000000,0004110022000000,13729.9,True
7652,000522ffdf110020,0005220011000000,0005220011000000,17076.4,True
7653,000611002022ffdf,0006110022000000,0006110022000000,16830.1,True
7654,000722ffdf110020,0007220011000000,0007220011000000,16975.6,True
7655,000811002022ffdf,0008110022000000,0008110022000000,16888.8,True
7656,000922ffdf110020,0009220011000000,0009220011000000,16893.8,True
7657,000a11002022ffdf,000a110022000000,000a110022000000,17413.4,True
7658,000b22ffdf110020,000b220011000000,000b220011000000,17865.0,True
7659,000c11002022ffdf,000c110022000000,000c110022000000,16497.6,True
7660,000d22ffdf110020,000d220011000000,000d220011000000,15991.1,True
7661,000e11002022ffdf,000e110022000000,000e110022000000,16954.4,True
7662,000f22ffdf110020,000f220011000000,000f220011000000,17216.6,True
7663,001011001f220021,0010110022010000,0010110022010000,17044.7,True
7664,0011220020110020,0011220111020000,0011220111020000,16903.5,True
7665,001211002122001f,0012110222010000,0012110222010000,16950.7,True
7666,001322002111001f,0013220111020000,0013220111020000,16659.5,True
7667,0014110020220020,0014110222010000,0014110222010000,16892.0,True
7668,001522001f110021,0015220111020000,0015220111020000,17158.5,True
7669,001611001f220021,0016110222010000,0016110222010000,17460.4,True
7670,0017220020110020,0017220111020000,0017220111020000,16244.2,True
7671,001811002122001f,0018110222010000,0018110222010000,17167.5,True
7672,001922002111001f,0019220111020000,0019220111020000,16965.9,True
7673,001a110020220020,001a110222010000,001a110222010000,17104.8,True
7674,001b22001f110021,001b220111020000,001b220111020000,16794.4,True
7675,001c11001f220021,001c110222010000,001c110222010000,16937.4,True
7676,001d220020110020,001d220111020000,001d220111020000,16944.1,True
7677,001e11002122001f,001e110222010000,001e110222010000,17034.8,True
7678,001f22002111001f,001f220211020000,001f220211020000,16759.2,True
7679,0020110020220020,0020110222020000,0020110222020000,16953.2,True
7680,002122001f110021,0021220211020000,0021220211020000,16915.1,True
7681,002211001f220021,0022110222020000,0022110222020000,17063.7,True
7682,0023220020110020,0023220211020000,0023220211020000,16813.6,True
7683,002411002122001f,0024110222020000,0024110222020000,17179.9,True
7684,002522002111001f,0025220211020000,0025220211020000,16456.3,True
7685,0026110020220020,0026110222020000,0026110222020000,17145.5,True
7686,002722001f110021,0027220211020000,0027220211020000,17091.8,True
7687,000011004022ffbf,0000110022000000,0000110022000000,16834.2,True
7688,000122ffbf110040,0001220011000000,0001220011000000,17019.5,True
7689,000211004022ffbf,0002110022000000,0002110022000000,16966.4,True
7690,000322ffbf110040,0003220011000000,0003220011000000,16580.3,True
7691,000411004022ffbf,0004110022000000,0004110022000000,19119.3,True
7692,000522ffbf110040,0005220011000000,0005220011000000,15977.3,True
7693,000611004022ffbf,0006110022000000,0006110022000000,19472.2,True
7694,000722ffbf110040,0007220011000000,0007220011000000,15134.1,True
7695,000811004022ffbf,0008110022000000,0008110022000000,14986.7,True
7696,000922ffbf110040,0009220011000000,0009220011000000,17081.3,True
7697,000a11004022ffbf,000a110022000000,000a110022000000,16814.7,True
7698,000b22ffbf110040,000b220011000000,000b220011000000,17495.3,True
7699,000c11004022ffbf,000c110022000000,000c110022000000,16566.9,True
7700,000d22ffbf110040,000d220011000000,000d220011000000,16789.4,True
7701,000e11004022ffbf,000e110022000000,000e110022000000,20530.7,True
7702,000f22ffbf110040,000f220011000000,000f220011000000,16647.4,True
7703,001011003f220041,0010110022010000,0010110022010000,13547.0,True
7704,0011220040110040,0011220111020000,0011220111020000,17220.9,True
7705,001211004122003f,0012110222010000,0012110222010000,16817.1,True
7706,001322004111003f,0013220111020000,0013220111020000,17088.4,True
7707,0014110040220040,0014110222010000,0014110222010000,16507.1,True
7708,001522003f110041,0015220111020000,0015220111020000,17367.4,True
7709,001611003f220041,0016110222010000,0016110222010000,16681.2,True
7710,0017220040110040,0017220111020000,0017220111020000,17004.1,True
7711,001811004122003f,0018110222010000,0018110222010000,16947.9,True
7712,001922004111003f,0019220111020000,0019220111020000,16943.5,True
7713,001a110040220040,001a110222010000,001a110222010000,16721.1,True
7714,001b22003f110041,001b220111020000,001b220111020000,17430.2,True
7715,001c11003f220041,001c110222010000,001c110222010000,16651.2,True
7716,001d220040110040,001d220111020000,001d220111020000,16909.8,True
7717,001e11004122003f,001e110222010000,001e110222010000,16932.0,True
7718,001f22004111003f,001f220211020000,001f220211020000,16954.4,True
7719,0020110040220040,0020110222020000,0020110222020000,16920.3,True
7720,002122003f110041,0021220211020000,0021220211020000,17067.1,True
7721,002211003f220041,0022110222020000,0022110222020000,16829.8,True
7722,0023220040110040,0023220211020000,0023220211020000,17040.1,True
7723,002411004122003f,0024110222020000,0024110222020000,16964.5,True
7724,002522004111003f,0025220211020000,0025220211020000,16803.3,True
7725,0026110040220040,0026110222020000,0026110222020000,17067.0,True
7726,002722003f110041,0027220211020000,0027220211020000,17080.8,True
7727,000011008022ff7f,0000110022000000,0000110022000000,16604.8,True
7728,000122ff7f110080,0001220011000000,0001220011000000,17356.0,True
7729,000211008022ff7f,0002110022000000,0002110022000000,16456.6,True
7730,000322ff7f110080,0003220011000000,0003220011000000,17107.1,True
7731,000411008022ff7f,0004110022000000,0004110022000000,16828.8,True
7732,000522ff7f110080,0005220011000000,0005220011000000,16955.9,True
7733,000611008022ff7f,0006110022000000,0006110022000000,16965.6,True
7734,000722ff7f110080,0007220011000000,0007220011000000,16905.8,True
7735,000811008022ff7f,0008110022000000,0008110022000000,17199.5,True
7736,000922ff7f110080,0009220011000000,0009220011000000,16589.6,True
7737,000a11008022ff7f,000a110022000000,000a110022000000,17110.5,True
7738,000b22ff7f110080,000b220011000000,000b220011000000,16976.7,True
7739,000c11008022ff7f,000c110022000000,000c110022000000,16837.3,True
7740,000d22ff7f110080,000d220011000000,000d220011000000,19183.4,True
7741,000e11008022ff7f,000e110022000000,000e110022000000,15927.1,True
7742,000f22ff7f110080,000f220011000000,000f220011000000,16389.5,True
7743,001011007f220081,0010110022010000,0010110022010000,17059.0,True
7744,0011220080110080,0011220111020000,0011220111020000,17615.9,True
7745,001211008122007f,0012110222010000,0012110222010000,15074.4,True
7746,001322008111007f,0013220111020000,0013220111020000,17059.0,True
7747,0014110080220080,0014110222010000,0014110222010000,16812.1,True
7748,001522007f110081,0015220111020000,0015220111020000,17196.2,True
7749,001611007f220081,0016110222010000,0016110222010000,17708.1,True
7750,0017220080110080,0017220111020000,0017220111020000,16882.9,True
7751,001811008122007f,0018110222010000,0018110222010000,16884.7,True
7752,001922008111007f,0019220111020000,0019220111020000,17139.4,True
7753,001a110080220080,001a110222010000,001a110222010000,15639.0,True
7754,001b22007f110081,001b220111020000,001b220111020000,16946.9,True
7755,001c11007f220081,001c110222010000,001c110222010000,17712.4,True
7756,001d220080110080,001d220111020000,001d220111020000,16249.4,True
7757,001e11008122007f,001e110222010000,001e110222010000,17035.8,True
7758,001f22008111007f,001f220211020000,001f220211020000,16749.7,True
7759,0020110080220080,0020110222020000,0020110222020000,16808.4,True
7760,002122007f110081,0021220211020000,0021220211020000,16494.4,True
7761,002211007f220081,0022110222020000,0022110222020000,18008.3,True
7762,0023220080110080,0023220211020000,0023220211020000,15817.6,True
7763,002411008122007f,0024110222020000,0024110222020000,17287.9,True
7764,002522008111007f,0025220211020000,0025220211020000,16796.7,True
7765,0026110080220080,0026110222020000,0026110222020000,16852.3,True
7766,002722007f110081,0027220211020000,0027220211020000,16712.1,True
7767,000011010022feff,0000110022000000,0000110022000000,17189.0,True
7768,000122feff110100,0001220011000000,0001220011000000,16805.9,True
7769,000211010022feff,0002110022000000,0002110022000000,17146.0,True
7770,000322feff110100,0003220011000000,0003220011000000,16932.3,True
7771,000411010022feff,0004110022000000,0004110022000000,16775.6,True
7772,000522feff110100,0005220011000000,0005220011000000,17144.3,True
7773,000611010022feff,0006110022000000,0006110022000000,16990.3,True
7774,000722feff110100,0007220011000000,0007220011000000,17277.6,True
7775,000811010022feff,0008110022000000,0008110022000000,16554.9,True
7776,000922feff110100,0009220011000000,0009220011000000,16883.0,True
7777,000a11010022feff,000a110022000000,000a110022000000,17114.6,True
7778,000b22feff110100,000b220011000000,000b220011000000,17841.2,True
7779,000c11010022feff,000c110022000000,000c110022000000,15842.8,True
7780,000d22feff110100,000d220011000000,000d220011000000,16951.0,True
7781,000e11010022feff,000e110022000000,000e110022000000,16687.7,True
7782,000f22feff110100,000f220011000000,000f220011000000,17103.6,True
7783,00101100ff220101,0010110022010000,0010110022010000,16940.6,True
7784,0011220100110100,0011220111020000,0011220111020000,16951.9,True
7785,00121101012200ff,0012110222010000,0012110222010000,17008.7,True
7786,00132201011100ff,0013220111020000,0013220111020000,16845.2,True
7787,0014110100220100,0014110222010000,0014110222010000,17009.6,True
7788,00152200ff110101,0015220111020000,0015220111020000,19150.5,True
7789,00161100ff220101,0016110222010000,0016110222010000,14488.9,True
7790,0017220100110100,0017220111020000,0017220111020000,16977.3,True
7791,00181101012200ff,0018110222010000,0018110222010000,17005.6,True
7792,00192201011100ff,0019220111020000,0019220111020000,20428.6,True
7793,001a110100220100,001a110222010000,001a110222010000,15115.4,True
7794,001b2200ff110101,001b220111020000,001b220111020000,16928.5,True
7795,001c1100ff220101,001c110222010000,001c110222010000,16477.9,True
7796,001d220100110100,001d220111020000,001d220111020000,17266.7,True
7797,001e1101012200ff,001e110222010000,001e110222010000,19222.9,True
7798,001f2201011100ff,001f220211020000,001f220211020000,16446.9,True
7799,0020110100220100,0020110222020000,0020110222020000,14449.8,True
7800,00212200ff110101,0021220211020000,0021220211020000,15561.3,True
7801,00221100ff220101,0022110222020000,0022110222020000,16986.4,True
7802,0023220100110100,0023220211020000,0023220211020000,17624.1,True
7803,00241101012200ff,0024110222020000,0024110222020000,16234.3,True
7804,00252201011100ff,0025220211020000,0025220211020000,16892.1,True
7805,0026110100220100,0026110222020000,0026110222020000,16943.9,True
7806,00272200ff110101,0027220211020000,0027220211020000,16939.6,True
7807,000011020022fdff,0000110022000000,0000110022000000,17477.6,True
7808,000122fdff110200,0001220011000000,0001220011000000,16655.7,True
7809,000211020022fdff,0002110022000000,0002110022000000,16833.1,True
7810,000322fdff110200,0003220011000000,0003220011000000,17045.5,True
7811,000411020022fdff,0004110022000000,0004110022000000,16997.8,True
7812,000522fdff110200,0005220011000000,0005220011000000,16870.0,True
7813,000611020022fdff,0006110022000000,0006110022000000,16971.2,True
7814,000722fdff110200,0007220011000000,0007220011000000,16948.1,True
7815,000811020022fdff,0008110022000000,0008110022000000,17007.0,True
7816,000922fdff110200,0009220011000000,0009220011000000,16916.4,True
7817,000a11020022fdff,000a110022000000,000a110022000000,16927.0,True
7818,000b22fdff110200,000b220011000000,000b220011000000,16930.3,True
7819,000c11020022fdff,000c110022000000,000c110022000000,16988.4,True
7820,000d22fdff110200,000d220011000000,000d220011000000,17392.5,True
7821,000e11020022fdff,000e110022000000,000e110022000000,16214.9,True
7822,000f22fdff110200,000f220011000000,000f220011000000,17198.9,True
7823,00101101ff220201,0010110022010000,0010110022010000,17023.6,True
7824,0011220200110200,0011220111020000,0011220111020000,16868.6,True
7825,00121102012201ff,0012110222010000,0012110222010000,16779.9,True
7826,00132202011101ff,0013220111020000,0013220111020000,17423.5,True
7827,0014110200220200,0014110222010000,0014110222010000,16653.4,True
7828,00152201ff110201,0015220111020000,0015220111020000,16926.1,True
7829,00161101ff220201,0016110222010000,0016110222010000,17006.2,True
7830,0017220200110200,0017220111020000,0017220111020000,16801.3,True
7831,00181102012201ff,0018110222010000,0018110222010000,17148.4,True
7832,00192202011101ff,0019220111020000,0019220111020000,16890.8,True
7833,001a110200220200,001a110222010000,001a110222010000,16864.7,True
7834,001b2201ff110201,001b220111020000,001b220111020000,16951.7,True
7835,001c1101ff220201,001c110222010000,001c110222010000,17011.2,True
7836,001d220200110200,001d220111020000,001d220111020000,17087.8,True
7837,001e1102012201ff,001e110222010000,001e110222010000,16833.8,True
7838,001f2202011101ff,001f220211020000,001f220211020000,16764.8,True
7839,0020110200220200,0020110222020000,0020110222020000,17078.4,True
7840,00212201ff110201,0021220211020000,0021220211020000,17146.5,True
7841,00221101ff220201,0022110222020000,0022110222020000,16533.8,True
7842,0023220200110200,0023220211020000,0023220211020000,18245.9,True
7843,00241102012201ff,0024110222020000,0024110222020000,16115.0,True
7844,00252202011101ff,0025220211020000,0025220211020000,16410.9,True
7845,0026110200220200,0026110222020000,0026110222020000,20335.0,True
7846,00272201ff110201,0027220211020000,0027220211020000,13514.9,True
7847,000011040022fbff,0000110022000000,0000110022000000,18926.8,True
7848,000122fbff110400,0001220011000000,0001220011000000,14953.5,True
7849,000211040022fbff,0002110022000000,0002110022000000,16776.9,True
7850,000322fbff110400,0003220011000000,0003220011000000,17450.8,True
7851,000411040022fbff,0004110022000000,0004110022000000,16076.7,True
7852,000522fbff110400,0005220011000000,0005220011000000,17437.1,True
7853,000611040022fbff,0006110022000000,0006110022000000,16486.3,True
7854,000722fbff110400,0007220011000000,0007220011000000,17024.2,True
7855,000811040022fbff,0008110022000000,0008110022000000,17105.3,True
7856,000922fbff110400,0009220011000000,0009220011000000,16826.7,True
7857,000a11040022fbff,000a110022000000,000a110022000000,17013.0,True
7858,000b22fbff110400,000b220011000000,000b220011000000,16857.4,True
7859,000c11040022fbff,000c110022000000,000c110022000000,17042.2,True
7860,000d22fbff110400,000d220011000000,000d220011000000,16892.2,True
7861,000e11040022fbff,000e110022000000,000e110022000000,17041.7,True
7862,000f22fbff110400,000f220011000000,000f220011000000,16876.0,True
7863,00101103ff220401,0010110022010000,0010110022010000,16969.3,True
7864,0011220400110400,0011220111020000,0011220111020000,16833.3,True
7865,00121104012203ff,0012110222010000,0012110222010000,17190.9,True
7866,00132204011103ff,0013220111020000,0013220111020000,16720.5,True
7867,0014110400220400,0014110222010000,0014110222010000,16881.6,True
7868,00152203ff110401,0015220111020000,0015220111020000,16847.5,True
7869,00161103ff220401,0016110222010000,0016110222010000,17056.3,True
7870,0017220400110400,0017220111020000,0017220111020000,16740.8,True
7871,00181104012203ff,0018110222010000,0018110222010000,17217.4,True
7872,00192204011103ff,0019220111020000,0019220111020000,16799.7,True
7873,001a110400220400,001a110222010000,001a110222010000,17130.3,True
7874,001b2203ff110401,001b220111020000,001b220111020000,16874.2,True
7875,001c1103ff220401,001c110222010000,001c110222010000,16884.9,True
7876,001d220400110400,001d220111020000,001d220111020000,16994.2,True
7877,001e1104012203ff,001e110222010000,001e110222010000,16867.3,True
7878,001f2204011103ff,001f220211020000,001f220211020000,16955.7,True
7879,0020110400220400,0020110222020000,0020110222020000,16636.4,True
7880,00212203ff110401,0021220211020000,0021220211020000,17132.6,True
7881,00221103ff220401,0022110222020000,0022110222020000,16925.0,True
7882,0023220400110400,0023220211020000,0023220211020000,17118.7,True
7883,00241104012203ff,0024110222020000,0024110222020000,16877.1,True
7884,00252204011103ff,0025220211020000,0025220211020000,16924.4,True
7885,0026110400220400,0026110222020000,0026110222020000,16932.1,True
7886,00272203ff110401,0027220211020000,0027220211020000,16851.7,True
7887,000011080022f7ff,0000110022000000,0000110022000000,16989.1,True
7888,000122f7ff110800,0001220011000000,0001220011000000,16758.8,True
7889,000211080022f7ff,0002110022000000,0002110022000000,17006.3,True
7890,000322f7ff110800,0003220011000000,0003220011000000,16629.4,True
7891,000411080022f7ff,0004110022000000,0004110022000000,17331.3,True
7892,000522f7ff110800,0005220011000000,0005220011000000,17829.2,True
7893,000611080022f7ff,0006110022000000,0006110022000000,17544.9,True
7894,000722f7ff110800,0007220011000000,0007220011000000,16621.7,True
7895,000811080022f7ff,0008110022000000,0008110022000000,16256.9,True
7896,000922f7ff110800,0009220011000000,0009220011000000,18485.9,True
7897,000a11080022f7ff,000a110022000000,000a110022000000,17274.6,True
7898,000b22f7ff110800,000b220011000000,000b220011000000,15520.9,True
7899,000c11080022f7ff,000c110022000000,000c110022000000,17745.0,True
7900,000d22f7ff110800,000d220011000000,000d220011000000,16025.6,True
7901,000e11080022f7ff,000e110022000000,000e110022000000,16778.9,True
7902,000f22f7ff110800,000f220011000000,000f220011000000,16106.8,True
7903,00101107ff220801,0010110022010000,0010110022010000,17013.2,True
7904,0011220800110800,0011220111020000,0011220111020000,20544.7,True
7905,00121108012207ff,0012110222010000,0012110222010000,17148.4,True
7906,00132208011107ff,0013220111020000,0013220111020000,12799.3,True
7907,0014110800220800,0014110222010000,0014110222010000,17237.0,True
7908,00152207ff110801,0015220111020000,0015220111020000,16894.8,True
7909,00161107ff220801,0016110222010000,0016110222010000,16852.4,True
7910,0017220800110800,0017220111020000,0017220111020000,16701.1,True
7911,00181108012207ff,0018110222010000,0018110222010000,17154.9,True
7912,00192208011107ff,0019220111020000,0019220111020000,17138.2,True
7913,001a110800220800,001a110222010000,001a110222010000,16486.8,True
7914,001b2207ff110801,001b220111020000,001b220111020000,17255.9,True
7915,001c1107ff220801,001c110222010000,001c110222010000,16960.7,True
7916,001d220800110800,001d220111020000,001d220111020000,17103.4,True
7917,001e1108012207ff,001e110222010000,001e110222010000,16776.5,True
7918,001f2208011107ff,001f220211020000,001f220211020000,17146.8,True
7919,0020110800220800,0020110222020000,0020110222020000,16495.6,True
7920,00212207ff110801,0021220211020000,0021220211020000,17345.8,True
7921,00221107ff220801,0022110222020000,0022110222020000,16680.5,True
7922,0023220800110800,0023220211020000,0023220211020000,16952.8,True
7923,00241108012207ff,0024110222020000,0024110222020000,16941.1,True
7924,00252208011107ff,0025220211020000,0025220211020000,17021.4,True
7925,0026110800220800,0026110222020000,0026110222020000,16967.5,True
7926,00272207ff110801,0027220211020000,0027220211020000,17004.2,True
7927,000011100022efff,0000110022000000,0000110022000000,16880.0,True
7928,000122efff111000,0001220011000000,0001220011000000,19079.8,True
7929,000211100022efff,0002110022000000,0002110022000000,14462.7,True
7930,000322efff111000,0003220011000000,0003220011000000,17373.1,True
7931,000411100022efff,0004110022000000,0004110022000000,16883.0,True
7932,000522efff111000,0005220011000000,0005220011000000,17080.8,True
7933,000611100022efff,0006110022000000,0006110022000000,16712.5,True
7934,000722efff111000,0007220011000000,0007220011000000,16914.2,True
7935,000811100022efff,0008110022000000,0008110022000000,16937.7,True
7936,000922efff111000,0009220011000000,0009220011000000,16888.0,True
7937,000a11100022efff,000a110022000000,000a110022000000,16847.7,True
7938,000b22efff111000,000b220011000000,000b220011000000,16978.8,True
7939,000c11100022efff,000c110022000000,000c110022000000,17012.6,True
7940,000d22efff111000,000d220011000000,000d220011000000,16891.8,True
7941,000e11100022efff,000e110022000000,000e110022000000,16719.3,True
7942,000f22efff111000,000f220011000000,000f220011000000,17085.3,True
7943,0010110fff221001,0010110022010000,0010110022010000,17422.1,True
7944,0011221000111000,0011220111020000,0011220111020000,16435.1,True
7945,0012111001220fff,0012110222010000,0012110222010000,18299.0,True
7946,0013221001110fff,0013220111020000,0013220111020000,18293.3,True
7947,0014111000221000,0014110222010000,0014110222010000,13748.9,True
7948,0015220fff111001,0015220111020000,0015220111020000,17238.0,True
7949,0016110fff221001,0016110222010000,0016110222010000,17646.0,True
7950,0017221000111000,0017220111020000,0017220111020000,15939.7,True
7951,0018111001220fff,0018110222010000,0018110222010000,17735.0,True
7952,0019221001110fff,0019220111020000,0019220111020000,16809.8,True
7953,001a111000221000,001a110222010000,001a110222010000,15990.5,True
7954,001b220fff111001,001b220111020000,001b220111020000,17079.9,True
7955,001c110fff221001,001c110222010000,001c110222010000,17512.5,True
7956,001d221000111000,001d220111020000,001d220111020000,16541.0,True
7957,001e111001220fff,001e110222010000,001e110222010000,16815.2,True
7958,001f221001110fff,001f220211020000,001f220211020000,16659.4,True
7959,0020111000221000,0020110222020000,0020110222020000,16996.5,True
7960,0021220fff111001,0021220211020000,0021220211020000,17091.6,True
7961,0022110fff221001,0022110222020000,0022110222020000,16911.2,True
7962,0023221000111000,0023220211020000,0023220211020000,16793.1,True
7963,0024111001220fff,0024110222020000,0024110222020000,16946.0,True
7964,0025221001110fff,0025220211020000,0025220211020000,16724.8,True
7965,0026111000221000,0026110222020000,0026110222020000,16801.4,True
7966,0027220fff111001,0027220211020000,0027220211020000,17268.4,True
7967,000011200022dfff,0000110022000000,0000110022000000,17060.8,True
7968,000122dfff112000,0001220011000000,0001220011000000,16629.6,True
7969,000211200022dfff,0002110022000000,0002110022000000,17014.3,True
7970,000322dfff112000,0003220011000000,0003220011000000,17055.6,True
7971,000411200022dfff,0004110022000000,0004110022000000,17196.9,True
7972,000522dfff112000,0005220011000000,0005220011000000,16680.4,True
7973,000611200022dfff,0006110022000000,0006110022000000,16673.3,True
7974,000722dfff112000,0007220011000000,0007220011000000,17365.7,True
7975,000811200022dfff,0008110022000000,0008110022000000,16923.1,True
7976,000922dfff112000,0009220011000000,0009220011000000,16808.1,True
7977,000a11200022dfff,000a110022000000,000a110022000000,17219.5,True
7978,000b22dfff112000,000b220011000000,000b220011000000,16897.1,True
7979,000c11200022dfff,000c110022000000,000c110022000000,16791.7,True
7980,000d22dfff112000,000d220011000000,000d220011000000,16945.7,True
7981,000e11200022dfff,000e110022000000,000e110022000000,16614.1,True
7982,000f22dfff112000,000f220011000000,000f220011000000,16876.7,True
7983,0010111fff222001,0010110022010000,0010110022010000,17149.6,True
7984,0011222000112000,0011220111020000,0011220111020000,17085.8,True
7985,0012112001221fff,0012110222010000,0012110222010000,16886.8,True
7986,0013222001111fff,0013220111020000,0013220111020000,16929.6,True
7987,0014112000222000,0014110222010000,0014110222010000,16885.6,True
7988,0015221fff112001,0015220111020000,0015220111020000,16913.6,True
7989,0016111fff222001,0016110222010000,0016110222010000,17307.6,True
7990,0017222000112000,0017220111020000,0017220111020000,16490.4,True
7991,0018112001221fff,0018110222010000,0018110222010000,16807.5,True
7992,0019222001111fff,0019220111020000,0019220111020000,16710.4,True
7993,001a112000222000,001a110222010000,001a110222010000,17637.0,True
7994,001b221fff112001,001b220111020000,001b220111020000,18034.8,True
7995,001c111fff222001,001c110222010000,001c110222010000,23845.8,True
7996,001d222000112000,001d220111020000,001d220111020000,8861.5,True
7997,001e112001221fff,001e110222010000,001e110222010000,16339.5,True
7998,001f222001111fff,001f220211020000,001f220211020000,16817.9,True
7999,0020112000222000,0020110222020000,0020110222020000,16937.7,True
8000,0021221fff112001,0021220211020000,0021220211020000,18445.8,True
8001,0022111fff222001,0022110222020000,0022110222020000,15588.7,True
8002,0023222000112000,0023220211020000,0023220211020000,16758.7,True
8003,0024112001221fff,0024110222020000,0024110222020000,17731.5,True
8004,0025222001111fff,0025220211020000,0025220211020000,16119.1,True
8005,0026112000222000,0026110222020000,0026110222020000,18176.7,True
8006,0027221fff112001,0027220211020000,0027220211020000,15813.5,True
8007,000011400022bfff,0000110022000000,0000110022000000,17061.7,True
8008,000122bfff114000,0001220011000000,0001220011000000,16772.7,True
8009,000211400022bfff,0002110022000000,0002110022000000,17011.3,True
8010,000322bfff114000,0003220011000000,0003220011000000,17228.9,True
8011,000411400022bfff,0004110022000000,0004110022000000,16654.7,True
8012,000522bfff114000,0005220011000000,0005220011000000,17082.1,True
8013,000611400022bfff,0006110022000000,0006110022000000,16922.4,True
8014,000722bfff114000,0007220011000000,0007220011000000,16946.8,True
8015,000811400022bfff,0008110022000000,0008110022000000,16941.6,True
8016,000922bfff114000,0009220011000000,0009220011000000,16719.2,True
8017,000a11400022bfff,000a110022000000,000a110022000000,16838.1,True
8018,000b22bfff114000,000b220011000000,000b220011000000,17240.6,True
8019,000c11400022bfff,000c110022000000,000c110022000000,16940.9,True
8020,000d22bfff114000,000d220011000000,000d220011000000,16959.0,True
8021,000e11400022bfff,000e110022000000,000e110022000000,16948.5,True
8022,000f22bfff114000,000f220011000000,000f220011000000,16943.0,True
8023,0010113fff224001,0010110022010000,0010110022010000,16803.3,True
8024,0011224000114000,0011220111020000,0011220111020000,16777.9,True
8025,0012114001223fff,0012110222010000,0012110222010000,17253.5,True
8026,0013224001113fff,0013220111020000,0013220111020000,16931.5,True
8027,0014114000224000,0014110222010000,0014110222010000,16929.4,True
8028,0015223fff114001,0015220111020000,0015220111020000,16949.6,True
8029,0016113fff224001,0016110222010000,0016110222010000,16945.7,True
8030,0017224000114000,0017220111020000,0017220111020000,16851.5,True
8031,0018114001223fff,0018110222010000,0018110222010000,17063.7,True
8032,0019224001113fff,0019220111020000,0019220111020000,17001.7,True
8033,001a114000224000,001a110222010000,001a110222010000,16600.0,True
8034,001b223fff114001,001b220111020000,001b220111020000,16945.2,True
8035,001c113fff224001,001c110222010000,001c110222010000,17236.3,True
8036,001d224000114000,001d220111020000,001d220111020000,16920.0,True
8037,001e114001223fff,001e110222010000,001e110222010000,16892.1,True
8038,001f224001113fff,001f220211020000,001f220211020000,16982.3,True
8039,0020114000224000,0020110222020000,0020110222020000,16887.0,True
8040,0021223fff114001,0021220211020000,0021220211020000,16896.6,True
8041,0022113fff224001,0022110222020000,0022110222020000,16663.1,True
8042,0023224000114000,0023220211020000,0023220211020000,17142.4,True
8043,0024114001223fff,0024110222020000,0024110222020000,19328.7,True
8044,0025224001113fff,0025220211020000,0025220211020000,18268.1,True
8045,0026114000224000,0026110222020000,0026110222020000,16179.8,True
8046,0027223fff114001,0027220211020000,0027220211020000,16642.3,True
8047,0000118000227fff,0000110022000000,0000110022000000,17378.4,True
8048,0001227fff118000,0001220011000000,0001220011000000,15618.9,True
8049,0002118000227fff,0002110022000000,0002110022000000,17370.6,True
8050,0003227fff118000,0003220011000000,0003220011000000,16934.3,True
8051,0004118000227fff,0004110022000000,0004110022000000,14656.7,True
8052,0005227fff118000,0005220011000000,0005220011000000,18085.8,True
8053,0006118000227fff,0006110022000000,0006110022000000,15909.4,True
8054,0007227fff118000,0007220011000000,0007220011000000,20595.1,True
8055,0008118000227fff,0008110022000000,0008110022000000,13129.0,True
8056,0009227fff118000,0009220011000000,0009220011000000,16902.1,True
8057,000a118000227fff,000a110022000000,000a110022000000,20840.6,True
8058,000b227fff118000,000b220011000000,000b220011000000,13000.2,True
8059,000c118000227fff,000c110022000000,000c110022000000,16980.0,True
8060,000d227fff118000,000d220011000000,000d220011000000,16994.5,True
8061,000e118000227fff,000e110022000000,000e110022000000,17131.2,True
8062,000f227fff118000,000f220011000000,000f220011000000,16637.4,True
8063,0010117fff228001,0010110022020000,0010110022020000,17122.5,True
8064,0011228000118000,0011220211020000,0011220211020000,17016.0,True
8065,0012118001227fff,0012110222020000,0012110222020000,16897.6,True
8066,0013228001117fff,0013220211020000,0013220211020000,16969.7,True
8067,0014118000228000,0014110222020000,0014110222020000,16914.0,True
8068,0015227fff118001,0015220211020000,0015220211020000,16980.7,True
8069,0016117fff228001,0016110222020000,0016110222020000,17057.6,True
8070,0017228000118000,0017220211020000,0017220211020000,16934.8,True
8071,0018118001227fff,0018110222020000,0018110222020000,16879.8,True
8072,0019228001117fff,0019220211020000,0019220211020000,16816.8,True
8073,001a118000228000,001a110222020000,001a110222020000,16963.3,True
8074,001b227fff118001,001b220211020000,001b220211020000,16943.9,True
8075,001c117fff228001,001c110222020000,001c110222020000,19271.7,True
8076,001d228000118000,001d220211020000,001d220211020000,14497.3,True
8077,001e118001227fff,001e110222020000,001e110222020000,16954.7,True
8078,001f228001117fff,001f220211020000,001f220211020000,16939.9,True
8079,0020118000228000,0020110222020000,0020110222020000,16948.7,True
8080,0021227fff118001,0021220211020000,0021220211020000,16937.7,True
8081,0022117fff228001,0022110222020000,0022110222020000,16965.2,True
8082,0023228000118000,0023220211020000,0023220211020000,16781.9,True
8083,0024118001227fff,0024110222020000,0024110222020000,17110.5,True
8084,0025228001117fff,0025220211020000,0025220211020000,16899.3,True
8085,0026118000228000,0026110222020000,0026110222020000,17072.5,True
8086,0027227fff118001,0027220211020000,0027220211020000,16589.4,True
8087,000011800022fffe,0000110022000000,0000110022000000,17355.3,True
8088,000122fffe118000,0001220011000000,0001220011000000,16742.3,True
8089,000211800022fffe,0002110022000000,0002110022000000,16979.1,True
8090,000322fffe118000,0003220011000000,0003220011000000,16958.7,True
8091,000411800022fffe,0004110022000000,0004110022000000,16868.8,True
8092,000522fffe118000,0005220011000000,0005220011000000,16944.0,True
8093,000611800022fffe,0006110022000000,0006110022000000,17475.4,True
8094,000722fffe118000,0007220011000000,0007220011000000,17670.7,True
8095,000811800022fffe,0008110022000000,0008110022000000,15866.2,True
8096,000922fffe118000,0009220011000000,0009220011000000,17505.7,True
8097,000a11800022fffe,000a110022000000,000a110022000000,15931.9,True
8098,000b22fffe118000,000b220011000000,000b220011000000,17163.7,True
8099,000c11800022fffe,000c110022000000,000c110022000000,16876.3,True
8100,000d22fffe118000,000d220011000000,000d220011000000,16908.2,True
8101,000e11800022fffe,000e110022000000,000e110022000000,16754.6,True
8102,000f22fffe118000,000f220011000000,000f220011000000,17448.4,True
8103,0010117fff22fffd,0010110022000000,0010110022000000,16467.1,True
8104,001122fffe118000,0011220211020000,0011220211020000,17284.8,True
8105,001211800122ffff,0012110222020000,0012110222020000,16499.2,True
8106,001322fffd117fff,0013220211020000,0013220211020000,16976.7,True
8107,001411800022fffe,0014110222020000,0014110222020000,17213.9,True
8108,001522ffff118001,0015220211020000,0015220211020000,16857.5,True
8109,0016117fff22fffd,0016110222020000,0016110222020000,16724.5,True
8110,001722fffe118000,0017220211020000,0017220211020000,17183.4,True
8111,001811800122ffff,0018110222020000,0018110222020000,16800.6,True
8112,001922fffd117fff,0019220211020000,0019220211020000,17015.9,True
8113,001a11800022fffe,001a110222020000,001a110222020000,16737.6,True
8114,001b22ffff118001,001b220211020000,001b220211020000,17065.5,True
8115,001c117fff22fffd,001c110222020000,001c110222020000,16970.2,True
8116,001d22fffe118000,001d220211020000,001d220211020000,17094.5,True
8117,001e11800122ffff,001e110222020000,001e110222020000,16789.9,True
8118,001f22fffd117fff,001f220211020000,001f220211020000,16957.1,True
8119,002011800022fffe,0020110222020000,0020110222020000,16972.6,True
8120,002122ffff118001,0021220211020000,0021220211020000,17248.2,True
8121,000011800022fffe,0000110022000000,0000110022000000,16580.1,True
8122,000122fffe118000,0001220011000000,0001220011000000,17093.8,True
8123,000211800022fffe,0002110022000000,0002110022000000,16929.6,True
8124,000322fffe118000,0003220011000000,0003220011000000,17059.4,True
8125,000411800022fffe,0004110022000000,0004110022000000,16679.6,True
8126,000522fffe118000,0005220011000000,0005220011000000,16957.8,True
8127,000611800022fffe,0006110022000000,0006110022000000,16627.4,True
8128,000722fffe118000,0007220011000000,0007220011000000,17096.2,True
8129,000811800022fffe,0008110022000000,0008110022000000,17226.9,True
8130,000922fffe118000,0009220011000000,0009220011000000,16705.1,True
8131,000a11800022fffe,000a110022000000,000a110022000000,16641.3,True
8132,000b22fffe118000,000b220011000000,000b220011000000,17355.2,True
8133,000c11800022fffe,000c110022000000,000c110022000000,16602.1,True
8134,000d22fffe118000,000d220011000000,000d220011000000,17249.5,True
8135,000e11800022fffe,000e110022000000,000e110022000000,16925.3,True
8136,000f22ffff118001,000f220011000000,000f220011000000,17231.4,True
8137,0010117fff22fffd,0010110122010000,0010110122010000,16706.3,True
8138,001122fffe118000,0011220111010000,0011220111010000,16837.5,True
8139,001211800122ffff,0012110222020000,0012110222020000,26993.6,True
8140,001322fffd117fff,0013220111010000,0013220111010000,26936.5,True
8141,001411800022fffe,0014110122010000,0014110122010000,13701.1,True
8142,001522ffff118001,0015220211020000,0015220211020000,17542.9,True
8143,0016117fff22fffd,0016110122010000,0016110122010000,18227.8,True
8144,001722fffe118000,0017220111010000,0017220111010000,15587.6,True
8145,001811800122ffff,0018110222020000,0018110222020000,17447.4,True
8146,001922fffd117fff,0019220111010000,0019220111010000,15884.8,True
8147,001a11800022fffe,001a110122010000,001a110122010000,17039.8,True
8148,001b22ffff118001,001b220211020000,001b220211020000,16789.6,True
8149,001c117fff22fffd,001c110122010000,001c110122010000,16830.7,True
8150,001d22fffe118000,001d220111010000,001d220111010000,16980.8,True
8151,001e11800122ffff,001e110222020000,001e110222020000,16898.9,True
8152,001f22fffd117fff,001f220211020000,001f220211020000,16961.7,True
8153,002011800022fffe,0020110222020000,0020110222020000,16914.8,True
8154,002122ffff118001,0021220211020000,0021220211020000,17175.4,True
8155,000011800022fffe,0000110022000000,0000110022000000,16690.0,True
8156,000122fffe118000,0001220011000000,0001220011000000,17211.9,True
8157,000211800022fffe,0002110022000000,0002110022000000,16883.7,True
8158,000322fffe118000,0003220011000000,0003220011000000,16990.3,True
8159,000411800022fffe,0004110022000000,0004110022000000,16791.0,True
8160,000522fffe118000,0005220011000000,0005220011000000,17078.8,True
8161,000611800022fffe,0006110022000000,0006110022000000,16779.2,True
8162,000722fffe118000,0007220011000000,0007220011000000,17126.5,True
8163,000811800022fffe,0008110022000000,0008110022000000,16756.6,True
8164,000922fffe118000,0009220011000000,0009220011000000,16934.4,True
8165,000a11800022fffe,000a110022000000,000a110022000000,16935.7,True
8166,000b22fffe118000,000b220011000000,000b220011000000,17602.2,True
8167,000c11800022fffe,000c110022000000,000c110022000000,16397.1,True
8168,000d22fffe118000,000d220011000000,000d220011000000,16649.7,True
8169,000e11800022fffe,000e110022000000,000e110022000000,17178.3,True
8170,000f22ffff118002,000f220011000000,000f220011000000,17122.1,True
8171,0010117fff22fffd,0010110122010000,0010110122010000,16637.8,True
8172,001122fffe118000,0011220111010000,0011220111010000,17086.1,True
8173,001211800122ffff,0012110222020000,0012110222020000,16826.8,True
8174,001322fffd117fff,0013220111010000,0013220111010000,16940.1,True
8175,001411800022fffe,0014110122010000,0014110122010000,16923.1,True
8176,001522ffff118001,0015220211020000,0015220211020000,16923.3,True
8177,0016117fff22fffd,0016110122010000,0016110122010000,16934.5,True
8178,001722fffe118000,0017220111010000,0017220111010000,16960.7,True
8179,001811800122ffff,0018110222020000,0018110222020000,16848.1,True
8180,001922fffd117fff,0019220111010000,0019220111010000,16952.2,True
8181,001a11800022fffe,001a110122010000,001a110122010000,16917.8,True
8182,001b22ffff118001,001b220211020000,001b220211020000,16909.1,True
8183,001c117fff22fffd,001c110122010000,001c110122010000,16944.2,True
8184,001d22fffe118000,001d220111010000,001d220111010000,16942.2,True
8185,001e11800122ffff,001e110222020000,001e110222020000,16930.4,True
8186,001f22fffd117fff,001f220211020000,001f220211020000,16941.6,True
8187,002011800022fffe,0020110222020000,0020110222020000,16912.3,True
8188,002122ffff118001,0021220211020000,0021220211020000,17096.3,True
8189,000011800022fffe,0000110022000000,0000110022000000,16413.7,True
8190,000122fffe118000,0001220011000000,0001220011000000,17302.4,True
8191,000211800022fffe,0002110022000000,0002110022000000,16920.1,True
8192,000322fffe118000,0003220011000000,0003220011000000,18563.8,True
8193,000411800022fffe,0004110022000000,0004110022000000,16262.5,True
8194,000522fffe118000,0005220011000000,0005220011000000,16324.7,True
8195,000611800022fffe,0006110022000000,0006110022000000,17158.2,True
8196,000722fffe118000,0007220011000000,0007220011000000,16051.9,True
8197,000811800022fffe,0008110022000000,0008110022000000,19648.9,True
8198,000922fffe118000,0009220011000000,0009220011000000,14367.2,True
8199,000a11800022fffe,000a110022000000,000a110022000000,18826.1,True
8200,000b22fffe118000,000b220011000000,000b220011000000,15904.0,True
8201,000c11800022fffe,000c110022000000,000c110022000000,16065.0,True
8202,000d22fffe118000,000d220011000000,000d220011000000,16782.7,True
8203,000e11800022fffe,000e110022000000,000e110022000000,16885.2,True
8204,000f22ffff118003,000f220011000000,000f220011000000,17445.2,True
8205,0010117fff22fffd,0010110122010000,0010110122010000,16989.6,True
8206,001122fffe118000,0011220111010000,0011220111010000,16399.6,True
8207,001211800122ffff,0012110222020000,0012110222020000,16953.9,True
8208,001322fffd117fff,0013220111010000,0013220111010000,17150.2,True
8209,001411800022fffe,0014110122010000,0014110122010000,16718.0,True
8210,001522ffff118001,0015220211020000,0015220211020000,16708.2,True
8211,0016117fff22fffd,0016110122010000,0016110122010000,16763.1,True
8212,001722fffe118000,0017220111010000,0017220111010000,16861.6,True
8213,001811800122ffff,0018110222020000,0018110222020000,16977.1,True
8214,001922fffd117fff,0019220111010000,0019220111010000,16940.5,True
8215,001a11800022fffe,001a110122010000,001a110122010000,16734.9,True
8216,001b22ffff118001,001b220211020000,001b220211020000,17202.5,True
8217,001c117fff22fffd,001c110122010000,001c110122010000,16933.6,True
8218,001d22fffe118000,001d220111010000,001d220111010000,16797.5,True
8219,001e11800122ffff,001e110222020000,001e110222020000,16982.0,True
8220,001f22fffd117fff,001f220211020000,001f220211020000,16879.6,True
8221,002011800022fffe,0020110222020000,0020110222020000,16966.8,True
8222,002122ffff118001,0021220211020000,0021220211020000,16875.8,True
8223,000011800022fffe,0000110022000000,0000110022000000,17089.7,True
8224,000122fffe118000,0001220011000000,0001220011000000,16803.5,True
8225,000211800022fffe,0002110022000000,0002110022000000,16874.8,True
8226,000322fffe118000,0003220011000000,0003220011000000,16898.6,True
8227,000411800022fffe,0004110022000000,0004110022000000,16936.2,True
8228,000522fffe118000,0005220011000000,0005220011000000,16924.8,True
8229,000611800022fffe,0006110022000000,0006110022000000,16935.8,True
8230,000722fffe118000,0007220011000000,0007220011000000,16924.1,True
8231,000811800022fffe,0008110022000000,0008110022000000,16974.6,True
8232,000922fffe118000,0009220011000000,0009220011000000,16879.1,True
8233,000a11800022fffe,000a110022000000,000a110022000000,16981.7,True
8234,000b22fffe118000,000b220011000000,000b220011000000,16825.2,True
8235,000c11800022fffe,000c110022000000,000c110022000000,17992.3,True
8236,000d22fffe118000,000d220011000000,000d220011000000,15854.8,True
8237,000e11800022fffe,000e110022000000,000e110022000000,16725.3,True
8238,000f22ffff118004,000f220011000000,000f220011000000,17207.0,True
8239,0010117fff22fffd,0010110122010000,0010110122010000,16843.3,True
8240,001122fffe118000,0011220111010000,0011220111010000,17023.3,True
8241,001211800122ffff,0012110222020000,0012110222020000,16812.5,True
8242,001322fffd117fff,0013220111010000,0013220111010000,16978.6,True
8243,001411800022fffe,0014110122010000,0014110122010000,16705.3,True
8244,001522ffff118001,0015220211020000,0015220211020000,15447.3,True
8245,0016117fff22fffd,0016110122010000,0016110122010000,17666.1,True
8246,001722fffe118000,0017220111010000,0017220111010000,16184.3,True
8247,001811800122ffff,0018110222020000,0018110222020000,19053.8,True
8248,001922fffd117fff,0019220111010000,0019220111010000,14922.8,True
8249,001a11800022fffe,001a110122010000,001a110122010000,16172.9,True
8250,001b22ffff118001,001b220211020000,001b220211020000,18403.6,True
8251,001c117fff22fffd,001c110122010000,001c110122010000,15229.7,True
8252,001d22fffe118000,001d220111010000,001d220111010000,19598.3,True
8253,001e11800122ffff,001e110222020000,001e110222020000,14312.4,True
8254,001f22fffd117fff,001f220211020000,001f220211020000,16327.4,True
8255,002011800022fffe,0020110222020000,0020110222020000,16602.2,True
8256,002122ffff118001,0021220211020000,0021220211020000,17251.4,True
8257,000011800022fffe,0000110022000000,0000110022000000,16774.1,True
8258,000122fffe118000,0001220011000000,0001220011000000,18444.3,True
8259,000211800022fffe,0002110022000000,0002110022000000,15341.7,True
8260,000322fffe118000,0003220011000000,0003220011000000,17570.4,True
8261,000411800022fffe,0004110022000000,0004110022000000,16156.7,True
8262,000522fffe118000,0005220011000000,0005220011000000,16958.0,True
8263,000611800022fffe,0006110022000000,0006110022000000,16826.4,True
8264,000722fffe118000,0007220011000000,0007220011000000,17255.6,True
8265,000811800022fffe,0008110022000000,0008110022000000,16934.8,True
8266,000922fffe118000,0009220011000000,0009220011000000,17078.1,True
8267,000a11800022fffe,000a110022000000,000a110022000000,16806.4,True
8268,000b22fffe118000,000b220011000000,000b220011000000,16924.2,True
8269,000c11800022fffe,000c110022000000,000c110022000000,16931.1,True
8270,000d22fffe118000,000d220011000000,000d220011000000,17037.2,True
8271,000e11800022fffe,000e110022000000,000e110022000000,16713.9,True
8272,000f22ffff118005,000f220011000000,000f220011000000,17151.6,True
8273,0010117fff22fffd,0010110122010000,0010110122010000,16742.3,True
8274,001122fffe118000,0011220111010000,0011220111010000,17122.5,True
8275,001211800122ffff,0012110222020000,0012110222020000,16922.5,True
8276,001322fffd117fff,0013220111010000,0013220111010000,16957.0,True
8277,001411800022fffe,0014110122010000,0014110122010000,16907.9,True
8278,001522ffff118001,0015220211020000,0015220211020000,16951.2,True
8279,0016117fff22fffd,0016110122010000,0016110122010000,16907.4,True
8280,001722fffe118000,0017220111010000,0017220111010000,16895.1,True
8281,001811800122ffff,0018110222020000,0018110222020000,16932.5,True
8282,001922fffd117fff,0019220111010000,0019220111010000,16991.5,True
8283,001a11800022fffe,001a110122010000,001a110122010000,16871.3,True
8284,001b22ffff118001,001b220211020000,001b220211020000,16842.4,True
8285,001c117fff22fffd,001c110122010000,001c110122010000,16985.1,True
8286,001d22fffe118000,001d220111010000,001d220111010000,16937.8,True
8287,001e11800122ffff,001e110222020000,001e110222020000,16847.1,True
8288,001f22fffd117fff,001f220211020000,001f220211020000,16855.8,True
8289,002011800022fffe,0020110222020000,0020110222020000,16956.2,True
8290,002122ffff118001,0021220211020000,0021220211020000,16963.4,True
8291,000011800022fffe,0000110022000000,0000110022000000,17073.2,True
8292,000122fffe118000,0001220011000000,0001220011000000,12326.4,True
8293,000211800022fffe,0002110022000000,0002110022000000,20815.1,True
8294,000322fffe118000,0003220011000000,0003220011000000,18333.8,True
8295,000411800022fffe,0004110022000000,0004110022000000,12539.4,True
8296,000522fffe118000,0005220011000000,0005220011000000,17100.8,True
8297,000611800022fffe,0006110022000000,0006110022000000,18710.9,True
8298,000722fffe118000,0007220011000000,0007220011000000,18426.8,True
8299,000811800022fffe,0008110022000000,0008110022000000,14506.9,True
8300,000922fffe118000,0009220011000000,0009220011000000,16733.8,True
8301,000a11800022fffe,000a110022000000,000a110022000000,17898.7,True
8302,000b22fffe118000,000b220011000000,000b220011000000,13891.3,True
8303,000c11800022fffe,000c110022000000,000c110022000000,16881.6,True
8304,000d22fffe118000,000d220011000000,000d220011000000,18464.6,True
8305,000e11800022fffe,000e110022000000,000e110022000000,15738.3,True
8306,000f22ffff118006,000f220011000000,000f220011000000,16955.0,True
8307,0010117fff22fffd,0010110122010000,0010110122010000,16716.4,True
8308,001122fffe118000,0011220111010000,0011220111010000,16956.9,True
8309,001211800122ffff,0012110222020000,0012110222020000,16816.7,True
8310,001322fffd117fff,0013220111010000,0013220111010000,16922.6,True
8311,001411800022fffe,0014110122010000,0014110122010000,16768.8,True
8312,001522ffff118001,0015220211020000,0015220211020000,16917.7,True
8313,0016117fff22fffd,0016110122010000,0016110122010000,17243.1,True
8314,001722fffe118000,0017220111010000,0017220111010000,16936.8,True
8315,001811800122ffff,0018110222020000,0018110222020000,16671.8,True
8316,001922fffd117fff,0019220111010000,0019220111010000,16931.1,True
8317,001a11800022fffe,001a110122010000,001a110122010000,17112.1,True
8318,001b22ffff118001,001b220211020000,001b220211020000,16933.9,True
8319,001c117fff22fffd,001c110122010000,001c110122010000,17340.9,True
8320,001d22fffe118000,001d220111010000,001d220111010000,16454.2,True
8321,001e11800122ffff,001e110222020000,001e110222020000,17138.7,True
8322,001f22fffd117fff,001f220211020000,001f220211020000,16910.8,True
8323,002011800022fffe,0020110222020000,0020110222020000,17150.1,True
8324,002122ffff118001,0021220211020000,0021220211020000,16655.0,True
8325,000011800022fffe,0000110022000000,0000110022000000,16608.8,True
8326,000122fffe118000,0001220011000000,0001220011000000,17050.0,True
8327,000211800022fffe,0002110022000000,0002110022000000,16985.4,True
8328,000322fffe118000,0003220011000000,0003220011000000,17101.1,True
8329,000411800022fffe,0004110022000000,0004110022000000,16848.8,True
8330,000522fffe118000,0005220011000000,0005220011000000,16996.5,True
8331,000611800022fffe,0006110022000000,0006110022000000,16866.3,True
8332,000722fffe118000,0007220011000000,0007220011000000,16958.4,True
8333,000811800022fffe,0008110022000000,0008110022000000,16977.8,True
8334,000922fffe118000,0009220011000000,0009220011000000,16890.2,True
8335,000a11800022fffe,000a110022000000,000a110022000000,16949.6,True
8336,000b22fffe118000,000b220011000000,000b220011000000,16675.7,True
8337,000c11800022fffe,000c110022000000,000c110022000000,17063.2,True
8338,000d22fffe118000,000d220011000000,000d220011000000,16651.1,True
8339,000e11800022fffe,000e110022000000,000e110022000000,17065.9,True
8340,000f22ffff118007,000f220011000000,000f220011000000,17200.7,True
8341,0010117fff22fffd,0010110122010000,0010110122010000,17183.4,True
8342,001122fffe118000,0011220111010000,0011220111010000,16201.5,True
8343,001211800122ffff,0012110222020000,0012110222020000,17338.1,True
8344,001322fffd117fff,0013220111010000,0013220111010000,17144.3,True
8345,001411800022fffe,0014110122010000,0014110122010000,15177.7,True
8346,001522ffff118001,0015220211020000,0015220211020000,17396.7,True
8347,0016117fff22fffd,0016110122010000,0016110122010000,16079.6,True
8348,001722fffe118000,0017220111010000,0017220111010000,17399.5,True
8349,001811800122ffff,0018110222020000,0018110222020000,16604.3,True
8350,001922fffd117fff,0019220111010000,0019220111010000,19177.8,True
8351,001a11800022fffe,001a110122010000,001a110122010000,15218.3,True
8352,001b22ffff118001,001b220211020000,001b220211020000,16073.0,True
8353,001c117fff22fffd,001c110122010000,001c110122010000,16450.4,True
8354,001d22fffe118000,001d220111010000,001d220111010000,17331.2,True
8355,001e11800122ffff,001e110222020000,001e110222020000,16652.4,True
8356,001f22fffd117fff,001f220211020000,001f220211020000,16744.3,True
8357,002011800022fffe,0020110222020000,0020110222020000,17395.1,True
8358,002122ffff118001,0021220211020000,0021220211020000,16455.1,True
8359,000011800022fffe,0000110022000000,0000110022000000,16982.4,True
8360,000122fffe118000,0001220011000000,0001220011000000,16707.4,True
8361,000211800022fffe,0002110022000000,0002110022000000,16790.7,True
8362,000322fffe118000,0003220011000000,0003220011000000,17047.4,True
8363,000411800022fffe,0004110022000000,0004110022000000,16861.2,True
8364,000522fffe118000,0005220011000000,0005220011000000,17112.7,True
8365,000611800022fffe,0006110022000000,0006110022000000,16908.6,True
8366,000722fffe118000,0007220011000000,0007220011000000,17080.3,True
8367,000811800022fffe,0008110022000000,0008110022000000,16895.4,True
8368,000922fffe118000,0009220011000000,0009220011000000,16669.1,True
8369,000a11800022fffe,000a110022000000,000a110022000000,16864.3,True
8370,000b22fffe118000,000b220011000000,000b220011000000,17404.7,True
8371,000c11800022fffe,000c110022000000,000c110022000000,16721.7,True
8372,000d22fffe118000,000d220011000000,000d220011000000,16918.3,True
8373,000e11800022fffe,000e110022000000,000e110022000000,16936.1,True
8374,000f22ffff118008,000f220011000000,000f220011000000,16842.2,True
8375,0010117fff22fffd,0010110122010000,0010110122010000,16919.6,True
8376,001122fffe118000,0011220111010000,0011220111010000,17694.3,True
8377,001211800122ffff,0012110222020000,0012110222020000,16277.3,True
8378,001322fffd117fff,0013220111010000,0013220111010000,16747.8,True
8379,001411800022fffe,0014110122010000,0014110122010000,17123.9,True
8380,001522ffff118001,0015220211020000,0015220211020000,16889.0,True
8381,0016117fff22fffd,0016110122010000,0016110122010000,16719.3,True
8382,001722fffe118000,0017220111010000,0017220111010000,17046.8,True
8383,001811800122ffff,0018110222020000,0018110222020000,17012.7,True
8384,001922fffd117fff,0019220111010000,0019220111010000,16907.0,True
8385,001a11800022fffe,001a110122010000,001a110122010000,16730.2,True
8386,001b22ffff118001,001b220211020000,001b220211020000,16850.2,True
8387,001c117fff22fffd,001c110122010000,001c110122010000,16917.9,True
8388,001d22fffe118000,001d220111010000,001d220111010000,17034.1,True
8389,001e11800122ffff,001e110222020000,001e110222020000,16878.9,True
8390,001f22fffd117fff,001f220211020000,001f220211020000,16880.7,True
8391,002011800022fffe,0020110222020000,0020110222020000,22190.8,True
8392,002122ffff118001,0021220211020000,0021220211020000,11673.9,True
8393,000011800022fffe,0000110022000000,0000110022000000,16865.0,True
8394,000122fffe118000,0001220011000000,0001220011000000,17199.9,True
8395,000211800022fffe,0002110022000000,0002110022000000,19143.1,True
8396,000322fffe118000,0003220011000000,0003220011000000,17161.8,True
8397,000411800022fffe,0004110022000000,0004110022000000,14374.8,True
8398,000522fffe118000,0005220011000000,0005220011000000,19958.8,True
8399,000611800022fffe,0006110022000000,0006110022000000,13693.2,True
8400,000722fffe118000,0007220011000000,0007220011000000,18672.8,True
8401,000811800022fffe,0008110022000000,0008110022000000,15310.1,True
8402,000922fffe118000,0009220011000000,0009220011000000,16905.0,True
8403,000a11800022fffe,000a110022000000,000a110022000000,16936.3,True
8404,000b22fffe118000,000b220011000000,000b220011000000,16960.1,True
8405,000c11800022fffe,000c110022000000,000c110022000000,17442.5,True
8406,000d22fffe118000,000d220011000000,000d220011000000,16302.8,True
8407,000e11800022fffe,000e110022000000,000e110022000000,17135.8,True
8408,000f22ffff118009,000f220011000000,000f220011000000,18368.7,True
8409,0010117fff22fffd,0010110122010000,0010110122010000,15607.6,True
8410,001122fffe118000,0011220111010000,0011220111010000,18782.2,True
8411,001211800122ffff,0012110222020000,0012110222020000,14979.7,True
8412,001322fffd117fff,0013220111010000,0013220111010000,17083.7,True
8413,001411800022fffe,0014110122010000,0014110122010000,16649.6,True
8414,001522ffff118001,0015220211020000,0015220211020000,16882.2,True
8415,0016117fff22fffd,0016110122010000,0016110122010000,17065.5,True
8416,001722fffe118000,0017220111010000,0017220111010000,16957.1,True
8417,001811800122ffff,0018110222020000,0018110222020000,16880.3,True
8418,001922fffd117fff,0019220111010000,0019220111010000,16920.7,True
8419,001a11800022fffe,001a110122010000,001a110122010000,16543.4,True
8420,001b22ffff118001,001b220211020000,001b220211020000,17012.5,True
8421,001c117fff22fffd,001c110122010000,001c110122010000,17177.4,True
8422,001d22fffe118000,001d220111010000,001d220111010000,16942.9,True
8423,001e11800122ffff,001e110222020000,001e110222020000,16930.1,True
8424,001f22fffd117fff,001f220211020000,001f220211020000,16949.3,True
8425,002011800022fffe,0020110222020000,0020110222020000,16930.3,True
8426,002122ffff118001,0021220211020000,0021220211020000,16932.4,True
8427,000011800022fffe,0000110022000000,0000110022000000,16888.9,True
8428,000122fffe118000,0001220011000000,0001220011000000,16916.1,True
8429,000211800022fffe,0002110022000000,0002110022000000,16886.3,True
8430,000322fffe118000,0003220011000000,0003220011000000,16990.1,True
8431,000411800022fffe,0004110022000000,0004110022000000,16952.6,True
8432,000522fffe118000,0005220011000000,0005220011000000,16904.6,True
8433,000611800022fffe,0006110022000000,0006110022000000,16632.3,True
8434,000722fffe118000,0007220011000000,0007220011000000,17142.5,True
8435,000811800022fffe,0008110022000000,0008110022000000,16983.5,True
8436,000922fffe118000,0009220011000000,0009220011000000,16980.7,True
8437,000a11800022fffe,000a110022000000,000a110022000000,16963.2,True
8438,000b22fffe118000,000b220011000000,000b220011000000,16826.1,True
8439,000c11800022fffe,000c110022000000,000c110022000000,16708.9,True
8440,000d22fffe118000,000d220011000000,000d220011000000,16757.9,True
8441,000e11800022fffe,000e110022000000,000e110022000000,16889.2,True
8442,000f22ffff11800a,000f220011000000,000f220011000000,16911.8,True
8443,0010117fff22fffd,0010110122010000,0010110122010000,17059.7,True
8444,001122fffe118000,0011220111010000,0011220111010000,18135.1,True
8445,001211800122ffff,0012110222020000,0012110222020000,16794.6,True
8446,001322fffd117fff,0013220111010000,0013220111010000,16817.2,True
8447,001411800022fffe,0014110122010000,0014110122010000,16659.7,True
8448,001522ffff118001,0015220211020000,0015220211020000,18164.7,True
8449,0016117fff22fffd,0016110122010000,0016110122010000,16813.1,True
8450,001722fffe118000,0017220111010000,0017220111010000,16614.6,True
8451,001811800122ffff,0018110222020000,0018110222020000,15799.3,True
8452,001922fffd117fff,0019220111010000,0019220111010000,16517.3,True
8453,001a11800022fffe,001a110122010000,001a110122010000,17074.3,True
8454,001b22ffff118001,001b220211020000,001b220211020000,16754.4,True
8455,001c117fff22fffd,001c110122010000,001c110122010000,16902.9,True
8456,001d22fffe118000,001d220111010000,001d220111010000,16972.3,True
8457,001e11800122ffff,001e110222020000,001e110222020000,16969.5,True
8458,001f22fffd117fff,001f220211020000,001f220211020000,16765.8,True
8459,002011800022fffe,0020110222020000,0020110222020000,16923.4,True
8460,002122ffff118001,0021220211020000,0021220211020000,17054.1,True
8461,000011800022fffe,0000110022000000,0000110022000000,17360.3,True
8462,000122fffe118000,0001220011000000,0001220011000000,16207.4,True
8463,000211800022fffe,0002110022000000,0002110022000000,17027.7,True
8464,000322fffe118000,0003220011000000,0003220011000000,16806.6,True
8465,000411800022fffe,0004110022000000,0004110022000000,16959.9,True
8466,000522fffe118000,0005220011000000,0005220011000000,16944.0,True
8467,000611800022fffe,0006110022000000,0006110022000000,17168.3,True
8468,000722fffe118000,0007220011000000,0007220011000000,16700.5,True
8469,000811800022fffe,0008110022000000,0008110022000000,17156.7,True
8470,000922fffe118000,0009220011000000,0009220011000000,16957.4,True
8471,000a11800022fffe,000a110022000000,000a110022000000,16673.8,True
8472,000b22fffe118000,000b220011000000,000b220011000000,17260.0,True
8473,000c11800022fffe,000c110022000000,000c110022000000,16449.3,True
8474,000d22fffe118000,000d220011000000,000d220011000000,17380.4,True
8475,000e11800022fffe,000e110022000000,000e110022000000,16953.2,True
8476,000f22ffff11800b,000f220011000000,000f220011000000,16926.9,True
8477,0010117fff22fffd,0010110122010000,0010110122010000,16942.5,True
8478,001122fffe118000,0011220111010000,0011220111010000,17102.8,True
8479,001211800122ffff,0012110222020000,0012110222020000,16725.3,True
8480,001322fffd117fff,0013220111010000,0013220111010000,16915.3,True
8481,001411800022fffe,0014110122010000,0014110122010000,16880.5,True
8482,001522ffff118001,0015220211020000,0015220211020000,16910.9,True
8483,0016117fff22fffd,0016110122010000,0016110122010000,16945.0,True
8484,001722fffe118000,0017220111010000,0017220111010000,17215.1,True
8485,001811800122ffff,0018110222020000,0018110222020000,16483.9,True
8486,001922fffd117fff,0019220111010000,0019220111010000,16770.4,True
8487,001a11800022fffe,001a110122010000,001a110122010000,17143.8,True
8488,001b22ffff118001,001b220211020000,001b220211020000,16934.2,True
8489,001c117fff22fffd,001c110122010000,001c110122010000,16927.7,True
8490,001d22fffe118000,001d220111010000,001d220111010000,16921.7,True
8491,001e11800122ffff,001e110222020000,001e110222020000,16981.3,True
8492,001f22fffd117fff,001f220211020000,001f220211020000,16990.8,True
8493,002011800022fffe,0020110222020000,0020110222020000,19721.4,True
8494,002122ffff118001,0021220211020000,0021220211020000,18065.9,True
8495,000011800022fffe,0000110022000000,0000110022000000,16015.4,True
8496,000122fffe118000,0001220011000000,0001220011000000,17825.3,True
8497,000211800022fffe,0002110022000000,0002110022000000,14543.6,True
8498,000322fffe118000,0003220011000000,0003220011000000,19041.9,True
8499,000411800022fffe,0004110022000000,0004110022000000,14882.4,True
8500,000522fffe118000,0005220011000000,0005220011000000,17166.2,True
8501,000611800022fffe,0006110022000000,0006110022000000,14617.4,True
8502,000722fffe118000,0007220011000000,0007220011000000,17280.1,True
8503,000811800022fffe,0008110022000000,0008110022000000,20368.3,True
8504,000922fffe118000,0009220011000000,0009220011000000,15087.8,True
8505,000a11800022fffe,000a110022000000,000a110022000000,16392.3,True
8506,000b22fffe118000,000b220011000000,000b220011000000,15634.7,True
8507,000c11800022fffe,000c110022000000,000c110022000000,16959.4,True
8508,000d22fffe118000,000d220011000000,000d220011000000,16966.4,True
8509,000e11800022fffe,000e110022000000,000e110022000000,19408.8,True
8510,000f22ffff11800c,000f220011000000,000f220011000000,14888.6,True
8511,0010117fff22fffd,0010110122010000,0010110122010000,16623.9,True
8512,001122fffe118000,0011220111010000,0011220111010000,16814.1,True
8513,001211800122ffff,0012110222020000,0012110222020000,16919.9,True
8514,001322fffd117fff,0013220111010000,0013220111010000,16940.5,True
8515,001411800022fffe,0014110122010000,0014110122010000,17232.5,True
8516,001522ffff118001,0015220211020000,0015220211020000,16946.3,True
8517,0016117fff22fffd,0016110122010000,0016110122010000,16646.7,True
8518,001722fffe118000,0017220111010000,0017220111010000,16998.2,True
8519,001811800122ffff,0018110222020000,0018110222020000,16858.5,True
8520,001922fffd117fff,0019220111010000,0019220111010000,17057.1,True
8521,001a11800022fffe,001a110122010000,001a110122010000,17165.0,True
8522,001b22ffff118001,001b220211020000,001b220211020000,16720.5,True
8523,001c117fff22fffd,001c110122010000,001c110122010000,17107.0,True
8524,001d22fffe118000,001d220111010000,001d220111010000,16956.8,True
8525,001e11800122ffff,001e110222020000,001e110222020000,16521.5,True
8526,001f22fffd117fff,001f220211020000,001f220211020000,17134.9,True
8527,002011800022fffe,0020110222020000,0020110222020000,16968.0,True
8528,002122ffff118001,0021220211020000,0021220211020000,17020.7,True
8529,000011800022fffe,0000110022000000,0000110022000000,16877.0,True
8530,000122fffe118000,0001220011000000,0001220011000000,16976.5,True
8531,000211800022fffe,0002110022000000,0002110022000000,16855.0,True
8532,000322fffe118000,0003220011000000,0003220011000000,17093.4,True
8533,000411800022fffe,0004110022000000,0004110022000000,16800.6,True
8534,000522fffe118000,0005220011000000,0005220011000000,16944.9,True
8535,000611800022fffe,0006110022000000,0006110022000000,17094.7,True
8536,000722fffe118000,0007220011000000,0007220011000000,16939.0,True
8537,000811800022fffe,0008110022000000,0008110022000000,16761.9,True
8538,000922fffe118000,0009220011000000,0009220011000000,16950.1,True
8539,000a11800022fffe,000a110022000000,000a110022000000,16943.7,True
8540,000b22fffe118000,000b220011000000,000b220011000000,16940.0,True
8541,000c11800022fffe,000c110022000000,000c110022000000,17305.2,True
8542,000d22fffe118000,000d220011000000,000d220011000000,16358.3,True
8543,000e11800022fffe,000e110022000000,000e110022000000,17145.9,True
8544,000f22ffff11800d,000f220011000000,000f220011000000,19794.0,True
8545,0010117fff22fffd,0010110122010000,0010110122010000,13756.9,True
8546,001122fffe118000,0011220111010000,0011220111010000,18926.7,True
8547,001211800122ffff,0012110222020000,0012110222020000,14529.8,True
8548,001322fffd117fff,0013220111010000,0013220111010000,16979.6,True
8549,001411800022fffe,0014110122010000,0014110122010000,16952.0,True
8550,001522ffff118001,0015220211020000,0015220211020000,17722.1,True
8551,0016117fff22fffd,0016110122010000,0016110122010000,16125.5,True
8552,001722fffe118000,0017220111010000,0017220111010000,17095.0,True
8553,001811800122ffff,0018110222020000,0018110222020000,16789.1,True
8554,001922fffd117fff,0019220111010000,0019220111010000,17009.3,True
8555,001a11800022fffe,001a110122010000,001a110122010000,17062.0,True
8556,001b22ffff118001,001b220211020000,001b220211020000,16992.1,True
8557,001c117fff22fffd,001c110122010000,001c110122010000,16765.1,True
8558,001d22fffe118000,001d220111010000,001d220111010000,17129.9,True
8559,001e11800122ffff,001e110222020000,001e110222020000,17045.1,True
8560,001f22fffd117fff,001f220211020000,001f220211020000,16556.3,True
8561,002011800022fffe,0020110222020000,0020110222020000,16634.7,True
8562,002122ffff118001,0021220211020000,0021220211020000,17045.9,True
8563,000011800022fffe,0000110022000000,0000110022000000,16874.7,True
8564,000122fffe118000,0001220011000000,0001220011000000,17030.4,True
8565,000211800022fffe,0002110022000000,0002110022000000,16862.6,True
8566,000322fffe118000,0003220011000000,0003220011000000,17156.0,True
8567,000411800022fffe,0004110022000000,0004110022000000,16956.5,True
8568,000522fffe118000,0005220011000000,0005220011000000,16478.9,True
8569,000611800022fffe,0006110022000000,0006110022000000,17323.5,True
8570,000722fffe118000,0007220011000000,0007220011000000,17225.2,True
8571,000811800022fffe,0008110022000000,0008110022000000,16643.7,True
8572,000922fffe118000,0009220011000000,0009220011000000,16933.1,True
8573,000a11800022fffe,000a110022000000,000a110022000000,16853.1,True
8574,000b22fffe118000,000b220011000000,000b220011000000,16904.0,True
8575,000c11800022fffe,000c110022000000,000c110022000000,16881.0,True
8576,000d22fffe118000,000d220011000000,000d220011000000,17378.5,True
8577,000e11800022fffe,000e110022000000,000e110022000000,16564.5,True
8578,000f22ffff11800e,000f220011000000,000f220011000000,16976.7,True
8579,0010117fff22fffd,0010110122010000,0010110122010000,16708.6,True
8580,001122fffe118000,0011220111010000,0011220111010000,17124.8,True
8581,001211800122ffff,0012110222020000,0012110222020000,17070.6,True
8582,001322fffd117fff,0013220111010000,0013220111010000,16554.4,True
8583,001411800022fffe,0014110122010000,0014110122010000,17373.4,True
8584,001522ffff118001,0015220211020000,0015220211020000,16372.4,True
8585,0016117fff22fffd,0016110122010000,0016110122010000,16862.4,True
8586,001722fffe118000,0017220111010000,0017220111010000,17324.7,True
8587,001811800122ffff,0018110222020000,0018110222020000,16831.0,True
8588,001922fffd117fff,0019220111010000,0019220111010000,16738.2,True
8589,001a11800022fffe,001a110122010000,001a110122010000,17042.2,True
8590,001b22ffff118001,001b220211020000,001b220211020000,17061.3,True
8591,001c117fff22fffd,001c110122010000,001c110122010000,16794.4,True
8592,001d22fffe118000,001d220111010000,001d220111010000,17057.7,True
8593,001e11800122ffff,001e110222020000,001e110222020000,18425.6,True
8594,001f22fffd117fff,001f220211020000,001f220211020000,16443.0,True
8595,002011800022fffe,0020110222020000,0020110222020000,16506.6,True
8596,002122ffff118001,0021220211020000,0021220211020000,17430.8,True
8597,000011800022fffe,0000110022000000,0000110022000000,15980.2,True
8598,000122fffe118000,0001220011000000,0001220011000000,16449.2,True
8599,000211800022fffe,0002110022000000,0002110022000000,18394.4,True
8600,000322fffe118000,0003220011000000,0003220011000000,15408.2,True
8601,000411800022fffe,0004110022000000,0004110022000000,16974.7,True
8602,000522fffe118000,0005220011000000,0005220011000000,17155.4,True
8603,000611800022fffe,0006110022000000,0006110022000000,16958.3,True
8604,000722fffe118000,0007220011000000,0007220011000000,16792.5,True
8605,000811800022fffe,0008110022000000,0008110022000000,17385.3,True
8606,000922fffe118000,0009220011000000,0009220011000000,16457.8,True
8607,000a11800022fffe,000a110022000000,000a110022000000,17217.1,True
8608,000b22fffe118000,000b220011000000,000b220011000000,16553.1,True
8609,000c11800022fffe,000c110022000000,000c110022000000,17195.1,True
8610,000d22fffe118000,000d220011000000,000d220011000000,16711.4,True
8611,000e11800022fffe,000e110022000000,000e110022000000,17241.7,True
8612,000f22ffff11800f,000f220011000000,000f220011000000,16991.5,True
8613,0010117fff22fffd,0010110122010000,0010110122010000,17026.6,True
8614,001122fffe118000,0011220111010000,0011220111010000,16859.0,True
8615,001211800122ffff,0012110222020000,0012110222020000,17034.5,True
8616,001322fffd117fff,0013220111010000,0013220111010000,16952.7,True
8617,001411800022fffe,0014110122010000,0014110122010000,16784.8,True
8618,001522ffff118001,0015220211020000,0015220211020000,16943.9,True
8619,0016117fff22fffd,0016110122010000,0016110122010000,16932.5,True
8620,001722fffe118000,0017220111010000,0017220111010000,16917.7,True
8621,001811800122ffff,0018110222020000,0018110222020000,17095.5,True
8622,001922fffd117fff,0019220111010000,0019220111010000,16939.7,True
8623,001a11800022fffe,001a110122010000,001a110122010000,16913.5,True
8624,001b22ffff118001,001b220211020000,001b220211020000,16759.8,True
8625,001c117fff22fffd,001c110122010000,001c110122010000,16957.9,True
8626,001d22fffe118000,001d220111010000,001d220111010000,16593.0,True
8627,001e11800122ffff,001e110222020000,001e110222020000,17284.5,True
8628,001f22fffd117fff,001f220211020000,001f220211020000,16833.6,True
8629,002011800022fffe,0020110222020000,0020110222020000,16958.9,True
8630,002122ffff118001,0021220211020000,0021220211020000,16999.7,True
8631,000011ffff220000,0000110022000000,0000110022000000,16840.3,True
8632,000011ffff220000,0000110022000000,0000110022000000,17074.1,True
8633,000122000011ffff,0001220011000000,0001220011000000,16657.0,True
8634,000011ffff220000,0000110022000000,0000110022000000,16970.2,True
8635,000122000011ffff,0001220011000000,0001220011000000,16850.8,True
8636,000211ffff220000,0002110022000000,0002110022000000,17023.9,True
8637,000322000011ffff,0003220011000000,0003220011000000,17369.3,True
8638,000411ffff220000,0004110022000000,0004110022000000,16407.4,True
8639,000522000011ffff,0005220011000000,0005220011000000,16922.4,True
8640,000611ffff220000,0006110022000000,0006110022000000,17746.6,True
8641,000011ffff220000,0000110022000000,0000110022000000,16123.6,True
8642,000122000011ffff,0001220011000000,0001220011000000,16852.0,True
8643,000211ffff220000,0002110022000000,0002110022000000,16891.8,True
8644,000322000011ffff,0003220011000000,0003220011000000,16986.1,True
8645,000411ffff220000,0004110022000000,0004110022000000,19303.1,True
8646,000522000011ffff,0005220011000000,0005220011000000,15510.0,True
8647,000611ffff220000,0006110022000000,0006110022000000,16122.9,True
8648,000722000011ffff,0007220011000000,0007220011000000,16897.3,True
8649,000811ffff220000,0008110022000000,0008110022000000,17108.9,True
8650,000922000011ffff,0009220011000000,0009220011000000,16778.4,True
8651,000a11ffff220000,000a110022000000,000a110022000000,16900.1,True
8652,000b22000011ffff,000b220011000000,000b220011000000,16885.4,True
8653,000c11ffff220000,000c110022000000,000c110022000000,17058.2,True
8654,000d22000011ffff,000d220011000000,000d220011000000,16834.4,True
8655,000e11ffff220000,000e110022000000,000e110022000000,16947.0,True
8656,000011ffff220000,0000110022000000,0000110022000000,17069.2,True
8657,000122000011ffff,0001220011000000,0001220011000000,16879.5,True
8658,000211ffff220000,0002110022000000,0002110022000000,17008.1,True
8659,000322000011ffff,0003220011000000,0003220011000000,16762.2,True
8660,000411ffff220000,0004110022000000,0004110022000000,17053.9,True
8661,000522000011ffff,0005220011000000,0005220011000000,16962.1,True
8662,000611ffff220000,0006110022000000,0006110022000000,16945.1,True
8663,000722000011ffff,0007220011000000,0007220011000000,16941.9,True
8664,000811ffff220000,0008110022000000,0008110022000000,16920.5,True
8665,000922000011ffff,0009220011000000,0009220011000000,16981.7,True
8666,000a11ffff220000,000a110022000000,000a110022000000,17451.9,True
8667,000b22000011ffff,000b220011000000,000b220011000000,16542.3,True
8668,000c11ffff220000,000c110022000000,000c110022000000,16720.0,True
8669,000d22000011ffff,000d220011000000,000d220011000000,16881.8,True
8670,000e11ffff220000,000e110022000000,000e110022000000,17012.1,True
8671,000f22000011ffff,000f220011000000,000f220011000000,17003.8,True
8672,000011ffff220000,0000110022000000,0000110022000000,17089.8,True
8673,000122000011ffff,0001220011000000,0001220011000000,16777.4,True
8674,000211ffff220000,0002110022000000,0002110022000000,16750.1,True
8675,000322000011ffff,0003220011000000,0003220011000000,17139.2,True
8676,000411ffff220000,0004110022000000,0004110022000000,17056.7,True
8677,000522000011ffff,0005220011000000,0005220011000000,16837.0,True
8678,000611ffff220000,0006110022000000,0006110022000000,16702.1,True
8679,000722000011ffff,0007220011000000,0007220011000000,17184.8,True
8680,000811ffff220000,0008110022000000,0008110022000000,17025.4,True
8681,000922000011ffff,0009220011000000,0009220011000000,16605.9,True
8682,000a11ffff220000,000a110022000000,000a110022000000,17389.4,True
8683,000b22000011ffff,000b220011000000,000b220011000000,16746.1,True
8684,000c11ffff220000,000c110022000000,000c110022000000,16867.2,True
8685,000d22000011ffff,000d220011000000,000d220011000000,16774.0,True
8686,000e11ffff220000,000e110022000000,000e110022000000,17280.8,True
8687,000f22000011ffff,000f220011000000,000f220011000000,16610.1,True
8688,001011ffff220000,0010110022000000,0010110022000000,16983.2,True
8689,000011000022ffff,0000110022000000,0000110022000000,16871.7,True
8690,000122000011ffff,0001220011000000,0001220011000000,17064.6,True
8691,000211000022ffff,0002110022000000,0002110022000000,16784.8,True
8692,000322000011ffff,0003220011000000,0003220011000000,16786.0,True
8693,000411000022ffff,0004110022000000,0004110022000000,17240.1,True
8694,000522000011ffff,0005220011000000,0005220011000000,16856.3,True
8695,000611000022ffff,0006110022000000,0006110022000000,17351.7,True
8696,000722000011ffff,0007220011000000,0007220011000000,16310.7,True
8697,000811000022ffff,0008110022000000,0008110022000000,17371.6,True
8698,000922000011ffff,0009220011000000,0009220011000000,16225.0,True
8699,000a11000022ffff,000a110022000000,000a110022000000,18970.5,True
8700,000b22000011ffff,000b220011000000,000b220011000000,17204.7,True
8701,000c11000022ffff,000c110022000000,000c110022000000,14662.0,True
8702,000d22000011ffff,000d220011000000,000d220011000000,20464.1,True
8703,000e11000022ffff,000e110022000000,000e110022000000,13610.4,True
8704,000f22000011ffff,000f220011000000,000f220011000000,16746.5,True
8705,001011000022ffff,0010110122020000,0010110122020000,17188.4,True
8706,001122000011ffff,0011220111020000,0011220111020000,16784.0,True
8707,001211000022ffff,0012110122020000,0012110122020000,17123.5,True
8708,001322000011ffff,0013220111020000,0013220111020000,16831.7,True
8709,001411000022ffff,0014110122020000,0014110122020000,17090.3,True
8710,001522000011ffff,0015220111020000,0015220111020000,16676.2,True
8711,001611000022ffff,0016110122020000,0016110122020000,16978.5,True
8712,001722000011ffff,0017220111020000,0017220111020000,16887.3,True
8713,001811000022ffff,0018110122020000,0018110122020000,16908.4,True
8714,001922000011ffff,0019220111020000,0019220111020000,16668.6,True
8715,001a11000022ffff,001a110122020000,001a110122020000,17128.5,True
8716,001b22000011ffff,001b220111020000,001b220111020000,16972.4,True
8717,001c11000022ffff,001c110122020000,001c110122020000,16935.6,True
8718,001d22000011ffff,001d220111020000,001d220111020000,16928.9,True
8719,001e11000022ffff,001e110122020000,001e110122020000,16960.2,True
8720,001f22000011ffff,001f220111020000,001f220111020000,16943.5,True
8721,002011000022ffff,0020110122020000,0020110122020000,16711.2,True
8722,002122000011ffff,0021220111020000,0021220111020000,17160.5,True
8723,002211000022ffff,0022110122020000,0022110122020000,16914.4,True
8724,002322000011ffff,0023220111020000,0023220111020000,16912.8,True
8725,002411000022ffff,0024110122020000,0024110122020000,17076.6,True
8726,002522000011ffff,0025220111020000,0025220111020000,16864.2,True
8727,002611000022ffff,0026110122020000,0026110122020000,16980.1,True
8728,002722000011ffff,0027220111020000,0027220111020000,16697.5,True
8729,002811000022ffff,0028110122020000,0028110122020000,17126.4,True
8730,002922000011ffff,0029220111020000,0029220111020000,17007.5,True
8731,002a11000022ffff,002a110122020000,002a110122020000,16887.5,True
8732,002b22000011ffff,002b220111020000,002b220111020000,16939.5,True
8733,002c11000022ffff,002c110122020000,002c110122020000,16920.2,True
8734,002d22000011ffff,002d220111020000,002d220111020000,17040.3,True
8735,002e11000022ffff,002e110122020000,002e110122020000,16661.6,True
8736,002f22000011ffff,002f220111020000,002f220111020000,17146.1,True
8737,003011000022ffff,0030110122020000,0030110122020000,17471.0,True
8738,003122000011ffff,0031220111020000,0031220111020000,16392.6,True
8739,003211000022ffff,0032110122020000,0032110122020000,16933.0,True
8740,003322000011ffff,0033220111020000,0033220111020000,16934.5,True
8741,003411000022ffff,0034110122020000,0034110122020000,16945.3,True
8742,003522000011ffff,0035220111020000,0035220111020000,16943.5,True
8743,003611000022ffff,0036110122020000,0036110122020000,16975.0,True
8744,003722000011ffff,0037220111020000,0037220111020000,16670.0,True
8745,003811000022ffff,0038110122020000,0038110122020000,21753.7,True
8746,003922000011ffff,0039220111020000,0039220111020000,13323.4,True
8747,003a11000022ffff,003a110122020000,003a110122020000,15816.2,True
8748,003b22000011ffff,003b220111020000,003b220111020000,18771.6,True
8749,003c11000022ffff,003c110122020000,003c110122020000,16733.8,True
8750,003d22000011ffff,003d220111020000,003d220111020000,17925.9,True
8751,003e11000022ffff,003e110122020000,003e110122020000,15651.9,True
8752,003f22000011ffff,003f220111020000,003f220111020000,18245.1,True
8753,004011000022ffff,0040110122020000,0040110122020000,15041.3,True
8754,004122000011ffff,0041220111020000,0041220111020000,16854.5,True
8755,004211000022ffff,0042110122020000,0042110122020000,16039.0,True
8756,004322000011ffff,0043220111020000,0043220111020000,17224.7,True
8757,004411000022ffff,0044110122020000,0044110122020000,17142.2,True
8758,004522000011ffff,0045220111020000,0045220111020000,16570.4,True
8759,004611000022ffff,0046110122020000,0046110122020000,17085.7,True
8760,004722000011ffff,0047220111020000,0047220111020000,16647.1,True
8761,004811000022ffff,0048110122020000,0048110122020000,18312.0,True
8762,004922000011ffff,0049220111020000,0049220111020000,15543.9,True
8763,004a11000022ffff,004a110122020000,004a110122020000,17099.3,True
8764,004b22000011ffff,004b220111020000,004b220111020000,16892.4,True
8765,004c11000022ffff,004c110122020000,004c110122020000,18609.1,True
8766,004d22000011ffff,004d220111020000,004d220111020000,15850.6,True
8767,004e11000022ffff,004e110122020000,004e110122020000,16478.4,True
8768,004f22000011ffff,004f220111020000,004f220111020000,16686.7,True
8769,005011000022ffff,0050110122020000,0050110122020000,16997.2,True
8770,005122000011ffff,0051220111020000,0051220111020000,17132.9,True
8771,005211000022ffff,0052110122020000,0052110122020000,16956.2,True
8772,005322000011ffff,0053220111020000,0053220111020000,17024.2,True
8773,005411000022ffff,0054110122020000,0054110122020000,16920.8,True
8774,005522000011ffff,0055220111020000,0055220111020000,16959.9,True
8775,005611000022ffff,0056110122020000,0056110122020000,17063.6,True
8776,005722000011ffff,0057220111020000,0057220111020000,16951.4,True
8777,005811000022ffff,0058110122020000,0058110122020000,16888.2,True
8778,005922000011ffff,0059220111020000,0059220111020000,16798.4,True
8779,005a11000022ffff,005a110122020000,005a110122020000,17045.9,True
8780,005b22000011ffff,005b220111020000,005b220111020000,18244.2,True
8781,005c11000022ffff,005c110122020000,005c110122020000,15500.6,True
8782,005d22000011ffff,005d220111020000,005d220111020000,16903.1,True
8783,005e11000022ffff,005e110122020000,005e110122020000,16927.2,True
8784,005f22000011ffff,005f220111020000,005f220111020000,16983.2,True
