00000000000f0000000f010101010000
00000100001d0001000e020202020000
00000300002a0002000d030303030000
0000060000360003000c040404040000
00000a0000410004000b050505050000
00000f00004b0005000a060606060000
00001500005400060009070707070000
00001c00005c00070008080808080000
00002400006300080007090909090000
00002d000069000900060a0a0a0a0000
00003700006e000a00050b0b0b0b0000
000042000072000b00040c0c0c0c0000
00004e000075000c00030d0d0d0d0000
00005b000077000d00020e0e0e0e0000
000069000078000e00010f0f0f0f0000
000078000078000f0000000010100000
0000880000780010000f010110100000
0000870000780000000e020210100000
0000860000780001000d030310100000
0000850000780002000c040410100000
0000840000780003000b050510100000
0000830000780004000a060610100000
00008200007800050009070710100000
00008100007800060008080810100000
00008000007800070007090910100000
00007f000078000800060a0a10100000
00007e000078000900050b0b10100000
00007d000078000a00040c0c10100000
00007c000078000b00030d0d10100000
00007b000078000c00020e0e10100000
00007a000078000d00010f0f10100000
000079000078000e0000000010100000
000078000078000f000f010110100000
0000880000780010000e020210100000
0000870000780000000d030310100000
0000860000780001000c040410100000
0000850000780002000b050510100000
0000840000780003000a060610100000
00008300007800040009070710100000
00008200007800050008080810100000
00008100007800060007090910100000
000080000078000700060a0a10100000
00007f000078000800050b0b10100000
00007e000078000900040c0c10100000
00007d000078000a00030d0d10100000
00007c000078000b00020e0e10100000
00007b000078000c00010f0f10100000
00007a000078000d0000000010100000
000079000078000e000f010110100000
000078000078000f000e020210100000
0000880000780010000d030310100000
0000870000780000000c040410100000
0000860000780001000b050510100000
0000850000780002000a060610100000
00008400007800030009070710100000
00008300007800040008080810100000
00008200007800050007090910100000
000081000078000600060a0a10100000
000080000078000700050b0b10100000
00007f000078000800040c0c10100000
00007e000078000900030d0d10100000
00007d000078000a00020e0e10100000
00007c000078000b00010f0f10100000
00007b000078000c0000000010100000
00007a000078000d000f010110100000
000079000078000e000e020210100000
000078000078000f000d030310100000
0000880000780010000c040410100000
0000870000780000000b050510100000
0000860000780001000a060610100000
00008500007800020009070710100000
00008400007800030008080810100000
00008300007800040007090910100000
000082000078000500060a0a10100000
000081000078000600050b0b10100000
000080000078000700040c0c10100000
00007f000078000800030d0d10100000
00007e000078000900020e0e10100000
00007d000078000a00010f0f10100000
00007c000078000b0000000010100000
00007b000078000c000f010110100000
00007a000078000d000e020210100000
000079000078000e000d030310100000
000078000078000f000c040410100000
0000880000780010000b050510100000
0000870000780000000a060610100000
00008600007800010009070710100000
00008500007800020008080810100000
00008400007800030007090910100000
000083000078000400060a0a10100000
000082000078000500050b0b10100000
000081000078000600040c0c10100000
000080000078000700030d0d10100000
00007f000078000800020e0e10100000
00007e000078000900010f0f10100000
00007d000078000a0000000010100000
00007c000078000b000f010110100000
00007b000078000c000e020210100000
00007a000078000d000d030310100000
000079000078000e000c040410100000
000078000078000f000b050510100000
0000880000780010000a060610100000
00008700007800000009070710100000
00008600007800010008080810100000
00008500007800020007090910100000
000084000078000300060a0a10100000
000083000078000400050b0b10100000
000082000078000500040c0c10100000
000081000078000600030d0d10100000
000080000078000700020e0e10100000
00007f000078000800010f0f10100000
00007e00007800090000000010100000
00007d000078000a000f010110100000
00007c000078000b000e020210100000
00007b000078000c000d030310100000
00007a000078000d000c040410100000
000079000078000e000b050510100000
000078000078000f000a060610100000
00008800007800100009070710100000
00008700007800000008080810100000
00008600007800010007090910100000
000085000078000200060a0a10100000
000084000078000300050b0b10100000
000083000078000400040c0c10100000
000082000078000500030d0d10100000
000081000078000600020e0e10100000
000080000078000700010f0f10100000
00007f00007800080000000010100000
00007e0000780009000f010110100000
00007d000078000a000e020210100000
00007c000078000b000d030310100000
00007b000078000c000c040410100000
00007a000078000d000b050510100000
000079000078000e000a060610100000
000078000078000f0009070710100000
00008800007800100008080810100000
00008700007800000007090910100000
000086000078000100060a0a10100000
000085000078000200050b0b10100000
000084000078000300040c0c10100000
000083000078000400030d0d10100000
000082000078000500020e0e10100000
000081000078000600010f0f10100000
00008000007800070000000010100000
00007f0000780008000f010110100000
00007e0000780009000e020210100000
00007d000078000a000d030310100000
00007c000078000b000c040410100000
00007b000078000c000b050510100000
00007a000078000d000a060610100000
000079000078000e0009070710100000
000078000078000f0008080810100000
00008800007800100007090910100000
000087000078000000060a0a10100000
000086000078000100050b0b10100000
000085000078000200040c0c10100000
000084000078000300030d0d10100000
000083000078000400020e0e10100000
000082000078000500010f0f10100000
00008100007800060000000010100000
0000800000780007000f010110100000
00007f0000780008000e020210100000
00007e0000780009000d030310100000
00007d000078000a000c040410100000
00007c000078000b000b050510100000
00007b000078000c000a060610100000
00007a000078000d0009070710100000
000079000078000e0008080810100000
000078000078000f0007090910100000
000088000078001000060a0a10100000
000087000078000000050b0b10100000
000086000078000100040c0c10100000
000085000078000200030d0d10100000
000084000078000300020e0e10100000
000083000078000400010f0f10100000
00008200007800050000000010100000
0000810000780006000f010110100000
0000800000780007000e020210100000
00007f0000780008000d030310100000
00007e0000780009000c040410100000
00007d000078000a000b050510100000
00007c000078000b000a060610100000
00007b000078000c0009070710100000
00007a000078000d0008080810100000
000079000078000e0007090910100000
000078000078000f00060a0a10100000
000088000078001000050b0b10100000
000087000078000000040c0c10100000
000086000078000100030d0d10100000
000085000078000200020e0e10100000
000084000078000300010f0f10100000
00008300007800040000000010100000
0000820000780005000f010110100000
0000810000780006000e020210100000
0000800000780007000d030310100000
00007f0000780008000c040410100000
00007e0000780009000b050510100000
00007d000078000a000a060610100000
00007c000078000b0009070710100000
00007b000078000c0008080810100000
00007a000078000d0007090910100000
000079000078000e00060a0a10100000
000078000078000f00050b0b10100000
000088000078001000040c0c10100000
000087000078000000030d0d10100000
000086000078000100020e0e10100000
000085000078000200010f0f10100000
00008400007800030000000010100000
0000830000780004000f010110100000
0000820000780005000e020210100000
0000810000780006000d030310100000
0000800000780007000c040410100000
00007f0000780008000b050510100000
00007e0000780009000a060610100000
00007d000078000a0009070710100000
00007c000078000b0008080810100000
00007b000078000c0007090910100000
00007a000078000d00060a0a10100000
000079000078000e00050b0b10100000
000078000078000f00040c0c10100000
000088000078001000030d0d10100000
000087000078000000020e0e10100000
000086000078000100010f0f10100000
00008500007800020000000010100000
0000840000780003000f010110100000
0000830000780004000e020210100000
0000820000780005000d030310100000
0000810000780006000c040410100000
0000800000780007000b050510100000
00007f0000780008000a060610100000
00007e00007800090009070710100000
00007d000078000a0008080810100000
00007c000078000b0007090910100000
00007b000078000c00060a0a10100000
00007a000078000d00050b0b10100000
000079000078000e00040c0c10100000
000078000078000f00030d0d10100000
000088000078001000020e0e10100000
000087000078000000010f0f10100000
00008600007800010000000010100000
0000850000780002000f010110100000
0000840000780003000e020210100000
0000830000780004000d030310100000
0000820000780005000c040410100000
0000810000780006000b050510100000
0000800000780007000a060610100000
00007f00007800080009070710100000
00007e00007800090008080810100000
00007d000078000a0007090910100000
00007c000078000b00060a0a10100000
00007b000078000c00050b0b10100000
00007a000078000d00040c0c10100000
000079000078000e00030d0d10100000
000078000078000f00020e0e10100000
000088000078001000010f0f10100000
00008700007800000000000010100000
0000860000780001000f010110100000
0000850000780002000e020210100000
0000840000780003000d030310100000
0000830000780004000c040410100000
0000820000780005000b050510100000
0000810000780006000a060610100000
00008000007800070009070710100000
00007f00007800080008080810100000
00007e00007800090007090910100000
00007d000078000a00060a0a10100000
00007c000078000b00050b0b10100000
00007b000078000c00040c0c10100000
00007a000078000d00030d0d10100000
000079000078000e00020e0e10100000
000078000078000f00010f0f10100000
00008800007800100000000010100000
0000870000780000000f010110100000
0000860000780001000e020210100000
0000850000780002000d030310100000
0000840000780003000c040410100000
0000830000780004000b050510100000
0000820000780005000a060610100000
00008100007800060009070710100000
00008000007800070008080810100000
00007f00007800080007090910100000
00007e000078000900060a0a10100000
00007d000078000a00050b0b10100000
00007c000078000b00040c0c10100000
00007b000078000c00030d0d10100000
00007a000078000d00020e0e10100000
000079000078000e00010f0f10100000
000078000078000f0000000010100000
0000880000780010000f010110100000
0000870000780000000e020210100000
0000860000780001000d030310100000
0000850000780002000c040410100000
0000840000780003000b050510100000
0000830000780004000a060610100000
00008200007800050009070710100000
00008100007800060008080810100000
00008000007800070007090910100000
00007f000078000800060a0a10100000
00007e000078000900050b0b10100000
00007d000078000a00040c0c10100000
00007c000078000b00030d0d10100000
00007b000078000c00020e0e10100000
00007a000078000d00010f0f10100000
000079000078000e0000000010100000
000078000078000f000f010110100000
0000880000780010000e020210100000
0000870000780000000d030310100000
0000860000780001000c040410100000
0000850000780002000b050510100000
0000840000780003000a060610100000
00008300007800040009070710100000
00008200007800050008080810100000
00008100007800060007090910100000
000080000078000700060a0a10100000
00007f000078000800050b0b10100000
00007e000078000900040c0c10100000
00007d000078000a00030d0d10100000
00007c000078000b00020e0e10100000
00007b000078000c00010f0f10100000
00007a000078000d0000000010100000
000079000078000e000f010110100000
000078000078000f000e020210100000
0000880000780010000d030310100000
0000870000780000000c040410100000
0000860000780001000b050510100000
0000850000780002000a060610100000
00008400007800030009070710100000
00008300007800040008080810100000
00008200007800050007090910100000
000081000078000600060a0a10100000
000080000078000700050b0b10100000
00007f000078000800040c0c10100000
00007e000078000900030d0d10100000
00007d000078000a00020e0e10100000
00007c000078000b00010f0f10100000
00007b000078000c0000000010100000
00007a000078000d000f010110100000
000079000078000e000e020210100000
000078000078000f000d030310100000
0000880000780010000c040410100000
0000870000780000000b050510100000
0000860000780001000a060610100000
00008500007800020009070710100000
00008400007800030008080810100000
00008300007800040007090910100000
000082000078000500060a0a10100000
000081000078000600050b0b10100000
000080000078000700040c0c10100000
00007f000078000800030d0d10100000
00007e000078000900020e0e10100000
00007d000078000a00010f0f10100000
00007c000078000b0000000010100000
00007b000078000c000f010110100000
00007a000078000d000e020210100000
000079000078000e000d030310100000
000078000078000f000c040410100000
0000880000780010000b050510100000
0000870000780000000a060610100000
00008600007800010009070710100000
00008500007800020008080810100000
00008400007800030007090910100000
000083000078000400060a0a10100000
000082000078000500050b0b10100000
000081000078000600040c0c10100000
000080000078000700030d0d10100000
00007f000078000800020e0e10100000
00007e000078000900010f0f10100000
00007d000078000a0000000010100000
00007c000078000b000f010110100000
00007b000078000c000e020210100000
00007a000078000d000d030310100000
000079000078000e000c040410100000
000078000078000f000b050510100000
0000880000780010000a060610100000
00008700007800000009070710100000
00008600007800010008080810100000
00008500007800020007090910100000
000084000078000300060a0a10100000
000083000078000400050b0b10100000
000082000078000500040c0c10100000
000081000078000600030d0d10100000
000080000078000700020e0e10100000
00007f000078000800010f0f10100000
00007e00007800090000000010100000
00007d000078000a000f010110100000
00007c000078000b000e020210100000
00007b000078000c000d030310100000
00007a000078000d000c040410100000
000079000078000e000b050510100000
000078000078000f000a060610100000
00008800007800100009070710100000
00008700007800000008080810100000
00008600007800010007090910100000
000085000078000200060a0a10100000
000084000078000300050b0b10100000
000083000078000400040c0c10100000
000082000078000500030d0d10100000
000081000078000600020e0e10100000
000080000078000700010f0f10100000
00007f00007800080000000010100000
00007e0000780009000f010110100000
00007d000078000a000e020210100000
00007c000078000b000d030310100000
00007b000078000c000c040410100000
00007a000078000d000b050510100000
000079000078000e000a060610100000
000078000078000f0009070710100000
00008800007800100008080810100000
00008700007800000007090910100000
000086000078000100060a0a10100000
000085000078000200050b0b10100000
000084000078000300040c0c10100000
000083000078000400030d0d10100000
000082000078000500020e0e10100000
000081000078000600010f0f10100000
00008000007800070000000010100000
00007f0000780008000f010110100000
00007e0000780009000e020210100000
00007d000078000a000d030310100000
00007c000078000b000c040410100000
00007b000078000c000b050510100000
00007a000078000d000a060610100000
000079000078000e0009070710100000
000078000078000f0008080810100000
00008800007800100007090910100000
000087000078000000060a0a10100000
000086000078000100050b0b10100000
000085000078000200040c0c10100000
000084000078000300030d0d10100000
000083000078000400020e0e10100000
000082000078000500010f0f10100000
00008100007800060000000010100000
0000800000780007000f010110100000
00007f0000780008000e020210100000
00007e0000780009000d030310100000
00007d000078000a000c040410100000
00007c000078000b000b050510100000
00007b000078000c000a060610100000
00007a000078000d0009070710100000
000079000078000e0008080810100000
000078000078000f0007090910100000
000088000078001000060a0a10100000
000087000078000000050b0b10100000
000086000078000100040c0c10100000
000085000078000200030d0d10100000
000084000078000300020e0e10100000
000083000078000400010f0f10100000
00008200007800050000000010100000
0000810000780006000f010110100000
0000800000780007000e020210100000
00007f0000780008000d030310100000
00007e0000780009000c040410100000
00007d000078000a000b050510100000
00007c000078000b000a060610100000
00007b000078000c0009070710100000
00007a000078000d0008080810100000
000079000078000e0007090910100000
000078000078000f00060a0a10100000
000088000078001000050b0b10100000
000087000078000000040c0c10100000
000086000078000100030d0d10100000
000085000078000200020e0e10100000
000084000078000300010f0f10100000
00008300007800040000000010100000
0000820000780005000f010110100000
0000810000780006000e020210100000
0000800000780007000d030310100000
00007f0000780008000c040410100000
00007e0000780009000b050510100000
00007d000078000a000a060610100000
00007c000078000b0009070710100000
00007b000078000c0008080810100000
00007a000078000d0007090910100000
000079000078000e00060a0a10100000
000078000078000f00050b0b10100000
000088000078001000040c0c10100000
000087000078000000030d0d10100000
000086000078000100020e0e10100000
000085000078000200010f0f10100000
00008400007800030000000010100000
0000830000780004000f010110100000
0000820000780005000e020210100000
0000810000780006000d030310100000
0000800000780007000c040410100000
00007f0000780008000b050510100000
00007e0000780009000a060610100000
00007d000078000a0009070710100000
00007c000078000b0008080810100000
00007b000078000c0007090910100000
00007a000078000d00060a0a10100000
000079000078000e00050b0b10100000
000078000078000f00040c0c10100000
000088000078001000030d0d10100000
000087000078000000020e0e10100000
000086000078000100010f0f10100000
00008500007800020000000010100000
0000840000780003000f010110100000
0000830000780004000e020210100000
0000820000780005000d030310100000
0000810000780006000c040410100000
0000800000780007000b050510100000
00007f0000780008000a060610100000
00007e00007800090009070710100000
00007d000078000a0008080810100000
00007c000078000b0007090910100000
00007b000078000c00060a0a10100000
00007a000078000d00050b0b10100000
000079000078000e00040c0c10100000
000078000078000f00030d0d10100000
000088000078001000020e0e10100000
000087000078000000010f0f10100000
00008600007800010000000010100000
007fff007ffe7fff7ffe010101010000
00ffff00fffe80008000020202020000
01800001800080018002030303030000
01ffff01ffff7fff7fff040404040000
027fff02800080008001050505050000
03000002fffe80017ffe060606060000
037fff037ffe7fff8000070707070000
03ffff04000080008002080808080000
048000047fff80017fff090909090000
04ffff0500007fff80010a0a0a0a0000
057fff057ffe80007ffe0b0b0b0b0000
06000005fffe800180000c0c0c0c0000
067fff0680007fff80020d0d0d0d0000
06ffff06ffff80007fff0e0e0e0e0000
078000078000800180010f0f0f0f0000
07ffff07fffe7fff7ffe000010100000
08000008000080008000010110100000
08000108000280018002020210100000
07ffff07ffff7fff7fff030310100000
08000008000180008001040410100000
08000107fffe80017ffe050510100000
07ffff0800007fff8000060610100000
08000008000280008002070710100000
08000107ffff80017fff080810100000
07ffff0800017fff8001090910100000
08000007fffe80007ffe0a0a10100000
080001080000800180000b0b10100000
07ffff0800027fff80020c0c10100000
08000007ffff80007fff0d0d10100000
080001080001800180010e0e10100000
07ffff07fffe7fff7ffe0f0f10100000
08000008000080008000000010100000
08000108000280018002010110100000
07ffff07ffff7fff7fff020210100000
08000008000180008001030310100000
08000107fffe80017ffe040410100000
07ffff0800007fff8000050510100000
08000008000280008002060610100000
08000107ffff80017fff070710100000
07ffff0800017fff8001080810100000
08000007fffe80007ffe090910100000
080001080000800180000a0a10100000
07ffff0800027fff80020b0b10100000
08000007ffff80007fff0c0c10100000
080001080001800180010d0d10100000
07ffff07fffe7fff7ffe0e0e10100000
080000080000800080000f0f10100000
08000108000280018002000010100000
07ffff07ffff7fff7fff010110100000
08000008000180008001020210100000
08000107fffe80017ffe030310100000
07ffff0800007fff8000040410100000
08000008000280008002050510100000
08000107ffff80017fff060610100000
07ffff0800017fff8001070710100000
08000007fffe80007ffe080810100000
08000108000080018000090910100000
07ffff0800027fff80020a0a10100000
08000007ffff80007fff0b0b10100000
080001080001800180010c0c10100000
07ffff07fffe7fff7ffe0d0d10100000
080000080000800080000e0e10100000
080001080002800180020f0f10100000
07ffff07ffff7fff7fff000010100000
08000008000180008001010110100000
08000107fffe80017ffe020210100000
07ffff0800007fff8000030310100000
08000008000280008002040410100000
08000107ffff80017fff050510100000
07ffff0800017fff8001060610100000
08000007fffe80007ffe070710100000
08000108000080018000080810100000
07ffff0800027fff8002090910100000
08000007ffff80007fff0a0a10100000
080001080001800180010b0b10100000
07ffff07fffe7fff7ffe0c0c10100000
080000080000800080000d0d10100000
080001080002800180020e0e10100000
07ffff07ffff7fff7fff0f0f10100000
08000008000180008001000010100000
08000107fffe80017ffe010110100000
07ffff0800007fff8000020210100000
08000008000280008002030310100000
08000107ffff80017fff040410100000
07ffff0800017fff8001050510100000
08000007fffe80007ffe060610100000
08000108000080018000070710100000
07ffff0800027fff8002080810100000
08000007ffff80007fff090910100000
080001080001800180010a0a10100000
07ffff07fffe7fff7ffe0b0b10100000
080000080000800080000c0c10100000
080001080002800180020d0d10100000
07ffff07ffff7fff7fff0e0e10100000
080000080001800080010f0f10100000
08000107fffe80017ffe000010100000
07ffff0800007fff8000010110100000
08000008000280008002020210100000
08000107ffff80017fff030310100000
07ffff0800017fff8001040410100000
08000007fffe80007ffe050510100000
08000108000080018000060610100000
07ffff0800027fff8002070710100000
08000007ffff80007fff080810100000
08000108000180018001090910100000
07ffff07fffe7fff7ffe0a0a10100000
080000080000800080000b0b10100000
080001080002800180020c0c10100000
07ffff07ffff7fff7fff0d0d10100000
080000080001800080010e0e10100000
08000107fffe80017ffe0f0f10100000
07ffff0800007fff8000000010100000
08000008000280008002010110100000
08000107ffff80017fff020210100000
07ffff0800017fff8001030310100000
08000007fffe80007ffe040410100000
08000108000080018000050510100000
07ffff0800027fff8002060610100000
08000007ffff80007fff070710100000
08000108000180018001080810100000
07ffff07fffe7fff7ffe090910100000
080000080000800080000a0a10100000
080001080002800180020b0b10100000
07ffff07ffff7fff7fff0c0c10100000
080000080001800080010d0d10100000
08000107fffe80017ffe0e0e10100000
07ffff0800007fff80000f0f10100000
08000008000280008002000010100000
08000107ffff80017fff010110100000
07ffff0800017fff8001020210100000
08000007fffe80007ffe030310100000
08000108000080018000040410100000
07ffff0800027fff8002050510100000
08000007ffff80007fff060610100000
08000108000180018001070710100000
07ffff07fffe7fff7ffe080810100000
08000008000080008000090910100000
080001080002800180020a0a10100000
07ffff07ffff7fff7fff0b0b10100000
080000080001800080010c0c10100000
08000107fffe80017ffe0d0d10100000
07ffff0800007fff80000e0e10100000
080000080002800080020f0f10100000
08000107ffff80017fff000010100000
07ffff0800017fff8001010110100000
08000007fffe80007ffe020210100000
08000108000080018000030310100000
07ffff0800027fff8002040410100000
08000007ffff80007fff050510100000
08000108000180018001060610100000
07ffff07fffe7fff7ffe070710100000
08000008000080008000080810100000
08000108000280018002090910100000
07ffff07ffff7fff7fff0a0a10100000
080000080001800080010b0b10100000
08000107fffe80017ffe0c0c10100000
07ffff0800007fff80000d0d10100000
080000080002800080020e0e10100000
08000107ffff80017fff0f0f10100000
07ffff0800017fff8001000010100000
08000007fffe80007ffe010110100000
08000108000080018000020210100000
07ffff0800027fff8002030310100000
08000007ffff80007fff040410100000
08000108000180018001050510100000
07ffff07fffe7fff7ffe060610100000
08000008000080008000070710100000
08000108000280018002080810100000
07ffff07ffff7fff7fff090910100000
080000080001800080010a0a10100000
08000107fffe80017ffe0b0b10100000
07ffff0800007fff80000c0c10100000
080000080002800080020d0d10100000
08000107ffff80017fff0e0e10100000
07ffff0800017fff80010f0f10100000
08000007fffe80007ffe000010100000
08000108000080018000010110100000
07ffff0800027fff8002020210100000
08000007ffff80007fff030310100000
08000108000180018001040410100000
07ffff07fffe7fff7ffe050510100000
08000008000080008000060610100000
08000108000280018002070710100000
07ffff07ffff7fff7fff080810100000
08000008000180008001090910100000
08000107fffe80017ffe0a0a10100000
07ffff0800007fff80000b0b10100000
080000080002800080020c0c10100000
08000107ffff80017fff0d0d10100000
07ffff0800017fff80010e0e10100000
08000007fffe80007ffe0f0f10100000
08000108000080018000000010100000
07ffff0800027fff8002010110100000
08000007ffff80007fff020210100000
08000108000180018001030310100000
07ffff07fffe7fff7ffe040410100000
08000008000080008000050510100000
08000108000280018002060610100000
07ffff07ffff7fff7fff070710100000
08000008000180008001080810100000
08000107fffe80017ffe090910100000
07ffff0800007fff80000a0a10100000
080000080002800080020b0b10100000
08000107ffff80017fff0c0c10100000
07ffff0800017fff80010d0d10100000
08000007fffe80007ffe0e0e10100000
080001080000800180000f0f10100000
07ffff0800027fff8002000010100000
08000007ffff80007fff010110100000
08000108000180018001020210100000
07ffff07fffe7fff7ffe030310100000
08000008000080008000040410100000
08000108000280018002050510100000
07ffff07ffff7fff7fff060610100000
08000008000180008001070710100000
08000107fffe80017ffe080810100000
07ffff0800007fff8000090910100000
080000080002800080020a0a10100000
08000107ffff80017fff0b0b10100000
07ffff0800017fff80010c0c10100000
08000007fffe80007ffe0d0d10100000
080001080000800180000e0e10100000
07ffff0800027fff80020f0f10100000
08000007ffff80007fff000010100000
08000108000180018001010110100000
07ffff07fffe7fff7ffe020210100000
08000008000080008000030310100000
08000108000280018002040410100000
07ffff07ffff7fff7fff050510100000
08000008000180008001060610100000
08000107fffe80017ffe070710100000
07ffff0800007fff8000080810100000
08000008000280008002090910100000
08000107ffff80017fff0a0a10100000
07ffff0800017fff80010b0b10100000
08000007fffe80007ffe0c0c10100000
080001080000800180000d0d10100000
07ffff0800027fff80020e0e10100000
08000007ffff80007fff0f0f10100000
08000108000180018001000010100000
07ffff07fffe7fff7ffe010110100000
08000008000080008000020210100000
08000108000280018002030310100000
07ffff07ffff7fff7fff040410100000
08000008000180008001050510100000
08000107fffe80017ffe060610100000
07ffff0800007fff8000070710100000
08000008000280008002080810100000
08000107ffff80017fff090910100000
07ffff0800017fff80010a0a10100000
08000007fffe80007ffe0b0b10100000
080001080000800180000c0c10100000
07ffff0800027fff80020d0d10100000
08000007ffff80007fff0e0e10100000
080001080001800180010f0f10100000
07ffff07fffe7fff7ffe000010100000
08000008000080008000010110100000
08000108000280018002020210100000
07ffff07ffff7fff7fff030310100000
08000008000180008001040410100000
08000107fffe80017ffe050510100000
07ffff0800007fff8000060610100000
08000008000280008002070710100000
08000107ffff80017fff080810100000
07ffff0800017fff8001090910100000
08000007fffe80007ffe0a0a10100000
080001080000800180000b0b10100000
07ffff0800027fff80020c0c10100000
08000007ffff80007fff0d0d10100000
080001080001800180010e0e10100000
07ffff07fffe7fff7ffe0f0f10100000
08000008000080008000000010100000
08000108000280018002010110100000
07ffff07ffff7fff7fff020210100000
08000008000180008001030310100000
08000107fffe80017ffe040410100000
07ffff0800007fff8000050510100000
08000008000280008002060610100000
08000107ffff80017fff070710100000
07ffff0800017fff8001080810100000
08000007fffe80007ffe090910100000
080001080000800180000a0a10100000
07ffff0800027fff80020b0b10100000
08000007ffff80007fff0c0c10100000
080001080001800180010d0d10100000
07ffff07fffe7fff7ffe0e0e10100000
080000080000800080000f0f10100000
08000108000280018002000010100000
07ffff07ffff7fff7fff010110100000
08000008000180008001020210100000
08000107fffe80017ffe030310100000
07ffff0800007fff8000040410100000
08000008000280008002050510100000
08000107ffff80017fff060610100000
07ffff0800017fff8001070710100000
08000007fffe80007ffe080810100000
08000108000080018000090910100000
07ffff0800027fff80020a0a10100000
08000007ffff80007fff0b0b10100000
080001080001800180010c0c10100000
07ffff07fffe7fff7ffe0d0d10100000
080000080000800080000e0e10100000
080001080002800180020f0f10100000
07ffff07ffff7fff7fff000010100000
08000008000180008001010110100000
08000107fffe80017ffe020210100000
07ffff0800007fff8000030310100000
08000008000280008002040410100000
08000107ffff80017fff050510100000
07ffff0800017fff8001060610100000
08000007fffe80007ffe070710100000
08000108000080018000080810100000
07ffff0800027fff8002090910100000
08000007ffff80007fff0a0a10100000
080001080001800180010b0b10100000
07ffff07fffe7fff7ffe0c0c10100000
080000080000800080000d0d10100000
080001080002800180020e0e10100000
07ffff07ffff7fff7fff0f0f10100000
08000008000180008001000010100000
08000107fffe80017ffe010110100000
07ffff0800007fff8000020210100000
08000008000280008002030310100000
08000107ffff80017fff040410100000
07ffff0800017fff8001050510100000
08000007fffe80007ffe060610100000
08000108000080018000070710100000
07ffff0800027fff8002080810100000
08000007ffff80007fff090910100000
080001080001800180010a0a10100000
07ffff07fffe7fff7ffe0b0b10100000
080000080000800080000c0c10100000
080001080002800180020d0d10100000
07ffff07ffff7fff7fff0e0e10100000
080000080001800080010f0f10100000
08000107fffe80017ffe000010100000
07ffff0800007fff8000010110100000
08000008000280008002020210100000
08000107ffff80017fff030310100000
07ffff0800017fff8001040410100000
08000007fffe80007ffe050510100000
08000108000080018000060610100000
07ffff0800027fff8002070710100000
08000007ffff80007fff080810100000
08000108000180018001090910100000
07ffff07fffe7fff7ffe0a0a10100000
080000080000800080000b0b10100000
080001080002800180020c0c10100000
07ffff07ffff7fff7fff0d0d10100000
080000080001800080010e0e10100000
08000107fffe80017ffe0f0f10100000
07ffff0800007fff8000000010100000
08000008000280008002010110100000
08000107ffff80017fff020210100000
07ffff0800017fff8001030310100000
08000007fffe80007ffe040410100000
08000108000080018000050510100000
07ffff0800027fff8002060610100000
08000007ffff80007fff070710100000
08000108000180018001080810100000
07ffff07fffe7fff7ffe090910100000
080000080000800080000a0a10100000
080001080002800180020b0b10100000
07ffff07ffff7fff7fff0c0c10100000
080000080001800080010d0d10100000
08000107fffe80017ffe0e0e10100000
07ffff0800007fff80000f0f10100000
08000008000280008002000010100000
08000107ffff80017fff010110100000
07ffff0800017fff8001020210100000
08000007fffe80007ffe030310100000
08000108000080018000040410100000
07ffff0800027fff8002050510100000
08000007ffff80007fff060610100000
08000108000180018001070710100000
07ffff07fffe7fff7ffe080810100000
08000008000080008000090910100000
080001080002800180020a0a10100000
07ffff07ffff7fff7fff0b0b10100000
080000080001800080010c0c10100000
08000107fffe80017ffe0d0d10100000
07ffff0800007fff80000e0e10100000
080000080002800080020f0f10100000
08000107ffff80017fff000010100000
07ffff0800017fff8001010110100000
08000007fffe80007ffe020210100000
08000108000080018000030310100000
07ffff0800027fff8002040410100000
08000007ffff80007fff050510100000
08000108000180018001060610100000
07ffff07fffe7fff7ffe070710100000
08000008000080008000080810100000
08000108000280018002090910100000
07ffff07ffff7fff7fff0a0a10100000
080000080001800080010b0b10100000
08000107fffe80017ffe0c0c10100000
07ffff0800007fff80000d0d10100000
080000080002800080020e0e10100000
08000107ffff80017fff0f0f10100000
07ffff0800017fff8001000010100000
08000007fffe80007ffe010110100000
08000108000080018000020210100000
07ffff0800027fff8002030310100000
08000007ffff80007fff040410100000
08000108000180018001050510100000
07ffff07fffe7fff7ffe060610100000
08000008000080008000070710100000
08000108000280018002080810100000
07ffff07ffff7fff7fff090910100000
080000080001800080010a0a10100000
08000107fffe80017ffe0b0b10100000
07ffff0800007fff80000c0c10100000
080000080002800080020d0d10100000
08000107ffff80017fff0e0e10100000
07ffff0800017fff80010f0f10100000
08000007fffe80007ffe000010100000
08000108000080018000010110100000
07ffff0800027fff8002020210100000
08000007ffff80007fff030310100000
08000108000180018001040410100000
07ffff07fffe7fff7ffe050510100000
08000008000080008000060610100000
08000108000280018002070710100000
07ffff07ffff7fff7fff080810100000
08000008000180008001090910100000
08000107fffe80017ffe0a0a10100000
07ffff0800007fff80000b0b10100000
080000080002800080020c0c10100000
08000107ffff80017fff0d0d10100000
07ffff0800017fff80010e0e10100000
08000007fffe80007ffe0f0f10100000
08000108000080018000000010100000
07ffff0800027fff8002010110100000
08000007ffff80007fff020210100000
08000108000180018001030310100000
07ffff07fffe7fff7ffe040410100000
08000008000080008000050510100000
08000108000280018002060610100000
07ffff07ffff7fff7fff070710100000
08000008000180008001080810100000
08000107fffe80017ffe090910100000
07ffff0800007fff80000a0a10100000
080000080002800080020b0b10100000
08000107ffff80017fff0c0c10100000
07ffff0800017fff80010d0d10100000
08000007fffe80007ffe0e0e10100000
080001080000800180000f0f10100000
07ffff0800027fff8002000010100000
08000007ffff80007fff010110100000
08000108000180018001020210100000
07ffff07fffe7fff7ffe030310100000
08000008000080008000040410100000
08000108000280018002050510100000
07ffff07ffff7fff7fff060610100000
08000008000180008001070710100000
08000107fffe80017ffe080810100000
07ffff0800007fff8000090910100000
080000080002800080020a0a10100000
08000107ffff80017fff0b0b10100000
07ffff0800017fff80010c0c10100000
08000007fffe80007ffe0d0d10100000
080001080000800180000e0e10100000
07ffff0800027fff80020f0f10100000
08000007ffff80007fff000010100000
08000108000180018001010110100000
07ffff07fffe7fff7ffe020210100000
08000008000080008000030310100000
08000108000280018002040410100000
07ffff07ffff7fff7fff050510100000
08000008000180008001060610100000
08000107fffe80017ffe070710100000
07ffff0800007fff8000080810100000
08000008000280008002090910100000
08000107ffff80017fff0a0a10100000
07ffff0800017fff80010b0b10100000
08000007fffe80007ffe0c0c10100000
080001080000800180000d0d10100000
07ffff0800027fff80020e0e10100000
08000007ffff80007fff0f0f10100000
08000108000180018001000010100000
07ffff07fffe7fff7ffe010110100000
08000008000080008000020210100000
08000108000280018002030310100000
07ffff07ffff7fff7fff040410100000
08000008000180008001050510100000
08000107fffe80017ffe060610100000
07ffff0800007fff8000070710100000
08000008000280008002080810100000
08000107ffff80017fff090910100000
07ffff0800017fff80010a0a10100000
08000007fffe80007ffe0b0b10100000
080001080000800180000c0c10100000
07ffff0800027fff80020d0d10100000
08000007ffff80007fff0e0e10100000
080001080001800180010f0f10100000
07ffff07fffe7fff7ffe000010100000
08000008000080008000010110100000
08000108000280018002020210100000
07ffff07ffff7fff7fff030310100000
08000008000180008001040410100000
08000107fffe80017ffe050510100000
07ffff0800007fff8000060610100000
08000008000280008002070710100000
08000107ffff80017fff080810100000
07ffff0800017fff8001090910100000
08000007fffe80007ffe0a0a10100000
080001080000800180000b0b10100000
07ffff0800027fff80020c0c10100000
08000007ffff80007fff0d0d10100000
080001080001800180010e0e10100000
07ffff07fffe7fff7ffe0f0f10100000
08000008000080008000000010100000
00000600004100060041010101010000
00001a0000a200140061020202020000
0000370000c7001d0025030303030000
00005b0000d800240011040404040000
0000bc00012e00610056050505050000
0000fe00016b0042003d060606060000
00010700019b00090030070707070000
0001190001ce00120033080808080000
00016a00021f00510051090909090000
000192000267002800480a0a0a0a0000
0001bf0002ae002d00470b0b0b0b0000
0001ce0002ba000f000c0c0c0c0c0000
00020a0002c9003c000f0d0d0d0d0000
00022f0002fa002500310e0e0e0e0000
000275000333004600390f0f0f0f0000
0002b4000339003f0006000010100000
0002ff00035a00510062010110100000
00033c0003350051003c020210100000
00032100032500020015030310100000
0003050003420008002e040410100000
0002cd00032500290039050510100000
0002b800033f002d0057060610100000
0002e000035b0031004c070710100000
00031300032d00450005080810100000
0002d70002fa0015001e090910100000
0003030002f2005400400a0a10100000
0002e30002b9000d000e0b0b10100000
00031c0002ce004800210c0c10100000
0003130002e2003300230d0d10100000
0003410002b7005300060e0e10100000
00034e000291005300130f0f10100000
0003680002b70059002c000010100000
0003500002b900390064010110100000
0003370002a500380028020210100000
0003640002bf002f002f030310100000
0003640002cc0008003b040410100000
0003600002eb00250058050510100000
0003500002f3001d005f060610100000
0003640002b700450010070710100000
000359000316003a0064080810100000
00035700030d00130015090910100000
0003290003170026004a0a0a10100000
00032300031b000700120b0b10100000
000331000300005600060c0c10100000
0003090002f0000b00130d0d10100000
0002bc00031d000600330e0e10100000
0002c000034a005700400f0f10100000
00029e00032600370008000010100000
0002660002c900010007010110100000
00025d0002dd002f003c020210100000
00026f0002d000410022030310100000
0002970002bd00300028040410100000
0002c900027b00570016050510100000
0002df00026d00330051060610100000
0002c60002aa002c004d070710100000
0002bb000259002f0013080810100000
0002f4000262004c001e090910100000
0002fe000239003000210a0a10100000
00032f000258003800310b0b10100000
000323000259004a00070c0c10100000
00035b00024a004300040d0d10100000
0003680002310013001a0e0e10100000
00036100023b0050004a0f0f10100000
00033e00023700140004000010100000
00036e00024800310018010110100000
00034d00024a000e003e020210100000
00035700022f004b0007030310100000
00034200025f001b0058040410100000
0002f200028c00070043050510100000
00032100026c00620031060610100000
00033d00025000480031070710100000
00036b00024e005d0011080810100000
00036600027600470046090910100000
00039400026b005e00160a0a10100000
00038c00023e003000040b0b10100000
0003990002930057005c0c0c10100000
0003b50002a2005f00130d0d10100000
0003b90002ac001700240e0e10100000
00039a0002700031000e0f0f10100000
0003b000029a002a002e000010100000
0003ab0002a1002c001f010110100000
0003b8000285001b0022020210100000
0003b70002c0004a0042030310100000
0003b300028100170019040410100000
00040500024e00590010050510100000
0003f300021f00500002060610100000
0003dc00020300310015070710100000
0003b800023a00390048080810100000
0003a200023b00310047090910100000
0003690002530025002e0a0a10100000
00033c0002af000300600b0b10100000
00031e000285003900320c0c10100000
0003000002c8004100560d0d10100000
0003150002e2002c003e0e0e10100000
00031200030b002e00370f0f10100000
00034a0002e600620009000010100000
00034b000313002d004c010110100000
00037a000311004a0020020210100000
0003790002f500490026030310100000
0003760002fb0014001f040410100000
00035b00032e003e0043050510100000
00036f0003770064004b060610100000
00036f0003a800310046070710100000
0003630003b4002d0054080810100000
0003410003b5000f0048090910100000
00033f000398002300110a0a10100000
00035c00034d002000150b0b10100000
0003760003780053005d0c0c10100000
00036f000378003a00560d0d10100000
00037c00038e003900540e0e10100000
00036a00038e001c00370f0f10100000
0003460003dd003e0058000010100000
00037a0003bc0061002b010110100000
00034b0003f7001b005b020210100000
00032000041c001e004b030310100000
00034f0004290043002c040410100000
000370000419005f0033050510100000
00034b000418003f004a060610100000
0003460003f5002c0023070710100000
0003410003f700280056080810100000
0003840003ee0052003f090910100000
000382000400002100230a0a10100000
0003720003f2001000070b0b10100000
0003290003eb000a00560c0c10100000
0002f80003c7000900320d0d10100000
0002fc0003d6003d00630e0e10100000
0002ed0003c2000d00230f0f10100000
00030900038e005a0024000010100000
0002bc0003c00014005d010110100000
0002d800039d00370038020210100000
0002c6000397000c0045030310100000
0002b900039a0036002f040410100000
0002830003a800290041050510100000
00028500036b0041000d060610100000
0002a700035c004e0014070710100000
0002cc00033c004d0036080810100000
0002d6000335005c0038090910100000
0002b700031f0002000d0a0a10100000
00030100031a005a00020b0b10100000
00035b0002d4006400100c0c10100000
0003770003010025005f0d0d10100000
00038c0002dc0052003e0e0e10100000
000395000302001600490f0f10100000
00037b0003390040005b000010100000
0003870002eb0020000f010110100000
00037c0002b4002c0001020210100000
0003b40002a90044003a030310100000
0003860002d80008005e040410100000
0003670002d8000a0041050510100000
000384000300005e0035060610100000
000340000303000a0017070710100000
0003430003080050003b080810100000
0002e700031400000044090910100000
00032e0003530049004c0a0a10100000
0002f2000380001e002f0b0b10100000
0002f2000383006400130c0c10100000
0002df000377001200530d0d10100000
0002a30003450016000c0e0e10100000
0002da00034c004d00500f0f10100000
0002d30002f900390008000010100000
0002ba00032c00070042010110100000
0002f100034a0063001f020210100000
0002e300034800360038030310100000
0002e9000301000e0017040410100000
0003430002d200640012050510100000
0003120002b9002d001c060610100000
00030b0002a300030001070710100000
0002dc00026d00210005080810100000
00032c00022e00500005090910100000
00030e000216002b00340a0a10100000
000314000208002400210b0b10100000
00030500021b005500260c0c10100000
0003520001de005f00160d0d10100000
00036c000235003000630e0e10100000
00037500020c005600270f0f10100000
00038d0002220051001e000010100000
0003e600022400600044010110100000
0003e0000214005d000f020210100000
0003ed0001f200430016030310100000
0003e30002070004002c040410100000
00038e000211000f001c050510100000
00037e00020b001d0016060610100000
00038b00021c00100012070710100000
0003ca00026c00600055080810100000
0003910002920017002b090910100000
0003760002ae001000500a0a10100000
0003640002b90012002c0b0b10100000
00034400029c003500090c0c10100000
0002e80002a8000300220d0d10100000
0003090002a00051005b0e0e10100000
0002d2000287001f000e0f0f10100000
0002bc0002cb003b0062000010100000
0002b20002e50056005e010110100000
00025d0002e800080012020210100000
0002420002d300280001030310100000
00024c0002f3000e004c040410100000
0002780002fe003b0027050510100000
0002be00034000630058060610100000
0002fd000357004f0029070710100000
0003000003210063001f080810100000
0002f30002f6000a0000090910100000
0003120002bf002f00190a0a10100000
00030e000298000e00050b0b10100000
0003330002d1005a00420c0c10100000
0003630002bd0033000e0d0d10100000
0003290002a3001700410e0e10100000
0003370002e3002d004e0f0f10100000
0002fd0002b300010032000010100000
0002d2000279002b0024010110100000
0002d000028a00060023020210100000
0002d700029d002f0014030310100000
000314000265004b0014040410100000
000333000278005a003a050510100000
0002f800024300280023060610100000
0002c200021f00190005070710100000
00029d000202003e0002080810100000
0002d500021f0042001d090910100000
0002bb000258001500520a0a10100000
00030c00026c005f00190b0b10100000
0002f300027b004100510c0c10100000
0002e90002c80029005b0d0d10100000
0002e60002c60014003f0e0e10100000
0003030002ad004a00350f0f10100000
00031e0002c8001c004d000010100000
00030b0002db00180037010110100000
0003540002fe004f0046020210100000
00035000033e002b0054030310100000
000323000385001e005b040410100000
0002f40003a8002b005d050510100000
00030c0003de00400059060610100000
0003250003eb00320012070710100000
00033b0003f40054000b080810100000
00034600040b004d0034090910100000
00033f000403000e004a0a0a10100000
0003310004260051003c0b0b10100000
00034a0003d8005a00030c0c10100000
00033b00038d001a00100d0d10100000
0003470003a2002000540e0e10100000
00035a0003c8005d005b0f0f10100000
00034e0003ba0010003f000010100000
0003960003ce0060004b010110100000
00034f00039c00080014020210100000
0003840003aa00600062030310100000
00036f00038000090031040410100000
00035f000368001b0045050510100000
00033400035f00150050060610100000
00030b00035d00090010070710100000
0002c900038a00120038080810100000
0002da00038f005e0039090910100000
00031800037c004c00370a0a10100000
00030400039a003d005a0b0b10100000
0002ff0003c40055002d0c0c10100000
000315000417003000630d0d10100000
0003280003c6003300030e0e10100000
0002df0003ae001400430f0f10100000
0003320003d200630063000010100000
0002f30003be00210037010110100000
0003120003b60027000c020210100000
0003050003b400530060030310100000
0003010003900005000d040410100000
0002fc00038a0016003f050510100000
0002fc00035c00150022060610100000
000322000396002f004a070710100000
0003110003680001000a080810100000
000301000383004e0054090910100000
0002d4000364001f00180a0a10100000
0002eb00030e005400040b0b10100000
0002c4000320002e003f0c0c10100000
0002d00002c2003c00050d0d10100000
0002bd0002d8002000190e0e10100000
0002e80002f6003f00610f0f10100000
0002970002af0012001c000010100000
0002930002b5001d003d010110100000
00029b0002f1002f0048020210100000
0002710002df0029004e030310100000
0002aa000316003e0044040410100000
0002e900031800550041050510100000
0002e90003200015002a060610100000
0002ee00033900340063070710100000
00030600036300190034080810100000
0002b800036d0000005e090910100000
0002e7000378004e00230a0a10100000
0002f700038f0064001b0b0b10100000
0002cb00038e0002003e0c0c10100000
0002f00003be006100350d0d10100000
0002e20004010012005c0e0e10100000
0002a40003d4000100340f0f10100000
0002da0003ce00480016000010100000
00030f0003c700520036010110100000
00030500039c0025001d020210100000
0002e300035500070007030310100000
0002c0000313001b0002040410100000
00028700032a001c0058050510100000
0002c1000330004f0030060610100000
00029e00032100110054070710100000
0002b0000347002b005a080810100000
00030b000307005b001e090910100000
00030f0002fa005200160a0a10100000
0002ab00032b0000004c0b0b10100000
0002e1000350003800630c0c10100000
000289000372000900570d0d10100000
0002b000034e003900380e0e10100000
0003010003780052005e0f0f10100000
0002df00038800260026000010100000
0002d70003a7004a0055010110100000
0002dd0003e1002b0057020210100000
00032d0004360057005c030310100000
000321000490000f005c040410100000
00030b0004730006003b050510100000
00031000045900540016060610100000
00032600045600270051070710100000
000329000407002e000b080810100000
0003310003f100630008090910100000
000323000402004400270a0a10100000
00033f0003f0001c003a0b0b10100000
00036b000396006400090c0c10100000
0003a800036c0046002d0d0d10100000
0003be000341004f000d0e0e10100000
0003c40002f5005800120f0f10100000
0003aa0002dd000c000e000010100000
0003a00002d100400049010110100000
0003b80002b50043003b020210100000
0003a20002ab00410052030310100000
0003a400026f00110020040410100000
0003cf00027400310040050510100000
00038c00026a0011000c060610100000
000393000276002e005d070710100000
0003a80002cd00430062080810100000
0003660002e30021001e090910100000
0003340002dc001200200a0a10100000
00033f0002fa002700580b0b10100000
000337000346005c00550c0c10100000
000310000344001f002b0d0d10100000
0002d6000339001500020e0e10100000
000290000349001200220f0f10100000
00028800037b00040040000010100000
0002a2000368005a0036010110100000
0002a300034f00440022020210100000
0002a300033500410038030310100000
0002eb00035900590044040410100000
0002e100034e00270035050510100000
0003130003500043000e060610100000
0002fc0003110017001e070710100000
0003190002cd0060001e080810100000
0003210002ca0029001b090910100000
00036a00030c005b00620a0a10100000
0003880002dc004500280b0b10100000
0003700002c40044003d0c0c10100000
00036a0002b0001900170d0d10100000
00038c000303003700550e0e10100000
0003d1000325005700440f0f10100000
0003ea000318001d0033000010100000
0003c10002fa00310018010110100000
000388000311000b0039020210100000
0003ab00032d00640054030310100000
0003ae000337005c004e040410100000
0003d800034700510045050510100000
0003cc0003680037002f060610100000
0003fd0003a70048005d070710100000
0003cc0003cd002f0044080810100000
0003a400041400010062090910100000
0003ac0003c2006300100a0a10100000
00039d0003a60036000c0b0b10100000
000387000377002e000e0c0c10100000
0003ad000382003f00220d0d10100000
0003b0000361003a00340e0e10100000
000390000352003700350f0f10100000
0003b600034f00430030000010100000
0003b000033e002b0007010110100000
0003bc0003100017000b020210100000
00038c0002fd00340041030310100000
00034b0002ec001b003d040410100000
0003110002f50017004e050510100000
00030b0002fe00310038060610100000
0002df0002ac001c000b070710100000
0002b30002960003002e080810100000
0002bd000243000b000f090910100000
00029b000233004100000a0a10100000
00027e0002610019003a0b0b10100000
0002560002620006000f0c0c10100000
000279000260006200200d0d10100000
00027c000236003d000a0e0e10100000
000275000208003000070f0f10100000
00024e000211001c0039000010100000
00026700024c00440042010110100000
00029300027700430036020210100000
0002870002600028002a030310100000
00029500028400290061040410100000
0002b00002810032004b050510100000
0002a300026f00240026060610100000
0002a00002c800190064070710100000
0002d50002f80038005e080810100000
00030c0002ef00420006090910100000
00030f0002f1004400020a0a10100000
0003380002f60042003f0b0b10100000
0003760002ee004400070c0c10100000
00032e0002f8001a002a0d0d10100000
00031f000309002e001b0e0e10100000
00033f000326005000240f0f10100000
00036c00032400490037000010100000
00035d0002fc0035001a010110100000
0003300002f900160033020210100000
0003410002e300390014030310100000
00032200028b000a0009040410100000
00033c000263004c0023050510100000
00032900025500110018060610100000
00033300023600230045070710100000
00034c00020e00510036080810100000
000317000212000d000a090910100000
00032f00022c005c001c0a0a10100000
000329000226003c00390b0b10100000
00034100026c005c004d0c0c10100000
00034b00024e0024000c0d0d10100000
000375000295005800620e0e10100000
0003290002a9000400380f0f10100000
00031d0002a7003d0035000010100000
0002ea0002c100020034010110100000
00033500029d0061000f020210100000
0003160002e9001a0060030310100000
00036400030100580021040410100000
000372000331005a0053050510100000
00037b00034a001a0031060610100000
00039a0003240042001f070710100000
00036c00032500230037080810100000
00038f00034e00300033090910100000
00037600036a004300380a0a10100000
00037a000379004000480b0b10100000
00037b000360005d00340c0c10100000
000389000358003200040d0d10100000
0003770003030046000d0e0e10100000
0003850003080012003d0f0f10100000
0003960002d7004e0004000010100000
0003f00002a6005c0003010110100000
0003a80002bf00190028020210100000
0003e500029100570032030310100000
0003ea0002ca005d005a040410100000
0003ed0002cd005d0056050510100000
0004210002a3004e0007060610100000
0004010002ac00220028070710100000
00040900027e002b0009080810100000
0003de0002af00050064090910100000
0003dc0002a8004100310a0a10100000
0003dc0002c1004000610b0b10100000
00039300028d001400000c0c10100000
000372000291001100080d0d10100000
00033d0002d9001100550e0e10100000
0003740002d1004900350f0f10100000
00034f00030a0029003d000010100000
00033e000320004b0019010110100000
0003860003330061003b020210100000
00037800030700490006030310100000
00033d0002dd00220030040410100000
0002fe0002db001e0054050510100000
0002e100032700310053060610100000
0002ff0002ff00400000070710100000
000322000345004e004f080810100000
00033100032f0014004e090910100000
000303000301001300030a0a10100000
0002f90002ab0036000b0b0b10100000
0003030002f7001e004c0c0c10100000
0002fd0002ff000b00100d0d10100000
0003010002b90015000f0e0e10100000
0002ee0002e20036005e0f0f10100000
0002d90002a900140004000010100000
0002940002c500060035010110100000
00027d0002bc004a0032020210100000
00024e0002cf001a0019030310100000
0002400002af00140010040410100000
00024d0002ad002b0052050510100000
0002540002ab00380051060610100000
0002370002d90023002e070710100000
00023a00029100510007080810100000
00023500025b000f0018090910100000
0002520002b0003000580a0a10100000
0002680002a9004c00040b0b10100000
000283000286003900290c0c10100000
00028600028b000e00150d0d10100000
00028000028c000f00100e0e10100000
00029000028a0046005c0f0f10100000
0002990002e1001d005b000010100000
0002ad0002c7001a001b010110100000
0002810002db001e0046020210100000
00027b00032600140064030310100000
00028400031a001d0004040410100000
0002690003050010003d050510100000
0002780002b400470000060610100000
00028c0002e50037005f070710100000
00027300032700380049080810100000
00026c00035c0008004d090910100000
00024300032b000700270a0a10100000
0001fd000387000600600b0b10100000
0001db0003ba0017005c0c0c10100000
0001d60003a9000900040d0d10100000
0001c90003d70002003e0e0e10100000
0001a8000382002500070f0f10100000
00019a00035a000f0033000010100000
0001b500037c0035003d010110100000
0001d1000376003a0040020210100000
0001c100031e0004000c030310100000
0001cd00031e00290004040410100000
0001ca000341000d0060050510100000
00019500039600120055060610100000
000199000337003b0000070710100000
00019f000308003e001a080810100000
0001dd0002d90046001e090910100000
00022e0002b4005800020a0a10100000
000254000266002c00120b0b10100000
0002750002650038005b0c0c10100000
00028d000262002100010d0d10100000
0002eb00027c006000580e0e10100000
0003210002d3005b005e0f0f10100000
00032c0002a4001a0004000010100000
00000600004a0006004a010101010000
00001200007f000c0035020202020000
00003a00009500280016030303030000
0000740000de003a0049040404040000
00007700011f00030041050505050000
0000a400012e002d000f060606060000
0000df00015d003b002f070707070000
0001080001a100290044080808080000
0001420001b9003a0018090909090000
00015f00020d001d00540a0a0a0a0000
00018d00024e002e00410b0b0b0b0000
000194000291000700430c0c0c0c0000
0001990002c5000500340d0d0d0d0000
0001b10003240018005f0e0e0e0e0000
0001cd00032a001c00060f0f0f0f0000
00021200032d00450003000010100000
00027000030700640024010110100000
00027c0002e400180012020210100000
0002a00002da004c000c030310100000
00027000029f000a000e040410100000
0002a100027200340014050510100000
0002b3000279003f0016060610100000
00027e00026100060017070710100000
00029c00022200470005080810100000
0002a400026e00420064090910100000
0002dd000270005600560a0a10100000
0002c700026b0018003c0b0b10100000
0002c300028a000300620c0c10100000
0002ee0002930030003d0d0d10100000
0002de00026c000800380e0e10100000
00030a00027c004800160f0f10100000
0002e700027f00220006000010100000
0002b600028300330028010110100000
0002d400027600360005020210100000
0002e90002940061002a030310100000
00032000028b00410005040410100000
00031200029f00260028050510100000
00033600029d00630014060610100000
00038b0002e4005b005e070710100000
00035d00033400190055080810100000
0003440002fd0029002d090910100000
0003210002d20033002b0a0a10100000
00033d0002aa003400140b0b10100000
000397000267005d001f0c0c10100000
0003ba000282005300580d0d10100000
0003c300024a001100000e0e10100000
0003cb0002430050000f0f0f10100000
0003db00025200320015000010100000
0003a90002490001001f010110100000
0003790002830006003f020210100000
0003650002a9004d0050030310100000
0003330002b3000f000f040410100000
00036b0002c9005e003e050510100000
0003600002ce00580019060610100000
00031f000293001a0023070710100000
00032d00026500270027080810100000
00034e000247004a000f090910100000
00036b00026f005000530a0a10100000
000347000283001000280b0b10100000
00034d0002a7006300430c0c10100000
0002fc000281000200320d0d10100000
00030000028e0015000d0e0e10100000
0002bf0002ae000f002f0f0f10100000
00029100029c00040003000010100000
00029f0002ca000f004d010110100000
0002a40002c3000b0038020210100000
00027f0002a800280035030310100000
0002980002f50028005c040410100000
0002490002c8000f0011050510100000
00025300031000620061060610100000
000275000348003c005b070710100000
00025200032c0004000b080810100000
00024900035100410034090910100000
00021800031b001f001d0a0a10100000
00022e00033f0026004c0b0b10100000
0001cb0003490000004d0c0c10100000
000217000377004e00600d0d10100000
0002120003760010000c0e0e10100000
0002160003810013003a0f0f10100000
00024400038700320009000010100000
0002350003440000000a010110100000
00026b00036f00410063020210100000
00028c00035a00490020030310100000
0002c600030300620005040410100000
00031800030d0061001b050510100000
00030a0002f300540047060610100000
00032c0002e5005e004d070710100000
00032a00031f00020045080810100000
00031c0002f100330006090910100000
00031d00030d002000390a0a10100000
0003530002d5005c00140b0b10100000
0003720002aa001f00220c0c10100000
00033f00025e001b00140d0d10100000
00032f0002b00000005e0e0e10100000
0003240002a50008002f0f0f10100000
00030d0002e5001b0049000010100000
00032d0003250020004a010110100000
0003150002ec0029002a020210100000
00032600032b005a005f030310100000
0002fd0003430039001d040410100000
0002f100038b00550063050510100000
0002d200034e0035000a060610100000
000292000355001e0054070710100000
0002da000343004a0033080810100000
0002cc00036f00250032090910100000
0002d1000369002500330a0a10100000
00028c000369001700140b0b10100000
00029d00034d003000060c0c10100000
00029d000351001b00180d0d10100000
0002c40002f4002700010e0e10100000
000308000325004c00600f0f10100000
000348000315005b0039000010100000
00032900031e00010053010110100000
00031a00033a001a0046020210100000
0002e800033300280058030310100000
0003020003720053005c040410100000
0002bb000350000e0041050510100000
0002d1000398004b0052060610100000
00031700034800640004070710100000
0002dc000372000f005d080810100000
0002fb00035500440015090910100000
00030b000339003500170a0a10100000
00031b0003730027004e0b0b10100000
00031e0003b3003300460c0c10100000
00032f0003b8002c001d0d0d10100000
0003100004160008005f0e0e10100000
0002e80003df002400290f0f10100000
0002cd0003ad00400007000010100000
00032300036c00570012010110100000
0003210003850018005f020210100000
000304000366000b0039030310100000
00030e00036d005d0063040410100000
00031700033500170009050510100000
0002d9000314000d0031060610100000
00028800037200130062070710100000
000294000340001b002b080810100000
00026b000370001b0045090910100000
0002670003660031000d0a0a10100000
0002830003470043002f0b0b10100000
000256000316000600150c0c10100000
000281000332005700390d0d10100000
0002c70002e2004e000f0e0e10100000
0002e2000310003f00570f0f10100000
0002df00033d003d0034000010100000
0002e3000332005b0007010110100000
00030700032b003c0058020210100000
00032400030400280012030310100000
00030d0002f100460050040410100000
00035700030000610018050510100000
00038100031300370044060610100000
0003c80002db005a002a070710100000
0004110002f100640041080810100000
0004390002e60043003a090910100000
0004590003240051004b0a0a10100000
00045a0003030044000e0b0b10100000
000478000351002400630c0c10100000
0004640003250043000d0d0d10100000
000442000368002c00520e0e10100000
0004070003600004004f0f0f10100000
0003d600035a000c002e000010100000
0003ad0003820032002f010110100000
0003ab00037b003a0051020210100000
0003cd0003b4004a004b030310100000
0003ce00037600470012040410100000
00038d00038b0020002d050510100000
0003a600037000500029060610100000
0003920003640046001e070710100000
00037200037500440052080810100000
00034100035000120015090910100000
00034500030f0055000a0a0a10100000
00032f00035e002e005d0b0b10100000
00035d000312005200170c0c10100000
000329000350000f004b0d0d10100000
000324000360002700620e0e10100000
00034000034a002000390f0f10100000
00037300037a003f005e000010100000
0003a0000372005f0027010110100000
00037200037d000c005c020210100000
000347000357001f0025030310100000
00033a000358003a0013040410100000
00031d0003750003004a050510100000
0002ec000357001f000b060610100000
0002e500036b003f0032070710100000
0002d10003730030005a080810100000
00032100036400620006090910100000
0002de00038e001200340a0a10100000
0002e4000384003400530b0b10100000
0002e3000371005100040c0c10100000
0002f200033b001e00150d0d10100000
0003110003160046003d0e0e10100000
0002f6000315000500380f0f10100000
0002f50002d8003e0021000010100000
0002f70002df0061002e010110100000
00031d00028900320006020210100000
0003450002b00047004c030310100000
00034b0002e90040004c040410100000
0003a50002d7005d0038050510100000
0003970002e200110016060610100000
0003a70002eb004f003b070710100000
0003b6000298003f0007080810100000
0003a50002e800510056090910100000
0003ce0002cd003b00190a0a10100000
0003ac0002ba001200400b0b10100000
0003a3000307004800510c0c10100000
00039100034c000c005a0d0d10100000
00037a00033e002f002f0e0e10100000
00037d0003640008005e0f0f10100000
0003a10003520062000f000010100000
00036e00032c002e0008010110100000
00039000034e00540028020210100000
00038200032200390020030310100000
0003a50002d700630001040410100000
0003580002c800100029050510100000
00039f00030500580053060610100000
00038c0002fb003c0031070710100000
00034e00032d00010039080810100000
0003230002f700260020090910100000
0003100003080028002a0a0a10100000
0003040003250006005d0b0b10100000
00030f0002e6005300120c0c10100000
0003550002d1005200450d0d10100000
00035e0002d5003800330e0e10100000
0003a50002a9004f00320f0f10100000
00036f0002f7002c005d000010100000
00035100032f00100040010110100000
00032f00035c00320055020210100000
0003590003890063004d030310100000
0003380003b60042002e040410100000
00037b00039400530007050510100000
00035f00036f003c002e060610100000
0003390003a100160063070710100000
0003890003820051001a080810100000
00038000039c001d003a090910100000
0003690003bf0011004d0a0a10100000
000389000385002600230b0b10100000
000351000379001b00060c0c10100000
0003220003930023005f0d0d10100000
000346000375005c00150e0e10100000
00034100034e004a000b0f0f10100000
00036300031f004e002e000010100000
0003870002df00340000010110100000
0003730002c1001e0037020210100000
0003420002c900320055030310100000
0003450002a300450008040410100000
0003010002c4000f0028050510100000
0002e40002c7001f0031060610100000
0002d70002a20009003e070710100000
0002a70002ad00210025080810100000
0002dc0002b300520040090910100000
0003130002bd004800570a0a10100000
00031f0002a40032000a0b0b10100000
0003660002a7006200090c0c10100000
000375000248003200000d0d10100000
00032d000276001400430e0e10100000
0002fc0002b70019004c0f0f10100000
00030c0002c2005e0039000010100000
00030a0002cc0032000a010110100000
0003390002dc004d0047020210100000
00033900028c00320005030310100000
0003220002e8002e0064040410100000
0003280002fa0015003a050510100000
000357000316004e004d060610100000
0003740002f40026001c070710100000
0003710002fa001e002b080810100000
0003430002e300240029090910100000
00034f0002cc005400400a0a10100000
00034200030b002500490b0b10100000
00031d000338003d00360c0c10100000
000326000391003b00590d0d10100000
00033000038f001e00410e0e10100000
000376000367005f00240f0f10100000
00033c00036f00240041000010100000
00031a0003920010002d010110100000
0002e9000390001c0045020210100000
0002e80003d80031004d030310100000
00030e00037f0054000b040410100000
0003000003540007000f050510100000
0002f70003530045004c060610100000
00031500035e00440027070710100000
00031f00037f0028004c080810100000
00034400039e00490048090910100000
0002fc000370000c00120a0a10100000
00030d000389003600620b0b10100000
00032800036e0058001b0c0c10100000
00034d00032c006000170d0d10100000
000339000341000a00560e0e10100000
00030f00032b0035000e0f0f10100000
0003000003290015003f000010100000
00031900032f00290033010110100000
00031f00034b00220061020210100000
00032f00034300410045030310100000
00030a000381002f0049040410100000
0003440003c00041004e050510100000
00031b0003a0001c002c060610100000
00030f0003db00380062070710100000
0003360003c7004f0038080810100000
0003130003ab0026002c090910100000
0003150003d6000e003d0a0a10100000
000339000385005a00110b0b10100000
000310000396002f002c0c0c10100000
0002ee0003af003e00300d0d10100000
000302000367001e000e0e0e10100000
000329000375005c001c0f0f10100000
0003690003550055001f000010100000
00037300034800330026010110100000
00035f0002f3000e000c020210100000
0003730002f100550043030310100000
0003620002c7001e001f040410100000
0003820002c900610050050510100000
0003680002f80002005b060610100000
0003570002e40027004e070710100000
0003600002fb0058004f080810100000
00038a00031f00500050090910100000
00039a000310001e002e0a0a10100000
000380000335004000360b0b10100000
00037900036b002800620c0c10100000
00038f000350005400150d0d10100000
0003c400034a005300080e0e10100000
0003bd00038d0055005f0f0f10100000
00038100039500190027000010100000
00038200039600340027010110100000
0003d50003960061000c020210100000
00039f0003aa001f0057030310100000
0003980003e400170059040410100000
00036e0003d400370040050510100000
0003a7000399003b0020060610100000
0003b800038d00380042070710100000
0003b200034000520002080810100000
00036900031800070028090910100000
00038f00030e004400240a0a10100000
00038500033a003600620b0b10100000
0003a000030b004300330c0c10100000
0003510003450005004f0d0d10100000
000357000340005900030e0e10100000
00032d0002e3002b00020f0f10100000
00035100031e003d0062000010100000
000369000338004c0041010110100000
00033a0003860032005a020210100000
000357000337003c0008030310100000
00034a00031a000a003c040410100000
0003650003150052003b050510100000
0003710003030047000e060610100000
0003940002ea005b0029070710100000
00036b0003240029003c080810100000
0003a3000325003f0029090910100000
00039b000347003c00460a0a10100000
00039e000348003900630b0b10100000
00036300035e000800490c0c10100000
0003be000351006000420d0d10100000
0003bf000374005a00260e0e10100000
0003ee00037e005a000c0f0f10100000
0003ce000344001d0028000010100000
0003df000329005d0026010110100000
0003db000319002e004a020210100000
0003d000031f0031000e030310100000
0003d60002f600100013040410100000
0003ca0002fc00460041050510100000
0003a90002ff00260011060610100000
00038d000319003f0043070710100000
0003a60002e300420006080810100000
0003b00002bd00490003090910100000
0003ac0002bd003800460a0a10100000
0003cb0002b80058005e0b0b10100000
0003fd00028e003a001f0c0c10100000
0003c600028a0029003e0d0d10100000
0003c0000269005400050e0e10100000
00038c000260002600030f0f10100000
00038700026b00180033000010100000
00035e00029a00340055010110100000
0003370002b200070062020210100000
00030e0002d600080032030310100000
0003270002d700290014040410100000
0002fd0002ee001c0058050510100000
00033000033b0059005e060610100000
0003140003060023000e070710100000
00032d000333005b0033080810100000
000343000358005f0028090910100000
000356000374004b00620a0a10100000
00031e000328002000120b0b10100000
0002ef000358000b004f0c0c10100000
0002e8000331002200170d0d10100000
0002c3000342002f00160e0e10100000
0002ff000364006200250f0f10100000
0002ed00037200060041000010100000
0002c8000359000f003c010110100000
0002fb00034e003a0057020210100000
00032300036c00300050030310100000
00034e00039b00540043040410100000
00035b00035d0029001a050510100000
00030c000307000a0008060610100000
00033e00032100550028070710100000
0002f700030f00140021080810100000
0002d000032b00380044090910100000
0002df000308005a003f0a0a10100000
0003000003300041003a0b0b10100000
000351000302005c00210c0c10100000
00032f000323000000380d0d10100000
000330000314003000070e0e10100000
00031700033e0049004f0f0f10100000
000350000320003f0023000010100000
00039500031900540035010110100000
0003b900031e005e005c020210100000
0003e400031d005b004f030310100000
0003df00031d004f0043040410100000
00040f00030300590000050510100000
00044f0002fd004a0002060610100000
000407000311000d003c070710100000
00041500032c0022003c080810100000
0003fe0002ff00210017090910100000
0003fd000319005900590a0a10100000
0003c1000331000500520b0b10100000
0003c500033a0060002a0c0c10100000
0003df000338001a00360d0d10100000
0003c200034c0013001b0e0e10100000
0003bc00031b0043001e0f0f10100000
00038e00035000110058000010100000
00036a00035a0030003f010110100000
00032400032b0018002d020210100000
0003190002fa0050001e030310100000
0003250002ce005b0017040410100000
0002d90002d6000d0008050510100000
0002c10002dd00320009060610100000
0002b70002d200030031070710100000
0002e80002d40053003e080810100000
0002f30002c0002c0003090910100000
0002e700028a004d00230a0a10100000
00033e000290005c00580b0b10100000
0003020002c50024005f0c0c10100000
0002fe000292001600030d0d10100000
0003070002c5001c004e0e0e10100000
0002ce0002e6000a003f0f0f10100000
0003130002e000560052000010100000
0003380002de0055003d010110100000
00033b0002bf001b000e020210100000
00034c0002d200610031030310100000
0003030002be00120003040410100000
0003320002f3003c003d050510100000
00032a000303002a0019060610100000
0003380002dc0011000a070710100000
00031f0002b4003a0016080810100000
0003100002bb001d000a090910100000
0002ef0002b7002c001f0a0a10100000
0002d400028d0041002e0b0b10100000
0002be000274000e00460c0c10100000
0002dc0002b7003400460d0d10100000
0002c20002870002001e0e0e10100000
000307000284004f003c0f0f10100000
00030500028b00540059000010100000
0002b50002a90005005b010110100000
0002f60002cf005c0034020210100000
0002ce0002d600390038030310100000
00030f0002e700530014040410100000
0002f90002f90026004f050510100000
00030000032e0031004e060610100000
00030100038500120061070710100000
000303000391003c0022080810100000
00034a0003960064000f090910100000
00034b000391002d001a0a0a10100000
000355000364004b00010b0b10100000
00038e00034e004700300c0c10100000
0003920003460038003e0d0d10100000
0003b800032a002800020e0e10100000
0003b1000333004800450f0f10100000
00037400030c00170032000010100000
0003b10002ea00420039010110100000
0003b20002bf005d0009020210100000
0003950002ca001c0043030310100000
0003710002dc002f0026040410100000
0003830002990038000c050510100000
0003a30002ac00510061060610100000
0003b500026f00240024070710100000
0003c400024e004b0001080810100000
0003c000024600600007090910100000
0003d000028a003d005e0a0a10100000
00038f000291000a00080b0b10100000
00036c00027a002400190c0c10100000
000383000269004f002d0d0d10100000
00036100029d000600360e0e10100000
0003200002730007001b0f0f10100000
00031a00025400110013000010100000
000313000253003b0038010110100000
000312000287005c003d020210100000
0003390002930043004f030310100000
00033c0002b90032004c040410100000
00033f0002db003b002e050510100000
0003050002de00170064060610100000
0002ec0002ff000b0045070710100000
0002d400031500330017080810100000
0002b700032400430016090910100000
0002cc0003020052003c0a0a10100000
0002db000342001900480b0b10100000
0002be00032f000700060c0c10100000
0002c2000356005300540d0d10100000
000306000335004a00150e0e10100000
000303000350000400360f0f10100000
00032400035300320016000010100000
0002f6000370000d0055010110100000
0002a9000344000f0011020210100000
00026a00032900040034030310100000
0002440002f1000c0014040410100000
0002520002eb00490028050510100000
00025900028f001e0008060610100000
0002640002a300160059070710100000
0002610002a70030001b080810100000
0002470002d900290048090910100000
0002390002ed004400500a0a10100000
0002490002cf0029002a0b0b10100000
00027b000300003900370c0c10100000
0002400002ad001800010d0d10100000
0002250002e3002f004b0e0e10100000
0002680002cb0047001e0f0f10100000
00028b0002d800550023000010100000
00004900004c0049004c010101010000
00005c0000680013001c020202020000
000079000071001d0009030303030000
00009f0000d00026005f040404040000
0000c50000d600260006050505050000
0000f60001050031002f060606060000
00013b0001340045002f070707070000
00017100015400360020080808080000
0001aa00017800390024090909090000
0001f30001a30049002b0a0a0a0a0000
0002530001d7006000340b0b0b0b0000
00026a0001ea001700130c0c0c0c0000
0002930002340029004a0d0d0d0d0000
0002bf000238002c00040e0e0e0e0000
0002c00002930001005b0f0f0f0f0000
0003100002ba00500027000010100000
00030d00029200460024010110100000
00032a0002930030001d020210100000
00034b0002cd003e0043030310100000
00032e00029400090026040410100000
00031300028f000b0001050510100000
00032f0002a4004d0044060610100000
000336000278004c0003070710100000
00035b0002b4005b005c080810100000
0003800002ef005e005f090910100000
00035f0002f4002800300a0a10100000
0003110002e3001200230b0b10100000
00035d000319006300490c0c10100000
00036200031e002e004f0d0d10100000
00037d00031e004700040e0e10100000
0003df0002f10063002e0f0f10100000
0003ec0002eb005d0021000010100000
0003ea0003140044004d010110100000
0003d8000358001e0061020210100000
0003f500034c005b0037030310100000
000429000353003d002d040410100000
00043800038f001a003d050510100000
00044b0003790060002e060610100000
00040d0003a6000e0030070710100000
0003b20003650000001b080810100000
0003ab00030a00570004090910100000
0003d60002f80053001e0a0a10100000
0003fb0002e30037000e0b0b10100000
0003ae0002b90016001f0c0c10100000
0003b50002bf003500550d0d10100000
00039e000311003000560e0e10100000
00038300032d0048004a0f0f10100000
00035000036b002a005f000010100000
00034500032500390007010110100000
0003390002c400120000020210100000
0003300002e100520054030310100000
0003290002c700360013040410100000
00035c0002bc004d0032050510100000
0002fd0002a200010014060610100000
00032400029300350021070710100000
000360000279003c0001080810100000
00034700028b003e0016090910100000
0003530002b7005f004a0a0a10100000
00033e0002f1002200480b0b10100000
0003740002fe004c002c0c0c10100000
0003820002ed004300440d0d10100000
0003980002d50046003e0e0e10100000
0003b10002a1006100160f0f10100000
0003e700025d0060001b000010100000
0004090002b3005b005d010110100000
0003fa00031700030064020210100000
0003e800031900400056030310100000
00040a0003330058002d040410100000
0003cb000307000e0006050510100000
000418000327004e0034060610100000
0004180003220035001c070710100000
0003ea000344000e0023080810100000
00040400038300580055090910100000
000402000373005d003a0a0a10100000
00040c000376002c004b0b0b10100000
000406000361004600170c0c10100000
00042300034d006000300d0d10100000
00040400032c0027001d0e0e10100000
0003e30003310040001b0f0f10100000
00039f00034b001c0035000010100000
00036b00030c0027001e010110100000
0003ab0002ef00430047020210100000
0003a90002ce003e0035030310100000
0003ae0002bc005d001b040410100000
0003df0002f6003f0040050510100000
0003cc0002e4003b0022060610100000
0003a80003130011004b070710100000
0003b200031300180023080810100000
0003b80002dd005e001f090910100000
00035c0002ce0001002b0a0a10100000
0003520002be0022003b0b0b10100000
0003160002cb000a00240c0c10100000
0002d40002e5001e004a0d0d10100000
0003020002f70055002f0e0e10100000
0002e10002f0001f00140f0f10100000
0003090002c90044000e000010100000
0003050002cc00230021010110100000
0002e30002bf0021003a020210100000
0002eb0002bf00460035030310100000
00029d0002f0000f004c040410100000
0002990002c5003b0015050510100000
0002840002d400260031060610100000
0002c20002e9004f0060070710100000
0002ee0003120044004c080810100000
0002b100034b00210058090910100000
0002bf00034b000f002b0a0a10100000
0002ad000355001000450b0b10100000
0002b2000388000f00570c0c10100000
0002a4000350001000120d0d10100000
00025e00035a000f00390e0e10100000
00027400038e003500480f0f10100000
00027100039500410015000010100000
00027d0003d7002f0063010110100000
0002770003ab001b000e020210100000
0002730003a20042002c030310100000
00026d0003700009001a040410100000
00026f000361003d0006050510100000
00029200036b0049003b060610100000
0002a700033a0064002f070710100000
0002a00002fa003d000c080810100000
0002cd0002ed004e004b090910100000
0002d7000318001900560a0a10100000
0002d40002f8000d00250b0b10100000
0003140002dc004f003b0c0c10100000
0003220002dd001e00130d0d10100000
00032d0002e0001a003c0e0e10100000
0003150002c3001d002b0f0f10100000
0002e00002fc000c004e000010100000
0002e80002bd00370024010110100000
0003270002d8005a0029020210100000
0002fc00030300170057030310100000
00032b00032c00380043040410100000
00033000034800420022050510100000
00031000034e00290041060610100000
0002cf00035400230035070710100000
0002a90003660017001e080810100000
000289000339002e001e090910100000
00028700031d0017003a0a0a10100000
0002da0003230060002b0b0b10100000
0002e700034b005c00630c0c10100000
00031f00038c005600540d0d10100000
000346000350004100000e0e10100000
00034c0003440023001f0f0f10100000
0003890002f700490001000010100000
0003650002e600130013010110100000
0003400002df00350022020210100000
0003450002bc001c0034030310100000
00034e00027a00410001040410100000
00035400028f00480037050510100000
00034f00028700240039060610100000
000339000256000d0004070710100000
00034000028a001e0052080810100000
00035600027c00440010090910100000
000378000294003900520a0a10100000
00031a0002ba000200510b0b10100000
0002dd000294001f003d0c0c10100000
00029700024d0010000d0d0d10100000
0002b000025f005a00120e0e10100000
0002a0000261001300210f0f10100000
00029100029b003a003b000010100000
0002ac0002a3002e001b010110100000
0002d200029d005b001c020210100000
00031400027e005e0015030310100000
0002d70002970004001a040410100000
0002920002c200030062050510100000
00027f0002c30011003a060610100000
0002ad0002e8003b0029070710100000
0002c10002af00320019080810100000
00027e0002c700010028090910100000
0002670002c40022004f0a0a10100000
000285000287002000140b0b10100000
00029d00024e003700040c0c10100000
0002d200026e0045002d0d0d10100000
0002b2000265003a00090e0e10100000
0002b000027e0011003a0f0f10100000
0002b1000276003b0033000010100000
0002c60002a70043004c010110100000
000299000297002e000c020210100000
00023b0002c900000047030310100000
0002450002ff000e0050040410100000
0002a40002b200620015050510100000
0002db0002a000480028060610100000
0002f300027c00530005070710100000
0003160002820055001f080810100000
0003280002650013000b090910100000
00036400021b005e00050a0a10100000
000360000268001c00610b0b10100000
000353000299002a00350c0c10100000
00036b00029d005d00310d0d10100000
0003870002b10056001d0e0e10100000
00038b00028b001500140f0f10100000
0003700002720020001a000010100000
00035e00024600310020010110100000
0003540002760024003c020210100000
00037e00024d002a001e030310100000
0003d400023d00640040040410100000
0003c70002760055004e050510100000
0003e10002b100620063060610100000
0003e90002c3005b0017070710100000
0003e60002ba00520016080810100000
0004240002e300510034090910100000
0003dc00032f001600510a0a10100000
00041400032d0054005f0b0b10100000
000426000319003c00210c0c10100000
00041c0003460053005e0d0d10100000
00042400035a005e00310e0e10100000
000463000347005400010f0f10100000
00048600035a0043002d000010100000
00046500035a00100020010110100000
00049300036700520049020210100000
0004900003a200270059030310100000
0004830003c600570064040410100000
0004650003820037000a050510100000
00044400034500410026060610100000
0003f8000376000f0048070710100000
0003c70003c300210063080810100000
00037c0003bd0006002e090910100000
00038a00038c002400200a0a10100000
00035600038c0020005f0b0b10100000
0003510003ba0037004f0c0c10100000
00032f00037a0031001e0d0d10100000
0003160003780045002f0e0e10100000
0002d00003c1000e004a0f0f10100000
0002f100039600640002000010100000
00033400038900530013010110100000
00032900039900470059020210100000
00034700037800450038030310100000
00032d000363003d004f040410100000
0002fd0003680007000f050510100000
0002cf00038500130043060610100000
0002c50003870005004a070710100000
0002b2000327000e0003080810100000
0002d500030c00290013090910100000
0002d60003260025003a0a0a10100000
0002ec0002ef003600280b0b10100000
0003170002d3006200330c0c10100000
000341000316005b00610d0d10100000
00030c0003450010005e0e0e10100000
00035a0002fc005c00010f0f10100000
000310000325001a002b000010100000
00030d00032300500011010110100000
0003080002da00420010020210100000
0003210002b3005e0011030310100000
00033e0002af005a004b040410100000
00034d0002d800160038050510100000
00038b0002f900510064060610100000
00039f0002e500190036070710100000
0003e800032900570047080810100000
00040100033800420022090910100000
00041500032a0039002c0a0a10100000
00041000032d0031002b0b0b10100000
0003c200034e001400540c0c10100000
0003cb000320006400330d0d10100000
0003e2000315002700530e0e10100000
0003ce00036b004800570f0f10100000
0003c0000358000c0018000010100000
00039600039f00260058010110100000
0003780003c600240037020210100000
00034d0004110033005c030310100000
00031a00041e00270058040410100000
00032d0003e800290002050510100000
0003390003a3005d001f060610100000
0003820003ab0062003e070710100000
0003820003830057001f080810100000
0003650003af0025004e090910100000
000362000384003600010a0a10100000
00037a0003670049000e0b0b10100000
000387000313002100000c0c10100000
0003350002f7001200170d0d10100000
0003690002c4005b00200e0e10100000
00034f00026d002e00000f0f10100000
00039200026d004f0018000010100000
00039e0002540032003f010110100000
000386000281000c0064020210100000
00038700026e00340049030310100000
00038e000249002e0033040410100000
0003ae0002810049003a050510100000
00039b00026c004a000a060610100000
000348000292000f0064070710100000
0002ff000296000e0023080810100000
00032000026a00460022090910100000
00033f0002b60055004d0a0a10100000
0003300002f7003a004f0b0b10100000
00031d00031a000e00230c0c10100000
000345000347003a00440d0d10100000
000304000361001a003a0e0e10100000
0002f1000369001b00080f0f10100000
0002e000039f003e004e000010100000
0002c200038200140022010110100000
0002b900037e00030060020210100000
00029e00036e00190039030310100000
0002ae000345003e000a040410100000
0002b0000327004b001c050510100000
0002ae00031f00480002060610100000
0002e90002e2004a0027070710100000
00033a000314005f0055080810100000
00034500035500510063090910100000
00030f000313001f000b0a0a10100000
00030400031f002f005b0b0b10100000
00031100031c001b00200c0c10100000
00031600032d003f00550d0d10100000
000331000333003500400e0e10100000
00034c00032b003600000f0f10100000
00033300031600250039000010100000
0003540003400035004c010110100000
00038700032100360041020210100000
0003c8000323005a003b030310100000
0003ca00033c00400023040410100000
00037f00037200000052050510100000
0003590003c200220052060610100000
0003260003c80017002d070710100000
0002ff0003b400380041080810100000
0002b400035d0006000c090910100000
0002f70003b10062005f0a0a10100000
0003220003b2005a005c0b0b10100000
00035a0003b2005300200c0c10100000
00036c0003c0005100630d0d10100000
0003560003a6001f00260e0e10100000
00036f0003ba004f00140f0f10100000
0003a80003b1005e0030000010100000
00038f00039c001c0037010110100000
0003ad0003a60054004b020210100000
00037f0003cd002c0062030310100000
00036a0003e8002b003e040410100000
0003ac0003f20042005c050510100000
0003ed0003c400630024060610100000
0004180003d50042003e070710100000
00042b0003d5004b0041080810100000
00043700041b00120052090910100000
00041c000401004700450a0a10100000
0003ca0003d8000800330b0b10100000
0003980003c0002100080c0c10100000
00036c00038d002500300d0d10100000
00037300037b002600140e0e10100000
00036e0003a9004a00420f0f10100000
00035a0003dc004a0063000010100000
0003660003db00280036010110100000
00036e0003aa005c001a020210100000
000390000385004e003d030310100000
00039e0003a10039005a040410100000
00035e0003a500020060050510100000
0003510003a700560026060610100000
00034b0003b4003c004b070710100000
00032e000384002e0011080810100000
00035400038a00380058090910100000
00031100037e000400390a0a10100000
000338000368002f001d0b0b10100000
00033b0003a7002400470c0c10100000
00031b0003c30005004c0d0d10100000
00033a000403004500540e0e10100000
000341000406005100450f0f10100000
0002fb0003b400040011000010100000
00031300039a0040001c010110100000
0002d000038700190007020210100000
0002c70003940045004a030310100000
0002bb00039a002d0060040410100000
0002fd0003660044002c050510100000
0002c2000358001b0018060610100000
0002a4000320001e0013070710100000
0002c800033d0052002e080810100000
0002c40002fd00340018090910100000
0003100002cf0050000b0a0a10100000
00032c0002cd004b001b0b0b10100000
0003460002d0003e004a0c0c10100000
00036a0002e20029005e0d0d10100000
0003250002b0000000220e0e10100000
00032a0002bf005600540f0f10100000
0003660002c90040001b000010100000
0003410002dd001b0030010110100000
00033b00031c00130046020210100000
00032a0003000034002e030310100000
00031a0002fa001d005a040410100000
0002e10002fe000b0030050510100000
0002c900033a00030054060610100000
0002af00036900040042070710100000
00028800038c002b0051080810100000
0002640003c400100050090910100000
00026f0003ea005b00310a0a10100000
00025b0003df003700100b0b10100000
0002400003b10023001c0c0c10100000
000251000362003a000f0d0d10100000
000261000369001000290e0e10100000
000240000346003500310f0f10100000
00025800037d00580052000010100000
00029700035e005a0011010110100000
0002e000034f005c0037020210100000
0002ee00036d0042004c030310100000
0002ff000334002e0021040410100000
00034a00034800560044050510100000
00039a00033c00530048060610100000
0003cf00031100390017070710100000
0003c2000305001e0045080810100000
0003d20002c700200012090910100000
0003d10002c2005a002c0a0a10100000
0003f30002ca005900180b0b10100000
00040d0002f4003d00460c0c10100000
000401000317002e00320d0d10100000
000438000341004700530e0e10100000
00044f00031f004c000f0f0f10100000
00041a0002e300230016000010100000
0003fc000302003c0030010110100000
0003fa0002fa005a002f020210100000
0003d50002d5001d0027030310100000
0003f70002f00050003c040410100000
0003fd0002cc005c0020050510100000
0003c40002ac001a0028060610100000
0003a90002e5001e0050070710100000
0003a300030300180063080810100000
0003d500034c0052005b090910100000
0003b5000325003a00050a0a10100000
000397000345003b00380b0b10100000
000369000321000f00220c0c10100000
00036300031d0028002e0d0d10100000
00035b000302003f00380e0e10100000
00033f0003110030001e0f0f10100000
00037c00031d00600022000010100000
0003570002fd00170010010110100000
00031200030b0015003d020210100000
00033f00031f004a003b030310100000
00034d000302005e001f040410100000
00031b000326002a0044050510100000
00034900035a0048005c060610100000
00037b0003590050004f070710100000
0003b50003100052001a080810100000
00039c00030700390052090910100000
0003bd00034c005b004a0a0a10100000
0003e1000336005f00220b0b10100000
00041f000324004d00100c0c10100000
00043200030a003b00140d0d10100000
0003f30003310000005f0e0e10100000
00041100033b004e00280f0f10100000
0003fd00035f004c0046000010100000
000414000376002e0027010110100000
00040400038d00050054020210100000
0004020003a10048004f030310100000
0003fe000385005a0003040410100000
0003e600038800120047050510100000
0003d900038f003b0063060610100000
0003ce00038f0045004f070710100000
0003aa000381002e000c080810100000
0003a600035500350026090910100000
00039b00033d005000320a0a10100000
00036100037c002500610b0b10100000
000331000396001d002a0c0c10100000
00031400039b001e00190d0d10100000
0003480003970034005b0e0e10100000
00035b000392006100230f0f10100000
0003200003960011004a000010100000
00035300037e0061000f010110100000
0003b00003440062001a020210100000
000382000358001a0063030310100000
000383000393005b003e040410100000
0003bc000388004b003c050510100000
0003c300038700420062060610100000
0003cb00038f004d0057070710100000
0003fb0003c0005e003d080810100000
0003ed0003af00270015090910100000
0003a80003ac000b002f0a0a10100000
0003d9000360005600150b0b10100000
0003fa00034a003e00140c0c10100000
00040100038f0025005e0d0d10100000
00041c00033f004f000b0e0e10100000
0003fd00036f004200530f0f10100000
00040f00036700230042000010100000
0003bd000386000f002e010110100000
00036f00038d00140021020210100000
000374000373001f0049030310100000
0003710003840058004f040410100000
000352000385002c003d050510100000
00035000034400400021060610100000
00033300032200300035070710100000
0002da0003240005003f080810100000
0002c40003690011005a090910100000
000308000373004f00390a0a10100000
0002df00035f002d00010b0b10100000
0002fb00037f005a00340c0c10100000
0002da00034b0004002a0d0d10100000
00029600038e000b004e0e0e10100000
00025500034f000100140f0f10100000
000281000323004f0016000010100000
00029e00033b002c0046010110100000
0002c7000341003d0027020210100000
0002e7000303003f000b030310100000
0002c80002df0039002b040410100000
0002fd0002b800610016050510100000
0003090002b1004c001a060610100000
0003250002dc004c0060070710100000
00032f0002c9000f002c080810100000
0003740002790056000a090910100000
000355000286003000460a0a10100000
0003310002bf0009003a0b0b10100000
0002fe0002a4002700190c0c10100000
000336000295003c001b0d0d10100000
00035b000288003000410e0e10100000
00035f0002a20005002e0f0f10100000
00032f0002c5001f0039000010100000
00034d0002b8004a0039010110100000
0003230002d500130044020210100000
0002fa0002f60016002c030310100000
0002d60002e80015001d040410100000
0002d700030200620030050510100000
00029f0002f30014000b060610100000
0002960002d700430044070710100000
0002c40002f8003d004d080810100000
00027f00030c0011001e090910100000
00028c000329003d00630a0a10100000
0002e2000330005f00410b0b10100000
0002e10003460026002f0c0c10100000
0002c200034f001d00240d0d10100000
0002b100036b001f005d0e0e10100000
0002ca00034a001e000d0f0f10100000
0002b300035f0008004e000010100000
00002b000050002b0050010101010000
00005100008100260031020202020000
0000aa0000ad0059002c030303030000
0000ee0000ad00440000040404040000
00013e0000d000500023050505050000
00016e0000f400300024060606060000
0001cb00011b005d0027070707070000
0001ff00017d00340062080808080000
00021600017e00170001090909090000
00024f000193003900150a0a0a0a0000
0002a70001a8005800150b0b0b0b0000
0003080001df006100370c0c0c0c0000
00031b00023c0013005d0d0d0d0d0000
0003310002a0001600640e0e0e0e0000
0003550002d1002400310f0f0f0f0000
0003ab0002e500560014000010100000
0003990002af0019001a010110100000
0003870002cf00140051020210100000
0003570002ad0029000a030310100000
0003540002e500410038040410100000
0003500002e4004c0022050510100000
0003270002ea0007002a060610100000
0002f00002cf0026000c070710100000
0002bd00029d00010030080810100000
0002e70002d100410035090910100000
0002f50002d60047001a0a0a10100000
0002ce0002c7003100060b0b10100000
0002cc000296005f00060c0c10100000
0002c5000254000c001b0d0d10100000
0002e10001f3003200030e0e10100000
0002df0001f3002200310f0f10100000
0002ce00020b0045002c000010100000
0002db00023800260047010110100000
000316000210004f0029020210100000
00034200024d00550047030310100000
00030600026500050050040410100000
0003080002a1004e005e050510100000
00030e0002cc000d0055060610100000
0003320002f4004a0034070710100000
0003930002eb00620027080810100000
0003700002db001e0025090910100000
000353000314002a00530a0a10100000
00037200030e005000000b0b10100000
00036200031e004f00160c0c10100000
0003560003220000001f0d0d10100000
00033100035c000d003d0e0e10100000
00036f00032d006000020f0f10100000
00032d00030300030002000010100000
0003330002ff002c0043010110100000
0002e90002fe00050028020210100000
0002ec0003110058005a030310100000
00034800031100610050040410100000
00030d0002d300130020050510100000
00030100028a0001000c060610100000
0002c900026d00120017070710100000
00027a00028a00130044080810100000
00026d0002bf0011005a090910100000
0002780002760035000a0a0a10100000
00026a0002a30042002d0b0b10100000
0002270002bd000c00300c0c10100000
00022c0002e1000500430d0d10100000
0002450002c30026001f0e0e10100000
0001f6000305001100440f0f10100000
00024500032400520021000010100000
00025c00031100430030010110100000
0002ab0003150054002c020210100000
00029e0002d2004b0017030310100000
00024900028b000c0009040410100000
00026f00027b00390010050510100000
0002b600029300480024060610100000
0002c80002d400240058070710100000
00030800029e0053000e080810100000
00032800029f0031005b090910100000
0003460002c5005300300a0a10100000
0003500002e1004c00490b0b10100000
0003720002fa002e00490c0c10100000
0003d10002ff006400480d0d10100000
0003fc000304005100240e0e10100000
00041b0002f1003000310f0f10100000
0003d400032b000b005b000010100000
0003e800031e00570023010110100000
00039500032800010036020210100000
00035b00034900110038030310100000
0003aa000382005b0042040410100000
0003860003bf0015004d050510100000
00038b0003c0004d0025060610100000
0003b2000383004b001b070710100000
00036b000381000c000c080810100000
00039200038800580062090910100000
00035b000369001c00110a0a10100000
00031d000362000e00420b0b10100000
0003020003350013001c0c0c10100000
0002d600034b0038005e0d0d10100000
0002bf000329003a00020e0e10100000
0002f30003020064000a0f0f10100000
00033c0002ed00540046000010100000
0003170003180032004e010110100000
00037a0003400064005e020210100000
0003b8000328004f0020030310100000
0003900003200033003a040410100000
0003a80002dd002d000a050510100000
0003ae0002c20053000a060610100000
0003930002ec00300045070710100000
00039700034200100062080810100000
00035b00033d001c005d090910100000
0003a100035e006200320a0a10100000
0003d30003690040004d0b0b10100000
0003fd000353003d00060c0c10100000
0003d90002fe001400090d0d10100000
0003b00003280011002c0e0e10100000
00039a000346004e00280f0f10100000
000383000324003d0024000010100000
0003b0000337005f0061010110100000
00036a0002fd001e0024020210100000
00035200030300370026030310100000
0003500003270031005e040410100000
00038700035d00640040050510100000
0003390003620005000f060610100000
00035c00037500530058070710100000
000379000318002d0005080810100000
00039e00030400410049090910100000
00035e000316002200440a0a10100000
0003540002d50036000c0b0b10100000
000327000307001000380c0c10100000
00032700030e001400100d0d10100000
00035e00030b004800290e0e10100000
00035b00033d004b005a0f0f10100000
00037e00034c00600033000010100000
00037c000332005d0047010110100000
0003850003490027003b020210100000
00035c000360000e003d030310100000
00033900032b000e0029040410100000
0002da0002f60005000b050510100000
00032100030a004c0023060610100000
0003140002da00460028070710100000
000332000331004b005c080810100000
0003210002ff00300017090910100000
00031e0002f2001f00370a0a10100000
00032b0002e9004300030b0b10100000
00034d0002df0032002e0c0c10100000
000381000305004800360d0d10100000
00034b0003070012002b0e0e10100000
0003000002b90000000c0f0f10100000
0002e60002d30046004d000010100000
0002c70002c1003e0035010110100000
0002a200029c00020016020210100000
0002f500028d0061002e030310100000
0002fd0002a700160043040410100000
00035b0002d000630034050510100000
00034b000309003c005c060610100000
0003490002e500440004070710100000
00033200029c00340013080810100000
00031b0002c700190042090910100000
00034e0002d3005200430a0a10100000
00035e0002f1005300210b0b10100000
00038f0002fd0063003a0c0c10100000
00034a0002ee000300270d0d10100000
00037e0002e4004600210e0e10100000
00039c0002db001e00030f0f10100000
00035b0002cc0005003e000010100000
00034a0002f8002d0061010110100000
00039d00032b00550049020210100000
00037d0003590041005c030310100000
0003ab00035900440043040410100000
00036800034c00200027050510100000
00036c00031100400021060610100000
00037900031600510009070710100000
000392000344004d0041080810100000
0003c900032800500026090910100000
0003c20002fa004b00150a0a10100000
0003d20002f80063001f0b0b10100000
00038200031b0013005d0c0c10100000
0003c60003110047001d0d0d10100000
0003e1000341006100510e0e10100000
0003e500033e002200000f0f10100000
00043200034300520043000010100000
00045a00030800550026010110100000
0004590002f600540037020210100000
00041c0002df00040045030310100000
0004260002b6004e001a040410100000
0004060002db0000004c050510100000
0003e00002be001a0004060610100000
0003d500031900460064070710100000
0003d70002ee004f0016080810100000
0003c00003040039003c090910100000
0003b6000333004100440a0a10100000
0003a600032f0053001b0b0b10100000
00039f0002d5000c00030c0c10100000
0003650002c8000d00100d0d10100000
00033f000287003b00100e0e10100000
00035e0002b20041002b0f0f10100000
0003410002b600350047000010100000
00031b0002ce002f003e010110100000
0002f90002e000320049020210100000
0003160002a100210006030310100000
0002cd0002b40005002d040410100000
00031200029f00450037050510100000
0003420002a7004a000c060610100000
00030c00026600100023070710100000
0002d40002a000170050080810100000
0002f9000295005e0031090910100000
0003110002af0059005e0a0a10100000
0003050002c00047002c0b0b10100000
0003510002f4005800370c0c10100000
000380000330003c004c0d0d10100000
0003a100033d005c001d0e0e10100000
0003a700032e0047001c0f0f10100000
0003cb00032d00590046000010100000
0003af00034000130051010110100000
0003cc000346004f004f020210100000
0003b200036f0007002f030310100000
0003f8000388004b0046040410100000
000402000391004f0040050510100000
0003c100038f0009000a060610100000
0003fe00037a004d000e070710100000
000445000338005e000e080810100000
0004380003210051001a090910100000
0004410002de0062001b0a0a10100000
00041f0002f6002500440b0b10100000
0003da0002db0013001c0c0c10100000
0003e60002c90048003a0d0d10100000
0003900002f0000600440e0e10100000
00036e00031e0025004a0f0f10100000
0003640002da004f0002000010100000
0003980002d200470049010110100000
00036a00029500210012020210100000
00037d000270001a000a030310100000
00035d00025a002b0030040410100000
0003450002460037002c050510100000
00039c00028300600047060610100000
00035d00028d000e0018070710100000
00033c000294003d0015080810100000
00033600027b004b0001090910100000
0002da000267000600070a0a10100000
0002d100024a001c00270b0b10100000
00031700027c0059004e0c0c10100000
0002fd000263002e00210d0d10100000
000316000279001f005a0e0e10100000
00032d000261003c00320f0f10100000
00032f0002b300510054000010100000
00033b0002970053002d010110100000
00037c0002c40062003f020210100000
0003a30003170041005d030310100000
0003bd0002ec00450005040410100000
0003c30002f7003d0037050510100000
0003630002ca0000001a060610100000
0003b50002eb00600039070710100000
00038e0002e20016000c080810100000
0003a600032f0063004e090910100000
0003ca000363002a003b0a0a10100000
0003fa000373004c00370b0b10100000
0003a30003430002001e0c0c10100000
000398000375002300530d0d10100000
0003b5000360003c00450e0e10100000
0003d0000384005700560f0f10100000
00039800033400190004000010100000
0003890003560044004f010110100000
000383000342005c002b020210100000
00034400033900020054030310100000
000349000396004a0062040410100000
00032e0003b200220053050510100000
0003430003ed00150055060610100000
0002ea00040700070053070710100000
00032200042c004e0031080810100000
0002d20003f700130019090910100000
0002d800041d003000610a0a10100000
00028e0004040002001e0b0b10100000
0002a500041d001900370c0c10100000
0002c60003f2004400280d0d10100000
0002900003df000600320e0e10100000
0002430003c0000a00370f0f10100000
00027c00040e00520052000010100000
0002720003d0003a0011010110100000
0002330003b5001d0010020210100000
00028200038f0051002e030310100000
00027000034a0038001d040410100000
000278000353002a005c050510100000
00028600032300230025060610100000
0002bb0002e5003c0015070710100000
0002a10003030034004f080810100000
0002e600033300580049090910100000
0002d200030f001c003d0a0a10100000
0002d8000302000800110b0b10100000
00030b0002e4004c00190c0c10100000
0003030002d9003c001d0d0d10100000
0003390002fb003c00540e0e10100000
00038c0002e6005d00220f0f10100000
00036200029500280001000010100000
00032d0002d500050051010110100000
0003530002dd00430018020210100000
0003550002cb0053001c030310100000
00035200030000350052040410100000
00033e0002f20016004e050510100000
00034a000315002f0048060610100000
00031100034100030041070710100000
0002e600032b00090039080810100000
0002d300032300450041090910100000
0002d90002f40022000e0a0a10100000
00032200031d0051003a0b0b10100000
0003280003530052004f0c0c10100000
0002f3000367000700310d0d10100000
0002ce000313001700000e0e10100000
00028b00031f001a002e0f0f10100000
000282000321001f0003000010100000
00029a000314001d0044010110100000
00027800033400210038020210100000
00024b0003530026003b030310100000
00025600032800400027040410100000
00026f00030e002f0034050510100000
0002510002e00011001a060610100000
0002970002f200490053070710100000
0002ce00031b00400062080810100000
0002a90003040020002a090910100000
0002aa0003330023003d0a0a10100000
00029300030c003a00130b0b10100000
00026a000314002900570c0c10100000
0002c300033b006000580d0d10100000
0002de0003670032002c0e0e10100000
0002d200038a000e00510f0f10100000
0002fd00038c004a0005000010100000
00032400036e00440026010110100000
00031d000362001a002c020210100000
0003000003530009002c030310100000
00030600038d00460061040410100000
00031300037a003c0021050510100000
00030e00036f000c000f060610100000
0002de0003670019004b070710100000
0002e300034700450042080810100000
0002ee000344002b0027090910100000
0002f5000325002a001e0a0a10100000
00031a00034d005f003b0b0b10100000
000342000358005100620c0c10100000
000316000348003400480d0d10100000
00034800033f006400230e0e10100000
000386000323004c00350f0f10100000
00038200032e00460010000010100000
00035d000323001f001b010110100000
0003940003510051005a020210100000
0003dd00032c00520007030310100000
0003a90002f80012002d040410100000
0003cc00030d005f0036050510100000
00041f00033b005f003d060610100000
000451000326004b0036070710100000
00045a000337004e0053080810100000
000439000331000a0021090910100000
000423000373001400600a0a10100000
0003f50003740031003c0b0b10100000
0003ef000361004b004f0c0c10100000
0003cd00033c001200230d0d10100000
0003720003670009004e0e0e10100000
000334000352000e00200f0f10100000
00030d000399001f0057000010100000
0003240003bc0036003e010110100000
0003120003a7003f0045020210100000
00030e0003c5004e0025030310100000
0003060003dc000a0044040410100000
0002fc0003b900550013050510100000
0002df0003c500420049060610100000
0002c50003b300310024070710100000
0002cb00037700540017080810100000
0002fc000392003b003c090910100000
00033f0003410057000f0a0a10100000
00034f000369004100640b0b10100000
00032800034a002400300c0c10100000
00036f000340005900190d0d10100000
00036900032a000300380e0e10100000
000387000314002c000a0f0f10100000
0003b7000321004f0064000010100000
0003e50003100064002d010110100000
0003c900032b00230060020210100000
0003c100034d00460047030310100000
000412000311005b0008040410100000
0003da00032b001d002d050510100000
0003df0002ff0047001d060610100000
0004090002f0005b0015070710100000
0003f400030f003f0036080810100000
0003d900031c00200049090910100000
0003df00036c005d005f0a0a10100000
0003d500032b003700230b0b10100000
00040a00033e005900430c0c10100000
0003b3000326000200010d0d10100000
0003fb000348004b005a0e0e10100000
000400000384003100460f0f10100000
0003c200033e0011001e000010100000
0003ae0003300050001f010110100000
00039c0002dc0011000c020210100000
0003830002a2002d000d030310100000
00037d0002d60055003c040410100000
0003840002d60024002d050510100000
0003540002da00170021060610100000
000337000311003e004c070710100000
00030b0002f400130019080810100000
0002fd0002b90012000e090910100000
0002ce000296002e003c0a0a10100000
0002e4000292004d001f0b0b10100000
0002c9000283003e00340c0c10100000
0003210002b7005a00350d0d10100000
0002fb00029c0025003f0e0e10100000
0002e100027e001700280f0f10100000
00031d000288004d0028000010100000
0003010002c30034005a010110100000
00031b0002bb002b0004020210100000
00034000031000520062030310100000
00034400031800590044040410100000
00034a000320002a0035050510100000
00038e000353005b0054060610100000
00035600035c00060055070710100000
00036b00038800280045080810100000
0003b30003a7005a002d090910100000
0003c90003ad004400420a0a10100000
00038a00039f000e00110b0b10100000
0003710003770025000c0c0c10100000
00035e00038c0047004a0d0d10100000
00036e000383003500360e0e10100000
000359000372000200170f0f10100000
00032700034c001b0002000010100000
0003050002f200120000010110100000
00031d0002f80043000a020210100000
00030b0002db00400045030310100000
0002b70002c40005002d040410100000
0002ed0002ae0060001f050510100000
0002970002650005000b060610100000
0002cd00026b003c005b070710100000
0002f600024a00510024080810100000
0002f00002470054002a090910100000
000306000232005a002d0a0a10100000
000349000225005100040b0b10100000
00038400025b006000420c0c10100000
000370000237003300260d0d10100000
000387000210004c000f0e0e10100000
0003dc00021a005700210f0f10100000
0003ca00021d00090005000010100000
000402000245004a0028010110100000
0004220002770063003c020210100000
00043200026200500030030310100000
00047500025d00480028040410100000
00046a00026d0055002f050510100000
0004800002b6001b0054060610100000
000493000261004f0006070710100000
00046e00025d002c0020080810100000
0004330002610019002e090910100000
00040b000257003200230a0a10100000
0003c500029e000b004b0b0b10100000
0003b200027a004d001e0c0c10100000
0003d9000290005a003c0d0d10100000
0003950002b4000800330e0e10100000
00038d0002c9004f00360f0f10100000
0003db0002cd00570009000010100000
0003b50002bd00240018010110100000
0003a500028b0053000a020210100000
00036b0002bb00160060030310100000
00035e0002f3003b0060040410100000
000357000317004e0053050510100000
0003680002d6002c0013060610100000
00036a0002fe0051002e070710100000
00035700032300190045080810100000
00036d00031d002f0028090910100000
000377000359003c005f0a0a10100000
00039c000323003000150b0b10100000
0003710003610022005c0c0c10100000
00037400035c005d00370d0d10100000
0003c10003550055002c0e0e10100000
00039400037f002200600f0f10100000
00033f0003d20002005c000010100000
0003730003f90058003f010110100000
00037800040000580011020210100000
0003760003bc0014001c030310100000
00034000038100050025040410100000
00031d000330002b0002050510100000
00033500032a0044000d060610100000
0002f3000355000f0059070710100000
0002ef00032700150017080810100000
0002d500035600150057090910100000
0002e9000350005000590a0a10100000
000300000360004700250b0b10100000
0002de00034d000000490c0c10100000
0002a70003510026003b0d0d10100000
00025800033a000600150e0e10100000
00027e0002df004800050f0f10100000
0002860002ac000a0029000010100000
00025a00029d002c0030010110100000
0002380002c000360034020210100000
00026d0002e600490042030310100000
00026d00030b0005004a040410100000
000280000367003e005e050510100000
000257000376001b001c060610100000
0002a100034d00590030070710100000
0002f000033600640000080810100000
0002f5000333001a0054090910100000
0002d70002fc003200220a0a10100000
0002a90002fc001900250b0b10100000
0002b10002f9000800460c0c10100000
0002d50002cf004a00110d0d10100000
0002f20002c50023000b0e0e10100000
0002ba00031b0010005b0f0f10100000
00030500031e0055002c000010100000
00030800032f002f0041010110100000
0002e700031d00150022020210100000
0002f000030a0052002f030310100000
0003060002de001b001e040410100000
0003120002d3004a0053050510100000
0003050002c9000e0012060610100000
0002ba0002a8000e000f070710100000
0002920002cf003c0027080810100000
00029d0002ad00250032090910100000
0002cc0002c4006100390a0a10100000
0002cd0002a4001a00050b0b10100000
000302000287003d00290c0c10100000
0002f90002b20041003c0d0d10100000
0002e90002b20013000b0e0e10100000
00031500027c003c00250f0f10100000
00030b0002a6004b0056000010100000
001b7d00e8851b7de885010101010000
010f7001bdc3f3f3d53e020202020000
01168a021d67071a5fa4030303030000
012c6e02f14915e4d3e2040404040000
01b7200385948ab2944b050505050000
02984a039119e12a0b85060606060000
029fea043d4507a0ac2c070707070000
02c78804f2be279eb579080808080000
03a11105bf6ad989ccac090909090000
048e220694e1ed11d5770a0a0a0a0000
04cd9506d6163f7341350b0b0b0b0000
0590ed0774b0c3589e9a0c0c0c0c0000
05bba90792412abc1d910d0d0d0d0000
0607f707b8794c4e26380e0e0e0e0000
06a24907dd089a52248f0f0f0f0f0000
06c60608442223bd671a000010100000
076b1c0779a0c0931e03010110100000
06d95d06a718623402b6020210100000
0731f5070fce5fb2c85a030310100000
0801f006cf91e5df93a5040410100000
079714064def1fd612a9050510100000
06fff80657a54a0e153b060610100000
0728b006107d30586504070710100000
075082065a444f70ff40080810100000
06d0350592e9593c0551090910100000
05f05304caa00d2f0d2e0a0a10100000
06ad8604cee7fca6457c0b0b10100000
060551046c641b233c170c0c10100000
060a5704a6a32fc257d00d0d10100000
05eaca04aae42cc12a790e0e10100000
0556b50568f1063de29c0f0f10100000
05dac405908ea7cc8eb7000010100000
05cd24062dc0b2f3bb35010110100000
05a97a065c603e8a3156020210100000
0644c405bbf8fafc27f2030310100000
059aa20597213bbd6ece040410100000
05a1b005915526e40cdd050510100000
0592170581d93a7505bf060610100000
0568ac05bcef06eda01a070710100000
05b21204f29698d634e7080810100000
05f3e90563999b137654090910100000
0623e70637603d2de0f50a0a10100000
05d2bc06c740ab7bd55c0b0b10100000
067f3006f5a9c7976a800c0c10100000
070afd06b494bb8f16bb0d0d10100000
0754f20783e976b6f9ce0e0e10100000
079157074a7d42a2a9300f0f10100000
07898806f0749ffd34ae000010100000
073b4c0728f064b7f3b1010110100000
072298078d3a25d695a0020210100000
06ba9608580592faf2bd030310100000
06bccb088b613df2a22a040410100000
07733008c9c2dd494b3e050510100000
073d9108edbf04d629bc060610100000
07c48908b8a08de56afb070710100000
076262091c9736af98de080810100000
06db4d096b3013fec4ed090910100000
06af4209103d112286020a0a10100000
06a6bf092deea2f8f30d0b0b10100000
05f2a009ae951378eb270c0c10100000
05f10d0a1b72b9fc83980d0d10100000
0584470a0c8109f0eadd0e0e10100000
05824b0a36c140a6d3700f0f10100000
05994d0a0bf6b6ff09e3000010100000
05ca7c0958de95e64099010110100000
06254709378480a17446020210100000
0603a909378f715cf2c8030310100000
064dd50948c7881eb362040410100000
05a30c09d4273280d69e050510100000
05b2210a7f1813ebd4ad060610100000
05cfab0aa5a9ab6f918c070710100000
0647d80aa9dbaedc9d10080810100000
06ec3c09e6a3b86201b5090910100000
06e82a0a47900d10e6ef0a0a10100000
071ebe098931d98c34ae0b0b10100000
07ce78089edfc33200d50c0c10100000
076d740868b858f84d710d0d10100000
0858b107e3d8f52d65fd0e0e10100000
08332c07afe31b219f7b0f0f10100000
07e199082c84656c8684000010100000
07d8ed083ea28d3a52b7010110100000
07f62008273d9dd45ce1020210100000
08236807a9ea9ea47575030310100000
086389079b2cc83fa4a4040410100000
084e350779211d2cb493050510100000
090b11075f54d0c7bae0060610100000
08bf5d076f065fbba13e070710100000
083d9807af4d2d17dd57080810100000
07ac810804e6274b574e090910100000
07a1d00795f9025f78020a0a10100000
070269084e7a3a25ed2f0b0b10100000
068f8108bfa0504a71fb0c0c10100000
06ddeb087d58a7620b290d0d10100000
065eea0873b2762c5c570e0e10100000
070e1807eedeca4f1aa70f0f10100000
074aee0805cda2429d73000010100000
078787084f3bc9d39c25010110100000
079e2d08e731b47af4d7020210100000
07d6390944a5d6b0d2e9030310100000
07f066098d6ce26ced6b040410100000
083c8108efba694716e1050510100000
077ba708d7970feda2bd060610100000
07d555086e07b96937ae070710100000
08998b080a4df14d799d080810100000
0910e90805689ea95269090910100000
094f0b080b7340817e0d0a0a10100000
097f290743f06a4325ac0b0b10100000
09556b07af15268cdd200c0c10100000
08f2710867c04468c3d40d0d10100000
08bc3c08e7703ff7dc070e0e10100000
08bbb2096719c9c59a500f0f10100000
08333f09b75619cfedb0000010100000
07d6d109c9fb6d65aeca010110100000
0786ee09108b64973b67020210100000
071e9008bd5a6e527fb8030310100000
064b25088cd40f01bce5040410100000
063baa08a96759cc3374050510100000
06a00508c3167448bc6c060610100000
069937090d4db29b81e5070710100000
06643a096c46bc50d896080810100000
062e8a09b08368f996a6090910100000
06767809b5d6886f83600a0a10100000
0633060a347226d1a4480b0b10100000
06b0ae09b09ea434594c0c0c10100000
06c79209377a5b4c4ab00d0d10100000
06e9af0867fb62140c880e0e10100000
06944f0809be74653c130f0f10100000
07121307492e97932d20000010100000
06b69106aea311e3143f010110100000
071e9d076786cca3f44a020210100000
06f38f076eee43448720030310100000
070e5807aa8829caf87f040410100000
07196108451664d5ce02050510100000
074e47084080a92eb7d6060610100000
075c0a081028c05e518d070710100000
0754f407f2c3b53abb31080810100000
07e7860818c5fb8bbca8090910100000
08222207c5c1c30b305c0a0a10100000
08e7f4078303eca3618a0b0b10100000
08bf4b07a8317b8b7e7a0c0c10100000
087d2f07dccf19307f4e0d0d10100000
09059c080a00ea8139b90e0e10100000
091cff0812158bc844280f0f10100000
088c0a08af79069eca84000010100000
0907130957e58cecbcab010110100000
09195108dcd0dee17935020210100000
08de5d0907330850b183030310100000
08bee10838b30a4e29ff040410100000
095154084b1ef748e06d050510100000
09348f07fc408c6968f8060610100000
09078708271f93567c6c070710100000
09210707dfefceba7401080810100000
086c8207fbd74706d890090910100000
07e5b70868503c409cd50a0a10100000
0718e8086fb01fd468ea0b0b10100000
06a75008870c09f395d60c0c10100000
07346508c686a645bec80d0d10100000
069a6808efc3508462f60e0e10100000
06a24c08b86b93ac0cd00f0f10100000
074ca108d9aab0f3ebc3000010100000
075fc7087111a0125412010110100000
077f2108ce37fe3bd65b020210100000
07902a089e2719598173030310100000
08412308f6f8bb4782d0040410100000
08353e08e147eb63cabc050510100000
0864d7090161bc028912060610100000
0811d509456a4054c075070710100000
07569f08e92f138417c6080810100000
07e304085c6dd36b4bce090910100000
07bb3407e152147021ba0a0a10100000
07ce3e0858c532dee05d0b0b10100000
0891d1086905cd86a6160c0c10100000
08e3aa085a97f81eb05a0d0d10100000
093cc308ef03a99df7620e0e10100000
08d4bf09a4b02ba8c27d0f0f10100000
08914b0947666d7f8e79000010100000
08124e094ae521155791010110100000
080902094f97f4efdb0d020210100000
08708509742f80dca60b030310100000
08b50209a40dffc4b2ae040410100000
0831ef094c32685072e1050510100000
07c2e609031d4cf93ffd060610100000
07fc1108565f797f13b7070710100000
082b0c08f609427fb770080810100000
07ef750945d097d49b95090910100000
082c530a19f9514ef5e30a0a10100000
08da5009a46be0db6acf0b0b10100000
08735a09798766907b320c0c10100000
08378209192fbc4650020d0d10100000
088573089d3bf78e7b6e0e0e10100000
089726087ffa3d5ba53c0f0f10100000
08a2ad0896227906a4a1000010100000
090130085bd67f981d45010110100000
08e81907b039dbd82f70020210100000
0905d3077eb69e967488030310100000
08e7be079d6be1afd163040410100000
097c9f079409fd31697f050510100000
0935960831bc05f0ddb0060610100000
09930d087858d6f65a53070710100000
09536b08894902ddc861080810100000
097497086358b90075a4090910100000
0963bf081f014076b18c0a0a10100000
09594808790ed664c4dc0b0b10100000
09ac0f08b2b5b957b4d90c0c10100000
09e725090e6af75cabb70d0d10100000
097f60095b568fc9c85a0e0e10100000
096ee0095dba2cdba7a00f0f10100000
0965960911086fbc57ef000010100000
08e64609ba230048c660010110100000
0821f70a6c091789e156020210100000
087fb50ab86ffc54c0ee030310100000
07c4bf0a9bfb26b9b4ef040410100000
06e1f10a94ff1a636283050510100000
07cfcf0a2839f3ce70ea060610100000
0731bf0a534438e6855e070710100000
075ca90a7ecf2dc7f3ec080810100000
06d5610a187631b80f4b090910100000
0725d109bff490e6590a0a0a10100000
07095c099137b9ef961f0b0b10100000
07125409d4f3c24ff8950c0c10100000
06e15209945dc65a6b210d0d10100000
068c5e0987d83ad5bbd50e0e10100000
06b7e209c573585fe53b0f0f10100000
06edec098a5fa5c61cdb000010100000
0735020925d1475e61d2010110100000
078155088e6863dc49ed020210100000
0772fc080f8bedfb4211030310100000
07e2f307d4d696b07a3a040410100000
08808607b4b9b7f64266050510100000
079205075b46054d1777060610100000
07af3a07219f561b4bb7070710100000
07a080063f721f0d11bf080810100000
07a98306a42a3abb7403090910100000
07ef5006d9f4d6b38ed40a0a10100000
075bf8064918269705430b0b10100000
06b76305ff511dbaaece0c0c10100000
068a6e05bb10996526e00d0d10100000
06be1405bc216e7bbce60e0e10100000
07107404e311aabf0c2b0f0f10100000
06b24605792e4798b2f8000010100000
0699a205c62e2ebaaed2010110100000
070f58062a8fd992ae4e020210100000
06e7e206873dc6859ebf030310100000
06f75406f11ca622e419040410100000
06f31706b787b3b908d1050510100000
070a1b077f381c51df28060610100000
07490507f7d69505c455070710100000
07a5c80897c27bd0b1ab080810100000
07fc05087dfc90f85a3d090910100000
07a14808e9ec7bf6fac40a0a10100000
077e9709003c03e61b930b0b10100000
07f96b089d4a988e4bdc0c0c10100000
07895108ee45294b77db0d0d10100000
076c340857ea515e268b0e0e10100000
07190f08a84f579a5c900f0f10100000
06e2fc085616118560bf000010100000
078972082f75d5308831010110100000
0780c807a8e8d0e827c1020210100000
073f990740e5855636bc030310100000
07227e0759548907fc88040410100000
06d6730760ff67ae107c050510100000
07021707223447f5a05d060610100000
06d20906eef964f7911a070710100000
069a5906e48e4420a740080810100000
066b8607259162259b40090910100000
06740a06d540847aaa730a0a10100000
06a6b2077187368eb7da0b0b10100000
06917d07d2028359ac570c0c10100000
06b3c907e1f04b9787c90d0d10100000
075d10088500faa5c99b0e0e10100000
073aa608c166353098f60f0f10100000
07a71f09328d7dfed1e6000010100000
07450c094344731d98e8010110100000
06c5320948b3510e2d30020210100000
06847509a6fe44999507030310100000
067e0e08cb6f82a020f9040410100000
06bdd708ce3ba7771348050510100000
0733b10911b7bdcfe3d9060610100000
07276808d6ab58ae560e070710100000
070c2f08bcad28e78d42080810100000
06eabd08d8bc40b3b74f090910100000
06af2b08cc6d48e89e240a0a10100000
07678e083de6eef129530b0b10100000
07672a0792fb82f5016c0c0c10100000
07f947075926ddb44df40d0d10100000
074e2906bc4c4f872cc10e0e10100000
072c2706c122132e9dcc0f0f10100000
078fbf064fd1e1966095000010100000
07fac905c1adde270ac4010110100000
08720105ac24c84617a7020210100000
09116f053f8ee4072871030310100000
090e55057ff27f86615d040410100000
08b84505cdf55167614b050510100000
08c0af057ec1c63994a5060610100000
08757605626c0d7539b9070710100000
08979804dd4c4b090822080810100000
0894b104c8df3dcca2e2090910100000
092894052953dccbfe980a0a10100000
08eee005ec99b53dec990b0b10100000
09396c05f675cd810b480c0c10100000
08cecd05babb7315123a0d0d10100000
08ea800643886b3ab58e0e0e10100000
08da7205b7fa0320123e0f0f10100000
08f8d7058b92fffb342d000010100000
090b9f06472ef0efc660010110100000
087776065005341d207e020210100000
07bf4a069e0f2bdb767b030310100000
083e4f06ed27fe8bb075040410100000
0892b006f2b1a5c866d5050510100000
082a9d07410a5e26e2fe060610100000
08294e0783530c267c02070710100000
08521808388073d3bd4f080810100000
08821d07e87e6dd152e0090910100000
07dd620783343810994e0a0a10100000
07565c0761c12e37cb260b0b10100000
0770490774c6e76e1e4d0c0c10100000
0767f007ddbf6abc7b330d0d10100000
073ac608059f3e10dd6e0e0e10100000
081e78086ed8e6d27b770f0f10100000
07fceb08daa3de6e9ff8000010100000
08005808cc98f45cb855010110100000
088bd8099e32bf9df218020210100000
09451e096bfde5214446030310100000
090fda08d704c9471b7c040410100000
090403089c2399f12bf4050510100000
0991f108689cec14af77060610100000
0a44cc08a6b2bf01ba18070710100000
0aaddd08dc16dce4f2b3080810100000
0ad0b908ae3c90ad2506090910100000
0b721f08fe5bd976e96d0a0a10100000
0c136608d72fcf7ea3fa0b0b10100000
0bdb8409abfeaf8cf31c0c0c10100000
0bd7a709b4a166df83d60d0d10100000
0bb4240967701a8d903d0e0e10100000
0b074a09068d39f81a940f0f10100000
0adb1208af07b2364872000010100000
0aa2010812fdbb4b1c4b010110100000
0ac6dd072351e479026c020210100000
0aae4e06f90dcc921a02030310100000
0a386d07152e5366379d040410100000
0a0e5b073b586fdf521e050510100000
092b0006ac3708b92056060610100000
08e2ec061aec76ed28cd070710100000
08ad860587eda77e5fb4080810100000
0886e7056b806a0e0899090910100000
08681304ee7abaa26c670a0a10100000
07af4c05070a16b7bc8a0b0b10100000
07152f050050156fec620c0c10100000
06ce6704d99920175d1f0d0d10100000
07797804eb2ec59ea1d20e0e10100000
083c5f04d4a0fcdf04060f0f10100000
07ff20055e5b74f7d22d000010100000
0748d505e6cf0500a4bf010110100000
06ba820693685626af05020210100000
06355306a0e24763277c030310100000
068f55070666ad689d21040410100000
0700f3076e81e17dba39050510100000
07bfaf07c4a3c7757678060610100000
07c4b607f9217bf45d4b070710100000
0730090851ca12d1b85d080810100000
06d7ed08d88611f28f55090910100000
062486093c59073bd03a0a0a10100000
06ac910909e49ec28a150b0b10100000
075c39089a58c5177cd60c0c10100000
0748e6091da30cc4e06a0d0d10100000
06e73f08a62263f72a510e0e10100000
06cd73090254e31360380f0f10100000
06f67a08bfdf9dfe8fb8000010100000
07cabd086ec1d94353a1010110100000
077ee1086d600a4aada4020210100000
07ce8b089767970d5183030310100000
07feed08eb6addcaf124040410100000
0789010892016b9160d0050510100000
0791330910a4cfa7f51b060610100000
07fe6009854de921d1f4070710100000
089335097499a7a6a7a9080810100000
0912920975ce914f908a090910100000
0919950934660e3e8ed20a0a10100000
0884a108b8d609ce0e850b0b10100000
085a6d086a689ae32e680c0c10100000
091b2208379ccd79ad9e0d0d10100000
0923660878546c3b6b090e0e10100000
08563609065e15e3ee420f0f10100000
07b8c4095b77008ce4d1000010100000
079efa09fec5bf79f6ef010110100000
082a1509c94e9565782d020210100000
0839200a52b4a618dae9030310100000
07a7010968334bab06a3040410100000
082cce0953fdf15e4c9a050510100000
07beee089b4861c73c66060610100000
0751900889257bc3bfd1070710100000
0718c507fa2d6edb18b1080810100000
074c04082ca1c48ec2fe090910100000
07f32707b42ab561165b0a0a10100000
089693083c7bad3a96d60b0b10100000
08a29c08a4e2a6ec96cf0c0c10100000
08a3de08964ccebb9f080d0d10100000
08895608dcbf51b3b17c0e0e10100000
08d11f0868ba5dac7a3d0f0f10100000
090c9a078fbd3c070bd4000010100000
08ef59070df9a238752b010110100000
08fcba076dd7a2c6d80b020210100000
088caf07745b360de16d030310100000
08f64207e8f1b53e7b39040410100000
0857d9080f3a52f572e3050510100000
08e806086abdf1f497e9060610100000
0921b9083731b5768c45070710100000
09816308f9b1ce85db31080810100000
09b55208b651f87d7f9e090910100000
0995c70951b195d6b1bb0a0a10100000
08eb8e09a8810301eda60b0b10100000
088d200975f6487e64440c0c10100000
08a58509679fe72090b10d0d10100000
0947e908befbf41708d80e0e10100000
099d9a0907f8b35dc33a0f0f10100000
0a51a8099e23f015a1ff000010100000
09df150945df2fa51ce7010110100000
09cec80889f592791c21020210100000
0a6ab307eda7d1f8451f030310100000
0a742a07e88bbeb5761d040410100000
0a68b00860ab477beb03050510100000
099b090822bf244d59fd060610100000
09af8f07fdabc9fc6731070710100000
093e8807bdf55d7e9b7b080810100000
086c6f07570e266418b7090910100000
08753a07656a9ea1c0170a0a10100000
092ef2072587bcb9adc30b0b10100000
08fb0c06f2d8149831950c0c10100000
085516072da8412acb810d0d10100000
07abb1078a9f4ab265cf0e0e10100000
071b3f06f24322eb2ade0f0f10100000
065a0e069a7d2ee44a39000010100000
06d35306da40a8ea5caa010110100000
06789206c51337b806f4020210100000
0617e5073516714bb522030310100000
05bdc407bb3a6494fc41040410100000
0672b00719eefc6749b7050510100000
06744b0788a525e8c8b4060610100000
06350207e7798ab3c605070710100000
05de4107ad5e06bd6160080810100000
0650e20815169905806f090910100000
065aff076e3da8be193e0a0a10100000
06090b0754e86ac5946e0b0b10100000
06c47707d090d004ad3d0c0c10100000
06b189072a912e3c25820d0d10100000
06e48d0774857db6afc30e0e10100000
0763d00755e4a22e0c3d0f0f10100000
07d0e40729059bf81d5a000010100000
07865d07a4255e63d7ca010110100000
081048081d34c1a38003020210100000
082bdf08615c8ce2f94a030310100000
08a2de083d13db93d7f8040410100000
08a3780872d3fd017f77050510100000
088e1b0887eb108bddcc060610100000
08129a084af20f32890c070710100000
085d3f08374551624db3080810100000
086a280874e4a5eebe0e090910100000
084b1208db9489a87fee0a0a10100000
07ed1f08f1db0cd2aab50b0b10100000
0758610905fa3b46c15c0c0c10100000
0748a0093e6a1e7b5df20d0d10100000
06df6409571b147ac8740e0e10100000
068cfd0a45c14fc7fae30f0f10100000
069b650b06afaa60de48000010100000
06910f0a6ac3540d3bde010110100000
06647e0adaad9512efed020210100000
0652260a2d5a7a8a4bf7030310100000
05e67009ae0d6fdd58ab040410100000
056e4d09cc2184de9d8b050510100000
05779a09969c19d8a847060610100000
05ae320949ed45ca3c5d070710100000
058d0d0926bc303d2a82080810100000
0514a209453e2d83dc90090910100000
054ba5091a14c0ab54c40a0a10100000
057b19089df03c462e910b0b10100000
0585ef084e86461c71f20c0c10100000
05c24d0884dc5ad994480d0d10100000
06754707d72bc7741ac30e0e10100000
06edb8070d5dc83831150f0f10100000
06cde90696798a916764000010100000
071f60070d66a584b2cb010110100000
06a2d5070f4c1887f1d3020210100000
06e18206d390b937103b030310100000
0746ca073495d525b9b0040410100000
072bef0772246a03db1a050510100000
071c3307a12e0a1cd751060610100000
070b030776e9349a1218070710100000
07635107adc2888b615b080810100000
07e299071fa4accb4e72090910100000
07e541076321c35398410a0a10100000
0800ad0735cc57b2013c0b0b10100000
07e27607775a27e5b3800c0c10100000
08286507c694a0c8e3820d0d10100000
084e7c07c4e3ed8b19120e0e10100000
08842907d5aefde541e00f0f10100000
08e8fd0798cdef652a83000010100000
086db906f50d2a400f0b010110100000
08df0906e42e89d7e0f4020210100000
0868ad06f96642db2573030310100000
08051c07396c7194f9b6040410100000
07e05d075cd54544fe83050510100000
0825ec0781624fabfbde060610100000
08379907c6fd464757b3070710100000
08007c0838f7516ed355080810100000
07778d0890cb23dca646090910100000
0773e5086c4ebfab73c40a0a10100000
07ca6508fd5cae32924a0b0b10100000
07a41a091083019ac6a70c0c10100000
07ad7809227eaa26f57d0d0d10100000
078868091bd8c87b126c0e0e10100000
075862097e72cddfa47a0f0f10100000
06c7ee0a30b75ef1dcc8000010100000
00574f00d78d574fd78d010101010000
008b65014fc234167835020202020000
00d34a02178d47e5c7cb030303030000
01a967029da1d61d8614040404040000
024cb202a2f4a34b0553050505050000
0269ee02d3f11d3c30fd060606060000
02f75d032bb98d6f57c8070707070000
038cd203407a957514c1080808080000
0440df035eaab40d1e30090909090000
0502ec042c0cc20dcd620a0a0a0a0000
0569dc04434466f017380b0b0b0b0000
05ac64051de04288da9c0c0c0c0c0000
05cc600550671ffc32870d0d0d0d0000
05ce82058a2d022239c60e0e0e0e0000
068cb205faa0be3070730f0f0f0f0000
072f2a061a6da2781fcd000010100000
075a17062130823cde50010110100000
07bbea06881195e9df16020210100000
0871bf05e0a6fdba2060030310100000
081fbb06492a8419ee98040410100000
07e2c8069b466658576f050510100000
07cdc206d16908366720060610100000
074ffe06987d0fab1edc070710100000
07124907550857c0d14c080810100000
073a1907df7fdbdda8a7090910100000
0706f707a9188eeb96fb0a0a10100000
0716ac08519b76a5bfbb0b0b10100000
072a1407d01755f059180c0c10100000
070c5e08807b0246e2eb0d0d10100000
0791ed08fb0887b1b4530e0e10100000
07c6f90985eff33cfb5a0f0f10100000
07b97509f3c094f48d9e000010100000
074ec609625d178d4ced010110100000
0734090960047b2cdcbd020210100000
067e7f0a24024830e45e030310100000
06508a09dfc45624aa5a040410100000
061e600a36bf342eae6a050510100000
061f300a4356090673b7060610100000
07090b0ab02df9868bb3070710100000
06bf190a89db0dceaafa080810100000
06bf5a0ae03ddc1eff09090910100000
065e5f0aa5af2df05c6d0a0a10100000
05fc510a61dc14977be80b0b10100000
0674ee0a8162ce8d789e0c0c10100000
070fe10a340b9d3995940d0d10100000
07531b09d00ccaeb50540e0e10100000
06dc9d0953017cbe7e4f0f0f10100000
0689cb098c3d4222c6da000010100000
06a90609ceeb36c88f9b010110100000
06dd5e09c725af84d4f7020210100000
070fa709d1ce7a79ef07030310100000
06e1af09fa43282cd2cf040410100000
07a6c209d7d9f9418c00050510100000
07d2520a3a4d3496d62b060610100000
072b870a359c52bb8702070710100000
079ee50a0b60812c80be080810100000
07557009d6c992a9ca72090910100000
07d0d209b72fa9523cd30a0a10100000
08a70009e053eac5a50c0b0b10100000
08654f0a335c8cdccba70c0c10100000
08c3d80a5ff7fbc2c22f0d0d10100000
080af60ae91d1209d97a0e0e10100000
0815850afddd874d930f0f0f10100000
07ebe10ab01a187e7917000010100000
08b44f0ae2f5ff36c276010110100000
08cd1b0ae669c850d86b020210100000
08958c0ae5c442eaee62030310100000
0904f90ad7989799c4a3040410100000
0837430b234b2b8bd7b3050510100000
08668d0a74cd63e027ad060610100000
08c4e40ac7afb112d9e4070710100000
08682c0a7bf224743501080810100000
080c7e0a412a36fb8faa090910100000
07a6cb0a4c0b439f47b40a0a10100000
0734cc0a37a978c690aa0b0b10100000
06f9d30980ff51e314fd0c0c10100000
06b65a08cc17b8490d470d0d10100000
06b0c90859cf0c7867320e0e10100000
07279507d38afe190cca0f0f10100000
07881008482a78f9edb7000010100000
06d4a1087f754bc7f9c1010110100000
06acb007e16ca05f3a62020210100000
06e9db070adc801517d2030310100000
0654fc06eb1302baa4da040410100000
063f84063e1c16132abc050510100000
065605065c177a6145a8060610100000
06a3ca0657b0fed7d57d070710100000
06e36d06e2026417bf53080810100000
07923a06d29ae5c88042090910100000
082d740783f3ded9f90d0a0a10100000
07e3f3071f992f452c500b0b10100000
0840820772a9ae72680d0c0c10100000
07b17907f3b129408e4f0d0d10100000
089a8707d556f58648d70e0e10100000
088548083d9ee8da75120f0f10100000
08fd0c081d44f0bdcd5d000010100000
095b8a07e67baa45c2f8010110100000
096cbf082708b1947aef020210100000
09182a08809e2b807168030310100000
09bdf108bc19a881e055040410100000
0a9bb308efe7f3d55e8a050510100000
0a4eee093d682d9c9329060610100000
09d0be08e18b80a779a0070710100000
0a1833088041ab8c5e09080810100000
09523b0836b61fd036b7090910100000
089dcb07fd182a69bf6f0a0a10100000
09585f080378e9d932b00b0b10100000
09644908302cba5c94c10c0c10100000
0a204c082a2ee54388510d0d10100000
0972cc07e1b54806005e0e0e10100000
08af4f0800ce255d942b0f0f10100000
08417c081a9c82eae72b000010100000
07f8e2084f6561abf7c1010110100000
07ec9e0833b2a5505f3c020210100000
08793c07c63ab81e03f0030310100000
08384a076bb3678f85ce040410100000
079a1a0721c255a51499050510100000
07bb1c06ad674e9e1ece060610100000
07ff3d06d317c4c89f50070710100000
07c2040691c66e531cb8080810100000
08785d06e2f3d62987e4090910100000
08f58c066a3aa79846b60a0a10100000
08b73806ff1fab85c7950b0b10100000
08a553069ac6a87730680c0c10100000
08ae490644b1ee39323c0d0d10100000
086b4306cdad0500895a0e0e10100000
092a0706f2bae421b9380f0f10100000
09a61806edb8fefbe229000010100000
09a8c00658216453622a010110100000
0940490640833cd9479e020210100000
089f490722d0171ee63d030310100000
08a7df0769af7025ccad040410100000
08f28407f0d1a04a9bbb050510100000
09290f08b6968529e493060610100000
095aa5091171f65efa2b070710100000
09785b09c8568c09d39d080810100000
09628e09faeac05cba78090910100000
0944cf09f1a989d93d750a0a10100000
098dca09f8abf480ce970b0b10100000
0916d10a0b25317e42e20c0c10100000
08a11f0a12ed78873a040d0d10100000
08a81509f0f90bf667660e0e10100000
085dfa0945999a060dd80f0f10100000
0824ab0905c4c5aca254000010100000
0856530993e995fbf04f010110100000
09006f0a00e8e6f5b49d020210100000
099c7d09389cb32c1df1030310100000
097f38087e2852e01239040410100000
09271e085af74830788a050510100000
08ad660837fa0b71c196060610100000
08ad380808fff630cb30070710100000
089fc707a4de7e986f7c080810100000
08140407b68a3499cc24090910100000
079f38078728150d0e130a0a10100000
06e75f06ba433ca701b20b0b10100000
0762ae06cd50accd55ef0c0c10100000
07dd0606aac1f2df17750d0d10100000
07eb260692971a164f3c0e0e10100000
07e54b078464942bffa50f0f10100000
07470a06ef80276b0d70000010100000
078595064117d48641e6010110100000
07907f0678def1dfec64020210100000
075f3a06e5c081e78ad3030310100000
079a900730d08e365d49040410100000
07fefe06cea3ac9e165d050510100000
08117906ac061dec9ef9060610100000
07e48c061ef2c9433e1c070710100000
07d6a005fa7470ac4afe080810100000
08a13905cc8fff329e3f090910100000
08f39b05c8d9676f0a5d0a0a10100000
09826406bd85cb70f65e0b0b10100000
0983db072738ae44bfa20c0c10100000
095771072fc7c67520040d0d10100000
09a6d206f4996977140e0e0e10100000
0a042806b4d3f181bfdf0f0f10100000
09ff9d075eae22e0b74b000010100000
094157075bd716403f0f010110100000
0862be06e37b13467408020210100000
087538069c5f946143b7030310100000
088ed4070537a7d2c621040410100000
0859da07e83d77a4f963050510100000
08b68a07595d7a9c1019060610100000
0890ca073071a3831530070710100000
08beca06f1939eac0c20080810100000
081e06066c835e6e192f090910100000
08248107426d6deae0470a0a10100000
07f25306daf899428ee90b0b10100000
07f599062d41b18a11eb0c0c10100000
07a1c7068fd372a382960d0d10100000
08284306b1b0eff335eb0e0e10100000
075dff05f214273d00430f0f10100000
074d2c0632af120df7e6000010100000
08017806bd2dca8cc98d010110100000
08df3206c47cf1007b57020210100000
08e997068e069ec60d41030310100000
08f5c205ffb6b3fd37d1040410100000
08e4b405148666960e33050510100000
090035057d79961d790c060610100000
08d6a706127a79f5aa31070710100000
08fccf063257c4d42bfd080810100000
08beb906b9b32058a08b090910100000
08bb300674ef6a619b830a0a10100000
0832bf05fae410d114de0b0b10100000
0791120687070fdd9e0e0c0c10100000
0807e306b31ae974aea90d0d10100000
0802d10695ebeae118bc0e0e10100000
07f00f07794d147be3a50f0f10100000
08484206d66f6a405508000010100000
085385061128d5cf0446010110100000
07ebfe067e478979e876020210100000
07dbd10723658e99b25f030310100000
075f2c07c8683758dcd4040410100000
07d9bd07eee0e12734ab050510100000
074a4d08201406adaa40060610100000
079e7107e2e0ce196cfd070710100000
0776590816419cbc5f5e080810100000
07770f0796eb210e2135090910100000
07ef0c07d5aae25eda420a0a10100000
08b6bb087544d880b4780b0b10100000
08e70708514a40297a140c0c10100000
081f3f07c5be21ac231d0d0d10100000
081ae9087363e68bc6610e0e10100000
080ead07df0b083f4f4d0f0f10100000
082828087b3283bbf12f000010100000
08173f08f781c4e68095010110100000
08613a09077fd374f874020210100000
07e88c08925e15eb3d3e030310100000
08877207dec7d63e293d040410100000
0879a8081b38d35d711c050510100000
0971e10833eafee6c2f2060610100000
090faa0805ca6be23edd070710100000
08b4a208111141b46aa5080810100000
0896d2081de6033e2e0a090910100000
07e5970818033123d45f0a0a10100000
080b610839b0fe4ad6250b0b10100000
08bbf5085a6af0bd9ace0c0c10100000
08ae3f083da813f6065b0d0d10100000
08b130079927e97c21e00e0e10100000
099149081c99e858d2bf0f0f10100000
09a199073f1f940b13b5000010100000
0959870714cc7cd45642010110100000
0979ab0663a0f3984748020210100000
0a197406ecfbb5b4c699030310100000
0a2a5e07a75fe728e3a1040410100000
0a3bcd083138e4ccfaf5050510100000
095d8f0802c920a89483060610100000
09d1840831a7dfd76dbb070710100000
0a5e070806a3ce373fa1080810100000
0af14c0888449683afab090910100000
0b5ea3086bd69e7ab7f10a0a10100000
0b155c085c87b503c6d60b0b10100000
0a8c3507e864679626ab0c0c10100000
0a9dfd087a7725be986e0d0d10100000
0a8ece09519fda4df9080e0e10100000
0a698208ae2bc30c2f4b0f0f10100000
0a0d8008ede33809536d000010100000
0990b708fea1000b6700010110100000
095f16094906c1f791ad020210100000
0992350963f9e8d3e18c030310100000
08be340938081327b7b0040410100000
08d41508c292faad857f050510100000
090a9208c54e5725973f060610100000
0842a30858f117e8015e070710100000
07a7b8085e9d334c454d080810100000
07b3b80864e5a283b5f3090910100000
07f0fd085b3ddbbfae490a0a10100000
07939f07947757a500100b0b10100000
075176085367256de59b0c0c10100000
079eea0852f0733297f70d0d10100000
0755f407ef5b915795730e0e10100000
07393d08996da655d95d0f0f10100000
0798b3087bbd977f35bd000010100000
087ba4091400e2fcff43010110100000
088f15097a24d568f7d1020210100000
08138008f05c6d3e57c4030310100000
082f1908d6862ec09dda040410100000
07c46208f7398ff6a632050510100000
07a4bf087f6837821f6e060610100000
079711093f5b0a3ac151070710100000
07d75109175a738c1d4c080810100000
08329a093eb7fdccdd50090910100000
07ff150942f5a83ab2870a0a10100000
07fd56094e3f55e60b5a0b0b10100000
08b01208f858d8298fb40c0c10100000
08af66087bc272861b610d0d10100000
08e387088918c578a2c90e0e10100000
088f4b081f8452196fc90f0f10100000
0810180830a4184c46dd000010100000
07d325080692a609d531010110100000
0706ef07c3bf0932b4fe020210100000
0723e708468d8a36da92030310100000
0734e707bab93fc01206040410100000
06a9f20807290501f2a2050510100000
06946d08bfc921fdd80e060610100000
06962508fcce0bf2fe56070710100000
06c08709382a9dee58a8080810100000
06b31109351ef056da44090910100000
0614f1089e190a1a1b820a0a10100000
05c3f90978eb04eee62c0b0b10100000
05af0c097c8cc33c93550c0c10100000
05557c09717d18f610520d0d10100000
04bbf509bd3a2bf1ee860e0e10100000
04772309a8330d475ac20f0f10100000
05491e09c319ea4761c3000010100000
0554d708f457b1c2066f010110100000
063cc508525af1201301020210100000
0632620781bf7fd309f7030310100000
06e61d07a13df37b3184040410100000
06e7ed07702c06d1c191050510100000
078aad06ac19c4bd13fb060610100000
07f89606966579dbe8a2070710100000
08210906cc8fc6618ed2080810100000
07c22606003991730dee090910100000
085db1060026a5a51b6f0a0a10100000
0930fa059f04d837850a0b0b10100000
091df40593d2b03688230c0c10100000
09e49905dfe7df9b5c670d0d10100000
0a0cb505c576540dd4150e0e10100000
0af9af05b3b1fa4148fd0f0f10100000
0a5aa90630d34b41dee5000010100000
09add806a14704f176e3010110100000
09414f07510c8497c2c6020210100000
08c32607fd3f01aab62a030310100000
07ffbc07f65e30112aa3040410100000
084fe507439456fa0ec7050510100000
0872b2073256e78a02bd060610100000
086b9a0697fb72c34e47070710100000
088547070210e00ef8e7080810100000
08243207795e305e853c090910100000
079f8e079007210132180a0a10100000
07a11407e40bd9bdd90e0b0b10100000
07e92607e5cef84889e60c0c10100000
079ded0808d094627f690d0d10100000
0834a10832e6eac1fe2b0e0e10100000
0779b50824263f553a3d0f0f10100000
073c2107e61a0dada0d9000010100000
0751c007df6b1a907034010110100000
07a83807ecb2db0fd00d020210100000
0803d508347b5d47fdf3030310100000
084aad0811ba76e907e2040410100000
089006081ccc9c5319d9050510100000
08773208a1a9ceb6879a060610100000
08973f09404092d0ecde070710100000
08208a08ba36695972dd080810100000
07f166085bae013a26b4090910100000
08759608da8aa531b0f40a0a10100000
0894f508def5f91cdd790b0b10100000
088562094062e8b5eb530c0c10100000
08837609b31f9276f2260d0d10100000
081a23098081816ecb8d0e0e10100000
08628709be5e87b9781a0f0f10100000
087681093e3f21a720ba000010100000
0905b6098971a9c5bb66010110100000
09278609a2a6fcdfe942020210100000
08ef20092fc424e18b11030310100000
094938092e43d1010661040410100000
09567309e8fca98ed492050510100000
08eab309982f62f636cd060610100000
08cd0508c100752215af070710100000
095309090e10ef5dbfed080810100000
0a34c2099d0fe2f3b5b3090910100000
0a003d09ac5070acc0350a0a10100000
0a0667096207ff4693300b0b10100000
09e7f808ed80ca4676cc0c0c10100000
09e5d50816d090531b760d0d10100000
09af2607eb1a4abf9fd70e0e10100000
0957aa07a6ce303d33ce0f0f10100000
09c0630819ec8a6093d8000010100000
091872079e3801d43fb2010110100000
08ecc7079ca2d134e7ac020210100000
08f6750775092e8f6378030310100000
08d27a080f27ad06a07f040410100000
08f65707752ecd6b3a99050510100000
08c37207d3ed3011958c060610100000
088f7b08037b412b453d070710100000
07d9fd08138939dfcffb080810100000
072b4e0838403444da6a090910100000
07adab07f0a3f30978980a0a10100000
07691007a119baab43a60b0b10100000
06df9007981940c66dcc0c0c10100000
069a4b07da534b0e5db00d0d10100000
06921307a229428767ad0e0e10100000
072ec7085b99ccf1ed3e0f0f10100000
06de8908142e3a224c6d000010100000
07c4a1086274e7ec8df8010110100000
0728c8080741355b8c79020210100000
074056086b61461dc798030310100000
071c940808e989443e07040410100000
0736b0083376e7876526050510100000
07a04907de6999aa407f060610100000
08160707b06fb6e91743070710100000
07f007077c6b13df9bf7080810100000
08b3e7079fcff824fdce090910100000
08a1e0080b4ae102e4130a0a10100000
07f7420833d3100d6c2f0b0b10100000
0807e8089d30516cd7290c0c10100000
07d28208fd2915a8bda90d0d10100000
07e99c08f40459a15e880e0e10100000
07dbf0081757bf4510910f0f10100000
07fbdd07f1bb5a0f26d1000010100000
075ba807b29147b74ece010110100000
072abf0800920472da7a020210100000
07c49707b9e5dff580eb030310100000
078c92084722513fcb44040410100000
074a3608866ca52ba470050510100000
06da8009052e29f4bf41060610100000
06575509ed8533beff9a070710100000
0695f509e765527f95d7080810100000
0612810909b174b0201a090910100000
059ad308af99695489fb0a0a10100000
05dd4b08e18b52859e210b0b10100000
05a1c508cb6415e6c1020c0c10100000
06880a0887d2fbed7a170d0d10100000
0646f208df031889b5b90e0e10100000
05f3bd09555f6c1086ed0f0f10100000
05e603099e784c556fea000010100000
0611f0098aff73a43b55010110100000
0686b508c5ea79371565020210100000
061f7108fb7078b1b671030310100000
0617de08f90a49acc8de040410100000
06433a092b85d087d6eb050510100000
063fcf094a3c2689ddf8060610100000
06892209034c7d11b8aa070710100000
07314108d2d1fa9e655c080810100000
07789308eb10bc023859090910100000
07764908b9e4670a58cf0a0a10100000
07f518090f74d154f3b10b0b10100000
08478e092cd4685cde620c0c10100000
0777a90932f62c0880390d0d10100000
07f4ef08dc6495cf5f270e0e10100000
07ece9094308640aed910f0f10100000
07d45708f60733c322e9000010100000
07e58609878b84d3ccd9010110100000
07ecff0a403180b0ce0b020210100000
07d1e0099b3d5d92117d030310100000
07a45209af391c1edcda040410100000
072ef209d5685b27fd1a050510100000
070b3c094f1a02d357aa060610100000
0748de08bcc8bab32658070710100000
06a33c08dafb54fc838f080810100000
0601b90956881a7fb3e6090910100000
062b7809186290c91aa90a0a10100000
05fe0308ed78a3dfc8c70b0b10100000
067510083d3bdf692e250c0c10100000
06c09b089e547793e1520d0d10100000
062fc508ee4f04f9af220e0e10100000
067608086e87aa4d6dc90f0f10100000
07365908c562f41479c4000010100000
06b23008c4fe00aacc75010110100000
06a22e08a05370aea960020210100000
06f62a0907edb18e7917030310100000
07d2960838cef88a0dbb040410100000
0807430769418fd42d8d050510100000
0808d207207704620ee0060610100000
0799d307e7f54bb4edd6070710100000
079be007f35457098eee080810100000
07c697078f9745365029090910100000
07548907ebff1ebb77110a0a10100000
0771d3073267c1290f2f0b0b10100000
0764110739edd1a735ab0c0c10100000
074d3d06b12860bf588d0d0d10100000
0839a7064d76f1634b700e0e10100000
08166c0674e0871295330f0f10100000
073fe806ec3f1d90f123000010100000
08013c06e595c1fec5cb010110100000
08002506a6066f9769d1020210100000
07e0e8070d249251e035030310100000
07456507a4df5d07a576040410100000
071ca407b7ea67134098050510100000
07f1c6085f41d984b637060610100000
07d606079d192ff42bae070710100000
0839c20782b5bac5748a080810100000
08804c0792e58bc06059090910100000
08e0c00748ab7f2f2cd70a0a10100000
09132008279af389ee1e0b0b10100000
08a4ca08eb5a6351f96b0c0c10100000
086fa309592d2b98c6600d0d10100000
07f44109862f760178720e0e10100000
07d26c095cb8653d6bbc0f0f10100000
088c6908e3edd78d7858000010100000
07e43e0912da19d3f4b8010110100000
07de3a09039769935a8e020210100000
0772ef084fcf27062c6d030310100000
07b4bf087d219ed7d2c8040410100000
081ac708c867cd1b8bde050510100000
0759e30837a718a02577060610100000
07559b0863122bac5719070710100000
0720d007fc7b85fa0df3080810100000
06a8bb07b25c13ab163a090910100000
066d6f0854d143e3cf4c0a0a10100000
061d9d07a41ca3b73d690b0b10100000
067069079818b61ded670c0c10100000
06d0a8076e1d8bd79c650d0d10100000
072b31071b15d08a256a0e0e10100000
07b9dd06f121f3e941c80f0f10100000
07971706c3e5b4c74b1c000010100000
078ef90680b711b5b18a010110100000
07f3ce07134ace68ed21020210100000
08c701074746fa396069030310100000
091cf9072f09f4cfba8b040410100000
0899330768284955c4fd050510100000
0965ac074310e519005f060610100000
0a082a07715dce2a8566070710100000
0a1a150819dd97e5b673080810100000
0a0b1308679204a963ef090910100000
0a49ff07a5b182cf0d6b0a0a10100000
0a2e9007bf978848574f0b0b10100000
09b6c70733a53e5461750c0c10100000
09ecdc06a313c1ec0bd30d0d10100000
096ba007250b4f4ea7620e0e10100000
08f4030783fd7c4ca0ba0f0f10100000
09374007a827f8046f46000010100000
