000f9a001e300f9a1e30010101010000
00b9680112efa9cef4bf020202020000
0108c001cfeb4f58bcfc030303030000
019bd8025b4493188b59040404040000
01c15802b30c258057c8050505050000
02138702f947522f463b060606060000
02f01903a729dc92ade2070707070000
03606c040bef705364c6080808080000
0396cd04352336612934090909090000
04469004dc8fafc3a76c0a0a0a0a0000
04c35e04deb47cce02250b0b0b0b0000
058c5e053760c90058ac0c0c0c0c0000
0618ef057c838c9145230d0d0d0d0000
070972061880f0839bfd0e0e0e0e0000
070ffe06b099068c98190f0f0f0f0000
07427207afa83274ff0f000010100000
07a50d080b44723579cc010110100000
077d09079cf281ca866d020210100000
073d45077b980f949ba2030310100000
07a29c078149f86f910a040410100000
07a49a074c83277e2302050510100000
08119f0790c8bf348a80060610100000
078ac907acab55bcc9c5070710100000
07c60307ee25ab8da640080810100000
083c5d081b68acbb5677090910100000
07a27e077ad515e406d90a0a10100000
073d830798b417d320040b0b10100000
07135a0768719ed728690c0c10100000
0698d007db1e1207b7d00d0d10100000
0634a007c2528c5383310e0e10100000
06c9b007f7489b9ccd0f0f0f10100000
06c9870763fe324b6bc5000010100000
0704330775b5ace18b83010110100000
07560b071ad0d3a22b88020210100000
07bbfb0740e47584c1b6030310100000
07744c07381cb0c08842040410100000
07d256078c3c85887722050510100000
07f73c0759a8e41a57ec060610100000
089931070d1ff7b17d3c070710100000
088a8c073e3d9ce8d75e080810100000
07e3d0072da605ff45e0090910100000
089aac075aa2ccc033d50a0a10100000
0968450780dbe56c463d0b0b10100000
08f1f5078af2288732800c0c10100000
09c4d307c3c7e4e5f0a50d0d10100000
0a2cf707b6c0f477762a0e0e10100000
09b2eb077b60219091af0f0f10100000
09cea00798cf4e008934000010100000
0a1cf2074c09fb333ebd010110100000
09fb1f0798f3b1cf7872020210100000
0a32810777a0ace6a063030310100000
09f88a07275476c937f6040410100000
0a3165079e76be63ee44050510100000
099f910823425246dcb8060610100000
0945fb07be9a9e1b1894070710100000
08bf0507085715f2211b080810100000
08eded06fdfd34e73b86090910100000
08d5c2070be5b49541bd0a0a10100000
07f8550771f607ffac4e0b0b10100000
07dc2007c7330c5287bd0c0c10100000
07d95f07bf63e224e8d50d0d10100000
0718c1083c3133d9f2f80e0e10100000
07a1ab089bfeaa7af17c0f0f10100000
08458e08c178f1e3aeae000010100000
081e6d0978e5d412f62a010110100000
07adda092f50413c2edd020210100000
07ff1508a49afe2115ad030310100000
07d7670962384f1bf594040410100000
07714a08914058461d4c050510100000
0818cf081d36f9cb68ae060610100000
0848630831a8cdaf2d06070710100000
0861b4086e212f435d94080810100000
08c0560876da9389443f090910100000
08cd71083805c1b002e80a0a10100000
097b8207f1efb61066380b0b10100000
09a7f6082d0d38c6c2db0c0c10100000
09278f078ba261bd476a0d0d10100000
09ab7c0760bdb7c6c8130e0e10100000
09814a076c2f8048fcee0f0f10100000
08c62107075636ba49d5000010100000
08ca4906bb8ad83aaa5e010110100000
08db5506eba352485ef6020210100000
08497c0775226c489f2c030310100000
08f57a07399efb19ba10040410100000
09633e078eedc60a729b050510100000
087d6507beb613f29877060610100000
087b6407ff20cbae6d70070710100000
093e0707d882f1e636f6080810100000
09147107c36769f32f24090910100000
08ad4e08375d5a8d76de0a0a10100000
08672107f37c6fe322570b0b10100000
08376107f3210906c2800c0c10100000
0870c107b2ef9b1d07380d0d10100000
07d9ec072aaa20f13fce0e0e10100000
07c89406f2cd6ef0c5110f0f10100000
07ecaa075f6c5ad0b674000010100000
07b88a07b05ca41afb4e010110100000
08150d078bc9aecb3a63020210100000
08645e076e12bb998175030310100000
0780d406e6eb178f32e9040410100000
07222c071ffd6762abad050510100000
076db40767025f7adf7c060610100000
075a7907012bb8730799070710100000
06d30e077b466a7bb111080810100000
072023076e32b7082210090910100000
0796c0079eadd12aa7590a0a10100000
078d550781d9667805830b0b10100000
08484b073714c3fc77bb0c0c10100000
082a4a07eb297d1cbb4d0d0d10100000
08ff4607def7f5ed339c0e0e10100000
09473407cf27b6deb5410f0f10100000
0990e707cd9ca483b4e9000010100000
0992b60775f0a5e9a3a2010110100000
0960830761b87c98262b020210100000
08bd9507c06d18abe02a030310100000
0983b4082d4addae9fc6040410100000
09779507c6f85b43455b050510100000
09b71b07affb9f00c87f060610100000
09650407e682665c3e20070710100000
09f1b9081355f730dde4080810100000
0a043c07fac4c98b097f090910100000
094e7607ef341b649bc90a0a10100000
09846a088b609c6ca1af0b0b10100000
08c45b085cb803ed49130c0c10100000
08cdfc07eec186bd4d560d0d10100000
08105b082c7f384c715a0e0e10100000
08572708468efdaacf500f0f10100000
0874dd07e0b4c2394f0f000010100000
08598b07d8c68a979bb4010110100000
08c6610865dde96eb342020210100000
096429078e4bb6730898030310100000
09797a07129ef2ff2419040410100000
09b6300721ed97f954aa050510100000
09b05d06a363992d49f5060610100000
0a025006af14b84f49d1070710100000
0987f206307e7cd25f4e080810100000
08feb2069772404b7073090910100000
09c000062b0bdcb22f620a0a10100000
09fe7d05ff98dae9763c0b0b10100000
0a29100610b22e805a2d0c0c10100000
0a6c9d065c4fca4a98f30d0d10100000
0af46805fbb4c01710bf0e0e10100000
0a2ded05f49e372fc83a0f0f10100000
0a345a05ebcdc8a6463e000010100000
0a2c5d057c0b829a2bf2010110100000
099ca0055a0059b19137020210100000
0978320579c49205285c030310100000
089cf805b1a617c55bfb040410100000
08e96d057b77e46e1e7b050510100000
088feb058cbb3fab5b39060610100000
08c30c060a3eeb70c754070710100000
08aacf05dcd5649531e5080810100000
0890310607fa25ad9b98090910100000
07b57005f1bd01f119250a0a10100000
076396059fea890f24690b0b10100000
07c57e0632c29068ed050c0c10100000
07aa67064fc7af33b5f80d0d10100000
07d30f06bc8fe8bf7d870e0e10100000
07f41605f8835836042e0f0f10100000
08295e062b8bfdee7946000010100000
0808e20676d8621e773f010110100000
07bee106d9a30fb0f402020210100000
07deb606e82bb1da36e4030310100000
0800c806988b39d70c5b040410100000
079125071b5774cba147050510100000
07d193073f3a80197f1c060610100000
075464068b1d6e411337070710100000
07e27d06c59df2ae6c65080810100000
088a92069172cdc2676d090910100000
09348c06a8e8abeb309b0a0a10100000
093e9306b1bc93162d3d0b0b10100000
090b98068f875d6dcad00c0c10100000
090e39064159b1d467ca0d0d10100000
08fe4f05c41dd8d5004b0e0e10100000
0996f606022bf0dd423c0f0f10100000
0913b105fd657aa97480000010100000
08e9bf05bc87382c3661010110100000
09b6c5057ed1dcb6b64c020210100000
09f7ab061ef6f2c0d709030310100000
0a36b30618fe78df0663040410100000
0a1ca405e90c5abc7155050510100000
0a26d905a8358a4e3e45060610100000
0a871306312dce7b9c2f070710100000
0a417e068b4bad19c683080810100000
09f5d7069724821b7346090910100000
09c15607500f776ae9860a0a10100000
099eb5079f4470757c720b0b10100000
09fa84075bd2b93c875e0c0c10100000
095410071c2d0b6028250d0d10100000
08938007807a184564980e0e10100000
083b9007fb4698edbd080f0f10100000
08a748084650e661bf8a000010100000
08fc850872b48d6962c5010110100000
084613083064264473fc020210100000
075beb07b80b08985eb0030310100000
06f121081fb40e156e0c040410100000
0722cf07f9cd8c6a4b6e050510100000
07695d086e70d0dcb2e8060610100000
06ae9f08c2ee13bdf0ad070710100000
06c1e808c7f4c062cb89080810100000
069741093c065774e758090910100000
06de97088d5ebec03ade0a0a10100000
06c56409022a5742f13e0b0b10100000
06d10408f315c4dc78490c0c10100000
074f4509943889a1c9480d0d10100000
082be7098694f4e756f40e0e10100000
088cc1090ef5f9c745690f0f10100000
07d05708e34a29f793df000010100000
07464908d466035b53e1010110100000
07b6180932199613d1af020210100000
086b1509bce2bd95e979030310100000
08dfd30a05bf82d3b6e9040410100000
092b6f0aaeb8d806f467050510100000
08e4b30a946d8a20989d060610100000
08e1530a8990105de5d0070710100000
0881150a62346024a42d080810100000
08f9300a48d1cf8fcdf5090910100000
08e2240afc3fa7b4ee4c0a0a10100000
08bfa10aac1b34bfa11a0b0b10100000
08b2e20a8358b81d4f860c0c10100000
0829460a20b6000566a60d0d10100000
0805dc0a141ed17d4a5c0e0e10100000
077fed0aa44073d8d58b0f0f10100000
078e9e0b0bed38a8fb8c000010100000
0826f80abbf39bb503e7010110100000
0838f90a6c22a81481de020210100000
0817cd0a272a9c69a481030310100000
08861a0a2b44f120bb03040410100000
07ff3c09737451283c97050510100000
07b3bb09c3f03e9fe919060610100000
0867580906f9c3fa28d9070710100000
08d3be093dc3cc8adaf7080810100000
08781b09263e73ecb670090910100000
088b59088629baf24e370a0a10100000
08afd4084162593a5c530b0b10100000
0819dd0819ed222628110c0c10100000
086a8307e05450ab2d0d0d0d10100000
0862f908170ac9f381120e0e10100000
0806d108010c17b0bf8d0f0f10100000
08c848079ce9fa1f9769000010100000
08a4470836c877b49dc6010110100000
08ee2a08484bf1f79361020210100000
08a47f0873b352becfe9030310100000
087388081de6c0296536040410100000
08cab3088f5fa853ae10050510100000
0949cc07d129bdb82ae3060610100000
09380d089e51b23bf601070710100000
09372608b4facba3f1a0080810100000
0918a1083247556733bd090910100000
09135807f576b5a911660a0a10100000
09936807c162d94a283f0b0b10100000
09b8400846b746fead660c0c10100000
0a15a408d0f4ae0fb74a0d0d10100000
0a2ed608849ce32534ba0e0e10100000
0a7a0308973962ddd22a0f0f10100000
09c02608091b4042094b000010100000
0a278f083673df1dcb1e010110100000
09acce07ff7177365c5f020210100000
097bac07a0da219c7152030310100000
0925100817fe698ddc5a040410100000
094ffd07faa8d34090ba050510100000
08a646080974140139af060610100000
081f4007e6482b35d2d5070710100000
081202078793be6592eb080810100000
080d9a075a5450ff067e090910100000
0788130790d5302247e70a0a10100000
0724d40841d8760bd9420b0b10100000
07592e08748b7b58e0190c0c10100000
073d9c0846cd927d898c0d0d10100000
070d6208ebffb2ebd9ec0e0e10100000
06fc19083dda519424050f0f10100000
077c75084fa0c09e1b11000010100000
070e980874e57140f063010110100000
06d4ba08b3093d589a83020210100000
06f02008ed6a3d02abb3030310100000
06c3010859503c6e4840040410100000
06337107f59b43b02d05050510100000
06d28e08032cb31e4740060610100000
06b84c07dd2510f3acce070710100000
06470e07e5a74d279b6d080810100000
064bb508c66c55a6e743090910100000
0681f208fd41665f7ebc0a0a10100000
06b3bc083d51a7d519520b0b10100000
06b1e407e091798083590c0c10100000
062397076bf6043014f10d0d10100000
05ec42072d067b969afc0e0e10100000
06785a07d4baddaccbb90f0f10100000
06623a089a00aa7ee057000010100000
0653c107d2e162c72944010110100000
06fecf0802ebe866ca8d020210100000
06e4f20802ac2325ab74030310100000
078a2d088cafe1a9d243040410100000
07f57e08a01baf014071050510100000
077f89085c453d29036a060610100000
08650c082fbbf6768044070710100000
08a9250858da9140c48c080810100000
08db9707d7a68818660f090910100000
0972e2083fe8fdaae6fe0a0a10100000
09bd7f08bb11f272947b0b0b10100000
0a273d0932e4e33efb2c0c0c10100000
0a472b096163241e43700d0d10100000
0a311a09b8cc6585f2650e0e10100000
0a2ad908f1b3d76b04a00f0f10100000
09842b090f3503d0fdd9000010100000
09d9dd09e065b879fa74010110100000
09471a09ce0855a3b830020210100000
09ee26099408ca317174030310100000
09d8ab093fa0cc2e7ddb040410100000
0a2476092988facc2a59050510100000
0a0d910a09022644e2e4060610100000
093d16099b3b25fb127d070710100000
08d0440992bd246ebc0e080810100000
09183e095f0ed0123260090910100000
087400093f98596cc7880a0a10100000
08556008bdc4d3d212a70b0b10100000
0804a6083769928474d10c0c10100000
08a68b085bc0c60367c70d0d10100000
08b05408589d6f4eef420e0e10100000
0803fc09499b2b13f59e0f0f10100000
08c3d4093df1c3a8f22f000010100000
08a43608947e98db5101010110100000
091c64087cf2cdd1a0a4020210100000
08c98308124b775006cd030310100000
0855c60841225871acb2040410100000
07dc4908433a814f2c71050510100000
0856fb0810a5a0f6b04f060610100000
085e5a08eac82d5aeca0070710100000
0898f109153b5f05e681080810100000
0802160925fb39374320090910100000
080dfd088ed4655330610a0a10100000
07e0d90933cda6aeb7a00b0b10100000
07bb56098dea6d01ceee0c0c10100000
07caa909f8e4d556d2c10d0d10100000
0784c5091e9a296a14f80e0e10100000
07a18208861147d05d150f0f10100000
079ecf07d302c0f53f20000010100000
072c34082ce02640aadf010110100000
06a74607c2a948e3366d020210100000
071ddf085b7fede99fa3030310100000
06f164086dbd2bf6bef0040410100000
06c54c0847d455370688050510100000
06871f07d83462c940af060610100000
06ae3906f62954740a95070710100000
071a1106f740cadde798080810100000
076f7207927e8e98de5e090910100000
0796f4079c2e8cd53a110a0a10100000
07c2da075fd9d2947b4b0b0b10100000
075726070452014d73670c0c10100000
06f9f7072e857827fcf40d0d10100000
0763d40782fa9347696d0e0e10100000
076d6c07b6c7516890e20f0f10100000
071a6707b3fb6df03c54000010100000
073c3f07c2d54818b9b9010110100000
07ebc0083f42f864b2da020210100000
07aca1083873aeca98d4030310100000
07e40d07eda863627425040410100000
07ffb8081d3c70e2361c050510100000
087b2f084c81de406ff4060610100000
09107408c4d5e9b982e9070710100000
086bb808172f262139f2080810100000
08d97507b2bffc5579ee090910100000
086bf30807b41f538f060a0a10100000
08947e07bc66fb1f2ffd0b0b10100000
08f4810827806150de810c0c10100000
089c5607bb861ffc90fa0d0d10100000
08a021083aac9712e8930e0e10100000
093e1f07e9a3ef663fd90f0f10100000
08d3b607fbd403874e85000010100000
089f4207c21913a47ffe010110100000
07fe39072476575b1537020210100000
082c880693fbdd190859030310100000
081b6006d643523ab66d040410100000
088528075b75daaabb4e050510100000
07b4e3078d540dfba1d3060610100000
07928907c9c0c75fbf55070710100000
0815250809a3a8bd79d5080810100000
07fffd083e1be72dae66090910100000
08096f0804b428c5559f0a0a10100000
076ade0855685c8e80b10b0b10100000
07671f0808615d91917a0c0c10100000
081612086a60ceeff2f90d0d10100000
07846308806a0563fe9d0e0e10100000
0754a50894bcbfa8542b0f0f10100000
080e680890d7bd4a4aa0000010100000
08383c089c613d788b88010110100000
083dbb08d7f95cda50cf020210100000
07db1d0921f07a7b5250030310100000
0809fe08f0f3811b8570040410100000
0820b00904cbf15ccf26050510100000
083726095ae72471f7ef060610100000
079dad0901192de66587070710100000
0765fe091413710e8ccf080810100000
06da960944be5bc5df11090910100000
06d150098dc31f7f9ea40a0a10100000
070a2e097d89956c70770b0b10100000
06fb0b09c6144e6eda050c0c10100000
06a7a108e3937b8510780d0d10100000
078a2707f330e7e90e3a0e0e10100000
0750f7087d118678de0c0f0f10100000
06e46b08ae5250be7be1000010100000
06bbb7087a7514c457ab010110100000
06a4d808f49a45fbcaf4020210100000
070f9d0940ffe5409eb5030310100000
071b72092c318cf070a2040410100000
06ea65092cf5c04fcfea050510100000
0707ee09024741facd41060610100000
06fcf609516222eeb4a2070710100000
06ce840936ad429c721a080810100000
0731e908ee76bf2a96da090910100000
07795d0885ef66f3361d0a0a10100000
0752920912fc6ea1fd840b0b10100000
0782b608b59e7e927ca70c0c10100000
07e99308c742e262221c0d0d10100000
0774d208eb127328320a0e0e10100000
07aa36081b01bbdc0dfb0f0f10100000
0784f507ca502b7d2b30000010100000
085852086a6ce821f7c7010110100000
081ec10845e30c6aa66b020210100000
0814ad07c719db2c1feb030310100000
0869b9080007e1fca990040410100000
085f7707b083b60d8066050510100000
08b360076f0095e38bbe060610100000
097463073ec9e3f1846b070710100000
09966707127464a045c5080810100000
09aa1f06a2f9d2e2275f090910100000
0966e1075e3723b5f15b0a0a10100000
091971069c0921313b560b0b10100000
09390a0636659e2b17030c0c10100000
08932406bdd53c7ca98c0d0d10100000
089f2a06f7617f2e6b960e0e10100000
08ddf80740fcfaaa57960f0f10100000
098e0f0739f7db94242b000010100000
09a229071346fc3bd116010110100000
09d1f10738893c32cbae020210100000
093f0e080d334849f495030310100000
093d2e07a6bde01c431a040410100000
093c76077bd6b555557f050510100000
09338507d3938cf2e37b060610100000
085a350840b70aa1f18f070710100000
07fa9b0844810506498f080810100000
07c330083d299b772007090910100000
082ac50820cd8b4ad4ff0a0a10100000
0887ce08c3487e3addd10b0b10100000
08412208f890577f4c4b0c0c10100000
081425091bb70f7fccb30d0d10100000
07ccbb08cfe537c41fc40e0e10100000
07597d08c7be876c4f6f0f0f10100000
06e58e0934e367a59150000010100000
06751308dfe88bc07c1b010110100000
063c670866a103865267020210100000
068a5c0789a1963e1795030310100000
05cde107d8e523a1925e040410100000
0560b40882ab4828ff45050510100000
051c1a084d6e4858ae3e060610100000
05f40c080a63e293ae84070710100000
06c5e408512cd6de9058080810100000
06783d0903f14dd0d2cc090910100000
06d2cf092660e5dcf76e0a0a10100000
06ec90087e9d97fb360e0b0b10100000
06fda90879c2689847700c0c10100000
07869e085e589874b1490d0d10100000
077b5208ccae2c788e1a0e0e10100000
07f0e708b437fd0136f80f0f10100000
07d3bf0886154a7d632e000010100000
07e43e08cab29c3fc0b8010110100000
086eef08a14f8e372904020210100000
08097c089a9630cb10dc030310100000
08204c0900743a71f83c040410100000
08cbc008396df39c383e050510100000
08a61308188922ab8d5a060610100000
07c63707878902b71d84070710100000
07cb05079d9fdbaca66e080810100000
082d5b072f97b02664c4090910100000
07df9506c7ce98168fa50a0a10100000
07a23a0769a15aa0d7e10b0b10100000
07b66c07d7e67ccab5b50c0c10100000
07930107c8fd7509a2600d0d10100000
08236608153dbcddda5a0e0e10100000
0783dc0816525d77380d0f0f10100000
08231f07c157e9c00e33000010100000
07921307f2d50b33f236010110100000
078ec3087d258ae7b354020210100000
082554091eddc75cb294030310100000
08863209188d9b4ff1ec040410100000
07d11708e1023e8100b3050510100000
0889c6094ba6db5af7fe060610100000
08b3be0a1c212cafedff070710100000
088dd10a10dcb5bf9b29080810100000
08a2360a6b7bc48bbf63090910100000
08a5d90ab8019bb9dc2b0a0a10100000
08a8180a1bb55cdf3b950b0b10100000
08d58e09d55faa406f5f0c0c10100000
08a0b609c3a7403190a80d0d10100000
08941f09d6e3b046ed960e0e10100000
0856b90a50e02011b20a0f0f10100000
080e560a76e2a15d3435000010100000
08e9910a7c01e66ef755010110100000
092b060a5d78cc5c94cb020210100000
08d56e0a29f871c47f14030310100000
088a2809bfed500987e1040410100000
084f7509f0f803ce31be050510100000
07d0cf0927065cb42e0c060610100000
0810100877416bf03e3a070710100000
07cd9d086d16734c90fe080810100000
0804ba08226dfba874ba090910100000
077c0207b9df1301739d0a0a10100000
077aed087a595bcafc0f0b0b10100000
07bb2d0839f4ea802efa0c0c10100000
0863ed07f3cbe8f14a7f0d0d10100000
08528407a6fd9edda0c80e0e10100000
085c2407518529b15c920f0f10100000
08525d07968397967933000010100000
00b4b00016d6b4b016d6010101010000
017bd7004cd2c72735fc020202020000
0228600113c0ac89c6ee030303030000
031551014513ecf13153040404040000
031eab01e25b095a9d48050505050000
03b14c01e4b592a1025a060606060000
04951a021cb9e3ce3804070707070000
04d1bc02ed1c3ca2d063080808080000
057521035de5a36570c9090909090000
06354e040619c02da8340a0a0a0a0000
066af504c5a835a7bf8f0b0b0b0b0000
0724ed04caf3b9f8054b0c0c0c0c0000
07337c059f5b0e8fd4680d0d0d0d0000
07602205e00e2ca640b30e0e0e0e0000
0800f30614e5a0d134d70f0f0f0f0000
087320064dc5722d38e0000010100000
0880bc06eb4bc24cb45c010110100000
084566072c968bd17747020210100000
08659306e054ccb67aac030310100000
07e16507a5e768c3f6e6040410100000
0856c207dbb97eb7d31a050510100000
08692d0850eaa50c778b060610100000
07b984087bda342562f4070710100000
07fcc80833087fe68791080810100000
07e16e08067a880b443b090910100000
074d2507eca22be48e5c0a0a10100000
072e91072f58171302450b0b10100000
075566075a5ce0cd304f0c0c10100000
080ced077ddcc616f7e80d0d10100000
08d7460777c4f6ff3a9b0e0e10100000
08d6f3078d65a07e4a780f0f10100000
086f9f0822e60ad9ce61000010100000
07f7b807a8904a653a06010110100000
0787e907eec21c02bd79020210100000
06ddab0835142278c0fe030310100000
06ee22077eb2793a4084040410100000
072dc406f9b7be594e1f050510100000
069c1f0688e8136706bc060610100000
0680600628aa186602b6070710100000
061e4405bb0a1dca19f1080810100000
067e9305e37fe85a6cb0090910100000
06a93605715456871c310a0a10100000
0735a2060486a37f95770b0b10100000
06c1fd06d19e6d28fd670c0c10100000
06c2c8069a13c6e1c05d0d0d10100000
06cb840690d2ffbb315a0e0e10100000
063fab064fe214a509880f0f10100000
06a83a05ae2973682ca8000010100000
06a57905d6cc47a462a9010110100000
068dac05efe30435d690020210100000
06ed9e061d26826aee41030310100000
072d9e069e76b93ac1d4040410100000
067dcc06f1ad0e87a156050510100000
06866e07a0231c09b532060610100000
06ca1907f62b5c1158be070710100000
06d63608b47e29e7d844080810100000
063ec40919e050e8d212090910100000
063dd809f5b9559bf80a0a0a10100000
0605940a528c6b3bf24a0b0b10100000
0651450a3c07b8d9e6e20c0c10100000
06200109a0bb959d25110d0d10100000
054b3d0a6d812af7fe200e0e10100000
05b8aa0a68fa821205010f0f10100000
05bdd50b36a47893fa52000010100000
05c61f0b03564fee2f5b010110100000
0653a00b0f3191b6e26b020210100000
0632ca0a211a6194002a030310100000
05e9090a3b456f79dbff040410100000
06c36709ddaae8e543bb050510100000
06d08c09f60c292ecd94060610100000
0767e509ed63f36a5015070710100000
081d7509ce1edf77b8ff080810100000
088a6808fd33bddb0127090910100000
08492a088bbe145d86950a0a10100000
089f5a07fcffc16b638b0b0b10100000
08624907ad4c7bc8972f0c0c10100000
08471707ae187a6b25dd0d0d10100000
09106906d3a0f44923a80e0e10100000
08920e07506703b781c80f0f10100000
08cbdf0692e8b2643cd3000010100000
08f9f606dc657e0578d8010110100000
08a7f706b5ef3fb7bbf5020210100000
092bb306bf8be55009c6030310100000
090f6306da465329f6ba040410100000
08436c07274e1cee90c3050510100000
08df94074557c556eb9d060610100000
08c9be076419dd946ed7070710100000
084968075edc5f21b3c2080810100000
085ce207842dd1552678090910100000
08eff2073c8aa76d3ef20a0a10100000
089dfc070b176f7532180b0b10100000
08c3a40734f7a170c10f0c0c10100000
090df80752ddc4bf43c30d0d10100000
08b73907c3179d8a93e20e0e10100000
09764208085ac2c0c70b0f0f10100000
0918bf082a5654e15ecf000010100000
09625a083121c7a07fa3010110100000
094307078e382064190c020210100000
092ae0084916cd29c4a4030310100000
09ae01077f78d64a2d1c040410100000
099e56072ab50d433c00050510100000
096a9c06d543919c962b060610100000
097a3c06d0d3ed346a67070710100000
0978cd0649255db22c14080810100000
08dd44065bb235cc3905090910100000
08650206ccf92f2bb0390a0a10100000
089745070a4da1b86f6c0b0b10100000
08db0506f4d4e530ab960c0c10100000
08758b0746e85f4595d70d0d10100000
07e08606f3d1088540cb0e0e10100000
07884606ce176a80a1510f0f10100000
07917a0689135e1519cb000010100000
07323906278a685f1e1a010110100000
074d900628e83bbb1a6a020210100000
07072005f72886b992e4030310100000
072972069859f89cce4d040410100000
07cfd306f611b3a499b8050510100000
075f170740b220e0e0cc060610100000
06ac0b070a863a28343b070710100000
07004e07ad09b1f5ce97080810100000
07329a0811ae68189daa090910100000
07470707c37b439862060a0a10100000
0781b307dc9edc64888f0b0b10100000
06bb470817441ec4e63c0c0c10100000
07003907ce45a4374cd80d0d10100000
07293f0846b5318bb93b0e0e10100000
07379e07d2b278df2d4e0f0f10100000
0727950860884e0ca7a1000010100000
077f7509384cc03ff5de010110100000
07a41709964d605d786b020210100000
07312909043b13cb00d2030310100000
0677e408d5f63f57a008040410100000
0636fe087f0c72be42ce050510100000
06a16c0849e08b4eaba0060610100000
06c9aa0815dc62660037070710100000
064ec2080a64370dc31f080810100000
0634e3081e5c4e39b1a2090910100000
065a2108b87568d6fc1f0a0a10100000
05bb640900df3da7d0f90b0b10100000
06456208487ea8c22ddb0c0c10100000
0667d20839dcc6a73e360d0d10100000
06eed207c19cb88b40fb0e0e10100000
07638008905bed8dfc0d0f0f10100000
07842b0892e26eb7aa28000010100000
07b88d08872ef4a1ea2a010110100000
07fcb308f351a483e48e020210100000
0802c8097d8119e08b02030310100000
0811ae0970d54e3d935c040410100000
07d95709b24c3a678445050510100000
078dd2098e6f3fc987c3060610100000
0821cf09d969f6634b31070710100000
08b54509f871ca83e227080810100000
08f6e209fbe28fd6b513090910100000
09705809c9f9e24cca360a0a10100000
09bc7a093a5789c941570b0b10100000
09b8c70930f5a50f24790c0c10100000
09e9bd09de20f79deb610d0d10100000
09353e09e070040c434b0e0e10100000
08b0440947f8689363950f0f10100000
091c01095629da74b859000010100000
08b03c08f00588dc8406010110100000
086b9408e9e45fdbde6d020210100000
08d7c1090c8b860dada9030310100000
09770b08f2f7ed8779c8040410100000
0996a7094a035a03db51050510100000
09753808d0461e5a0e06060610100000
08878b09042708b67f12070710100000
07d7490874a61a4152a6080810100000
07a95008796b61ddb9d8090910100000
07aeac07b4a3e7a8056e0a0a10100000
07e64f07897ec16c16320b0b10100000
08115107f117d0118c120c0c10100000
077f5407414065a03b8a0d0d10100000
084ece07e41ed386e6290e0e10100000
07f16c08213e0b31a0b50f0f10100000
07a6d00813e38fd8aafe000010100000
0742b407ac2024c01c43010110100000
076a1c06f63c87432889020210100000
074a4b070561663cbcce030310100000
069b6b06f3fc3ea76863040410100000
06724906a18230e188d7050510100000
06e65506dae492664768060610100000
079b11067c3abd722068070710100000
0839720664c0b8a23b2c080810100000
082b5c0623f253c7790a090910100000
075b9e068b7d17ea6cf90a0a10100000
06d58c06bf0d3b5a49c20b0b10100000
06d542064cafcfc719b40c0c10100000
0742580706cdd2b6f5a80d0d10100000
07016506834c929362a80e0e10100000
07dcb006792ae67c96930f0f10100000
07719206b96824baeb3c000010100000
0809a2077744bcd0da1f010110100000
07af6708035f2d08b4a4020210100000
0770f007ba6527c573d4030310100000
07989207714866491f46040410100000
08449b07e5b8dceafd47050510100000
08620e080f61afd97111060610100000
08731e07febbce820fc2070710100000
07bfb307cff905370c6a080810100000
07b5780787f4498c3105090910100000
080aac074e806d1e33850a0a10100000
0872e207da5ba390d59d0b0b10100000
0830e3080ad78dc84a300c0c10100000
08522307fdf0f3f6e8c10d0d10100000
081079081d4f50e982070e0e10100000
07e2d707c87fb8da41c30f0f10100000
0822f607c5da64d9e897000010100000
0793780724ca2d52390f010110100000
07bb8a06890a551a18e4020210100000
07ce7106b0c23aac9b8c030310100000
07e07507166d784d84f1040410100000
07fc9306241cf9080af6050510100000
074d1005f17900563e6e060610100000
06cdb606614b4f287f94070710100000
06f49b06f2392c1c9d58080810100000
071eba0782f373abc1bf090910100000
072b5708324879bbe2da0a0a10100000
0774a407af24ecdd52790b0b10100000
07e550078a14fe7425200c0c10100000
072d3e06ec743be44b210d0d10100000
077b810712ba9f2ca84d0e0e10100000
0755f606d82a934f07330f0f10100000
0704fa063ce213dd4d4f000010100000
07afb306dd94d80bd9c1010110100000
08329d079273d804cdc3020210100000
08bbad079822c3bca13b030310100000
0911d708031ece77efed040410100000
0893ed085dcc7b1e65a4050510100000
08e73a091d2253a3fdc4060610100000
08f3c90932005bb79472070710100000
0971ad089a89aa0005e1080810100000
09bb7407f331bd721a67090910100000
0a0fb4076215cdfb51be0a0a10100000
0a1846071c89f56f0ced0b0b10100000
098bb007762771de7ebe0c0c10100000
0a42d5078892f3095d8c0d0d10100000
09d6bf075f6633167f210e0e10100000
0a31c107b0c3ee5158900f0f10100000
0a846a079c4e668638da000010100000
0a741e06dafac7bf186d010110100000
09d34d070a913733fd5a020210100000
09d891066e7ec9000528030310100000
09b3bc05fb63a9a27cd2040410100000
0a36db06511cfe3dbb5d050510100000
0a5b8305a4e6784b518e060610100000
0ab2d3058fb1b3077f3d070710100000
0a5ba505e74e52d25d7e080810100000
0a2101061c9782ce4fb0090910100000
09a7e30696dd54ddcc040a0a10100000
09733b074ecec0c7c4de0b0b10100000
09eae6075c9ee9898c8e0c0c10100000
093fac07dbfa47cfdce80d0d10100000
0947e107f3d23b4b96f90e0e10100000
0895fb07f1a43c6b56620f0f10100000
08cbf907f06a9c8437a0000010100000
086e33080ef369f936f6010110100000
0873ec07d1a63cecc00d020210100000
08470f084dd49c238156030310100000
07de8f0845d1412274cf040410100000
07824907b39ea1f7292a050510100000
0802b5085108f8b7eef8060610100000
07784c0870db289e9f10070710100000
07a33a08a83b7dc094de080810100000
076ea908e7154e3d8e8a090910100000
071d4b088f88037f74770a0a10100000
06ab360868784eb29dce0b0b10100000
06ac4808be48ea9be25e0c0c10100000
069192083ef52d195d950d0d10100000
06f0f90834b29ab28cb60e0e10100000
07acf407ebcbf8660d7b0f0f10100000
07e593081f13d5236ae8000010100000
07ca560859604ebc7143010110100000
083f7907fdd5b20f6482020210100000
0871e507d9c1ce8f5d42030310100000
08e70807c6cbb64561d9040410100000
084a47081a3905367c98050510100000
077a4307fa9e28b3cf5d060610100000
084f5407837bfdaf27ed070710100000
0838e407b85c6750c9bf080810100000
0844f30764fe5a4c3b2c090910100000
08f7e207397fb66e48f80a0a10100000
08aa2607074100f66b900b0b10100000
084018067386808d4ea30c0c10100000
0861b106ef024eb2d9110d0d10100000
08c0d106ac61f9d24a150e0e10100000
08760606be25ad9b1f3f0f0f10100000
085492071f0fb3afcbd2000010100000
08f1420769efeb6cbc23010110100000
0853ff07761a14cc70ad020210100000
078e5307468308e32dab030310100000
06e9f407427d11e65dd3040410100000
072327078f573e69c972050510100000
07aad10711c7b05d51cd060610100000
0726b5070aef79932115070710100000
06f04806f18e30e3b05e080810100000
06e76b076aea516fb488090910100000
06c92e073ef098311cfe0a0a10100000
06d48c07a1800c54ce200b0b10100000
074084077934ec8526570c0c10100000
073dd40726d74c0286b40d0d10100000
06852f06ecbb412d0ff90e0e10100000
067ae8076b93a3549e170f0f10100000
0687ab074235c072a274000010100000
06124f07158076108f6e010110100000
062a1d06a8912c9a03be020210100000
06b5e40764e294aae9fc030310100000
07015507740b5d576cfc040410100000
0724b407136461c868cb050510100000
06e321070ca26eca4b0b060610100000
075dd8071eccf44a333f070710100000
08096006cc8ddc6b5e1f080810100000
07bf840699f9079381f4090910100000
07b9da0731e59287b4ea0a0a10100000
07d83b069fab2ab53be60b0b10100000
07187d0730722cc7b71e0c0c10100000
07682c072eb19bb184f30d0d10100000
076098077fbf399961070e0e10100000
07b46d0787b1f729a6090f0f10100000
070b4e07864f1753a112000010100000
07026d07c8486d2fd167010110100000
07106f0810143a9c4b8a020210100000
06fe0e0747a982492191030310100000
0710a706e59d6ff00af0040410100000
06e5cf06bd4336f04071050510100000
07679807113ef0939f06060610100000
073b7e07b410c830d611070710100000
073c87083d8ddd74e79c080810100000
07b121089bb57c2de01c090910100000
0789720821106ad83a450a0a10100000
0764ee08b9aa0631d4800b0b10100000
082889086b51f06268c50c0c10100000
078e40084f7d0168691f0d0d10100000
07b6060898e2615faa6c0e0e10100000
075e38082ba19f5b38c80f0f10100000
0797ca083a9350e5b004000010100000
07fadd0832d2d042c9a6010110100000
0874c3084ee9b48267a1020210100000
08e24108f22eefc7c4d6030310100000
08dfaa0950966d596958040410100000
08eeae092c4845f41c23050510100000
08489608a7dd4a7b1a9b060610100000
07ab8707f4212b212255070710100000
06f64107143e282e07b9080810100000
06f21a0726707806f24e090910100000
06fcb6074a2d75745e020a0a10100000
06f93e0710e902b99b3c0b0b10100000
06df70078bf5d694e3d10c0c10100000
07792e07da7e9b26b7a80d0d10100000
0809e6077ba6f2174b940e0e10100000
08403707be25d5ac7b470f0f10100000
08302a07b9a740d8ab86000010100000
078e6207a9192e7ab918010110100000
07cb0808200ff128de97020210100000
078925078fceade43495030310100000
0768c20753704cf62cfa040410100000
0799ae07cb4276e093f5050510100000
07bea908229e6f7671f7060610100000
088add085b2cf7555ae3070710100000
08cc5a091f1769abcba4080810100000
08c35108b3456efd867c090910100000
08962a09426b484ded280a0a10100000
098df0090095fa7f59660b0b10100000
096486089df7ad2a81330c0c10100000
090f05086e5445a588050d0d10100000
08c5a3091d72a8b5fab20e0e10100000
084f1d096fee5f26cdc30f0f10100000
0907dc09ab98f997e730000010100000
09897909d10cb017de8c010110100000
089da1090d4805501ad3020210100000
083ea50957f14ee87f3e030310100000
08467a09a8ec54cb7df5040410100000
080a550991b43abb7cbd050510100000
07aa210942ee0f422331060610100000
07964e09e32de382fb22070710100000
074e860919e721e3025e080810100000
06ee7f0908860ef6751b090910100000
0793c3086565ed914a070a0a10100000
06e4900870cd4b4c64ce0b0b10100000
06e22d08dc3faac7eca50c0c10100000
06dcc6085a8c403e06520d0d10100000
06d72a07ba37a3195a5d0e0e10100000
0737e4076aadbfe07e390f0f10100000
06b0a20757437255d3c6000010100000
06141d076cb61392f3ff010110100000
0634600805672593b384020210100000
06773907cdd091c147a7030310100000
06362307c76a13b5778f040410100000
063a5907ea473ef19f9a050510100000
06928907eeb46772279e060610100000
06785e079e56c957aac4070710100000
06dd88079d73870d017b080810100000
0721ea07856053585d08090910100000
072b28073c31f6cf00d80a0a10100000
0758e306e131790709ce0b0b10100000
07253b061767771f22db0c0c10100000
0790130688d9ab1677c40d0d10100000
07e9db068140fce152c40e0e10100000
07a79906115f7d9e0e580f0f10100000
0795b5060d546071cfbb000010100000
0850650542f2ce42299d010110100000
08b92504c9288e5339ba020210100000
08aba104d1c8843d5047030310100000
09571b04bcc0bf2f6287040410100000
098d1704dd8974edc063050510100000
09652b04f4c33f863ed8060610100000
08a0c104970804ed4d09070710100000
08411704e678276350eb080810100000
086ca40560297ee5d6b9090910100000
0797b50595e121e036900a0a10100000
08098a063b3aeadcaf270b0b10100000
07bf230636d32cb81e740c0c10100000
07ccc6068ed7b8b9cfc80d0d10100000
06ea6d0661361a8825230e0e10100000
068a0706c6af1d3873d10f0f10100000
072615063102fc7f3a0e000010100000
073154063a01d981329c010110100000
06a31a065b2f00195ae8020210100000
067ddf06f4e75f02e9ff030310100000
064b3a06f9958c8a6735040410100000
0628ba0669f3526d30c1050510100000
06832b064b0799f71fec060610100000
06c6c106415448834356070710100000
06a07506351f011744b6080810100000
07210b05d025ff7b71bf090910100000
075458062a64552d90cf0a0a10100000
067a39065d4f10bde2120b0b10100000
06f79a070eb0aa19cfd50c0c10100000
0736c2069b2ff7e15c470d0d10100000
07acc40701f8908a8bec0e0e10100000
07ae270764f81e9bd6d10f0f10100000
073672078cb884ca61ce000010100000
06834e080198265da77c010110100000
0701a407c1517e6f1aa1020210100000
0751b7073204af155ab2030310100000
075646075e4e9119937f040410100000
07a2f907afe09f208253050510100000
07cb51088499c24ff4a5060610100000
079ad9084e1e180b0cdb070710100000
07d9de08c186401cb81e080810100000
0783c708d298a96482d1090910100000
074130084d9d12960bd40a0a10100000
0799bc07b7f969494c6e0b0b10100000
06fccd06ec770d2a04530c0c10100000
06ef090703ceea1d739e0d0d10100000
066fe007270b1161af290e0e10100000
0688a606e463376194290f0f10100000
064e3d071ba14a61990c000010100000
070f1b068356e73b0f31010110100000
0736f506f21fa649896a020210100000
0778e10734edf1019d80030310100000
075d7a07803f75b2ded1040410100000
076d1c074995aec24ba9050510100000
06acff06f8eb0232a3fb060610100000
06cf360778523a428c42070710100000
07292806e8a99a0e2875080810100000
06c2dc06b57b43184fa3090910100000
06c99106fbc5194b521e0a0a10100000
0689ea071bfb29a26ca40b0b10100000
07168107fa7799c1e2cf0c0c10100000
071fa30806a6f33f7fcd0d0d10100000
077ee007b283709e5b060e0e10100000
076fc507f77e2846d9240f0f10100000
07916b0820736c07c201000010100000
0790ab085eb4e67b4d72010110100000
07b519086a33cab794e9020210100000
07a31607f336defe2683030310100000
073c0c075e880ea84a23040410100000
06f0dd0762d663934ff7050510100000
07c5d1079b26d726dc4b060610100000
083f3607bab4b3a7abd0070710100000
08201a0857cd7af2c58e080810100000
085c9f08ff107f9df6e6090910100000
08990e08d3ec55ba26fa0a0a10100000
0923a609476eb43ae0260b0b10100000
08e3c109495959dce4ba0c0c10100000
08568e08f9ca660c303e0d0d10100000
08c08e08f735da9e58710e0e10100000
098bb308ce8bf36bb07a0f0f10100000
095fe508e4bb4039d831000010100000
0945f008fbaccc866463010110100000
08b01f08f09634e689d3020210100000
08876709a729b646dd16030310100000
08813909651b087a0815040410100000
087a5109afba5cab9a96050510100000
0842b709c91c9f8cf5ad060610100000
07be720a09b82f62ec6c070710100000
0785d00944f3425000c9080810100000
0767e408e0dd61b192d0090910100000
079b0608c46688dc0a830a0a10100000
0790dd08d58baa11f14b0b0b10100000
074398082fc60c973ef50c0c10100000
07660508b6b28879b72a0d0d10100000
06f0bc08eb8c65558d4b0e0e10100000
064dbd08464b506c0b390f0f10100000
061e74086bc710f0fdad000010100000
05b6c0084f1c64d247b8010110100000
066a51088184e877bc3b020210100000
06323607bacb7e2b165d030310100000
0655a4085a2d2be8a777040410100000
06b0c808a557b7cfe5c0050510100000
06c2f5085265b1b9a2bb060610100000
06deac07d43d4b196e44070710100000
074d24083148b0c85dd4080810100000
07384307e9134cd04a9b090910100000
078f57080104dff022740a0a10100000
07a9690795dec42386250b0b10100000
083a2f0790e29d5d39f90c0c10100000
080fee072bbc5e3852040d0d10100000
085c79077aa5b1e0dc340e0e10100000
08f7d807b841ebcb48d50f0f10100000
0944be07750b5dd6ba77000010100000
009b700072d99b7072d9010101010000
01175100735c7be10083020202020000
02085e010b8af10d982e030303030000
028b2f011b4882d10fbe040404040000
037397014b27e8682fdf050505050000
03ff4b0209298bb4be02060606060000
04347d02ed663532e43d070707070000
04732b03b4573eaec6f1080808080000
04753d03fbce02124777090909090000
0558e204be5ee3a5c2900a0a0a0a0000
0585f70576c42d15b8660b0b0b0b0000
061b0a05c62395134f5f0c0c0c0c0000
063f5406a2a9244adc860d0d0d0d0000
0661c50750dc2271ae330e0e0e0e0000
0740050795d7de4044fb0f0f0f0f0000
07658c08193925878362000010100000
070d1107c77d42f5211d010110100000
0761cc0867ccd09ca0d2020210100000
068be207e1f91b23125b030310100000
06485e07e7033f4d14c8040410100000
05eed407e8768ede3152050510100000
05ed8807828b8a685817060610100000
060bb506e979535f4b2b070710100000
06404c06db297345b8a1080810100000
06423706aa1d03fd166b090910100000
06245c05f205c5ca0a780a0a10100000
06622205f5906adbbbf10b0b10100000
06cc680635f8ff598fc70c0c10100000
06ce0d05e7c225ef8e500d0d10100000
06e9640572353dc838a60e0e10100000
0641d6060f1f36b2e1e50f0f10100000
0653af062161376095a4000010100000
06313306128720791243010110100000
05ab110616e54a7aa530020210100000
062d250697359d3792ab030310100000
06a253072bfab47ba98d040410100000
06176307090b03ee0e63050510100000
063e7f079adfb184e9eb060610100000
06ade207fa67c2c2aab3070710100000
06cefa07db79945d99b3080810100000
078fcf0890cbc4d2cbbd090910100000
07c0a708d13bf6a24ae80a0a10100000
07ae6308730a58975dc00b0b10100000
06ee6f07ffc63f651c830c0c10100000
075bd307c7df935356690d0d10100000
07fa36081801dc2b88c80e0e10100000
08acae080c81e92ad6650f0f10100000
08846a08685f0f1cf182000010100000
08b20b08e7024e1a90e6010110100000
090a9f08c934a30e8762020210100000
08940408bfa8269c891f030310100000
08d13b08fec7f1b2e8ac040410100000
090d070950293fba5fc5050510100000
08c57609085269f3a214060610100000
088a2608a27b877244dc070710100000
0807a808439711df3acf080810100000
07fddb078867bb05108d090910100000
07f4f60768f4edbd2b750a0a10100000
08709507ad84d436a2500b0b10100000
090d8e079314dc5e02130c0c10100000
08fc77082be6823cef3b0d0d10100000
083d670897231d1bf4050e0e10100000
079ec308201d4a865f5f0f0f10100000
084aae082d39bb07fe9e000010100000
08bc95081761c0017b0e010110100000
08fb1708104fe1908050020210100000
090a2c07c25935b13b29030310100000
0902dd06f72dea631d80040410100000
09af9c07413bec79a9d3050510100000
09e02a07691e9a81c9f7060610100000
0994d7080a393c1fe5f7070710100000
09d8e3082fbc55eb6052080810100000
0a12f908e155f51bc226090910100000
09f86009645bd324ae7b0a0a10100000
099ebe0952247a9490190b0b10100000
08d02b098e490dcb3e380c0c10100000
088363098a2a3574eb1c0d0d10100000
090fa0089f44a958091f0e0e10100000
08d1db0925ed0cc1e6080f0f10100000
08748408db7f5db0b430000010100000
087375089f32bef23ec1010110100000
088be10854e2f9fc3600020210100000
08eaa9086c8c947952d3030310100000
08b2eb08ef0db2a5a001040410100000
082d60086f7d66ee2a43050510100000
07fae1087cd66802d750060610100000
08b72a07bb9bf86824bc070710100000
08ef3b0812c98dfcb780080810100000
0851c10829dc57a1d939090910100000
083df20809aabf558e490a0a10100000
088516083410c1b8ba7f0b0b10100000
08d4df0870c65d947aee0c0c10100000
09812808653be1bddf910d0d10100000
09800f09595ea83ffd420e0e10100000
098ebc091d181b6ea9c20f0f10100000
0986b60914f555aaac0d000010100000
08e70b08f7ee1f4721ba010110100000
07f11008e00404011e16020210100000
0761f90963e50562d6b4030310100000
077b7e09bf7ecc2afb9a040410100000
0738b309cb3a242335ff050510100000
06f59009da5a24dfe670060610100000
06d73b09fe49da1348ab070710100000
066cf209e40823b39d3f080810100000
06d735094f63c1e44494090910100000
061ce909b5e50509f4cb0a0a10100000
05acab09d6ae517adb480b0b10100000
064dfc09e65efee58a9e0c0c10100000
05ad950927494156207c0d0d10100000
05c3fd082dbdbea703b60e0e10100000
0654ea085a7aac5bd67f0f0f10100000
06f8410830d0f9018263000010100000
07ca0a08a8dbf11099c5010110100000
08b4a608cd25ee9d4260020210100000
08d7ae0827af286a313e030310100000
08f6fe073889eb7a0c74040410100000
09136307ee9b4088ec11050510100000
08f78a07e38d0906db62060610100000
08224607b14d04cf166b070710100000
08c8100769d3c97d55c5080810100000
08899b078a02836f64c3090910100000
093154075788acc2c2510a0a10100000
09153806caa3355e4e630b0b10100000
08f2c706f130dc74b12b0c0c10100000
09342206ec9582b11be10d0d10100000
094e9c077f8ad92196ab0e0e10100000
09116b073ea16f2a95960f0f10100000
08af4107917996d7d53b000010100000
08466207877888318fc4010110100000
082ea207de7ed6dd9966020210100000
08733208559c6cfaa85c030310100000
0808e008c304812879dc040410100000
0840eb0841ff78936b0c050510100000
090c5907cc87d47465ea060610100000
09f15108ac3ee9c7f622070710100000
0a10fd09255fe929cee6080810100000
09bd7609081d2fe84781090910100000
0949da086b80392625b40a0a10100000
092f7f0886211b0369040b0b10100000
0911e6084026bedb6b300c0c10100000
0987d4091e71f89ffa2c0d0d10100000
095976090719aac37f530e0e10100000
0944760924595a2ab2d60f0f10100000
08cb3508bf671d967049000010100000
08ff55084c17bc511c74010110100000
08a2890844c17a119210020210100000
08685a07a6fe32cb0a99030310100000
0872a807bffc8b7692da040410100000
0891a4077486978f1f96050510100000
07c47d071718074d087c060610100000
0788a106b790adeb969a070710100000
072ddd05fd288e65147e080810100000
075116063b7a532185d3090910100000
077e45062d336655176d0a0a10100000
0794d4069a923192d6630b0b10100000
070f8107124a3988e2e80c0c10100000
06729c062b745bba13560d0d10100000
05ef9005b7e727b70bc60e0e10100000
0595f0054baa008a46990f0f10100000
061c7c057815a4229cb4000010100000
064a4f060ed6ea24b335010110100000
067d6905c5bead2b48f8020210100000
0675f20660a02b54a57b030310100000
0604cc05d4a41a5006de040410100000
05ecd50621137f986c05050510100000
069c890628ecb7011055060610100000
06442105e84c558355fa070710100000
06190806bf41634ceb73080810100000
06681606c922a22f8fb4090910100000
06a0c7079eaa9f06ecf50a0a10100000
06b8050708c648d0407f0b0b10100000
0772f80688ebf47b630d0c0c10100000
080db006bbc7f67246320d0d10100000
089356073ffaad5d8ff90e0e10100000
091180074fd17eb456700f0f10100000
09187f0769c7ab21b6aa000010100000
086869071bfa3a0e6568010110100000
0813a7075c1d5869891b020210100000
08c6be079765de6be0c3030310100000
092b3707ed9d7ec95d16040410100000
08bd1007a4b61171231e050510100000
08f4c808609ceeb9cc3b060610100000
08e28708a0a643429604070710100000
09059f081a9a86646567080810100000
092120081853bdb08d6d090910100000
093be807509fb9ce25410a0a10100000
0994a407b102a18ca0e20b0b10100000
08cb01078deb2ad83ff60c0c10100000
08a93b07c71ed4ac7f650d0d10100000
08d584077dbcd9a646970e0e10100000
088d6b07ade6369b869a0f0f10100000
0828a007760246567ec6000010100000
0844d707853d564574a3010110100000
087fe507364293773a20020210100000
0836cd06da65955384e6030310100000
08857e06bd3fcd7a3ff0040410100000
08cbb506e4e957a84ac8050510100000
07eb610678fb0e65604d060610100000
08837d06d885db5ef58e070710100000
081b45069a651e2c2747080810100000
07bebc06c28e6127b596090910100000
080451078c7dff63ef300a0a10100000
07757a07036e12b517d30b0b10100000
07be7307a3f273d1e07a0c0c10100000
0726910774783cca4feb0d0d10100000
0651e107875f04f6597e0e0e10100000
071aa407855cff5e84970f0f10100000
07ba67075227e6194b91000010100000
07ffff078ed19bddb14d010110100000
07a9390840a43cb1ebf3020210100000
079658086e408272b282030310100000
06ca9c08a85e01be7a0e040410100000
0673b308bc2600bf5e90050510100000
0732ac089e46cd5e426d060610100000
06cd1108250c75c37c54070710100000
070eda0895ee5ff59829080810100000
06f41c07ebd646690b7e090910100000
06554d07f4f16094f84b0a0a10100000
070a7f08ccfac7e7efdc0b0b10100000
06b03308494319855cc30c0c10100000
06f514088c9881ab93400d0d10100000
071b0008acdc2ae279c20e0e10100000
06950f089ac8796d72830f0f10100000
05d1de088d1422e83ddd000010100000
062be208af6af5e1d3a3010110100000
066786085cbb78559944020210100000
06152f0801c8301b578f030310100000
063e9807b26e2b272ab4040410100000
06ee91079106b0b83d28050510100000
06ee3e075674cd0b07db060610100000
06f8ff07aed68084d4b6070710100000
0796990780fafd8f6a4d080810100000
07a8cc0790bd589c1b41090910100000
07a9e907689f61b1d02d0a0a10100000
077f63068c089d6113450b0b10100000
0812fa06c233ad1c92ee0c0c10100000
07dfc30643934e7414a00d0d10100000
07fbfa06963c4719cc6b0e0e10100000
07cd690658244adc346b0f0f10100000
07e48706a5693a068b22000010100000
07ee0506a285ff5fd0bf010110100000
084a13064870d4633f2f020210100000
084ee605f34634ee0265030310100000
08fc0b06bad0d84cf23e040410100000
085a7106fa530f1e7cab050510100000
086d10079b06dfaaa88e060610100000
084caa0766a0601ea050070710100000
07af8d074b3360724ee0080810100000
083814081b11e123eb1f090910100000
08c9b7078dfdf35443190a0a10100000
0859a507b5b72d4f3aff0b0b10100000
0892190792e8e590701f0c0c10100000
08ad9608350b69f1b6c30d0d10100000
08785407c54311d75ca30e0e10100000
08c88b084f809b13bea80f0f10100000
093fec085918b16794ba000010100000
0906fa07bc50c66d33f7010110100000
090ede078fdfdc4712be020210100000
097959082a2d9f699cb3030310100000
08e6ef074f6a45e2177b040410100000
08e00c0799c2083bc703050510100000
088b51076fa48aef7e70060610100000
091f8006e3def44d148a070710100000
09a6d106aa91e7c31593080810100000
096c4c066e97a69eaf25090910100000
08daa506b7bb61ad8c3d0a0a10100000
08ca8606c9461d304c8a0b0b10100000
0865b806d82d80c27f060c0c10100000
08394106ff5d3d7addf30d0d10100000
08527f06aab52b1507fb0e0e10100000
0830f7065f22798b73150f0f10100000
07989e05cf2e190e04c6000010100000
070e54068a733c23ef3c010110100000
070cfd06a9d5daf03220020210100000
076b4806dbdbfdb4ceb9030310100000
07526407af282cfeeac8040410100000
07dc6a07ad009241c4db050510100000
07e6d8073b24955d0c94060610100000
071a99079933280e7299070710100000
0675ff080d54432989b4080810100000
0608f6084af23995ecc3090910100000
05a86c085608012397530a0a10100000
065f86085bf4d44a52760b0b10100000
06b2810813c7d3bd36d90c0c10100000
06d48c08234a5f85ed760d0d10100000
078a610830d6e0ea15870e0e10100000
075f3507e1214e5f23600f0f10100000
0835a408bd8cef7de131000010100000
081a01083ed320807083010110100000
078d2b0902f84e1af645020210100000
07857908877ff6025340030310100000
07932507a05a3aaa03a3040410100000
07d437076c88d3539109050510100000
074a4608444d0b6ce459060610100000
07eeb508b7a8cc7de5f4070710100000
07c6850918191af9ea25080810100000
081db808636790c83811090910100000
088c7e087e806fe9b26c0a0a10100000
07f7a808a47b3f7478710b0b10100000
07661c0922244231b4820c0c10100000
07d1a90860dacb122c2c0d0d10100000
0761480891f6708946a30e0e10100000
07ed31093612da48c77c0f0f10100000
07f3790889ecf5c5350b000010100000
085fc008d5ff8cc7bc96010110100000
08f64e0874fbe4a89541020210100000
08e5bf083ae4e5731929030310100000
0997cd08de1eecb8a6dd040410100000
08fe5309108239d9c36d050510100000
094cf508ddd55a0eb1ac060610100000
090d520894aa8cda9cc9070710100000
09e4f107b60df2980b88080810100000
09f09707ba109c6e3c14090910100000
0a5a2c07863ed97e7e9a0a0a10100000
0a57e007d3d83d28c60b0b0b10100000
0a4831077f6e328260180c0c10100000
0a2eb308069ab194b3580d0d10100000
0a46ce08700988a4b0120e0e10100000
09dacb086fa96e45c71c0f0f10100000
09729608e6d98d90ac3b000010100000
08e8e608f0b90317c676010110100000
08e4c7091296e089b71e020210100000
0831620993e1320e9a74030310100000
0768c20955412418683d040410100000
0800d30891ded1ea000a050510100000
07a98c0877df02c797ad060610100000
072d6507e4fb10b309e5070710100000
06712a08223b365d48c8080810100000
0632f60868875e3a8260090910100000
055f98088caa0620a2bd0a0a10100000
061519083945f2a972a60b0b10100000
06c95807fcb3e6c123860c0c10100000
06befe076de5a73a248a0d0d10100000
0713d9079129dd7fd3560e0e10100000
073c9b07c5f49707fbe70f0f10100000
06c814072e5219091499000010100000
06c5ac06b61b00af4e3f010110100000
069347065ac6ae245bc9020210100000
0682bc06982e2183d7dc030310100000
074e9a06c492eff694a1040410100000
06ce21076ad55171a64d050510100000
0774b2070b19a95837f1060610100000
0819f30717bab5f41686070710100000
08b2b107a4b3cf1bd5c1080810100000
08a0d70803ff4c60e1ac090910100000
09885207ac09ed9b4ac70a0a10100000
094d32081db8b789e4550b0b10100000
08a11608cb2f3aa5d0fd0c0c10100000
081e8809063024ac5f8b0d0d10100000
0747e4091c0d06dbe9330e0e10100000
072a0308cc9b7926ac750f0f10100000
07fc8c090327eb924b25000010100000
08acfa09514ab11d9c62010110100000
08d014097f16d13e8995020210100000
0922dc0995e9744beeaf030310100000
08542609257e21402436040410100000
08b72f08b90ab47a39d9050510100000
0904b509235ef6dea245060610100000
08865f0912ca379e05f2070710100000
07f6d608860b3f924902080810100000
080b2a08085260b463f3090910100000
07bac00805ee9d3148630a0a10100000
0797af07645b947842c20b0b10100000
0837bf077b6bdab5e80d0c0c10100000
082e4608078e1b33ebae0d0d10100000
090b92073f58e42720fd0e0e10100000
0904bf06ee0072535b1d0f0f10100000
08cb4b06e504b21e4229000010100000
084cc706f1263299a884010110100000
08404606e48ec4bd7cfd020210100000
086e0a0647aea20f51cf030310100000
08f07f06cf37a3b5abbf040410100000
08bdee0787ff81e9f2a1050510100000
081497076ec84d87890e060610100000
087952078d6e9c592498070710100000
0899300813765f70cf0a080810100000
09087a07dda9cffe2e26090910100000
08bacf080c584f8677120a0a10100000
08dda008c627b749fc910b0b10100000
08f30a08d386f01ff56c0c0c10100000
09ab47084b35d370635d0d0d10100000
099f460854a7d8262a6f0e0e10100000
0938ee08ae5e0bfbb4d40f0f10100000
08f1790892306aa925fb000010100000
09089808e7bf49b8fe13010110100000
09439a0913cfffbfa90d020210100000
08e02109b8ae3e96f6ae030310100000
08eec0095724b2544a35040410100000
0874450920ad076ebc2a050510100000
091259096024eb9bc885060610100000
0878ae093cd302ae0147070710100000
08d035087ae4b6f70d1b080810100000
08608d094ab56056fdf7090910100000
08eab1094bfcd9aa78590a0a10100000
092de008b1d4fa7862690b0b10100000
08d9e507e8c99c242c610c0c10100000
08309b080a0a2a26849e0d0d10100000
08586e08b3cefff9d4330e0e10100000
08a81308b6095ba0b70f0f0f10100000
085b50098a2d1de6fa1f000010100000
08836d08ee5e71d56244010110100000
07b150085a882da21537020210100000
080f4707ffc49c8d9bea030310100000
07e91108940f8c1ede80040410100000
086a6508870b88c2af26050510100000
085ced08968ede23d808060610100000
0959cb08c54bff8c3004070710100000
08b65809549813849c68080810100000
08e62608eef390249852090910100000
086aab093a5d5e2fc3c30a0a10100000
07f7a4097fd18771a7dd0b0b10100000
0795f70a4f8b3a77fc1b0c0c10100000
08100209dc10a43111230d0d10100000
0715d209ec9b05c9e4be0e0e10100000
076a24097a2caff244a00f0f10100000
07db0208aa5c8ec42a4f000010100000
07dccd08ba9a73a07282010110100000
084c550970419d2acade020210100000
0840200944ae90587057030310100000
07de3009296d2a2ec33f040410100000
0829b2095dccd444e385050510100000
077a1708f9c72e887403060610100000
06cfd408ed72554923af070710100000
0770bf08ad64b46f5c5a080810100000
07bd0d08e7e2dc72d2d0090910100000
0830c608844fd1e860300a0a10100000
0814f108acd66b9cd0640b0b10100000
08ab68082ff1d0ee7f360c0c10100000
086fde08962768a777590d0d10100000
08ba7b081dc550666c5c0e0e10100000
084fc8082c13453f52ee0f0f10100000
08969c08748cd59872c8000010100000
08244208977c01469572010110100000
0856510861b6cf399518020210100000
08630408d2b49d0be155030310100000
08673708f94c2e61e9d7040410100000
07eb64082f3d58711976050510100000
086f2a07c04cb24e0512060610100000
0919c808658affe7c8ed070710100000
0945c3082ea4e06a2574080810100000
08ace70821114396c53d090910100000
08611d07f04f861e2f6e0a0a10100000
08bc2f0729ebc6ae0a000b0b10100000
07f84907434f0d08989a0c0c10100000
0856f50700e4c75334ee0d0d10100000
08caa7075fa8c418cb200e0e10100000
09293907ea48a3d1dd8e0f0f10100000
0868ba078cbc1519153c000010100000
094e6007931fe6ec9bd5010110100000
09530f07607cd3e86275020210100000
09959c0778dadf98f9b3030310100000
0a5a70078289f335f386040410100000
0a345107e33932527a26050510100000
09d2ba08b09450b7d26d060610100000
09a9d6082791d7033fea070710100000
09a35708ae18d9ebabfb080810100000
09ad78082a194db7413e090910100000
09810a0808a759b00dfc0a0a10100000
0995fd081d07dba11e600b0b10100000
0a5b090849e1d214c5740c0c10100000
09fc0108a3cd684b8eda0d0d10100000
0a099008b492d1a7dbe50e0e10100000
0a137f089facadc0c8a80f0f10100000
0ac307096603c4a1db93000010100000
0a71af095e15959493e7010110100000
09e64e092e3148873291020210100000
09262608d6a11f70a223030310100000
08994208c7436651e428040410100000
08c2330949ff5b43fce2050510100000
08db970879936a1b0201060610100000
08ecd608f16ae842b7c1070710100000
08e468093100d17deb91080810100000
08c95d098b7832ac9bb6090910100000
08846409f25514b774d90a0a10100000
07f1940a883d48d1b4480b0b10100000
077d860aad065e06ea3d0c0c10100000
0808790a2204f33e03d80d0d10100000
0751f009763c1b1e301d0e0e10100000
07779c0961e3d36cb44f0f0f10100000
07087a08fb35557f74e5000010100000
07175d095600a477eeb2010110100000
071d0709739e4e31502f020210100000
07e35e09676ee5c795f3030310100000
07b2f508c2e835e83fa2040410100000
0777bc07ed38200a2732050510100000
072303083c2b156250f4060610100000
0697a50860de5ce4dc74070710100000
066370082d4f9d48b802080810100000
06dcba083c96abf6aafd090910100000
0757eb085cd18fe895140a0a10100000
07970a07a99987f001100b0b10100000
07aa31072d36712d6dda0c0c10100000
073ac308028783d0d9290d0d10100000
07c8ee08315aa9495ef00e0e10100000
079a620874d6a4e0f7cb0f0f10100000
075ef20875791a0f7588000010100000
06ca3b07aeea0fc02823010110100000
073d2f085cf2c125fe37020210100000
06d3c908c16d7c61fa6e030310100000
06dce0088f0b3eff0d40040410100000
071cf008a146601a396d050510100000
07434408de963bb68e44060610100000
07510108da566aa1d834070710100000
070ea60872795aed5025080810100000
06e6ab08882a83fbc0ae090910100000
06e509080bb98e4618a30a0a10100000
06eb9108a6f38e789c4a0b0b10100000
06fbad085e5f814925460c0c10100000
06f3ed084a247c10c4ee0d0d10100000
07378508d8edece1edb90e0e10100000
06b50008703c225b8f1a0f0f10100000
0741ba08dbcba6c9e117000010100000
0033f6000da633f60da6010101010000
007a37003054464122ae020202020000
009b2000c87020e9981c030303030000
0126a200f0158b8227a5040404040000
0172d80116b94c3626a4050505050000
020431014db6915936fd060606060000
028d9d01693b896c1b85070707070000
0304a501e6f877087dbd080808080000
0369f60228b9655141c1090909090000
03ea8c0305368096dc7d0a0a0a0a0000
0447cd0336265d4130f00b0b0b0b0000
04916403c3e749978dc10c0c0c0c0000
04bb0103f883299d349c0d0d0d0d0000
051dbd04d9fc62bce1790e0e0e0e0000
0548220596492a65bc4d0f0f0f0f0000
055731065ee20f0fc899000010100000
057a9206863e57573502010110100000
0577790737314328d3a1020210100000
05b15506aa635ac50b4e030310100000
05dd9e07554ab7cbd28c040410100000
06101e07e5bf7eb6b719050510100000
05a37908a19824b4f2d6060610100000
056d2c08e50a531f5ef7070710100000
051d9b08cd17277765ca080810100000
054cde089b3294940fdc090910100000
05b6250824c1e9dd660c0a0a10100000
06469908e07bedb5ecaa0b0b10100000
06f16408f210f4629f560c0c10100000
078e7109b7ccc6aafa580d0d10100000
07bd5c09501d91a779ca0e0e10100000
07f5c8090f9662d17bc60f0f10100000
08bc930919f3d5dad2f6000010100000
087c47095db2170b78c1010110100000
086c4708d1c0332847af020210100000
08442609489e32a4822c030310100000
07989008bbc50c3545b3040410100000
076ba808a2df51ce9e33050510100000
07d3a507c6f38cb116ea060610100000
0877c807ea2ff7428233070710100000
087232082b7721e1a712080810100000
08c6ae087991e9105df6090910100000
08a0e108ef44c410dbbf0a0a10100000
089f7f088a0aec5387700b0b10100000
07d43808c909291bde550c0c10100000
079ae408cb228d56fc710d0d10100000
0779030853886fc602300e0e10100000
07e1c0083132cb8e59700f0f10100000
07b5d20824c5a9ecc689000010100000
07f7050822f4583e76f0010110100000
08696607f1ada5891668020210100000
0853cc0839741d0ac9f3030310100000
08792d0865d131967210040410100000
08db9d08499bb43e81fd050510100000
090448088f88b55c5cd7060610100000
083b2308bd152e1dafc0070710100000
087b3709018961f5eb86080810100000
08504f092324be287f91090910100000
08795109158fed12ce2a0a0a10100000
0839fb090cf6acfd7ed70b0b10100000
08b933091f38a853f0970c0c10100000
08a13f088b0d756268460d0d10100000
0868c009278937479eac0e0e10100000
07ccc20991492f90c3300f0f10100000
0813f909583df1238d7d000010100000
0805d70956264a1c74d9010110100000
0803820a08d5a334c917020210100000
08dd5f094e38f6e70f56030310100000
09205c0982217493a5f9040410100000
08f56509684589476821050510100000
0864e6091cf724dd1189060610100000
0904e4087937ce1b0c00070710100000
099d6807cd06fa793f55080810100000
090c9e07dc162d5e8ea1090910100000
083b4c07d3451bc0c5590a0a10100000
08453b07fe21b6eca9b30b0b10100000
08578a07fcf8baa2ef6e0c0c10100000
080aef07c26628c72db40d0d10100000
0847d807d8a17430b4e70e0e10100000
0908f4074233f0ac2cc20f0f10100000
08b2d106f0f99b003c43000010100000
088c86077bb723d1ff97010110100000
0849f30775cc60a1c32c020210100000
08508108163bfd75afc5030310100000
080b61080c392f739bf7040410100000
07b96208144837487030050510100000
07d92b0877c844a67509060610100000
077d1008ea1e72007e56070710100000
06869a0943e60403991d080810100000
06865f0944932d238f4e090910100000
069c23097a933184fb590a0a10100000
06db830969e6f64c99060b0b10100000
0666d308910345f2168b0c0c10100000
06624a0952bc243eef6d0d0d10100000
068319099c2394fffe4e0e0e10100000
05f3ce09ac7f61613d1e0f0f10100000
05f8be09bc969ff04c5a000010100000
06451c097bb2702fbeb3010110100000
06c52308fd76e0a844f0020210100000
0623ee0876ce5c40291d030310100000
06597e07e34e65030877040410100000
068201081b855fcba867050510100000
06e15d07c263a4021be7060610100000
069917075e9b29ba1a8e070710100000
078bea07c2d9f6d6fd5b080810100000
07b74607e5cb587fb240090910100000
0836b2078651b0f09bdf0a0a10100000
074e0b072e860da5413b0b0b10100000
0734a30800192c8ae81e0c0c10100000
077ac7077da56a626cf90d0d10100000
079a05070895b43d893e0e0e10100000
081eb8071621e6144aaa0f0f10100000
082926078b14aa5ec14d000010100000
082ae407b71571edeab4010110100000
079990082a634f54b83e020210100000
080835084564cae5441e030310100000
087ced0890c9d9bb53dc040410100000
090338089115e616a8b3050510100000
0924a309313ac56dbc0c060610100000
09b40e09e448b925cd9c070710100000
08dbc508ed4c1e8d065f080810100000
09276e08c06ba428855f090910100000
08f52f08b6fe7eb192720a0a10100000
09c285093d71dafbc7ae0b0b10100000
09b36208e2731d678d200c0c10100000
0994bd09745e4bbdfee40d0d10100000
092fb508f9fd4f350edd0e0e10100000
086fad08f412260c44bf0f0f10100000
07deba08f704196bc43f000010100000
084ae608b0e5de19a495010110100000
08f3520881a5f7c088fe020210100000
088e0208db0765959d80030310100000
080199092fdf4d52a8b4040410100000
079e970910eb831489bf050510100000
0763ea0923d58ac0cef6060610100000
06c6db092a921c16d459070710100000
077faf0932e4d7610eb1080810100000
076b58098b248fd1dd9f090910100000
07e3b4091e6ff70d25bd0a0a10100000
079b1008b8f9925762380b0b10100000
07d9eb08f4965c42c8bd0c0c10100000
07b9b10803be2b830e0c0d0d10100000
0773d108beee0955ca0d0e0e10100000
07fc63094608ae9ecbd90f0f10100000
08824608b66a9f4e34a1000010100000
07c0c408ab201c97994b010110100000
07583e08b6218f3a93ff020210100000
07ec34089755f98b7eb4030310100000
08995b082c73fa793dd2040410100000
08eca4082c6dd65d89b9050510100000
0915cd07e070b3e982f9060610100000
093de107854b442a7934070710100000
0930ac07adfeca2c3764080810100000
08f1ce07a1ad50f3d14e090910100000
08d680087391dbbff7a10a0a10100000
09369508a23af26c90e10b0b10100000
090fa00882b3354da9360c0c10100000
09bf2008b1abdb033d040d0d10100000
0a3627088fd1805ca8330e0e10100000
0a659107c8cbde0804d30f0f10100000
0a0b8207bdeb453f29c1000010100000
0ab377079963c48c74c3010110100000
0aca0507b1e6a5c8ac82020210100000
0a8ed107358abe570258030310100000
09ebb5079682575d9eca040410100000
09f5f30781f1e09b7528050510100000
09a64d076b5c64436c64060610100000
09dc52076a397a2f7811070710100000
09391c07959d26f662c8080810100000
0915210706f72cf842a8090910100000
0911a106c9c7d83fba710a0a10100000
08cd4506bb92ae1082ac0b0b10100000
090585065eff6d8d4ca30c0c10100000
08aa2306f9357fa1d73a0d0d10100000
085c3e06ff2e3277ae2c0e0e10100000
08421b07e8c3c3e5ee680f0f10100000
08638308038166a7447f000010100000
07f7fa07a1f259031334010110100000
0802c8070474b0960f04020210100000
07e9e6077c82a5757a66030310100000
07e13d07511e4eb47366040410100000
0748c6075b7948247f83050510100000
06fed107433e1a4e5429060610100000
06a3ff06e6cc1f5d1b9f070710100000
0741e6071c04c4dd9800080810100000
07f36b07d2a6de7df94a090910100000
0774a2075130597638fb0a0a10100000
06fdab07698637199b020b0b10100000
072ee40720829ec6039f0c0c10100000
06fafd06f8f44bbaafac0d0d10100000
0768e106f1cda05ba7050e0e10100000
074f340609f1aa38068c0f0f10100000
073b44060c1152b7469f000010100000
07296706b9854726c0a8010110100000
06a9ff0746b4312e9c33020210100000
0692c4073aeb8e3a6e9d030310100000
0693400796da4f30cf55040410100000
06618c07ce681670b711050510100000
0671f307e4b72ab56a78060610100000
065ea30847710c0d7e59070710100000
0657160891e9bd50e278080810100000
05ba4e07b34141b51aa2090910100000
05c3ae07c4f262d64aac0a0a10100000
0603a50807e37710ddf30b0b10100000
05db2c089876764d94320c0c10100000
0663a908801cd43797520d0d10100000
065d6e088fdf9a20b6c80e0e10100000
06568a08b75ea3542e0b0f0f10100000
06fd61094759f98ed69a000010100000
076b6809536fb52dccbe010110100000
07ebf708c211b1bd0ad5020210100000
0842c00924cbe503d157030310100000
0830030942ab3c73ed35040410100000
089d2a0961768397d5dc050510100000
088b6f09e18718faea89060610100000
089dc909ac831e674955070710100000
08189b08e65238221c47080810100000
08cbfa09a151f514d5a1090910100000
0902e5097a8399c123de0a0a10100000
088d3508d74901603ab90b0b10100000
08db5d08fc36c475b91f0c0c10100000
0841d70906ec3ab1a2080d0d10100000
085fbe090232b807b20e0e0e10100000
089c4f098d2adfe5b9030f0f10100000
07baf509091518345285000010100000
0735a108790d2fd93cb6010110100000
0737e608f8c6b4028a8e020210100000
067de5090df92b02e68a030310100000
065f1c08d8731daab7af040410100000
0620b70882e44532804d050510100000
06215107a45519940bfa060610100000
06784607601e755c051e070710100000
06bb070750fa7ae30d23080810100000
06140507094b4e128df2090910100000
063abd075f47c07979da0a0a10100000
0678fa0741603f9d1cd20b0b10100000
05e58d0746f53108beb40c0c10100000
0659b406e899aed843ac0d0d10100000
06733e0720a9d191ea1e0e0e10100000
05e4bd06948351642cdd0f0f10100000
0691cc072ed5c543ecd7000010100000
070a780758daa88566bb010110100000
0679f40791c7237ec37b020210100000
06f0d707666fa1e5bb32030310100000
0774e0079eb0a1b3eff0040410100000
073a5307ac760aa58e13050510100000
0787f007fe3867315dbc060610100000
08039b08e7ecf107eed2070710100000
07b74b09cbf12e93f128080810100000
082a0009af17c0c77118090910100000
0796100964372c892efa0a0a10100000
084d880a1664f715ceff0b0b10100000
082c280a00070fa8a8570c0c10100000
0783ee0a0e6c069e52110d0d10100000
079b2b0a0a22e8cee5d40e0e10100000
07d4300a06178a6928d20f0f10100000
07b0bb0943c9a1ce2a89000010100000
079ec6095b5396907e45010110100000
087467094447f91fac6f020210100000
080a5408c3f037d23adb030310100000
07ce680813a265c73fa2040410100000
08129f07a7074edc2178050510100000
08931807a740e7aa5df5060610100000
0835a807b3249397fab6070710100000
08e27e07a37edb69e182080810100000
088ace07f4726917c20c090910100000
0934f5084cd9d6b087610a0a10100000
0896e8087c825908fea80b0b10100000
0959b208d15fd272fd340c0c10100000
0a1ab908fc9fc7a57d510d0d10100000
09568b08413724a02a6c0e0e10100000
09722208cee8a600b6830f0f10100000
098eb1098f7dbe5deb1e000010100000
099b4f099683a32e854b010110100000
08ef84094d934d54637f020210100000
0934e409d4b27d32c1fa030310100000
09072309dfd338064ac3040410100000
09523e0aae1699f7efbb050510100000
08dd4a0a50a372b60082060610100000
0924d109c835db1e7248070710100000
089ba909269252413fdf080810100000
092e8e09456efbfce0e8090910100000
092ed108c0f9d6f302ec0a0a10100000
0903910858a02dc8964f0b0b10100000
08f813081f29c6f4c3bd0c0c10100000
083580088a5f0512e8870d0d10100000
08f54a08ee46e46a8e530e0e10100000
090dd0084719be860f560f0f10100000
090d7f08378bbe0cdb90000010100000
0891bf087a76276ec836010110100000
093dc308d097f958b9a0020210100000
091da008ff355d0ff098030310100000
09aa6a08e55cc4d030ea040410100000
09f247088235e1d48c94050510100000
0a5f4a09476ddfb9c5ba060610100000
0a154d090c7e91213759070710100000
0aa47b0992a1e16fc602080810100000
09af4909143d06ca6284090910100000
092e65099255560f81040a0a10100000
0a002609de49ff89e2430b0b10100000
09d9ec096c39a0ba51ad0c0c10100000
09f7ed08e42d2313607b0d0d10100000
09cd3e093f90b9bbe9b60e0e10100000
09773809c1fc688091c20f0f10100000
0934d108f1917ba50b25000010100000
09539a08ab3a463781df010110100000
08bd6508ce956323dcfb020210100000
094b4d084e0aeaf7700d030310100000
0920a908fc9f9a2cdf7f040410100000
0856bd0917e617e8a7db050510100000
0816d9087c759fd52a49060610100000
07c9fb089c01444356e5070710100000
0732d30873dd4a479dde080810100000
07ece808b8a0c0dfa747090910100000
07d4980873b83dbf3c1c0a0a10100000
07af78085556da69c3e10b0b10100000
0761fd08e0df533fdd360c0c10100000
0783ec08ad8245022d1e0d0d10100000
07506e083d0c863d79400e0e10100000
07bcd508186ed4e76d240f0f10100000
078036089b413f068df8000010100000
082bf608224bf1f708e9010110100000
07d1b507a6d008e26180020210100000
06f12407d1360a669a73030310100000
0734a10763d1dda9721a040410100000
07e73006e489ca772893050510100000
07e3a60773cc9c4bb98c060610100000
086c9b077424cd38573d070710100000
086473077b37421fa4f1080810100000
07ce4a070a2b2ab6363b090910100000
084875077114b7eaa3050a0a10100000
081cec07711caee0c3e90b0b10100000
086fe906a54ba63c11650c0c10100000
0859a106b2642eba3a370d0d10100000
08c2f4069de6ef9064c20e0e10100000
083a13068c624c065ba00f0f10100000
08a0ee06b754a5e1b8ea000010100000
088267070f73d3706108010110100000
0942440737f1c8bf89fe020210100000
09b60806b7f27e2a1a74030310100000
090f4a0717fa36ebd222040410100000
087a22071ec8354f2f61050510100000
081cb70671ad3ee00c71060610100000
084a91070ff0fb12f580070710100000
086667068eab5df523ac080810100000
0904e9070dd1c938b561090910100000
0862ab06bec415ac53f80a0a10100000
081c1c06a6cc6851abf10b0b10100000
085318076950dd38d3e90c0c10100000
089f8208154c7b24e6330d0d10100000
07bcf1087ea90cffce1f0e0e10100000
07a78608ffc3369bdcba0f0f10100000
0715cb0893d814264cff000010100000
06bb5f092fb17904fce1010110100000
06b5bb098569c31bdfb6020210100000
06df6909a5dfa7d83aea030310100000
06c5f50939011d776544040410100000
0725da09b24d9534a8ad050510100000
07393f0a54455245ae69060610100000
06d9af0a02b39b82a3ee070710100000
0755f00addc1da36feba080810100000
06c31c0b1dcb3664f56b090910100000
07516a0b3684a3fa6cb10a0a10100000
076b8f0abb6a827630d70b0b10100000
06dd100a8c7e4eb9a4fd0c0c10100000
0759cd09affff7e109b40d0d10100000
0836540936d0e98654f00e0e10100000
089346087f6f938d25590f0f10100000
08b9fb083ef73adb0c87000010100000
091f5e077175de672f5f010110100000
089363077ae23720e923020210100000
08a96f0766bfbde426c7030310100000
08cc4007102f40480eb4040410100000
08cc530685d995471e57050510100000
0928e5065e49aed786d9060610100000
0955cb05f467c8683a0c070710100000
08de3d05d36a62a8ddbd080810100000
09a6f504fe23ff1c2024090910100000
091d830588a21a88f7300a0a10100000
09911a056e37f60d166c0b0b10100000
09e5a0051412a33f4ad80c0c10100000
091f5905d829319acdcb0d0d10100000
08b63f066b0c806ce7d30e0e10100000
08bc6a064d6599b807b20f0f10100000
09541d072f41d28eee63000010100000
091db807a93aa802a958010110100000
09aa7906e57cc3e12565020210100000
095b48070a8b6eb34bd6030310100000
09652507eb9f4a25efc8040410100000
09b08908232fe0ab55e7050510100000
099c2a07b1d29a78157c060610100000
091db807a17249f629ac070710100000
094700078a4c8bf0c697080810100000
086d3807db942554716c090910100000
08a9c90712b857192e540a0a10100000
087ede0712f2cb2216a60b0b10100000
08cf4e075870f3af90560c0c10100000
09255b06b45787a729b20d0d10100000
08f89906363053aa69ac0e0e10100000
0921f50678bbc3144a3d0f0f10100000
08d072063529810baad1000010100000
0884a9061fd25c399401010110100000
08657e060a57a4b60fea020210100000
0863e905d18e6d1e130d030310100000
09188b05d627fec7f461040410100000
091a7506055be295851b050510100000
09577f05f414d7820435060610100000
09b5a606bc0aa81df1a2070710100000
097e8306b45e54cdbeeb080810100000
09d09c06dd42776d9a50090910100000
09ef5706b8ea75d409fc0a0a10100000
09673a07779d4305d5590b0b10100000
096727070f3df39c27f60c0c10100000
09b4e9077a99d569950e0d0d10100000
0a0d4d07785eac0e67710e0e10100000
09dfa507935c956c653b0f0f10100000
09af06072023506c3798000010100000
09c332074c9b7065c079010110100000
09947e0806c17602ca10020210100000
09be32086e7a96d27ac6030310100000
090ba30866464c38ec2d040410100000
08f7d80812a6ceca317b050510100000
08cb2f089722aad988b1060610100000
08ff80087c4bdc6ed6cb070710100000
098a660898addfb3db4d080810100000
09e5a308eb60d2aaed03090910100000
0a67be08fcd7f7ef1b730a0a10100000
0abe8508301e99cc08a00b0b10100000
0a70fe0874c5a6156c9d0c0c10100000
0a017608979365e1b7dc0d0d10100000
09874f08b45931e784370e0e10100000
094a270892f1584443d30f0f10100000
091a5d086ffe20a214a5000010100000
08ff530872a0555bc31b010110100000
08e950083b725fff92e2020210100000
086f2c0873321caeb286030310100000
08586707ddfa357356f5040410100000
084956089bd8bfb9ef59050510100000
07daab08f1b13c2ede8a060610100000
07ca5608d364cc19b87e070710100000
0766fd085d3e7c5a6527080810100000
06973207711502df00da090910100000
067340081bd3d3fdc6310a0a10100000
062e2708160b54b302d80b0b10100000
0661c307dc48d9b132da0c0c10100000
0626b707fbe32ad5d7770d0d10100000
06a7ec086734b31cef880e0e10100000
074eeb08f9b3ff43d6520f0f10100000
077c8008f5a54e371097000010100000
07d4940912bead6fe034010110100000
085432089d3adf9d1d5e020210100000
087cbe08196a453a2eb6030310100000
091df40883aed6a9c139040410100000
08f601081c2f97c687da050510100000
09579507c7009dc2895b060610100000
08be9f075c5d33234ddb070710100000
08ab2c07069f68e70f69080810100000
09708507f8bdc838f2f8090910100000
09316207e1b994daaf2d0a0a10100000
09887d0818e6abce3a050b0b10100000
093c6a08a21c8d9ebc100c0c10100000
098078087be46ee3b13f0d0d10100000
0994bb0808efc75f7c930e0e10100000
08b43b07e05b1ec3adbe0f0f10100000
08ba89084d6654857da2000010100000
08b78108252caa67b7fa010110100000
08b5a408ec1cddc0e44e020210100000
091a9009a154aa26e3ee030310100000
0920c5099517dcdeb4fc040410100000
09347909d5e2ab7ac8a5050510100000
0980380a1f06e981d27f060610100000
09509a0a51ce038580a3070710100000
0950430b3c566890f9f1080810100000
08bdbd0ad13a35b287dc090910100000
08350d0ac42d0c2aa2200a0a10100000
0807270ac2707de838480b0b10100000
08611c0a93e3e7938d830c0c10100000
084ab80a11b4587f2f100d0d10100000
07a33c0a2b521fe396310e0e10100000
08831f0a2bccfea6ae380f0f10100000
0904570a6c6cd5bdbe42000010100000
09218109f37ec7913f0c010110100000
08de6d09ba289aacaaf8020210100000
093084094bbffc3d7585030310100000
0946da08eaa5f33453e2040410100000
0961c5088f81c6656d81050510100000
08dce9085e4f64a5a14d060610100000
08dcc907e90203650b56070710100000
08edc807922d798fa31c080810100000
093b2a07a5c383149b72090910100000
0a1e11074670ef1142cd0a0a10100000
0a50c507dcb7b09cce8f0b0b10100000
09fc1e08429492ecf3600c0c10100000
09c0b408814e1d156dca0d0d10100000
09f159088d235088a2060e0e10100000
092ddb08beec3b28e0010f0f10100000
094686087bf4ee687b4a000010100000
0928da0880cda9e543e5010110100000
08a40f08bfd315e1e9fe020210100000
08057b088a8d5da9403f030310100000
0732e108f7fb209ac150040410100000
0706cd088dc59a51034b050510100000
07a0740830dcfe4c4464060610100000
07c81a0839b72b0b1431070710100000
08372a088e56e89ff7bb080810100000
0807ce08c98553b8d6a1090910100000
080489089033ebcc097b0a0a10100000
08061b08773eb22eb59a0b0b10100000
0773740788580045047a0c0c10100000
0756f9072c3e009a11b00d0d10100000
077a3c074f4873cbc5100e0e10100000
0800db0723f3c1c7b4ac0f0f10100000
07cc980781d1ba25d928000010100000
00d47f00a447d47fa447010101010000
019f38013b16cab996cf020202020000
01f4bc01c85155848d3b030303030000
02764402315281886901040404040000
0291ee03004a1baacef8050505050000
037650033e35e4623deb060606060000
03b3f3040bf63da3cdc1070707070000
0471a004ebe6bdaddff0080808080000
04b11f05399b3f7f4db5090909090000
04b1ef0545c300d00c280a0a0a0a0000
0533df05822f81f03c6c0b0b0b0b0000
059cd806541f68f9d1f00c0c0c0c0000
05b08107181713a9c3f80d0d0d0d0000
061645076a6165c4524a0e0e0e0e0000
0690e4082c4b7a9fc1ea0f0f0f0f0000
06de10088ce04d2c6095000010100000
06e9ea084e27e059658e010110100000
0676e2082d6657b1760e020210100000
0655960873633438d338030310100000
05f9320901b12524f74f040410100000
06882208d0d8aa9a9e1f050510100000
0686da08a49ce31a11af060610100000
065d7b089f9a1444c8bf070710100000
067df308b4d9de25f52f080810100000
0739b3092bb0fb3fc48c090910100000
07aa9409bf8771b19fff0a0a10100000
0742040a0af7196087dc0b0b10100000
0744c60a38576bbbff500c0c10100000
07dde909f12aaccc7ccb0d0d10100000
07c9990a722f5174d34f0e0e10100000
07bc7f0a87196d85d6d40f0f10100000
0860400a27d5f0ed0151000010100000
08110d0a9a749126d82d010110100000
085c7d0a3988a3211522020210100000
0870ae09fae548699495030310100000
08e85f0934719cd530db040410100000
09283809031eea736ccc050510100000
08654b093d44202d4bd5060610100000
09204d091349cf469ec4070710100000
08af470905c06d1fe7a6080810100000
0803f608b7614fee762d090910100000
08767e08a398e4398c360a0a10100000
087504086c5617e6509a0b0b10100000
087ebe086cd27575ffcc0c0c10100000
08310908b8fc5f17c8f50d0d10100000
08127608da5d32e1f4b00e0e10100000
07a6c108eb6701d0e7de0f0f10100000
07406c0949fc8a985fe6000010100000
0740f509287f91afb6b0010110100000
07596d09e7b4bb99d457020210100000
07f4970a3dc8e393eaa9030310100000
0854860a87cdfcc47ae0040410100000
0790160acc0b2603b10a050510100000
086b270affa5fb3e7f6f060610100000
083a520ab7749e715693070710100000
08ab850a36f3de526725080810100000
092c5d0a8349d0c6c283090910100000
08bce20a7acf74be83bc0a0a10100000
0943130b0eab9e17e4760b0b10100000
08f2ab0ab5c3250da6e40c0c10100000
0974780ac37ee0e4d6b00d0d10100000
09427f0a776100e8a8930e0e10100000
0a3d6009da44fcb14ac10f0f10100000
0a1dd3097ec56b0b0467000010100000
0a53fd090a2ec7d94219010110100000
09a7270923b60ec3eddf020210100000
095127090ae68d93d1d9030310100000
08a18208efa34d1f5f9d040410100000
09641c08a95ae89d6ac1050510100000
094f5b08ec05e67dc21a060610100000
095e8a0904a6ada06f34070710100000
097ebd097ca8fe85df27080810100000
08b6730957cb087c9da6090910100000
08e361098566a1acb1570a0a10100000
08710e0980be2bc4dfce0b0b10100000
087eea09981f32e9be450c0c10100000
085f4f097c2cc149babd0d0d10100000
08d15509bbb172eee8180e0e10100000
08603c0a15398b98a4490f0f10100000
08aed70a4817b9a63745000010100000
08b8110acef2d113c8f4010110100000
08ebb90a99d3426bb8c0020210100000
08826d09e08b24471891030310100000
0855040a29411fb6a853040410100000
08098d0a5b729d269cf2050510100000
080ba50a05bce8956c64060610100000
081edb09aeaac0d61822070710100000
072d7c09b7df0d26e85c080810100000
080e8a095649e98a3c10090910100000
080b9b0980939ebddba10a0a10100000
08a44308b6bec46c15f90b0b10100000
0917210802f8a5c70a7f0c0c10100000
08f24b081f099c73d6ce0d0d10100000
093b6f0754f7bc121e060e0e10100000
099e810755e9eeaaa53b0f0f10100000
09c80207221ee327037a000010100000
091e8b066cd6279c13ac010110100000
09444205deba68222aa4020210100000
096a8f065c0d4a9495e4030310100000
0a2b30063772e05783b8040410100000
09db19062d3b4d0f92bb050510100000
09aa5305e8d8b7cf2801060610100000
099343061943a9c6488d070710100000
0a849905af50fe7c7e69080810100000
0a250105f08189f27d41090910100000
09894606017c0302ec9c0a0a10100000
097a60065a61b5866ede0b0b10100000
09d04b06ab7bfbb25b990c0c10100000
0956cf06138322f73ed60d0d10100000
09530806c080b84bcb030e0e10100000
0923bf070b9ebf61f0590f0f10100000
08d3fc07fdd49364f5b0000010100000
08bedc07ec04127c01dc010110100000
088de908bffa372ffe9a020210100000
08cd6f0890be8a1a66a8030310100000
08497a08c4cd5c62b7c7040410100000
088302091ead8697ec9b050510100000
07e53e09045a1a0b0dae060610100000
076cf8099a923180dec5070710100000
0729e309223ebb670615080810100000
06eb5509136d4b646e70090910100000
06ea0d08fa1101bad3400a0a10100000
06ec95091843b80e8d100b0b10100000
06448b091a3953a85d8f0c0c10100000
06df150939a2bd815e3f0d0d10100000
06a6660870557f9c01b60e0e10100000
06d2f907b061ebf430650f0f10100000
06c618072aab86836ffa000010100000
0747a707e97e940bc0af010110100000
0743e9074cc0337161dc020210100000
079c2707d775e258f15d030310100000
07563807ee351673ce87040410100000
076b9807787b9bf776e1050510100000
07802f0800392ea2956c060610100000
07629507870713e66593070710100000
0744140786be9ce605cc080810100000
07f086071d21f7d604d3090910100000
08e2d3068414f4073a330a0a10100000
083b30063150106b3a4c0b0b10100000
07e8de0660fb01568d3a0c0c10100000
07354e060d9209f10ad60d0d10100000
070bcc06dfe9561ad40d0e0e10100000
06da6f06d1b5ba9722310f0f10100000
06a71106d83c53257681000010100000
068fca066dee7cc45661010110100000
071e7e070b53c225ff41020210100000
06427d06255106570b5b030310100000
069bae0562346fa40b6a040410100000
067a02051f7d7a4b342a050510100000
06f05904d17da4f9476c060610100000
06e5bc049af809492f0e070710100000
064e830577b605ade28a080810100000
0588f30589703246168d090910100000
054b6d060574b681b6370a0a10100000
0593fb061c2458f950fc0b0b10100000
062a8e0642fa97e9b4100c0c10100000
0691bc06e637711fae130d0d10100000
06b867069fb97cc58d8f0e0e10100000
06cdea0708ead01a8b620f0f10100000
06a35b06f16328965efa000010100000
0677e006a35a51490858010110100000
05d9e605b16c242b0d53020210100000
06881505d839b4863228030310100000
06ced3061cd3b6625004040410100000
070fa006da32bb18f189050510100000
06c57f07557d5ad8c2b7060610100000
074891080add8c5be46e070710100000
07b68207d7aa739eaf57080810100000
07fd47089419790bd2fc090910100000
08122c07f2f7cb6615150a0a10100000
0868e907b704afb615090b0b10100000
0815f60739fa44f637060c0c10100000
088e5e07200be98794240d0d10100000
08a65407116d94bb7ef10e0e10100000
08a463068a7cce2904710f0f10100000
08a12306fd182556d196000010100000
08900507a1f9402bad39010110100000
0876d707975d0afd02b7020210100000
085df607e0cc9ba57b97030310100000
08748907ec94ccf55bcc040410100000
086b7d07c516b20cca0b050510100000
09106307d47affbed21b060610100000
08f14107336d6d394361070710100000
08f25506b8c974b234b3080810100000
08fec006e4608576fe93090910100000
092566074e20f20c7ed50a0a10100000
08f2ce07947c7d1e5b650b0b10100000
08dd5c08520c2f84f4960c0c10100000
089abc07fc06a6e73e1e0d0d10100000
08ed6507b966e7643c510e0e10100000
08693107bccb49f507d60f0f10100000
08782507cfb9344ae484000010100000
08929507c3515a9ba0d1010110100000
097c6908bac6f4d1fa2c020210100000
09340808e5445344a615030310100000
0875ba0897c60ea70e4e040410100000
07dc6808bee018baf125050510100000
06f1780868bc14ce7bf7060610100000
072a2a08956fa5eb7014070710100000
072d0a0874fd77921441080810100000
077c1b079681d4872017090910100000
06a1ee07729117df5ae50a0a10100000
06ec3a074c4cc76a35200b0b10100000
07a355073a40e69fe28a0c0c10100000
07c2a90756cdc63b5aab0d0d10100000
0797d507fdf3bc90e3770e0e10100000
07cc410838da7e6142bd0f0f10100000
07f3d807c4f85be170a2000010100000
07aab7072bfc117a07d5010110100000
071e050655dc681f240c020210100000
077a160687bfaf55d7f8030310100000
08172706f8c5abb87f54040410100000
084882068e984a1586f8050510100000
091c5506855ae8a172b9060610100000
089f1f06a52628b58fe0070710100000
08b4d00723d68d4392f1080810100000
08804e079930a0059571090910100000
0947160751c2dea713770a0a10100000
08f6ef07dd827743c0e00b0b10100000
0835d4070e09258413110c0c10100000
07af2007a1443f87ede60d0d10100000
077f08074bf18c788e240e0e10100000
07e01a07f5dfdf73ecab0f0f10100000
082636083584a1fdb047000010100000
09117208ce57fcb6a0a8010110100000
08c03f097cd716ecd28c020210100000
082b0b0942571a219d78030310100000
081d9b09614e9e489e4b040410100000
0852d8096e937f52943d050510100000
077d2b099f7512f4a39b060610100000
07cabe09bb537648abbe070710100000
07430e09bc35059393d3080810100000
079f6709b918fc5e9254090910100000
0762d50a8589a215dfe80a0a10100000
0794530ab49ba8c1eff20b0b10100000
077ddb0b90720f0ceee80c0c10100000
07d2910b926a943defde0d0d10100000
07c1110bcedc7af8ca960e0e10100000
06fd860bda931be8f8620f0f10100000
0725750bf406c9ecc9ba000010100000
0720ee0bb55ef82f6200010110100000
071ff70b134515f53073020210100000
074b5a0aa40a45842e3d030310100000
06e4830aa33a37719d7b040410100000
06c03f0a3f645b0e3067050510100000
06eb7209a9213e270d58060610100000
06fe5309d9168929dbb3070710100000
0778a209d2e07fe28d9d080810100000
06e53b0942fd68f70271090910100000
06d0c608c13f8da05e2a0a0a10100000
06621007f9a63a0b28590b0b10100000
06c04107f7536d3dec950c0c10100000
06cea6070e93a2a2071e0d0d10100000
06970a0700e6435cbce90e0e10100000
076e37065a2ff31551ab0f0f10100000
07496105cdc2a5163d4d000010100000
07254a0617c4d418ac02010110100000
0748f306ab29399ec3d8020210100000
07baba0702bcb74b85d0030310100000
07a9f206d16326a96c22040410100000
07d52b07981c8647f720050510100000
08604107f0d8c93d6614060610100000
08621b07caea8b03b5c5070710100000
083bd507c329599c85dc080810100000
084e6a0887f57b8cc73d090910100000
07fb6308850b3a995b400a0a10100000
08bba108bde6fa4961340b0b10100000
08a6db089d4b5877cbfa0c0c10100000
08c1e809471dbdafb0f00d0d10100000
08c655095a2e47c9cffa0e0e10100000
08c985097e18f64575950f0f10100000
08ae17098cb489a84be9000010100000
08929708fc49b8981b97010110100000
08819f08a5d128a66d60020210100000
083b3408be7c70e09e7b030310100000
08bf070898ecaa7c4692040410100000
091af9083595e23993c9050510100000
08a5b4081d8753f84e06060610100000
08671f07b4894c6e4cc7070710100000
08fea0074e42f11d1f95080810100000
08cdba06d1074aa64a02090910100000
08f08406a3cd5d632e060a0a10100000
08eb62065db7f5271b1e0b0b10100000
09633205abd3d0471a160c0c10100000
09343105d66c8eaedb890d0d10100000
09b90505c2b3cc9dbc410e0e10100000
08ef5d0616c42c9dc9a60f0f10100000
0882c205de8b1d0d13b0000010100000
08493e05de9f7f141bab010110100000
085844066b8237acfa43020210100000
08621f063e217abb711a030310100000
085a7a063275a2d73ae6040410100000
07fbba0645918379a6e5050510100000
08751606dfd4cd54e849060610100000
0904f907045ddc517150070710100000
08996907a001858dbb39080810100000
08b1d107bd4a630e674b090910100000
0902ce07c0b0ae60316c0a0a10100000
08f5c507f443e81e4eb10b0b10100000
08a2020872337c8498060c0c10100000
0886940854817340bdd70d0d10100000
088c9b07d1e1d2a439a10e0e10100000
08815d075ee6215f56ab0f0f10100000
0930850826ebcc35dbb5000010100000
08ce4b082fd11cda2491010110100000
096f49073945d8aa03b7020210100000
0970b207411a7c2478ef030310100000
0991aa07d2aec3cfcc7a040410100000
097ca107a0816e7074b8050510100000
09920806ba9ee2bb0266060610100000
09ab23066a90f56c2142070710100000
0a21b306175dfc1d6806080810100000
0a82d6063452c4318440090910100000
0a33ec06325b5f762f750a0a10100000
0979ef06dec72e21fb1d0b0b10100000
09e6e006ebeee975a52d0c0c10100000
0a61d406bf45ee34912e0d0d10100000
09d1e606bfbb42b63a170e0e10100000
0a282906b1fd77a248ed0f0f10100000
09f3e405e91397f012cb000010100000
0a13b9067ef23cafba70010110100000
0a22fb075f17e7ece3dc020210100000
09f7dd0786bf5106a097030310100000
09df0307a888aaf5ee43040410100000
0992a807916722155d97050510100000
08b77508183207888931060610100000
082b0008624968f76b59070710100000
0747e00889cb18fd8f88080810100000
076dc108d8e3ea12d358090910100000
07357308e1992728382b0a0a10100000
07229507f5a71b430f2b0b0b10100000
06471e082ff20dfedf780c0c10100000
0602cf085244a9e5b3800d0d10100000
06939308c835d37ab0080e0e10100000
069720095e1f7b2fded70f0f10100000
0615f40a410b16c4f5b7000010100000
06a4e909af83cba428e8010110100000
05ee9409298031975dd9020210100000
063414094bb09686c2c7030310100000
067e4b087e10f52c20a3040410100000
066e2b0840a911f52030050510100000
06e189087b777ae6c3ff060610100000
0748d20811fed04001e0070710100000
07f5430871b2c56eef3c080810100000
0755860813c84a55756e090910100000
07743f07ee0745e1126a0a0a10100000
0783a5083ec72aa95feb0b0b10100000
0851ea076f21dc430fd20c0c10100000
07ad02075e7604fda2d50d0d10100000
07703a075e2796b2afb90e0e10100000
07b63506f6dfc12a778f0f0f10100000
0899a0069280fa2f9158000010100000
07fd5507634a2f59f9b2010110100000
0878940743bcacd63e4b020210100000
08667706eae4846969ef030310100000
07fb0e0729d789c35f96040410100000
08d2cd07b926e9b4af7f050510100000
08daf207e571830bf04a060610100000
090a2b088562ff79a1d1070710100000
08e01907d81b9b5c41f5080810100000
092be007effe961c8d51090910100000
093fcd08a52959cec7950a0a10100000
09f14c0939d4dc28f4960b0b10100000
097dd70a1b6568cef1630c0c10100000
0a0be30a45fa9309cd6a0d0d10100000
0a5ae10a0474e5b06e330e0e10100000
0a658a0a3e08cbd3b1230f0f10100000
09c9530aab2f5df8fe7f000010100000
0a08470a9c156e4dea98010110100000
09c0d90ac67c656868b2020210100000
09631b0ae72d26ab8aa0030310100000
09b2c40ac6c3d96c3f2c040410100000
0932650aa77869559034050510100000
094d650a3c4b9e0b851d060610100000
0913c709a76ac5db0cf0070710100000
087c5209e91f03e783aa080810100000
089c8109ac02b64b5034090910100000
09234309cb18e090e6ab0a0a10100000
089f58090fa2583d39200b0b10100000
088a0208f86a5378da2b0c0c10100000
0829b40854b232bb29b20d0d10100000
082f8c0857aceb88712d0e0e10100000
0825ae082d2bc1f586a20f0f10100000
083b94073ff873de114c000010100000
07dbb106bb520e6a65f2010110100000
077ec8070fd4087fbd34020210100000
07bbe90740c263ccbb8e030310100000
06fd3007c41b1ab3c285040410100000
06a55607d06f117b9c88050510100000
06dc8f084691d544fb3f060610100000
069d630889b086af500f070710100000
07589808377cbf1c3176080810100000
0781a907f808df5c10c0090910100000
0740990770d89f805f7b0a0a10100000
070dbc07efc82560b8100b0b10100000
07b549077728fb05618b0c0c10100000
0788160835b00588e83a0d0d10100000
07401c08512da38e8caa0e0e10100000
06f6ff07daea78d8105f0f0f10100000
074bce07d4f1c8ad0b53000010100000
07703107897532cd1a76010110100000
07e78b07af5f7fd9e31e020210100000
083eeb071f19bb2c2b48030310100000
08b85506a49f941d480b040410100000
08fe37061100575d08e9050510100000
08364e055a1d0d5b445c060610100000
07e6c205f5d93723ebcb070710100000
07fc6e0679c8d4c8b565080810100000
073dc207200220b0b6fa090910100000
06eb900777154d4eb68e0a0a10100000
07b3dd06fee2edad3fdd0b0b10100000
075d9e06e2b7a4c645600c0c10100000
083d7906e197e563e71a0d0d10100000
07c3a506c4d329ba6fe60e0e10100000
081023074a7fc556960b0f0f10100000
07a91707f45b61a1b52f000010100000
084d2308c59ed6d9ebb9010110100000
083b3507f44e6deb11ce020210100000
08077b07eb738772226d030310100000
08018f07cc6e8e312906040410100000
081b0f0800a170dd3d1c050510100000
090cfe08aec7ff4af282060610100000
08d92007e90003452604070710100000
08d65c07bc00d2048865080810100000
08bec20715930916108d090910100000
08e83106c21276bd630d0a0a10100000
08c49d072f5bca19ad260b0b10100000
0830ce0739c910f74fce0c0c10100000
08360d074d76eaa2fac70d0d10100000
088c2a07c5e27fd7e8520e0e10100000
08c44007de70fd6cae990f0f10100000
08be6d07fcc05bced37f000010100000
08bfff072a75d86b196e010110100000
08d9390784f687256c4f020210100000
08ad9007c2fd5bc96074030310100000
08fd44081922dde57f2b040410100000
08ea5a0822eb5df346e5050510100000
086ea208286a8392f801060610100000
092beb088f12c08e8cac070710100000
09437c08e710e995e063080810100000
09fd4209b58ac2dcdf07090910100000
09b7200a2ad3309bd8560a0a10100000
09652909ed6278226fb50b0b10100000
09601f0a5e2e0bedc09a0c0c10100000
0942e40a2218cd67beb10d0d10100000
091a1f099ff35712662d0e0e10100000
0821d40957c90521666f0f0f10100000
07dfc8089bea19c217a0000010100000
0784b7089e7c7d5a1c00010110100000
07233b090ef425a9dcc7020210100000
07be9708fffef725517e030310100000
07891308d568a8615495040410100000
07eb6a094deac04abf67050510100000
079f2d08a18337554b9a060610100000
06f8d7083cc61a3827ef070710100000
064b5c080d463c1ab0e3080810100000
05dcbc081f74543cf135090910100000
0669e107ffc2bdc0b8a40a0a10100000
0635610800ac43a2709f0b0b10100000
0706df07f5e7dd6bb5d50c0c10100000
06cf68081a8b95f0e3550d0d10100000
070ddc080de7958659890e0e10100000
07a64f07d1959d942a1d0f0f10100000
07d39907bbb1470c01bc000010100000
08101707e484b9d844d3010110100000
085ba70710e071390923020210100000
07a1f307781b3d71b8b9030310100000
07325c08060238cae27c040410100000
06b36b075d2f41591694050510100000
06d37b07305d57651ec8060610100000
07b02407c8cef6e1c060070710100000
079d5c07929e29527ab3080810100000
082d520798a9e432f740090910100000
07ddb80751036e2670fe0a0a10100000
07ca4507cd7f302fed1b0b0b10100000
0757d8072cbe6afe15140c0c10100000
074e39064c878c51031e0d0d10100000
078a6106df88d1aeec8a0e0e10100000
074a1207080c5d4552a10f0f10100000
073b4707731538416cc5000010100000
06beb2080dd43d43df92010110100000
06c82c08505b7ab34baa020210100000
07013a079ee1767f073f030310100000
07429e06faf97a2e3e94040410100000
07a7cf06e94ea68a04e9050510100000
0756f7073477068d69f1060610100000
06bc04068c205bee1809070710100000
06995b06750706a9639a080810100000
063d1a05ef8887f171c1090910100000
0685cc05c5adb6d847230a0a10100000
06adc60591555829b8c30b0b10100000
0654e7064d4b121fd10a0c0c10100000
061963071a0450cdcfd70d0d10100000
05ac98069cd364e36f590e0e10100000
063c3c06a206ece957d40f0f10100000
06a21e06b59b9e23805a000010100000
06afd30649904af87387010110100000
067128064f2f3c085149020210100000
06b70c0657d5bc630fe5030310100000
07239e067fb7e6c06676040410100000
06b16306a708344f2c3a050510100000
0716dc06d3666c06964f060610100000
0798d407b87cdde6fd1f070710100000
07e8da07789e56af23bc080810100000
080fd307338caeea2caf090910100000
07b6d8070d1d5ddd20b40a0a10100000
07ff4b072f4ea09cdaf40b0b10100000
0880c40661e09398039c0c0c10100000
08c0ed061b7790f6896e0d0d10100000
08b86c0612455c6266270e0e10100000
08355f05e40f69dc299e0f0f10100000
080f8a0616c4784eb30f000010100000
00242000f6752420f675010101010000
003df001dfb919d0e944020202020000
013a6f02bb84fc7fdbcb030303030000
0211dc036259d76da6d5040404040000
02698b043bbb57afd962050505050000
02c81004459b5e8509e0060606060000
03602a050224981abc89070707070000
04419d06012ae173ff06080808080000
053278068a4af0db8920090909090000
05a31106bf46709934fc0a0a0a0a0000
066364078c8cc053cd460b0b0b0b0000
073193085f91ce2fd3050c0c0c0c0000
07736f0933e541dcd4540d0d0d0d0000
07d91609853965a751540e0e0e0e0000
0865750a31f58c5facbc0f0f0f0f0000
08c48a0b13035f15e10e000010100000
0906ee0acd4d6684b0bf010110100000
09a31d0aa6f6b5ffc2ed020210100000
0935ae09cf228f1003f7030310100000
08c8490a1b2b6a08f2de040410100000
08bf3809b89e4e9e76d5050510100000
08e3520a153b829f667d060610100000
0880290a3d3734f1e485070710100000
07f97209cd535abc8f22080810100000
07dc730a3dacd3dcf979090910100000
077ef80a37a4131e2ef40a0a10100000
07bc3e0a3b53fd99d0f50b0b10100000
0746620a47715853df230c0c10100000
0785bc0986d7813613ba0d0d10100000
0770be09d04b50a99ac80e0e10100000
071ebd09dacb3a5eb73c0f0f10100000
074279099d9982d1a3dc000010100000
07723e09ab139649be39010110100000
07b419097ec7f7da96a1020210100000
07c64c097d25a1430255030310100000
0840e208e5bae49e5b73040410100000
080bab08e26c19677387050510100000
07ba79089408316d1819060610100000
07ea5c07fc1c64d44c99070710100000
081f7a0789ef8fda1cf5080810100000
0781b506fb9136176b1b090910100000
07a9e107022a3b4a358d0a0a10100000
074803071fb49bbbee7f0b0b10100000
07d42e06f1b8e47eb1270c0c10100000
0846a3077f18f3aba11a0d0d10100000
0802ff0740530d055c030e0e10100000
08b4f506d4ebec544bd40f0f10100000
08723f06fcca401bcbbb000010100000
0845a006ae1e69aa6f8d010110100000
0772ad06cde824e7b66b020210100000
06e7d80791cf166ec63c030310100000
06454a07dee84210a88c040410100000
06a5b407e98479d17e23050510100000
06fabf085e4886788cdd060610100000
06e991081ca853a60af9070710100000
06dba308edd281ecee1f080810100000
06f2260946494c9ac392090910100000
07555109341f9e7523630a0a10100000
075db309175fa41dd1bf0b0b10100000
07568308d699dd4e70610c0c10100000
0684550873b9217d3e3a0d0d10100000
06fea2086a508752529a0e0e10100000
06a06408d91c8e16baa00f0f10100000
071a52089555ba0987f4000010100000
06c7fd0912001755ec38010110100000
075ac908ef1fb7b3938a020210100000
07b6eb0878c972904fe6030310100000
0829b307f905b4d828c8040410100000
07f83b07c2e448594802050510100000
07ad6c0790053ba959fe060610100000
07e00c07d6d4864651c8070710100000
0838b6078a1ada96a165080810100000
08551a07618868fe9b00090910100000
082c8407a22c75df64070a0a10100000
084b2307c7eec2bcf7810b0b10100000
079e4707e3c430728c370c0c10100000
086a0f088183ed45dbf90d0d10100000
08bac6088150d80952670e0e10100000
091fda085458f32a8da80f0f10100000
095bfa082811f6295bad000010100000
09e1eb0790ae9d4654d5010110100000
09400707735b15cf7637020210100000
099d59072876cfe20501030310100000
09d70307f7dbee82f82d040410100000
0a7cc70831eaee1d8211050510100000
0a6f370806232e192e37060610100000
0abd610800d3d4704c78070710100000
0ab92707d886d65c7918080810100000
0a85c8082481359fe6fb090910100000
0a2f7408a7e91f8be76f0a0a10100000
09953b0861c12883b1590b0b10100000
0a200a08c40ebb41ee840c0c10100000
09fe9608bfabcbd1d7960d0d10100000
09e27d08f798bbf08a540e0e10100000
095f2708c1656fd457750f0f10100000
09599808e7eaf09a8232000010100000
09240908d63d67b74328010110100000
0999af091eb08b75beaa020210100000
09989009b492cec39ae3030310100000
08d1200976ba2712ba55040410100000
08b292099e46cf8fa99d050510100000
08f2af09e82f6e367820060610100000
08d41b0a31f6b5dc963f070710100000
08d9fc09eeb3dc3d35d5080810100000
094872093145a415298d090910100000
093e070907c41520bdee0a0a10100000
09912c0892e07ba83c750b0b10100000
09b0f807e795db0d43390c0c10100000
09398707aca254609ca30d0d10100000
092eb407c25bb11da00d0e0e10100000
09621d07fc24a33d913e0f0f10100000
08f4c90868648346ee72000010100000
08ca8708bb053d7595c9010110100000
0870e008d9e231cedd87020210100000
07dab0083fb9389300ba030310100000
082cfd0884bd795fff59040410100000
07a589087f6c481ba44c050510100000
081706087996dfb3724a060610100000
081a1d0867eeb8f38497070710100000
07e4c308b5d2a6e383b9080810100000
0759e50941041937b4bf090910100000
0828ad08854ce3e802360a0a10100000
0873b8090754c6b3be7d0b0b10100000
07c20308d19429580d790c0c10100000
079f96087e1731f349260d0d10100000
0721f7088e6b337eb0610e0e10100000
06e8e908878e6a2f8a610f0f10100000
076220082373fc7d8a57000010100000
07a25e07d3767db345cc010110100000
0772880721c301f82bd4020210100000
07607007896a267b6861030310100000
0731c70696624ab60c51040410100000
07291406a2c83f68b0b2050510100000
070f1c072ae5c5bbfa67060610100000
06d03a075b5c7a11b50e070710100000
06c128074f4497d177a1080810100000
071523078b236d32f09e090910100000
06381808555806ddcc6b0a0a10100000
05be9507d7264d30404b0b0b10100000
05fb2207deae65e515010c0c10100000
0630cc07f3b6679d5e2e0d0d10100000
064ae9077d094d9b39b40e0e10100000
06c5330757b9e47965110f0f10100000
06769907ba2dade3eccb000010100000
06ea6c07cfb3f1865b52010110100000
0782e707de899a733aaa020210100000
0781aa077c87253e065f030310100000
0803ee07ce53ccfa5e1d040410100000
0854a50793ff901f765e050510100000
07ca9b06a3b53bb10a1d060610100000
07acc8062c855c3e3dde070710100000
07f8ca065bc4e3d3a6e0080810100000
07cfd90659674441ee41090910100000
08b0a20675bee7a6e8c20a0a10100000
08cdb506dada6a43a5670b0b10100000
086c4e070602047e40290c0c10100000
08061407788e0163d0ba0d0d10100000
07ef36081f9736bde0bd0e0e10100000
07711f0861776662a6f10f0f10100000
075c2b0867f798eff34b000010100000
06eaad084548800838a3010110100000
0713f708baa5c3bdb007020210100000
07a0cf094426b2168fe0030310100000
07c84309d48df46eee84040410100000
0803530a270ecb2fc8df050510100000
0817050ad1fa4f63b509060610100000
0859430b32e59e7c9ec9070710100000
077c180a9f9b06a81396080810100000
07f2da0a7be7bb03ca8d090910100000
070be009f4fe00ac61d90a0a10100000
0729f8098f55885b3fbe0b0b10100000
07e00509f763ba8ba8370c0c10100000
08461d095255677b2bac0d0d10100000
085f9b08feab503b8d130e0e10100000
0807960909850e5db1cb0f0f10100000
077ec2090806101bf1cc000010100000
07ed3b0968bfee81995c010110100000
07be2d09243294af6b7a020210100000
07acf7098139a0e0ece7030310100000
07907b08ea04d7f2574f040410100000
0749a508d3948459b26f050510100000
070145082c2207030d97060610100000
06ffd2079d7e9d091025070710100000
07be4b084b65c521c17d080810100000
07846307b7ef811b3717090910100000
07ca7807f94346c1a32d0a0a10100000
07ed7c07e3f3ab5f2a6e0b0b10100000
07fad10770cdc7e035110c0c10100000
08606c0748afcd16038e0d0d10100000
0894c2073dd4849182380e0e10100000
0899d1077852136cec490f0f10100000
08d5b206ac8e4bfc2608000010100000
089e0006a045b6cf8d13010110100000
0847ed06d7633e9ca298020210100000
07f6ac0660df4f9f7663030310100000
07642d06795945736fc9040410100000
071fb0061b403fdc5456050510100000
07a8cf0704639022f6ba060610100000
07763707b72e6a71c2f0070710100000
0780c2074ae0cfac552f080810100000
07ef4e07d0a3efa7bcda090910100000
08468c073ba89dff0e320a0a10100000
088b9407d82ef067c6f40b0b10100000
089bea0854ced836b1b10c0c10100000
07e06a08ac5d11965b1d0d0d10100000
08346508a316d88c78f10e0e10100000
090701080bebe608551e0f0f10100000
08e4210853fd291c6e1a000010100000
083526089e8807d4d79e010110100000
08d59408f61fdf0afa2f020210100000
089af308e47214fe64b6030310100000
08ee4608fd5998c688b0040410100000
0981d308bed8d36915d5050510100000
09833f088828918ec00a060610100000
097b6607c6726298013a070710100000
091db308323d71f9c0fa080810100000
085ecc07bca430c04741090910100000
08ab9307ebe3eac63d710a0a10100000
0814740762e159483df20b0b10100000
075ca106dcae20632b7e0c0c10100000
08160e06e7f7cb0366660d0d10100000
08181e0755e3da9ce6dd0e0e10100000
07e530074fbeb31a4ef90f0f10100000
07d1e407469515d064f1000010100000
08367b06dbcb6c6b6cd4010110100000
07addc06766a566b94ce020210100000
086f01066055d6234ea1030310100000
08c95105dafef3160359040410100000
082a2305d0db343b0bb2050510100000
080d95053e9075002dbf060610100000
087d510551ddd2541487070710100000
08684904e8dd5cf157fa080810100000
08552b0589e11da2e845090910100000
07cfd105b696656c6a260a0a10100000
0873f2058630fd690d8c0b0b10100000
088da905673b3a1a0c890c0c10100000
0885e0053c1ec33a3b490d0d10100000
084a430535669effe0250e0e10100000
081acf05818d83a69b200f0f10100000
0838b205b48533b397e9000010100000
07ea41063cca1dfaf519010110100000
082a9a05dedd96c436e1020210100000
07edad05dfe199364fa5030310100000
0711b4064ff0171d7368040410100000
07998d06de8ebc149a50050510100000
07834d07930c5ec0e23d060610100000
0758070817c8a70e9943070710100000
074e9c082c6953866c9b080810100000
079830074d11673608ed090910100000
07a8bb07c14975f7de5e0a0a10100000
0763c107b767b86f03aa0b0b10100000
074740082c091d99812b0c0c10100000
07107408c65d8c6ed59d0d0d10100000
076421081754f2ac311c0e0e10100000
076cda0804558c5f88210f0f10100000
077f5f079a2f46382dc3000010100000
07b5db07a4e75476ffd1010110100000
0803950863efe47ef5e9020210100000
0805d60898bb9b778471030310100000
08202b08839b31725e48040410100000
079e4c0841c13a355876050510100000
08184e07833fd8c223bb060610100000
07dd4d07482c6c0d5e30070710100000
08039a07847379d3a8e2080810100000
087a3e0785a6ddda0a20090910100000
0894dd074aa39096a35b0a0a10100000
08007907b63b240b6f420b0b10100000
088b2307e3b8a843aea80c0c10100000
08743c07759e758767830d0d10100000
0827b7082031a627dbaf0e0e10100000
08574807d860bbf040500f0f10100000
08515a07c656404a1bb9000010100000
08150c06eecf1828284a010110100000
07a3d006d1227342d83c020210100000
0760d806ce65587f81b4030310100000
07f192073336c22cc319040410100000
07fcd9074c90457c71d0050510100000
078d7a07bcf769639422060610100000
07817b07d989600e7ac2070710100000
07573b07522c4f932185080810100000
06ad7407723934132a2d090910100000
066151079b9a4473ccbc0a0a10100000
06f74e077ce4ba08508c0b0b10100000
074d0407ba99fdf9ec5d0c0c10100000
06e7af082d501032da3a0d0d10100000
064da2076bf10c1a1a500e0e10100000
0643b30822ceb201f72d0f0f10100000
069e6c085d769b035661000010100000
06f912086afd72ce35d1010110100000
0696f70888901127f5cf020210100000
06fce9086dd1be7166f5030310100000
06ddea08662aa32dbb72040410100000
06fb6a0834d262fc4078050510100000
0787ca0877a1f5c3d6f1060610100000
07f594086e43cdd87164070710100000
087f6808661bd967195d080810100000
091f6508feced410c2e0090910100000
09626f091cff877deaed0a0a10100000
0989a209ab80e13bdf0d0b0b10100000
0986ae09a01dfb05e0fa0c0c10100000
09af4e097eb138d2b8ce0d0d10100000
09d7e6098ff134b22b900e0e10100000
09dd8d08a5ceb7a80d0a0f0f10100000
0985ab08a24f432152e2000010100000
09f239091b07df5cae89010110100000
09e6c4090adf05b2e5a7020210100000
09361f08db360dcc374c030310100000
0921aa08abdb8eb88c17040410100000
09133008e2ed5482778a050510100000
08ba550882b29ce876b6060610100000
088ea0083cd6a2232b88070710100000
0898660846ace32d2333080810100000
0821f10788405d9b0474090910100000
088edd077f20f469e1cd0a0a10100000
084ec1072c0ba11f8bf80b0b10100000
07e85a06ea95949e9f840c0c10100000
0820d806b5117150834a0d0d10100000
08899906bcb99d7333380e0e10100000
087626072c51a4357ca20f0f10100000
08c9d1070fc296cc3653000010100000
087d6806d67c92f37543010110100000
096ef006c4bcf73ad3e7020210100000
0a2e480761b9cd24d449030310100000
0a6af507c55bcb65efb9040410100000
0b0cdf0821a5f66cd3d4050510100000
0ada50083cc06a5991d1060610100000
0ac402087b0a8bd569d2070710100000
0adc00089283fb2b3aac080810100000
0b3ade09014abc79733b090910100000
0a7148086c0e2ad34c910a0a10100000
0a45ad081e4275843e2c0b0b10100000
09e5ba0801bd34ab82ff0c0c10100000
0a7096084f0ffc2cd09c0d0d10100000
0a404108b8016d1e9c2a0e0e10100000
09c1460843d6253a08770f0f10100000
0a23c9081559f94f07d6000010100000
0a7f100865c7ee3ac5b1010110100000
09aed20890c226fcfee2020210100000
095b570836bd79a97a44030310100000
093c91076cc2ac9f25be040410100000
08bed20739b478ada0c6050510100000
0926c8077232d24fca4f060610100000
097e1407f919e321f0b9070710100000
091a6d08a8e49784ea77080810100000
0862a008946e04ac5ec5090910100000
09151e089c24dd5154470a0a10100000
08dbbc08ee503c2290580b0b10100000
09090708e07f61f6752e0c0c10100000
084bc7085f313eec4f4e0d0d10100000
088ac30836d8ac1a73d10e0e10100000
08e25f086ce87cd63e870f0f10100000
08303608a5a247264090000010100000
07f202088858b006a867010110100000
080c05078bc940ff0253020210100000
07cd7a07a7b43b1e962f030310100000
07364c07b6b1157134bb040410100000
07434d072c5485ae1669050510100000
06b390074bc44292e9bf060610100000
06c9ad0693bff93e38b4070710100000
0704f705ced3d2ce258b080810100000
0775940648837549d875090910100000
07525406b971ba11c5350a0a10100000
07761906a4255fe77b0c0b0b10100000
078671068ced724e5df60c0c10100000
0802de069ac7bb595d280d0d10100000
0779c906a6d923057fe30e0e10100000
07e5f7071a45e904b1f30f0f10100000
07bdf4075c7f1f2382ca000010100000
074e160749f6402895de010110100000
074273074a0e355c026b020210100000
07a8a406c56ba14f118c030310100000
088c9f07755ff96ce4af040410100000
08b43f07deb1ad4e7fbb050510100000
08c48d075a6852e06576060610100000
088a5407ae25bf058c71070710100000
08142108489f5c9bc005080810100000
07ac1e0773950d46036b090910100000
07523d0737cd6030896d0a0a10100000
07b06c06d9aebe161ced0b0b10100000
080794076a64c976eeac0c0c10100000
07c97f079bb67d448e7a0d0d10100000
083f8007b4bb990698e80e0e10100000
0853a1079c07fd25993f0f0f10100000
09292e07b4b8f4b09b7b000010100000
0947a10762e05e9b4406010110100000
09d3840803e8c13fa373020210100000
09a76e086ea575397c49030310100000
08c510085d01170ed30b040410100000
084a0308076b32412a25050510100000
0878b7088e658194ec70060610100000
0894bd087b4cdb0b7958070710100000
0905dd0801c8cdbb4681080810100000
094a8308021151ec03b4090910100000
096d5b07d78c83085ee80a0a10100000
08f8ec07d79849a71cf90b0b10100000
08ba1907b5998aa3ccad0c0c10100000
08a9e607d4826d11ad630d0d10100000
0860dd07a6254ffd6a8b0e0e10100000
080e4807ff9baa90f2b50f0f10100000
079ce407cc5e834c683e000010100000
07c2ce087e4c8485f5f4010110100000
0733be08623b322f8762020210100000
0787d5082442c9503e50030310100000
085f5b084153ee94f01c040410100000
0919320902e4ec18ebb6050510100000
098bb808c495f41aae21060610100000
094f5d0898e49eb04da7070710100000
096074088f3fded23cdc080810100000
0969e50934a05b5da915090910100000
092059090559397c2fa10a0a10100000
0953fb0995227d49acc20b0b10100000
098d2a08ccd4c3d2045f0c0c10100000
09a027091348800ef3d70d0d10100000
0968f10975a018c7cce30e0e10100000
08c2840958a10423d5b60f0f10100000
08aaa60954696b6e6406000010100000
08b5a4095d4d8f83fed8010110100000
08843109648a00bc8e9f020210100000
08649909abf7a9b885bd030310100000
07fcd00980ec86cbc511040410100000
07329608c37021de2e3a050510100000
07139808fdb9d51ce86a060610100000
06e9b708ddd574cf2dc3070710100000
06545e0982884979e18f080810100000
06008c0955ef078b7c7c090910100000
05e6d20926551fc200070a0a10100000
061640088135acb707a20b0b10100000
064d94096281fb26e5ab0c0c10100000
067121093f12a39bd0680d0d10100000
0736bb09520ade61dfdb0e0e10100000
076c900887fb39f80ba70f0f10100000
0711b308ba601091966b000010100000
07657008426be34086e3010110100000
0801d407bf899d200bbd020210100000
077ce407bae024c88114030310100000
078ab807801c949f8a4d040410100000
084f5707ae99e67d5cb7050510100000
07f44706e20a7a0c1bdb060610100000
0815f7070718967f52d1070710100000
0861a906bc13952b968a080810100000
092cca0705ccd2acc635090910100000
0a0ba807f0a7fea0eae20a0a10100000
0a051108222ba62039260b0b10100000
09cb80076568c19528e80c0c10100000
093f5e0761781779cc780d0d10100000
08d33506f0b872386f1b0e0e10100000
092277074dcd893a68bc0f0f10100000
09be440796beac5edf5c000010100000
098909074eb1ae053ed6010110100000
098b7c076bfe9f93290a020210100000
0a597507c3caf2c1d8e0030310100000
0a2171073fcb5c9b064e040410100000
0a32bf0731c1f7cb4ead050510100000
09dbf007421a233d2c34060610100000
0979e6076d2834757ddf070710100000
09da57070c7ef59c35e0080810100000
09ecef07343be544edf2090910100000
09596206642a6b131ad10a0a10100000
0912db06f1765f99c6720b0b10100000
08f61c06cb68a4d602da0c0c10100000
09452c0671b8668972c80d0d10100000
093cc506fe9469d1fbf70e0e10100000
09468806992992fd03510f0f10100000
097ec606600fe49ca642000010100000
09c4f706bdf4f4369cbb010110100000
09f68e06c1dbd12a2cf1020210100000
09d383068987cfb6a08c030310100000
0a760e076330ff26dff7040410100000
0a1d380726f79ef51274050510100000
0a8e9b07bce394a0c220060610100000
0b094b07d4bcaf2595b8070710100000
0acf2008605cbb71c180080810100000
09ff320810f715569e8d090910100000
09bf6408838d2b458d670a0a10100000
0a349d084c0ad4d28eef0b0b10100000
0a601c0948b7d055ff870c0c10100000
0a00ba0985a80727afb90d0d10100000
0a74d008cd71dde743c00e0e10100000
0aad97094483cbc47a630f0f10100000
09e19f08b12e18a412ed000010100000
090d0c0814951fa30022010110100000
08bf42084887836060e3020210100000
0834a70820e2451b78e7030310100000
07cfa707dcbc9a269bd1040410100000
07b40107eae9834f20a1050510100000
076be1081acf4c80f206060610100000
07b32607bd36f66a381f070710100000
07d08c0760dad8d76524080810100000
081e3b06ee4963052bfc090910100000
0806d206731513dc12330a0a10100000
08126206e097e062fc710b0b10100000
07ccb50683b58aa8a2a50c0c10100000
07f4be06138d2f303f910d0d10100000
0747b206468830db76bb0e0e10100000
068df706ba041209eddf0f0f10100000
067b430797bd05f0f0a6000010100000
0744ab07cc86e90b34eb010110100000
06e6b5086365256af7c2020210100000
06a81208dbda0678f15c030310100000
066bad089e205dc15e17040410100000
061c37090b7133d98df2050510100000
06733d08dbdba386c270060610100000
058eda093c4d12079891070710100000
052ed0091c4178cd4518080810100000
059a3c08f370ce71032b090910100000
060534092bf07ed44ab30a0a10100000
056e2808ac1c49567c9d0b0b10100000
0560ab0825cb7d2b1c540c0c10100000
05693f08c40137c4ddc70d0d10100000
05f2c60933b5ba62e66f0e0e10100000
067ace08f7199a11b1430f0f10100000
073c68089f93c78a9920000010100000
007e8300ce8c7e83ce8c010101010000
00bd8c00f6543f0927c8020202020000
00c2cb01741a053f7dc6030303030000
0186f001fef5c4258adb040404040000
01a6a902f6be1fb9f7c9050505050000
026646031a63bf9d23a5060606060000
0281f1038cc51bab7262070707070000
030a9e03a9b988ad1cf4080808080000
0311f60444f107589b38090909090000
03afad04d13f9db78c4e0a0a0a0a0000
04222104d52a727403eb0b0b0b0b0000
0493370563c871168e9e0c0c0c0c0000
056d79062e99da42cad10d0d0d0d0000
06458b06dcefd812ae560e0e0e0e0000
06a21b07c1785c90e4890f0f0f0f0000
06d4a007fe6132853ce9000010100000
06744207db451e25ab70010110100000
06e09707dbf3ab5e2876020210100000
07299c07b35e4e445531030310100000
0731a2080320cc2bda9d040410100000
07f7af074d6ce5c64215050510100000
07403607396608240f9f060610100000
07f4d2071bc8d04754c4070710100000
07818b07ab7b1566aca7080810100000
07d31a076ca258e75c5f090910100000
07d0540750f59af170a10a0a10100000
083d2c0814f2df4cc7e80b0b10100000
088bc008076ebfaa811a0c0c10100000
07b8d407ac5007566fb30d0d10100000
070d1b07c2f42c59c4fa0e0e10100000
07733c0764d7c2b1866c0f0f10100000
074e83079fdd0dcc77ef000010100000
077f9806f5194f3a00ac010110100000
07c4c207463ff088799c020210100000
07ee3907542a77bb631c030310100000
07a1890751aa7f7bd81d040410100000
07933907eb7fd776dbea050510100000
08084607fd0a7d31212a060610100000
07f2e607e4d7bae73c91070710100000
08c76907a95fe9e9712f080810100000
09632f0800c5f4adb3c5090910100000
091eb1082374567393500a0a10100000
093d1b082b7efdb6cff20b0b10100000
08c21408a5a644a3fb420c0c10100000
096f520900e9b494caf60d0d10100000
0a3397091a09f09ede1a0e0e10100000
0a3506090b6fc42077d20f0f10100000
0ac79d09486aa063b4ea000010100000
0af0760a40477813f889010110100000
0ae5df0a1d62e5f156b7020210100000
0a75370a369307137c4d030310100000
0a30a00a0ce43ae4ae6e040410100000
0a15a209fb3abc78ca40050510100000
0a4a3c09e731b1cb0d21060610100000
0a0d0709ed037db24263070710100000
0a0f6f0a5b0dec51df39080810100000
093e810a43e223bf9c9a090910100000
0954310a71b06c23c11e0a0a10100000
08f6970a012ea01c5f700b0b10100000
08b8f10950c306fd4ad70c0c10100000
08d3f508f22ecf986c610d0d10100000
08c1cc0814f6de7500e20e0e10100000
08a60607d996a85a3c720f0f10100000
0889b207d195840face9000010100000
08a194075a458ff58139010110100000
081a7007d44b5ecdd0bd020210100000
089f8b0767928c2e0f94030310100000
08b37107b7574ecafe33040410100000
08a0720768a3a9797b8c050510100000
0816c90782b428222732060610100000
08931507ec4cf9feabfb070710100000
0868b507c354c1f1b641080810100000
08fbd607c968b6e0a2ae090910100000
09218f0734da91dc2c900a0a10100000
08adfa074c112c8776a70b0b10100000
092ef407a1f887f7a0be0c0c10100000
093d2b082831ddcff29a0d0d10100000
09096308fcb0aaadd5610e0e10100000
089738093163362f71250f0f10100000
08864b08e8d87322645e000010100000
088ac7087af894711359010110100000
088e4307ca5d62492022020210100000
08167c07e3c8146728ff030310100000
08a5460765a3dd94800e040410100000
0898830795f79cb6abe0050510100000
08cc1807bcdb5bb74e16060610100000
08a51707f1ced2fde0ee070710100000
08da040741a7f6de061a080810100000
08470106e55b23dd4662090910100000
084ad3074e2095ae95550a0a10100000
088a3307c3f06be7ec770b0b10100000
08ae310775caabf552980c0c10100000
08bbf107731deb8fefed0d0d10100000
089d7106b4a88c2d16ec0e0e10100000
094e9b0679c3e75936400f0f10100000
08ed170700fe119eeb99000010100000
090d25076687b47f78e2010110100000
09aa680791dfff8c4b7a020210100000
0a314307e9d69b4280f6030310100000
0a13dd083d99c02ed3d1040410100000
09e8e70867af71c0d5f6050510100000
0a53a20856d3c6723d3a060610100000
0a02f307db9f824e65ba070710100000
097c920860e0707d8b5b080810100000
0977360866421e814bc4090910100000
099ec9088700bd41b6130a0a10100000
09715507aa583e730fcf0b0b10100000
09967a07dc1dd11a845d0c0c10100000
09022406f1fb573905cb0d0d10100000
0937e006f4cbc1e919bc0e0e10100000
08ca2106fd6d799a3ee20f0f10100000
09114906487658c636a2000010100000
08ce8a06cba371c0fc0f010110100000
089223076f5ec325ef35020210100000
0871360721197a5532b1030310100000
0814f3071c5863ebcf10040410100000
07ec7f06c01b494c79b9050510100000
07748b07044f4e7e816e060610100000
07af0e06cb27bcd12c92070710100000
07f45b06bd12b5ca7d46080810100000
080a2c076a563452f908090910100000
084c7006d866ff8524230a0a10100000
08ff4d07262bf1505d940b0b10100000
08e3b4075538b581b36a0c0c10100000
090a6d0839d87df2ea6b0d0d10100000
08f7f8083c22af741c060e0e10100000
09115908b62c92fbb8ec0f0f10100000
09a15308899be8c00a11000010100000
097b47083b5d4bb4add1010110100000
09307c07982d785a4c05020210100000
08e8fd08400232d6da86030310100000
08f31908688f6e07f79d040410100000
08d33308530d29666437050510100000
0953a6086de8cef19c49060610100000
08fa14089a72633f591c070710100000
0904c0082e15c07610e9080810100000
08d2c007541b02521f0e090910100000
08af07078019dbcc50210a0a10100000
086ad2073af0ad1b186b0b0b10100000
08b4c30727c7ff72a0410c0c10100000
09027906d7c5cba89a690d0d10100000
0901ef07613caeeaa57d0e0e10100000
08b376070865448260150f0f10100000
08ca44075b78ff8e5d24000010100000
092c1f079a0cad8fec65010110100000
0973a707d92dbfe28b26020210100000
0a4044073168ff7332c1030310100000
0a64df0730c992a2f6fe040410100000
0ab85e06e1317ce5149f050510100000
09e97d0697650010527d060610100000
0a85730678a9ff353a60070710100000
0a280f073ef86312d738080810100000
0aaa1107a2478454825d090910100000
09ebfc07b0a71db75e810a0a10100000
096aa90807482bc86f0c0b0b10100000
0953cd07a681e8963f7a0c0c10100000
08bee007754136bb69290d0d10100000
08911d077db18127aded0e0e10100000
0923a007686cd7054ad00f0f10100000
08c5070808eda0f5fda5000010100000
08975107f4b97fd9d831010110100000
07e5320862d20dc3f93f020210100000
07640f084d3d7e501d2c030310100000
07bf92075908ee2502c9040410100000
078d68079b9c4abb5733050510100000
08398107865bac293d3c060610100000
07a4d10805b16a85b9b6070710100000
0795ec075903542d2a8a080810100000
0731190776641f819fbe090910100000
07d15e080837bdfcf0540a0a10100000
086a460816dfc4b07db40b0b10100000
078ff60871e50e469a800c0c10100000
08009e0849eca76341300d0d10100000
07b0840858f6310dbcf70e0e10100000
076abe082f6c913f21460f0f10100000
076e5907a537a4907370000010100000
079bd60700fcad5633f6010110100000
085526061ae8c713132b020210100000
086e7906c55c97a3c7a0030310100000
07a44507523123f18f9e040410100000
07643a07e3ff0ab0e901050510100000
06e0ab07e5bd289a3efa060610100000
06cea907ec245883c01d070710100000
076a1c08523aefa090a0080810100000
074dc9087612032ec396090910100000
076a4f07d9e8da82542a0a0a10100000
0719080803697369a7350b0b10100000
0713d807c22d091659440c0c10100000
0697d707bc9e2b623ba10d0d10100000
071884076ce6b1ba6d3f0e0e10100000
06e079082ed55934e3350f0f10100000
072d0f07e952f1262ded000010100000
07432c0833fbc3737e9f010110100000
072dbe082e19b1a50d49020210100000
06f43307f50d5e188e94030310100000
073b2f07dc186aed76a9040410100000
07b2390740fd81ba4de6050510100000
0858950795a6cef693a3060610100000
08c06a070928c058339f070710100000
08046b06a4bd33a12c35080810100000
08b3520621cfb21540a8090910100000
084fca064d0176fa7f5c0a0a10100000
08156b066d4f390ac7830b0b10100000
08345906eced2804d8e20c0c10100000
086f4906bb44665209f80d0d10100000
086dba065430b02b062b0e0e10100000
090f830618ccfafda7d10f0f10100000
084f2106743c30c4895d000010100000
07b42005fce328720746010110100000
07cf9f066079cd2470df020210100000
081219069f04a092cd1f030310100000
07d1ee06bed42ac29679040410100000
0769d607159519a2a4a7050510100000
075fff074608c51fc416060610100000
078dc907a148ee228edf070710100000
08462107d4d9ebf95fc6080810100000
07fa5307e0cc66474c9b090910100000
0793e907aba710904a370a0a10100000
07b8a907493d5dca65190b0b10100000
08857d073577f4d8c51c0c0c10100000
085fa90766be407e3b3f0d0d10100000
08733707d02fc3b96f9c0e0e10100000
081c6b07f786a431cf280f0f10100000
07f99d0798870df62a5e000010100000
087f35082700ae0a95bf010110100000
0862c5083f1eb0b488fd020210100000
088e750825ddcc42b3de030310100000
08b6cc0871b85319e254040410100000
095cec0896cdbfc2c9bc050510100000
093f2008c49fa753f1e8060610100000
093ea608cf92eda899d2070710100000
08957f08ecf442d27d28080810100000
08f48e093a03c55699aa090910100000
09736f098d278f719d5b0a0a10100000
09c5be097fe3b01957d50b0b10100000
09485b08dacb777520040c0c10100000
098a8e09003382b160a70d0d10100000
0952bb0960be8be6d0270e0e10100000
095905094684aa7bb4ee0f0f10100000
09c6b509dbd27ba6bfac000010100000
09333d0959ed1a9213da010110100000
0941ba097cd2bf31abe2020210100000
089016091f111a9e561d030310100000
092d43090a88f046cdcb040410100000
08deb1085c1f71301b53050510100000
08f14c0859c9b9eeef92060610100000
08e630088ae7e28ccaf0070710100000
099b32083b76f7d42db7080810100000
0954ff0823c77f2381fb090910100000
08dfe80819121a5a92a60a0a10100000
085d5807dc4b2d891b0e0b0b10100000
083fb107c8b759ce0c700c0c10100000
08a6540865d1e954fdc10d0d10100000
085dfc088924438ef37a0e0e10100000
08900c08275cdc8b53260f0f10100000
085f8507b9c44b1f5214000010100000
087a2407ff9f353159b5010110100000
07e5d807a75f2ae553a2020210100000
08b15e076b59e6241a17030310100000
087bf5070e59badd70cb040410100000
081104079d17063faa11050510100000
08378f07125fe07964da060610100000
0847ad06aebef2aa674f070710100000
07d0a206e39980c96292080810100000
07d904072b988785c9fa090910100000
088afc07830ccc52ea1a0a0a10100000
089303077843359010450b0b10100000
09238d0798c1ea582cee0c0c10100000
08f0bb071576b6827a760d0d10100000
08e774071bbb3a47f9bf0e0e10100000
0828fb0714961e124c010f0f10100000
0889880757a0abac951e000010100000
08d73507e42c82dee641010110100000
08d7c7087c3a2b77ebb0020210100000
082f740958053dd1f5e2030310100000
0800f80930d38c614999040410100000
07fae20985030029fe41050510100000
07574109c5023cd8a4d9060610100000
066f2009d5080a897755070710100000
06d91b0a45a6eac4d330080810100000
0702c509f5efb12f7a43090910100000
066ed909e6bf3866daea0a0a10100000
069b780a6104622f8a8a0b0b10100000
066b900a938fba705f790c0c10100000
0668120a7c88b304636f0d0d10100000
0635270a2e79075cabb00e0e10100000
0709be0a048ef2a922160f0f10100000
0719f2097832bbe008c2000010100000
06a06a08ebe9095659f8010110100000
0710a40881f29bb181b9020210100000
0794bb07fbc1c1e86fb1030310100000
078cbd07b44e84630226040410100000
080542076f8b78aeb97e050510100000
0808a007c92a4036fe78060610100000
084353080c4e453cba79070710100000
07946b0823963bdcea78080810100000
06eb5907db78081d3225090910100000
0715e607e34c62f3e2be0a0a10100000
06e63b07c9a4328470e20b0b10100000
072b220811f6ff57a7cb0c0c10100000
06a879083a54305b8bcd0d0d10100000
0703f408533762d7c4930e0e10100000
069547087f6b83fc4e4a0f0f10100000
06bf7f092a95e618b3ec000010100000
07611109ba5eaae8e9c1010110100000
07368e0950b8712e1813020210100000
069f4209d52b2a9cf424030310100000
0687a309d3a06cc4009b040410100000
06e81d09edcbd928d3a9050510100000
0785bb093acbddd44b78060610100000
07a1c00942f46141c2a2070710100000
079d95088e2937b135ad080810100000
0833fc08b05e9e84545a090910100000
08328d084594618477f40a0a10100000
08f8b207ebd7f8a917250b0b10100000
084eb007b8ef555574e30c0c10100000
08e71807679dc8c33a7b0d0d10100000
0975ff075328f1beb01e0e0e10100000
093f2807cf904d25cab20f0f10100000
092d5e076110d44e456c000010100000
08f49c07691d7226f1ce010110100000
093fdd0767a2bc6f1698020210100000
09d365069f07be242b89030310100000
09c37306b70a5cd2189e040410100000
09495d06ae295f12cac8050510100000
08717806f05605ef8da5060610100000
0814af068f87047861d3070710100000
07f7e60715ae1ae8bbd4080810100000
07f40d07b78b9aabf637090910100000
0869d9080622d750c68b0a0a10100000
081be908362caab9472f0b0b10100000
07e64e083def1fba7ca60c0c10100000
07c83e08fa15aab3f6a10d0d10100000
0772c0086fbe9c4025c70e0e10100000
073528084aac0f8da5a00f0f10100000
0699d708b15a38fdac1a000010100000
068165085de159b49e55010110100000
068529092148c033d9ff020210100000
063f1909e00c7814ea4d030310100000
06b8420a8433d5fbbcc5040410100000
070ce50a4b87b3b5921c050510100000
07917309d3c18a7d15df060610100000
087df50a1561f0faa373070710100000
0868af099d6505a243d8080810100000
08881408e17fba103a51090910100000
07d937083d3b287322470a0a10100000
07a12608418572a84b790b0b10100000
07ffce08a6707e62e1910c0c10100000
07645a0891ca0f3fe1fb0d0d10100000
06dc58094c5f143ee05c0e0e10100000
0791340983fcc469dd3d0f0f10100000
07f96e093f96a13767b4000010100000
07e173099f4b41b9fe0a010110100000
080e9f091d45ed5f57f9020210100000
0861ea08342acb5f0132030310100000
084c1f07d541c0305ddc040410100000
0846c307c465ae598140050510100000
0804af08861c4869d796060610100000
07f911080213e55c1f6a070710100000
0856be07d2cf634f1494080810100000
08269607f48789e85c09090910100000
082aa1084f4e2c7e7d0e0a0a10100000
07dd9a08f77925a1f3a40b0b10100000
079d3d0840db3e052af30c0c10100000
088500085486f702f5a60d0d10100000
08bfe5083c9a4f23c8700e0e10100000
08cbab078270d02f23130f0f10100000
0856bf07561b2c4b3b5f000010100000
08329806eaad1d92929c010110100000
07c26d06c6b97d343405020210100000
07b2e10783e9bbd3be62030310100000
07cd3607fffcda85d9ef040410100000
07d7d607b7bab8f938fe050510100000
07c355075be033e87bbc060610100000
079a0107eb25bc08aeaf070710100000
076a1f0843b7336d6d26080810100000
06ebdf0884da0ba89d2c090910100000
06e0b7082a72215622a60a0a10100000
06ff4e0803c14438ccf30b0b10100000
06d24e08d6b61105fde80c0c10100000
0659e4086a3c7e98892c0d0d10100000
068aaf07a28d7fee00c10e0e10100000
05eb9e0812bd311e93430f0f10100000
05f0c4089ff63171c898000010100000
06b7c508e874e493db1a010110100000
06449c08f23c0a0b3dcd020210100000
063161088ae6a898570c030310100000
0561c007c9930ae4189c040410100000
057be707d97ed32048e9050510100000
0616770786b6ce7828f4060610100000
062caa0775a0d23b9d99070710100000
068bf407729592b76a1b080810100000
06a864071f20281849b7090910100000
06a42a07b5921d1cb9180a0a10100000
06a748072db94756451a0b0b10100000
0775f006d11ddfada14c0c0c10100000
07deef06aa1ce797622b0d0d10100000
08062206cb6ca72122110e0e10100000
0877fe06d1c5a2fa999c0f0f10100000
0874730707812de6fe54000010100000
086f41068985df615d1e010110100000
0897b80706843282bacc020210100000
08d6cc079a49e7acead1030310100000
09a06907c44bd481429e040410100000
09c4a6085518f75dd9b6050510100000
09aee508e35fb8b7b73b060610100000
0909a509260e2cfbe048070710100000
094a9e099519d3b0d926080810100000
09f7150a036cd48fb80a090910100000
0a929e096aacb8a520580a0a10100000
0ab00809a41864c07e860b0b10100000
0a1e2209f6764dc7f3aa0c0c10100000
0a2f3f09aea6f8b41a5b0d0d10100000
098c1409ae3e03f621a90e0e10100000
097b55093c36923b27940f0f10100000
09fcc108e7b1af52a9cf000010100000
09e7ca08aac3ca6a2030010110100000
0a15b5081fee606d2ff7020210100000
0a054807cfd6d73f9ab9030310100000
09f22607d264c15f452c040410100000
09f707070acbfc3e121d050510100000
09601c06e67621cc92e6060610100000
094c5106685a1930622c070710100000
090010058f36876f0002080810100000
08ace9051d2f81684603090910100000
07f9ef05ea8a05abedb30a0a10100000
084fa9059ef2ba7a32ee0b0b10100000
08ec82050ddceaa062940c0c10100000
08e7b005e444f3e2f0c30d0d10100000
094ec505ec6b6b0b29d00e0e10100000
0950ab05f9ed942135160f0f10100000
08a3400580fe01e730e0000010100000
07dc920593d403bc3306010110100000
079f1905951122f43134020210100000
0784dc05acd3bd02b27b030310100000
06fdd30626fe3a56bf57040410100000
06d0ba07086fcf25f38e050510100000
0715660695f966782070060610100000
074e1a06e94a51e4b57d070710100000
0750fb07da8b8a50f143080810100000
07cc4308445dfcb0afd5090910100000
08a32607db5adc8e84b00a0a10100000
089dfd08421db55199b10b0b10100000
07fde70877bd4a8a98340c0c10100000
07ec4607b57be2412e810d0d10100000
081f0307aab79dc81f0c0e0e10100000
085a750826e8cf93b1470f0f10100000
08eff807fb48976a0540000010100000
099fa908168db36d4e4b010110100000
0a10f6084a4d944164f4020210100000
09e49c086b8a90a8d3b8030310100000
0a4c7507e257a22f3624040410100000
09f46407325c77144393050510100000
0a19780714f18b8c0305060610100000
0a9b5c06955fd3c835eb070710100000
0b02b9060cbff1ad68a3080810100000
0ab63805c16bb02f6481090910100000
0abaa7057796e0fd3adb0a0a10100000
0a23ab0517ed1e553a080b0b10100000
0ad05b04ae66f73a2ead0c0c10100000
0a8b2e055e659d14de800d0d10100000
0a25f90619573893d9fe0e0e10100000
09f81305d039a1ad68290f0f10100000
09685106732007a8a827000010100000
091d22068812683e633d010110100000
09730106bbd0ea2098b2020210100000
098aff05f04aa8a60832030310100000
097720067a198e50bff3040410100000
09a57e065262a5721bdc050510100000
0a10a10676d5f6af2778060610100000
09606f06c3f62396830c070710100000
08c58706a5a156c54a4e080810100000
08f1ff06c64adca7852a090910100000
0826b3068b8015b100110a0a10100000
087c6e06a689741055110b0b10100000
07be5307541e391fdc420c0c10100000
076668070ea2452999040d0d10100000
07ec6706d757be92a2b30e0e10100000
082e9d07402ce3e3d0fe0f0f10100000
082a8906b18903941984000010100000
087516072a0eb2cbdbc2010110100000
07906607363c0570a4e0020210100000
07a95907affcc19981f2030310100000
07743d071ac159342ab8040410100000
07801f07072bb1540846050510100000
071b6807576c91f877b9060610100000
074bf407c5dc5422f17c070710100000
07c96307d8fdd4345d6f080810100000
07c25f07935dd5a33f8a090910100000
08232b07e2f3767d4fa70a0a10100000
081c4307f9e06d286bfe0b0b10100000
08396c08130b5648f56d0c0c10100000
08b43307bd14bff0430d0d0d10100000
081d3607785327955df20e0e10100000
0821ae07775ee85bd0090f0f10100000
082ce307fbbe0ec99de4000010100000
07d4c3075b4b5aab3b4f010110100000
0863a30795d39450df68020210100000
0880e80724e3dede1102030310100000
08d34307662bab8f6c00040410100000
08726707fd8850789fa3050510100000
0886e9085e6da67ad89e060610100000
08ce880824ad9bc1b7bc070710100000
0870a3086e91764fa753080810100000
088e9b08b3fdf39b84f6090910100000
08d40f087f05bbf11aaf0a0a10100000
092b57083232c4701f2b0b0b10100000
096c410791329732546d0c0c10100000
08e57c07b5fb392b67d60d0d10100000
0968b907aaf0aad252e70e0e10100000
08916c07d6dd110efbf60f0f10100000
093d2a075cddba8723e4000010100000
00386500e3473865e347010101010000
011bcb00ec0fe36608c8020202020000
016b1b014e3d4f50622e030303030000
020820015b639d050d26040404040000
02bf48017b1fb7281fbc050505050000
02c07802045301308934060606060000
03be6302f075fdebec22070707070000
0443fe03e97f859bf90a080808080000
049ed604beb75ad8d538090909090000
050f7005b1f1709af33a0a0a0a0a0000
058bf00661237c80af320b0b0b0b0000
05f523069886693337630c0c0c0c0000
069a0b073fb4a4e8a72e0d0d0d0d0000
06c03807b377262d73c30e0e0e0e0000
079fe907bea7dfb10b300f0f0f0f0000
07c727081bc0273e5d19000010100000
07b3c007c0db24fe8862010110100000
07246007cc6554061452020210100000
07943807751bbf280ae4030310100000
07abd007b3bdb49d4bc8040410100000
06fd37081f80088f8b7f050510100000
07312007d23735193beb060610100000
0651fa076bcd1ec585b8070710100000
0663d4071a4a9775a787080810100000
066c3e0740206342fb0e090910100000
06c91906b286cd7565a00a0a10100000
06bc5d06d5be6fc4d26a0b0b10100000
0746e9078526f3bfe6cb0c0c10100000
07618707a789bf86c9910d0d10100000
075f5b080c172401d8510e0e10100000
077c3208ceb4fc88cdcd0f0f10100000
078c5a08d39a376661ff000010100000
07d8d5086c13717920db010110100000
082a2d086ad3a55e1312020210100000
084fa108d9dfe49c79f0030310100000
08449908e763a995594c040410100000
08696908ff4a2d5fa366050510100000
08dfea08cd8cab9a0a2d060610100000
097bef092b97bacae3c3070710100000
0981580921e29cde9dd2080810100000
09242b09190b0615f237090910100000
08afa108edf758eb3a8c0a0a10100000
091f680875f0df8b5a630b0b10100000
090e7407b74de2cb28280c0c10100000
0895e107498046f35bc40d0d10100000
089d9106adb82bb13c890e0e10100000
0832b906745491b094690f0f10100000
08b343064dcfb7f03b7a000010100000
0855630717911399ea9d010110100000
08064c07355f564730e0020210100000
07b0c406ec038f143094030310100000
07d61d06b8f3ceee263c040410100000
0821d806e628791ad09b050510100000
085cb4073e7be6766280060610100000
08743806c76dd24e6cb5070710100000
07f7ff063f8420a515e9080810100000
0833d1056b4b41e71dfe090910100000
083f2005516b643a20ac0a0a10100000
082dc2055f2ace2d68220b0b10100000
07a13605e55b563fae590c0c10100000
08441f062741e9dc9daa0d0d10100000
08ddb406dac1c546f0090e0e10100000
08c44b07462c7847ffd40f0f10100000
08284b075a201bf04f6e000010100000
089861071b6283afabdf010110100000
08c0cd0727a37eb33d21020210100000
092c18074c1cfa5f550d030310100000
08ebc707ea278e9dc447040410100000
096501077c13f2546287050510100000
0954b00772f0d625595d060610100000
092e1d07469dabbb4062070710100000
09b4c0074ccea7481c1a080810100000
0a622c07a242ef537372090910100000
0a6846078ec36a540d2d0a0a10100000
0a4648078064ac2f59c30b0b10100000
0aba9b07a4deca92d2d30c0c10100000
0ab5f207a195e5339a610d0d10100000
0a1a4f06bbf629a30a6a0e0e10100000
0a1d5f069c977b57e0750f0f10100000
0ab4a0069cb6b3314f8d000010100000
0aa7c006236e76cf3297010110100000
0ac67806b7219d6bd0d4020210100000
0a990d06beb7ccf45ca3030310100000
0a60a305ffad5633053d040410100000
0a42ee05b3c9d49f16a3050510100000
09d028058c7d635f3211060610100000
0998d705ad9f746a6184070710100000
09ba6f05f4c7c8e06342080810100000
091b22059f1250061dbd090910100000
0984a305ff21d3d56d3c0a0a10100000
0950930664ab781fbf4d0b0b10100000
08c48b0689de3e8af8060c0c10100000
082773063ade481b4b610d0d10100000
083ba2070f733dd2deff0e0e10100000
0829bd071d986972ee9a0f0f10100000
07c6e407528450588479000010100000
07b4a608139c6491f3af010110100000
078f9c07b4577861718f020210100000
07b6050775f9f35d1e45030310100000
081aec084e5ebb1adda2040410100000
08330d0907f2ecc0d037050510100000
08ca12091365fa643d84060610100000
08c3020915136d5a6332070710100000
08ae6b097f55b449cd84080810100000
0945e709c9a6e782680e090910100000
09205a0a4c89ae48f01f0a0a10100000
08f0730a5ca44838cf680b0b10100000
09879a09a0c2d5b13c240c0c10100000
0a302409895bf0a533fa0d0d10100000
0aeeaa092f97fc58853b0e0e10100000
0b5aef08b17fd5b770820f0f10100000
0b4c4308a46b41ac7765000010100000
0bb72b084c29cf799b6d010110100000
0c351708d7bcf64dfd22020210100000
0c009c098cb9bee2d342030310100000
0c350b09530eef89a3f7040410100000
0b8dec0942e745a1c010050510100000
0acc7209b61f38eab0bc060610100000
0b289f095dfdc9870b10070710100000
0ab6250974f741cfe47e080810100000
0a46ab09d96a7808cc81090910100000
09ce70092014360d36c90a0a10100000
0a057508f4b67f3da40a0b0b10100000
099068090f0d60a4567b0c0c10100000
08e3a10952d243de77bf0d0d10100000
08dfb208d2b0f86905190e0e10100000
082bbd08a96221c247340f0f10100000
08878e083e6d9d7d0c70000010100000
07f9a9088b924194e892010110100000
07868407a5c683281756020210100000
0702ac077c0c3b0aa988030310100000
0674ce06e29061ab0a7b040410100000
0700f906cbf3d1cca973050510100000
06e2bf06a88b1ab08d54060610100000
06e1a907985cc871fae1070710100000
072cfb078cb58d21d8d7080810100000
07789d075ddec3aa9daa090910100000
07883b08007f45abd96a0a0a10100000
073242083e9f2944e22a0b0b10100000
075f580887bf8dba9f9b0c0c10100000
07f16908c4b3d5efb4b30d0d10100000
07889308d9d38f931a390e0e10100000
08110e0989c2aa3df7230f0f10100000
07afec0a3e5c3c5bc10a000010100000
085c4e09a92eedf65364010110100000
08706f0a11fa97498022020210100000
0852d809d98f1d73711d030310100000
08cc000ab5b2dad3e69e040410100000
081e330a622023ff55e1050510100000
086c360aa2fc68b3ce30060610100000
086c7309e25dc8ae3a42070710100000
07f96c09b5301a1aabaa080810100000
07ebc5091cdab6030554090910100000
07c98a0875d5237032650a0a10100000
07cf090892552ec3feaa0b0b10100000
0803b0088c0ac26199500c0c10100000
07aad90809377d1831e00d0d10100000
0737b2085d2b1c6c6e2d0e0e10100000
06a9e5083de71c70d7df0f0f10100000
06e06108314272d7b465000010100000
05fff408a47d0d89c69f010110100000
06656f084803fcc423a8020210100000
06e38008d1ba9b84fad4030310100000
06980207f1918f550675040410100000
06a9c607ef7b35c353cb050510100000
065a7307ff4c1960de01060610100000
067d78087d0bebb3b801070710100000
06903f088f432ce1bde2080810100000
060eaa08badd346e30ee090910100000
05f87909367a0d3fae020a0a10100000
0661a6083b0897f003380b0b10100000
068723080fcbe7de6e130c0c10100000
06d05b081b90c6503da50d0d10100000
0795d507e485e1e637220e0e10100000
07ec6207c50372fdb85d0f0f10100000
07dabc07951561318477000010100000
089ea40782bcd171b446010110100000
07e7ab07904045cb312c020210100000
07fcb90758bfb092c353030310100000
07cfa407f5136240a2c9040410100000
08239007f10789af4fbf050510100000
08c5e6076d14bbb65a0e060610100000
08392c070b0d5ef955fa070710100000
08998b07461c8d40f8f1080810100000
093e8a07fb14d96de5e6090910100000
0960d007c8812f857b6f0a0a10100000
095ac408b3ca91e4ee810b0b10100000
08bcda089ec649f4590f0c0c10100000
07f8e8095840025ef71f0d0d10100000
07dd170999ccc61578ae0e0e10100000
07f94509b96d8f2bd7fe0f0f10100000
08038b09d83a6b77a344000010100000
08284e09ef08f634cb14010110100000
0865920a52aa830f94ce020210100000
087eae09e442c9ae54eb030310100000
08e0c709ade4c4596c6b040410100000
08652f09ce9c0e177077050510100000
0820fe09d4d97785604b060610100000
085a9a09b72698953847070710100000
081ed6096b4c517cad17080810100000
07df4f08b58d99e63027090910100000
07e95e087e3a3994441c0a0a10100000
07b008080e42588e7e890b0b10100000
07d17007de3a6b5c29070c0c10100000
08b512076e68e600874d0d0d10100000
08e9ea079fd3faedaa190e0e10100000
092f6007b364d4a1eb8f0f0f10100000
09862f07f781c246e761000010100000
089ae2079d9a0ae7712d010110100000
08fb8407a9aae3b1a0de020210100000
08f65b0804a3c485afe4030310100000
0930c108788bfebfe053040410100000
09da700839d1b7c631bd050510100000
0a505d088c42ed72b2bc060610100000
0aa65f09412cee97ed31070710100000
0acbfc08af4477191b2f080810100000
0ade7c0913efac6694d2090910100000
0ada3509b175354de1a20a0a10100000
0b430509c519c15e922d0b0b10100000
0b6e6709d3f296be37e00c0c10100000
0afb3d0a2ef672d6e2510d0d10100000
0a45ec0a62d8459cddfb0e0e10100000
0a05da0a2d63948fb61a0f0f10100000
09fba60a2cf6b812e6f4000010100000
0a65c109ccc7750210fe010110100000
09d70909384954f90c60020210100000
095ffd08cbce4d794369030310100000
091ac3084e83b9856308040410100000
0946a5082be2e3a80f1c050510100000
091e31077bbec4fe0298060610100000
08e1cd071d56b2338ec9070710100000
0938ff079923ce4b96fc080810100000
0950b0077307c4176eb6090910100000
09f5750720ffda128f9a0a0a10100000
09593d06dee02526500e0b0b10100000
08d6a307050b14245e0b0c0c10100000
08e09306ec957cc6c9db0d0d10100000
08b99a06715d1ea362c30e0e10100000
08782505bea9531a03660f0f10100000
07f2da05791132c7a15c000010100000
08170a06432e9932db1b010110100000
08042c0706bb421bcfed020210100000
08825106f63fcb9e32ed030310100000
08bd4e070ec3f4827b8c040410100000
07e6940744ab0cee4504050510100000
073f4a07422c1db40019060610100000
0750b806ba4ec3a106eb070710100000
06b16c0713b12efff05f080810100000
063b0e0718974db9739c090910100000
0635d706de55d4db55580a0a10100000
070a80070309f9cf74c20b0b10100000
07c71807361ad0bc911c0c0c10100000
0828b806b036de6643f70d0d10100000
08e676066b15dc611da20e0e10100000
08d2c906e28a3f6d7adb0f0f10100000
09470a065c04a7081ad6000010100000
08ee7005dfe240985ef9010110100000
09a61005d8bdf9bbc8c8020210100000
09ac8e065919d21cb349030310100000
09410f06011589032388040410100000
09f4b7069983c096dd72050510100000
0a2af906eb5f53f651f5060610100000
09b25507cf324afdeabe070710100000
09ea1107ac4c66bbcd79080810100000
09d770073bdf3b18032f090910100000
09d761073830d4cc51a90a0a10100000
09d1ca0753c7f43890590b0b10100000
09be7f07a506bd71e25b0c0c10100000
098bb0084f81ab97ee720d0d10100000
098510084e08d5c11c290e0e10100000
09ceb9085f1589168be80f0f10100000
0a052708abc1dd766782000010100000
0a30df0889ec6c503d24010110100000
09ae4f07cdb7772b0c93020210100000
0936dd07536e5aaa3900030310100000
091b0207c9216d28993b040410100000
09062c0744c0abc05911050510100000
0968a50712d0b66f2005060610100000
0a0cce06dc7cef26b46a070710100000
0a171a06752871076625080810100000
0a828e06a6f0a68c34f7090910100000
0a59530686b8ab9131710a0a10100000
09c2020678b85ce782590b0b10100000
0963aa0634bd5f199e600c0c10100000
08ca2e05e96a121ba31f0d0d10100000
0875d50668ed81689bac0e0e10100000
08c74406718ada8594850f0f10100000
082e2d06548e445f4a86000010100000
08285906c63d667caed3010110100000
0807950736e356677d39020210100000
07c9460759351c5b5b52030310100000
07df660751df834891e5040410100000
07af5f0745d17bb94d03050510100000
0768d2077a1a6fe2544e060610100000
07150207a0699b56dab9070710100000
079f7c079a98fb816054080810100000
07e9980857e5f0a8f244090910100000
0778d30923b63accfd420a0a10100000
07e4ed0946bbc901a55e0b0b10100000
07da5908f0775485481c0c0c10100000
08134e08b1504b1063f80d0d10100000
07b614088170242e6bcc0e0e10100000
0723de08b282484fc5970f0f10100000
078e12086c79ae93047d000010100000
07622c07ec7a3a962ed4010110100000
07dc3f084323d07ad3e2020210100000
07c63c08d1430658e972030310100000
082579087f1ce2853fbe040410100000
0885b508f2dbdbf5c0c2050510100000
08726908f0955c965208060610100000
089b3008a0dfc41d8b03070710100000
07e1c808cee142198e56080810100000
06fd5508b95c0c35dcbf090910100000
06e5da087fd32351c3b90a0a10100000
06ae8508768c91ac9c170b0b10100000
06cbed0831d971ed03690c0c10100000
075aa5089c80d9c8ce9f0d0d10100000
075071085a3d19fa29890e0e10100000
0755fd084e1a4ddbb9740f0f10100000
07457208cbc09e088223000010100000
079905096e4c8e29d160010110100000
07885708d481bfcc3a17020210100000
082bf60803d7a9f718c8030310100000
080c20087f62c2afbb49040410100000
0730a607c914007b0a74050510100000
0751030823527cf3ac46060610100000
07047c07b9de7796218f070710100000
071e650794955c02690d080810100000
07d6a107aa38c471f262090910100000
0807b307d67e5463efff0a0a10100000
079668081c0b2061e1a40b0b10100000
080696084b1ce21b327a0c0c10100000
07d79e07a404aad027870d0d10100000
07d54907c24917a547ce0e0e10100000
07cd8f077f524621767d0f0f10100000
08236b07a7c4f3e4aa95000010100000
07fc4507cb9e6703f53a010110100000
07ab35079db36ebc0c2c020210100000
07db67084674da29c189030310100000
073c3d080df5238582ca040410100000
07a49508861268d38291050510100000
07a09308145778f13a8b060610100000
076ccc08cb2a43cfd862070710100000
071d2a09127f0c60b062080810100000
06ebfc08716d93435150090910100000
074aca079a3fb33118d10a0a10100000
07cd8006dafaa317225f0b0b10100000
0743830732ce581e8a4e0c0c10100000
06d29c07665c39e95b150d0d10100000
078fc707c027d4d0a1990e0e10100000
07ede607a6d3a4405d290f0f10100000
07dd7207b686e370ba48000010100000
08683607627af1c7a12e010110100000
08b5a307fd6cbc29a71e020210100000
081414075a56389a1e73030310100000
084dde0757f55d4f8069040410100000
082b3c0797d54631c271050510100000
088de20817dbdb97ba91060610100000
08716e079015275b509c070710100000
088ea3071385299533d2080810100000
084ac706d0bb4f670e86090910100000
08754106fe38ddab464e0a0a10100000
07db8607b7a7095cdbce0b0b10100000
07debe0745405b5617e70c0c10100000
0853bc079ab7aee7b08c0d0d10100000
07e869077058697d773a0e0e10100000
07b06d078e556c447b260f0f10100000
07a16a0739a1d46d6594000010100000
077b08075fb4cb65c741010110100000
070ece07225e4fef69c8020210100000
0768be071598928a11ad030310100000
070fae06e9d1043f54a2040410100000
072479063f625afc1802050510100000
0688aa05a4143fc81f43060610100000
069f63060abe3e14b746070710100000
06b162069b553b94c469080810100000
06765106d1fb1456452c090910100000
0632ae06d5b59a084a080a0a10100000
0665f40652413ca2585a0b0b10100000
069696068ccb8bf852710c0c10100000
06626106a8257ab2cbe60d0d10100000
06257d0698bc2c9967d10e0e10100000
05f4960713a23b5df60c0f0f10100000
057a0c076d4b59e3bf3d000010100000
04bc6806b9c90dc113bf010110100000
04c4d306efb6585a9fb5020210100000
046ed9071bc93c903dc0030310100000
04902606cb87258c0460040410100000
04f21607a46cbcecf0e7050510100000
04f38d0802ae413f7d85060610100000
05053f07f74a4fc6abe2070710100000
05456f082f217bc4fc40080810100000
0536ca08b43c05b1ca47090910100000
05958008d7bbf8be6d870a0a10100000
05839708d6c42ab957630b0b10100000
05ace1088e76b5420a230c0c10100000
055d480861f92b199f690d0d10100000
05e8a807fa5fb7f900370e0e10100000
05c4e907838c179e7f390f0f10100000
05d61b0734fb6b1570ac000010100000
0640170813e777bdf2ab010110100000
061414079a1a2c5725e8020210100000
0616470779963ec31d3c030310100000
05fb8207beb10ac7497b040410100000
057b830781e83cedb41e050510100000
05eaa9077014b0656bb1060610100000
05af4607a55d1463e12b070710100000
05e649076761b2c7be44080810100000
0610ca0776073032d8ed090910100000
056f49078664573d7de40a0a10100000
057be8082cd83758fdd70b0b10100000
04dc84088bba15de69050c0c10100000
05389d0898d68732ac850d0d10100000
04a54b08d4a524a73c060e0e10100000
0576d808eaf4e92b95880f0f10100000
054cda08d241411757f9000010100000
052279086dde4d5c8e48010110100000
05592b0929a76309e1b1020210100000
051b3f09737300d76708030310100000
052d150a26271c9dfc2f040410100000
05e6e509dd73f6bd6b6a050510100000
061cd7097230e657006e060610100000
06e208096a6fd994d96a070710100000
064fd80929f920977dce080810100000
066a77088f4e4ad13e42090910100000
06d2eb08887fbfb177150a0a10100000
0756de07d4eabb4b4a420b0b10100000
07a5840826fe6484bb190c0c10100000
07775107ec0158ff71880d0d10100000
07bdba0875166b10c51b0e0e10100000
07685b08242c93cc449e0f0f10100000
0748d5080acc21913e99000010100000
0785e507b0f58a6c3471010110100000
075a5907b71f377de7db020210100000
07b85507c8c05ed378a9030310100000
07d6080774093a50a778040410100000
072100074cf441b54455050510100000
06fc0a075f5ec16112d8060610100000
06badb07385a9865b266070710100000
07150106ce817abd13f5080810100000
07ad000731b3e2d0a174090910100000
07015506c51614060a780a0a10100000
06a73906e90c612f6e380b0b10100000
06ec390693cda98465da0c0c10100000
06f86f06c8bf6535a67a0d0d10100000
069cec062ffb0f8d2c570e0e10100000
06a86906282f9f493cd20f0f10100000
06de9c06999b57c4b005000010100000
06d31b07487c7eebe352010110100000
07238c071d4187eebca0020210100000
07b563079869f0aaf3d1030310100000
08221f07750ea70c841d040410100000
08812d075cdba0c32c22050510100000
08885608068cc88abc89060610100000
0884bb07b2e194ca5ebb070710100000
0863e408156c59e67680080810100000
081e4b07b8029d37440a090910100000
0908d80813d3fe9366490a0a10100000
097ae207f576d3394fdb0b0b10100000
094089084acd6f2bbb310c0c10100000
095fb9082c918465883e0d0d10100000
099b6f0891da4b4391a00e0e10100000
0926950867362a6f122e0f0f10100000
0903af08829834decb67000010100000
094c1007a79ac74c0854010110100000
09bc4f072003f82d3509020210100000
0969ec06bd879e479155030310100000
0937fe06ef0c751eb5a2040410100000
08a436073e770cfb7b8d050510100000
08695f0686ac8db304be060610100000
086e5d06f4d399c8cce2070710100000
083622067fa221ab014f080810100000
088e9b06ea53f5b0aebb090910100000
07bbb90775862bb1f17c0a0a10100000
078926081c8ca0a6f6e10b0b10100000
073785085e311d8afcd60c0c10100000
0748cc085a0695ac84130d0d10100000
0757d4086f935a4ba72d0e0e10100000
07f10b089879c3a63b140f0f10100000
085ed9088a94a2acbd82000010100000
07b9de08fc6c22517a2c010110100000
0742a508cc3080f404cd020210100000
06e0ba092b8e3c5cf0b3030310100000
06fcc708e40d912b6e21040410100000
072393091a9833c7b218050510100000
06975309871201737138060610100000
066ae408e6576d592c27070710100000
0688b709cffb3f7eeaf3080810100000
063683097497a37c5357090910100000
065d9f08951f52cd12040a0a10100000
05e969087e4f2c70e0110b0b10100000
06391c07b7d16d3d36580c0c10100000
0630880768d38d1835150d0d10100000
065bd4070c5585974aaf0e0e10100000
062b1707770992e9a5c80f0f10100000
0645a4078b01bd39d17a000010100000
06745907532f5106425a010110100000
062c1a07785038b529ee020210100000
061cda06d9902d1c51f3030310100000
066a34073cccde85d15d040410100000
06a4db06ee426e6e638e050510100000
06bcfe06d5d9199658cf060610100000
06d2b4072637830f7c85070710100000
076426071312d0f0d7ce080810100000
07353b0771247491b169090910100000
0735900845195322e5f90a0a10100000
077f090852b275e9edaa0b0b10100000
0797dd08f5d98611d97f0c0c10100000
07d58809a0ebcac3e0270d0d10100000
07d2350987488244310c0e0e10100000
07e2c109cf39a375edb90f0f10100000
07810d09c8165b85ca57000010100000
