00000000ffff0000ffff010101010000
00000001fffe0000ffff020202020000
00000002fffd0000ffff030303030000
00000003fffc0000ffff040404040000
00000004fffb0000ffff050505050000
00000005fffa0000ffff060606060000
00000006fff90000ffff070707070000
00000007fff80000ffff080808080000
00000008fff70000ffff090909090000
00000009fff60000ffff0a0a0a0a0000
0000000afff50000ffff0b0b0b0b0000
0000000bfff40000ffff0c0c0c0c0000
0000000cfff30000ffff0d0d0d0d0000
0000000dfff20000ffff0e0e0e0e0000
0000000efff10000ffff0f0f0f0f0000
0000000ffff00000ffff000010100000
0000000ffff00000ffff010110100000
0000000ffff00000ffff020210100000
0000000ffff00000ffff030310100000
0000000ffff00000ffff040410100000
0000000ffff00000ffff050510100000
0000000ffff00000ffff060610100000
0000000ffff00000ffff070710100000
0000000ffff00000ffff080810100000
0000000ffff00000ffff090910100000
0000000ffff00000ffff0a0a10100000
0000000ffff00000ffff0b0b10100000
0000000ffff00000ffff0c0c10100000
0000000ffff00000ffff0d0d10100000
0000000ffff00000ffff0e0e10100000
0000000ffff00000ffff0f0f10100000
0000000ffff00000ffff000010100000
0000000ffff00000ffff010110100000
0000000ffff00000ffff020210100000
0000000ffff00000ffff030310100000
0000000ffff00000ffff040410100000
0000000ffff00000ffff050510100000
0000000ffff00000ffff060610100000
0000000ffff00000ffff070710100000
0000000ffff00000ffff080810100000
0000000ffff00000ffff090910100000
0000000ffff00000ffff0a0a10100000
0000000ffff00000ffff0b0b10100000
0000000ffff00000ffff0c0c10100000
0000000ffff00000ffff0d0d10100000
0000000ffff00000ffff0e0e10100000
0000000ffff00000ffff0f0f10100000
0000000ffff00000ffff000010100000
0000000ffff00000ffff010110100000
0000000ffff00000ffff020210100000
0000000ffff00000ffff030310100000
0000000ffff00000ffff040410100000
0000000ffff00000ffff050510100000
0000000ffff00000ffff060610100000
0000000ffff00000ffff070710100000
0000000ffff00000ffff080810100000
0000000ffff00000ffff090910100000
0000000ffff00000ffff0a0a10100000
0000000ffff00000ffff0b0b10100000
0000000ffff00000ffff0c0c10100000
0000000ffff00000ffff0d0d10100000
0000000ffff00000ffff0e0e10100000
0000000ffff00000ffff0f0f10100000
0000000ffff00000ffff000010100000
0000000ffff00000ffff010110100000
0000000ffff00000ffff020210100000
0000000ffff00000ffff030310100000
0000000ffff00000ffff040410100000
0000000ffff00000ffff050510100000
0000000ffff00000ffff060610100000
0000000ffff00000ffff070710100000
0000000ffff00000ffff080810100000
0000000ffff00000ffff090910100000
0000000ffff00000ffff0a0a10100000
0000000ffff00000ffff0b0b10100000
0000000ffff00000ffff0c0c10100000
0000000ffff00000ffff0d0d10100000
0000000ffff00000ffff0e0e10100000
0000000ffff00000ffff0f0f10100000
0000000ffff00000ffff000010100000
0000000ffff00000ffff010110100000
0000000ffff00000ffff020210100000
0000000ffff00000ffff030310100000
0000000ffff00000ffff040410100000
0000000ffff00000ffff050510100000
0000000ffff00000ffff060610100000
0000000ffff00000ffff070710100000
0000000ffff00000ffff080810100000
0000000ffff00000ffff090910100000
0000000ffff00000ffff0a0a10100000
0000000ffff00000ffff0b0b10100000
0000000ffff00000ffff0c0c10100000
0000000ffff00000ffff0d0d10100000
0000000ffff00000ffff0e0e10100000
0000000ffff00000ffff0f0f10100000
0000000ffff00000ffff000010100000
0000000ffff00000ffff010110100000
0000000ffff00000ffff020210100000
0000000ffff00000ffff030310100000
0000000ffff00000ffff040410100000
0000000ffff00000ffff050510100000
0000000ffff00000ffff060610100000
0000000ffff00000ffff070710100000
0000000ffff00000ffff080810100000
0000000ffff00000ffff090910100000
0000000ffff00000ffff0a0a10100000
0000000ffff00000ffff0b0b10100000
0000000ffff00000ffff0c0c10100000
0000000ffff00000ffff0d0d10100000
0000000ffff00000ffff0e0e10100000
0000000ffff00000ffff0f0f10100000
0000000ffff00000ffff000010100000
0000000ffff00000ffff010110100000
0000000ffff00000ffff020210100000
0000000ffff00000ffff030310100000
0000000ffff00000ffff040410100000
0000000ffff00000ffff050510100000
0000000ffff00000ffff060610100000
0000000ffff00000ffff070710100000
0000000ffff00000ffff080810100000
0000000ffff00000ffff090910100000
0000000ffff00000ffff0a0a10100000
0000000ffff00000ffff0b0b10100000
0000000ffff00000ffff0c0c10100000
0000000ffff00000ffff0d0d10100000
0000000ffff00000ffff0e0e10100000
0000000ffff00000ffff0f0f10100000
0000000ffff00000ffff000010100000
0000000ffff00000ffff010110100000
0000000ffff00000ffff020210100000
0000000ffff00000ffff030310100000
0000000ffff00000ffff040410100000
0000000ffff00000ffff050510100000
0000000ffff00000ffff060610100000
0000000ffff00000ffff070710100000
0000000ffff00000ffff080810100000
0000000ffff00000ffff090910100000
0000000ffff00000ffff0a0a10100000
0000000ffff00000ffff0b0b10100000
0000000ffff00000ffff0c0c10100000
0000000ffff00000ffff0d0d10100000
0000000ffff00000ffff0e0e10100000
0000000ffff00000ffff0f0f10100000
0000000ffff00000ffff000010100000
0000000ffff00000ffff010110100000
0000000ffff00000ffff020210100000
0000000ffff00000ffff030310100000
0000000ffff00000ffff040410100000
0000000ffff00000ffff050510100000
0000000ffff00000ffff060610100000
0000000ffff00000ffff070710100000
0000000ffff00000ffff080810100000
0000000ffff00000ffff090910100000
0000000ffff00000ffff0a0a10100000
0000000ffff00000ffff0b0b10100000
0000000ffff00000ffff0c0c10100000
0000000ffff00000ffff0d0d10100000
0000000ffff00000ffff0e0e10100000
0000000ffff00000ffff0f0f10100000
0000000ffff00000ffff000010100000
0000000ffff00000ffff010110100000
0000000ffff00000ffff020210100000
0000000ffff00000ffff030310100000
0000000ffff00000ffff040410100000
0000000ffff00000ffff050510100000
0000000ffff00000ffff060610100000
0000000ffff00000ffff070710100000
0000000ffff00000ffff080810100000
0000000ffff00000ffff090910100000
0000000ffff00000ffff0a0a10100000
0000000ffff00000ffff0b0b10100000
0000000ffff00000ffff0c0c10100000
0000000ffff00000ffff0d0d10100000
0000000ffff00000ffff0e0e10100000
0000000ffff00000ffff0f0f10100000
0000000ffff00000ffff000010100000
0000000ffff00000ffff010110100000
0000000ffff00000ffff020210100000
0000000ffff00000ffff030310100000
0000000ffff00000ffff040410100000
0000000ffff00000ffff050510100000
0000000ffff00000ffff060610100000
0000000ffff00000ffff070710100000
0000000ffff00000ffff080810100000
0000000ffff00000ffff090910100000
0000000ffff00000ffff0a0a10100000
0000000ffff00000ffff0b0b10100000
0000000ffff00000ffff0c0c10100000
0000000ffff00000ffff0d0d10100000
0000000ffff00000ffff0e0e10100000
0000000ffff00000ffff0f0f10100000
0000000ffff00000ffff000010100000
0000000ffff00000ffff010110100000
0000000ffff00000ffff020210100000
0000000ffff00000ffff030310100000
0000000ffff00000ffff040410100000
0000000ffff00000ffff050510100000
0000000ffff00000ffff060610100000
0000000ffff00000ffff070710100000
0000000ffff00000ffff080810100000
0000000ffff00000ffff090910100000
0000000ffff00000ffff0a0a10100000
0000000ffff00000ffff0b0b10100000
0000000ffff00000ffff0c0c10100000
0000000ffff00000ffff0d0d10100000
0000000ffff00000ffff0e0e10100000
0000000ffff00000ffff0f0f10100000
0000000ffff00000ffff000010100000
0000000ffff00000ffff010110100000
0000000ffff00000ffff020210100000
0000000ffff00000ffff030310100000
0000000ffff00000ffff040410100000
0000000ffff00000ffff050510100000
0000000ffff00000ffff060610100000
0000000ffff00000ffff070710100000
0000000ffff00000ffff080810100000
0000000ffff00000ffff090910100000
0000000ffff00000ffff0a0a10100000
0000000ffff00000ffff0b0b10100000
0000000ffff00000ffff0c0c10100000
0000000ffff00000ffff0d0d10100000
0000000ffff00000ffff0e0e10100000
0000000ffff00000ffff0f0f10100000
0000000ffff00000ffff000010100000
0000000ffff00000ffff010110100000
0000000ffff00000ffff020210100000
0000000ffff00000ffff030310100000
0000000ffff00000ffff040410100000
0000000ffff00000ffff050510100000
0000000ffff00000ffff060610100000
0000000ffff00000ffff070710100000
0000000ffff00000ffff080810100000
0000000ffff00000ffff090910100000
0000000ffff00000ffff0a0a10100000
0000000ffff00000ffff0b0b10100000
0000000ffff00000ffff0c0c10100000
0000000ffff00000ffff0d0d10100000
0000000ffff00000ffff0e0e10100000
0000000ffff00000ffff0f0f10100000
0000000ffff00000ffff000010100000
0000000ffff00000ffff010110100000
0000000ffff00000ffff020210100000
0000000ffff00000ffff030310100000
0000000ffff00000ffff040410100000
0000000ffff00000ffff050510100000
0000000ffff00000ffff060610100000
0000000ffff00000ffff070710100000
0000000ffff00000ffff080810100000
0000000ffff00000ffff090910100000
0000000ffff00000ffff0a0a10100000
0000000ffff00000ffff0b0b10100000
0000000ffff00000ffff0c0c10100000
0000000ffff00000ffff0d0d10100000
0000000ffff00000ffff0e0e10100000
0000000ffff00000ffff0f0f10100000
0000000ffff00000ffff000010100000
0000000ffff00000ffff010110100000
0000000ffff00000ffff020210100000
0000000ffff00000ffff030310100000
0000000ffff00000ffff040410100000
0000000ffff00000ffff050510100000
0000000ffff00000ffff060610100000
0000000ffff00000ffff070710100000
0000000ffff00000ffff080810100000
0000000ffff00000ffff090910100000
0000000ffff00000ffff0a0a10100000
0000000ffff00000ffff0b0b10100000
0000000ffff00000ffff0c0c10100000
0000000ffff00000ffff0d0d10100000
0000000ffff00000ffff0e0e10100000
0000000ffff00000ffff0f0f10100000
0000000ffff00000ffff000010100000
0000000ffff00000ffff010110100000
0000000ffff00000ffff020210100000
0000000ffff00000ffff030310100000
0000000ffff00000ffff040410100000
0000000ffff00000ffff050510100000
0000000ffff00000ffff060610100000
0000000ffff00000ffff070710100000
0000000ffff00000ffff080810100000
0000000ffff00000ffff090910100000
0000000ffff00000ffff0a0a10100000
0000000ffff00000ffff0b0b10100000
0000000ffff00000ffff0c0c10100000
0000000ffff00000ffff0d0d10100000
0000000ffff00000ffff0e0e10100000
0000000ffff00000ffff0f0f10100000
0000000ffff00000ffff000010100000
0000000ffff00000ffff010110100000
0000000ffff00000ffff020210100000
0000000ffff00000ffff030310100000
0000000ffff00000ffff040410100000
0000000ffff00000ffff050510100000
0000000ffff00000ffff060610100000
0000000ffff00000ffff070710100000
0000000ffff00000ffff080810100000
0000000ffff00000ffff090910100000
0000000ffff00000ffff0a0a10100000
0000000ffff00000ffff0b0b10100000
0000000ffff00000ffff0c0c10100000
0000000ffff00000ffff0d0d10100000
0000000ffff00000ffff0e0e10100000
0000000ffff00000ffff0f0f10100000
0000000ffff00000ffff000010100000
0000000ffff00000ffff010110100000
0000000ffff00000ffff020210100000
0000000ffff00000ffff030310100000
0000000ffff00000ffff040410100000
0000000ffff00000ffff050510100000
0000000ffff00000ffff060610100000
0000000ffff00000ffff070710100000
0000000ffff00000ffff080810100000
0000000ffff00000ffff090910100000
0000000ffff00000ffff0a0a10100000
0000000ffff00000ffff0b0b10100000
0000000ffff00000ffff0c0c10100000
0000000ffff00000ffff0d0d10100000
0000000ffff00000ffff0e0e10100000
0000000ffff00000ffff0f0f10100000
0000000ffff00000ffff000010100000
0000000ffff00000ffff010110100000
0000000ffff00000ffff020210100000
0000000ffff00000ffff030310100000
0000000ffff00000ffff040410100000
0000000ffff00000ffff050510100000
0000000ffff00000ffff060610100000
0000000ffff00000ffff070710100000
0000000ffff00000ffff080810100000
0000000ffff00000ffff090910100000
0000000ffff00000ffff0a0a10100000
0000000ffff00000ffff0b0b10100000
0000000ffff00000ffff0c0c10100000
0000000ffff00000ffff0d0d10100000
0000000ffff00000ffff0e0e10100000
0000000ffff00000ffff0f0f10100000
0000000ffff00000ffff000010100000
0000000ffff00000ffff010110100000
0000000ffff00000ffff020210100000
0000000ffff00000ffff030310100000
0000000ffff00000ffff040410100000
0000000ffff00000ffff050510100000
0000000ffff00000ffff060610100000
0000000ffff00000ffff070710100000
0000000ffff00000ffff080810100000
0000000ffff00000ffff090910100000
0000000ffff00000ffff0a0a10100000
0000000ffff00000ffff0b0b10100000
0000000ffff00000ffff0c0c10100000
0000000ffff00000ffff0d0d10100000
0000000ffff00000ffff0e0e10100000
0000000ffff00000ffff0f0f10100000
0000000ffff00000ffff000010100000
0000000ffff00000ffff010110100000
0000000ffff00000ffff020210100000
0000000ffff00000ffff030310100000
0000000ffff00000ffff040410100000
0000000ffff00000ffff050510100000
0000000ffff00000ffff060610100000
0000000ffff00000ffff070710100000
0000000ffff00000ffff080810100000
0000000ffff00000ffff090910100000
0000000ffff00000ffff0a0a10100000
0000000ffff00000ffff0b0b10100000
0000000ffff00000ffff0c0c10100000
0000000ffff00000ffff0d0d10100000
0000000ffff00000ffff0e0e10100000
0000000ffff00000ffff0f0f10100000
0000000ffff00000ffff000010100000
0000000ffff00000ffff010110100000
0000000ffff00000ffff020210100000
0000000ffff00000ffff030310100000
0000000ffff00000ffff040410100000
0000000ffff00000ffff050510100000
0000000ffff00000ffff060610100000
0000000ffff00000ffff070710100000
0000000ffff00000ffff080810100000
0000000ffff00000ffff090910100000
0000000ffff00000ffff0a0a10100000
0000000ffff00000ffff0b0b10100000
0000000ffff00000ffff0c0c10100000
0000000ffff00000ffff0d0d10100000
0000000ffff00000ffff0e0e10100000
0000000ffff00000ffff0f0f10100000
0000000ffff00000ffff000010100000
0000000ffff00000ffff010110100000
0000000ffff00000ffff020210100000
0000000ffff00000ffff030310100000
0000000ffff00000ffff040410100000
0000000ffff00000ffff050510100000
0000000ffff00000ffff060610100000
0000000ffff00000ffff070710100000
0000000ffff00000ffff080810100000
0000000ffff00000ffff090910100000
0000000ffff00000ffff0a0a10100000
0000000ffff00000ffff0b0b10100000
0000000ffff00000ffff0c0c10100000
0000000ffff00000ffff0d0d10100000
0000000ffff00000ffff0e0e10100000
0000000ffff00000ffff0f0f10100000
0000000ffff00000ffff000010100000
0000000ffff00000ffff010110100000
0000000ffff00000ffff020210100000
0000000ffff00000ffff030310100000
0000000ffff00000ffff040410100000
0000000ffff00000ffff050510100000
0000000ffff00000ffff060610100000
0000000ffff00000ffff070710100000
0000000ffff00000ffff080810100000
0000000ffff00000ffff090910100000
0000000ffff00000ffff0a0a10100000
0000000ffff00000ffff0b0b10100000
0000000ffff00000ffff0c0c10100000
0000000ffff00000ffff0d0d10100000
0000000ffff00000ffff0e0e10100000
0000000ffff00000ffff0f0f10100000
0000000ffff00000ffff000010100000
0000000ffff00000ffff010110100000
0000000ffff00000ffff020210100000
0000000ffff00000ffff030310100000
0000000ffff00000ffff040410100000
0000000ffff00000ffff050510100000
0000000ffff00000ffff060610100000
0000000ffff00000ffff070710100000
0000000ffff00000ffff080810100000
0000000ffff00000ffff090910100000
0000000ffff00000ffff0a0a10100000
0000000ffff00000ffff0b0b10100000
0000000ffff00000ffff0c0c10100000
0000000ffff00000ffff0d0d10100000
0000000ffff00000ffff0e0e10100000
0000000ffff00000ffff0f0f10100000
0000000ffff00000ffff000010100000
0000000ffff00000ffff010110100000
0000000ffff00000ffff020210100000
0000000ffff00000ffff030310100000
0000000ffff00000ffff040410100000
0000000ffff00000ffff050510100000
0000000ffff00000ffff060610100000
0000000ffff00000ffff070710100000
0000000ffff00000ffff080810100000
0000000ffff00000ffff090910100000
0000000ffff00000ffff0a0a10100000
0000000ffff00000ffff0b0b10100000
0000000ffff00000ffff0c0c10100000
0000000ffff00000ffff0d0d10100000
0000000ffff00000ffff0e0e10100000
0000000ffff00000ffff0f0f10100000
0000000ffff00000ffff000010100000
0000000ffff00000ffff010110100000
0000000ffff00000ffff020210100000
0000000ffff00000ffff030310100000
0000000ffff00000ffff040410100000
0000000ffff00000ffff050510100000
0000000ffff00000ffff060610100000
0000000ffff00000ffff070710100000
0000000ffff00000ffff080810100000
0000000ffff00000ffff090910100000
0000000ffff00000ffff0a0a10100000
0000000ffff00000ffff0b0b10100000
0000000ffff00000ffff0c0c10100000
0000000ffff00000ffff0d0d10100000
0000000ffff00000ffff0e0e10100000
0000000ffff00000ffff0f0f10100000
0000000ffff00000ffff000010100000
0000000ffff00000ffff010110100000
0000000ffff00000ffff020210100000
0000000ffff00000ffff030310100000
0000000ffff00000ffff040410100000
0000000ffff00000ffff050510100000
0000000ffff00000ffff060610100000
0000000ffff00000ffff070710100000
0000000ffff00000ffff080810100000
0000000ffff00000ffff090910100000
0000000ffff00000ffff0a0a10100000
0000000ffff00000ffff0b0b10100000
0000000ffff00000ffff0c0c10100000
0000000ffff00000ffff0d0d10100000
0000000ffff00000ffff0e0e10100000
0000000ffff00000ffff0f0f10100000
0000000ffff00000ffff000010100000
0000000ffff00000ffff010110100000
0000000ffff00000ffff020210100000
0000000ffff00000ffff030310100000
0000000ffff00000ffff040410100000
0000000ffff00000ffff050510100000
0000000ffff00000ffff060610100000
0000000ffff00000ffff070710100000
0000000ffff00000ffff080810100000
0000000ffff00000ffff090910100000
0000000ffff00000ffff0a0a10100000
0000000ffff00000ffff0b0b10100000
0000000ffff00000ffff0c0c10100000
0000000ffff00000ffff0d0d10100000
0000000ffff00000ffff0e0e10100000
0000000ffff00000ffff0f0f10100000
0000000ffff00000ffff000010100000
0000000ffff00000ffff010110100000
0000000ffff00000ffff020210100000
0000000ffff00000ffff030310100000
0000000ffff00000ffff040410100000
0000000ffff00000ffff050510100000
0000000ffff00000ffff060610100000
0000000ffff00000ffff070710100000
0000000ffff00000ffff080810100000
0000000ffff00000ffff090910100000
0000000ffff00000ffff0a0a10100000
0000000ffff00000ffff0b0b10100000
0000000ffff00000ffff0c0c10100000
0000000ffff00000ffff0d0d10100000
0000000ffff00000ffff0e0e10100000
0000000ffff00000ffff0f0f10100000
0000000ffff00000ffff000010100000
00800000800080008000010101010000
01000001000080008000020202020000
01800001800080008000030303030000
02000002000080008000040404040000
02800002800080008000050505050000
03000003000080008000060606060000
03800003800080008000070707070000
04000004000080008000080808080000
04800004800080008000090909090000
050000050000800080000a0a0a0a0000
058000058000800080000b0b0b0b0000
060000060000800080000c0c0c0c0000
068000068000800080000d0d0d0d0000
070000070000800080000e0e0e0e0000
078000078000800080000f0f0f0f0000
08000008000080008000000010100000
08000008000080008000010110100000
08000008000080008000020210100000
08000008000080008000030310100000
08000008000080008000040410100000
08000008000080008000050510100000
08000008000080008000060610100000
08000008000080008000070710100000
08000008000080008000080810100000
08000008000080008000090910100000
080000080000800080000a0a10100000
080000080000800080000b0b10100000
080000080000800080000c0c10100000
080000080000800080000d0d10100000
080000080000800080000e0e10100000
080000080000800080000f0f10100000
08000008000080008000000010100000
08000008000080008000010110100000
08000008000080008000020210100000
08000008000080008000030310100000
08000008000080008000040410100000
08000008000080008000050510100000
08000008000080008000060610100000
08000008000080008000070710100000
08000008000080008000080810100000
08000008000080008000090910100000
080000080000800080000a0a10100000
080000080000800080000b0b10100000
080000080000800080000c0c10100000
080000080000800080000d0d10100000
080000080000800080000e0e10100000
080000080000800080000f0f10100000
08000008000080008000000010100000
08000008000080008000010110100000
08000008000080008000020210100000
08000008000080008000030310100000
08000008000080008000040410100000
08000008000080008000050510100000
08000008000080008000060610100000
08000008000080008000070710100000
08000008000080008000080810100000
08000008000080008000090910100000
080000080000800080000a0a10100000
080000080000800080000b0b10100000
080000080000800080000c0c10100000
080000080000800080000d0d10100000
080000080000800080000e0e10100000
080000080000800080000f0f10100000
08000008000080008000000010100000
08000008000080008000010110100000
08000008000080008000020210100000
08000008000080008000030310100000
08000008000080008000040410100000
08000008000080008000050510100000
08000008000080008000060610100000
08000008000080008000070710100000
08000008000080008000080810100000
08000008000080008000090910100000
080000080000800080000a0a10100000
080000080000800080000b0b10100000
080000080000800080000c0c10100000
080000080000800080000d0d10100000
080000080000800080000e0e10100000
080000080000800080000f0f10100000
08000008000080008000000010100000
08000008000080008000010110100000
08000008000080008000020210100000
08000008000080008000030310100000
08000008000080008000040410100000
08000008000080008000050510100000
08000008000080008000060610100000
08000008000080008000070710100000
08000008000080008000080810100000
08000008000080008000090910100000
080000080000800080000a0a10100000
080000080000800080000b0b10100000
080000080000800080000c0c10100000
080000080000800080000d0d10100000
080000080000800080000e0e10100000
080000080000800080000f0f10100000
08000008000080008000000010100000
08000008000080008000010110100000
08000008000080008000020210100000
08000008000080008000030310100000
08000008000080008000040410100000
08000008000080008000050510100000
08000008000080008000060610100000
08000008000080008000070710100000
08000008000080008000080810100000
08000008000080008000090910100000
080000080000800080000a0a10100000
080000080000800080000b0b10100000
080000080000800080000c0c10100000
080000080000800080000d0d10100000
080000080000800080000e0e10100000
080000080000800080000f0f10100000
08000008000080008000000010100000
08000008000080008000010110100000
08000008000080008000020210100000
08000008000080008000030310100000
08000008000080008000040410100000
08000008000080008000050510100000
08000008000080008000060610100000
08000008000080008000070710100000
08000008000080008000080810100000
08000008000080008000090910100000
080000080000800080000a0a10100000
080000080000800080000b0b10100000
080000080000800080000c0c10100000
080000080000800080000d0d10100000
080000080000800080000e0e10100000
080000080000800080000f0f10100000
08000008000080008000000010100000
08000008000080008000010110100000
08000008000080008000020210100000
08000008000080008000030310100000
08000008000080008000040410100000
08000008000080008000050510100000
08000008000080008000060610100000
08000008000080008000070710100000
08000008000080008000080810100000
08000008000080008000090910100000
080000080000800080000a0a10100000
080000080000800080000b0b10100000
080000080000800080000c0c10100000
080000080000800080000d0d10100000
080000080000800080000e0e10100000
080000080000800080000f0f10100000
08000008000080008000000010100000
08000008000080008000010110100000
08000008000080008000020210100000
08000008000080008000030310100000
08000008000080008000040410100000
08000008000080008000050510100000
08000008000080008000060610100000
08000008000080008000070710100000
08000008000080008000080810100000
08000008000080008000090910100000
080000080000800080000a0a10100000
080000080000800080000b0b10100000
080000080000800080000c0c10100000
080000080000800080000d0d10100000
080000080000800080000e0e10100000
080000080000800080000f0f10100000
08000008000080008000000010100000
08000008000080008000010110100000
08000008000080008000020210100000
08000008000080008000030310100000
08000008000080008000040410100000
08000008000080008000050510100000
08000008000080008000060610100000
08000008000080008000070710100000
08000008000080008000080810100000
08000008000080008000090910100000
080000080000800080000a0a10100000
080000080000800080000b0b10100000
080000080000800080000c0c10100000
080000080000800080000d0d10100000
080000080000800080000e0e10100000
080000080000800080000f0f10100000
08000008000080008000000010100000
08000008000080008000010110100000
08000008000080008000020210100000
08000008000080008000030310100000
08000008000080008000040410100000
08000008000080008000050510100000
08000008000080008000060610100000
08000008000080008000070710100000
08000008000080008000080810100000
08000008000080008000090910100000
080000080000800080000a0a10100000
080000080000800080000b0b10100000
080000080000800080000c0c10100000
080000080000800080000d0d10100000
080000080000800080000e0e10100000
080000080000800080000f0f10100000
08000008000080008000000010100000
08000008000080008000010110100000
08000008000080008000020210100000
08000008000080008000030310100000
08000008000080008000040410100000
08000008000080008000050510100000
08000008000080008000060610100000
08000008000080008000070710100000
08000008000080008000080810100000
08000008000080008000090910100000
080000080000800080000a0a10100000
080000080000800080000b0b10100000
080000080000800080000c0c10100000
080000080000800080000d0d10100000
080000080000800080000e0e10100000
080000080000800080000f0f10100000
08000008000080008000000010100000
08000008000080008000010110100000
08000008000080008000020210100000
08000008000080008000030310100000
08000008000080008000040410100000
08000008000080008000050510100000
08000008000080008000060610100000
08000008000080008000070710100000
08000008000080008000080810100000
08000008000080008000090910100000
080000080000800080000a0a10100000
080000080000800080000b0b10100000
080000080000800080000c0c10100000
080000080000800080000d0d10100000
080000080000800080000e0e10100000
080000080000800080000f0f10100000
08000008000080008000000010100000
08000008000080008000010110100000
08000008000080008000020210100000
08000008000080008000030310100000
08000008000080008000040410100000
08000008000080008000050510100000
08000008000080008000060610100000
08000008000080008000070710100000
08000008000080008000080810100000
08000008000080008000090910100000
080000080000800080000a0a10100000
080000080000800080000b0b10100000
080000080000800080000c0c10100000
080000080000800080000d0d10100000
080000080000800080000e0e10100000
080000080000800080000f0f10100000
08000008000080008000000010100000
08000008000080008000010110100000
08000008000080008000020210100000
08000008000080008000030310100000
08000008000080008000040410100000
08000008000080008000050510100000
08000008000080008000060610100000
08000008000080008000070710100000
08000008000080008000080810100000
08000008000080008000090910100000
080000080000800080000a0a10100000
080000080000800080000b0b10100000
080000080000800080000c0c10100000
080000080000800080000d0d10100000
080000080000800080000e0e10100000
080000080000800080000f0f10100000
08000008000080008000000010100000
08000008000080008000010110100000
08000008000080008000020210100000
08000008000080008000030310100000
08000008000080008000040410100000
08000008000080008000050510100000
08000008000080008000060610100000
08000008000080008000070710100000
08000008000080008000080810100000
08000008000080008000090910100000
080000080000800080000a0a10100000
080000080000800080000b0b10100000
080000080000800080000c0c10100000
080000080000800080000d0d10100000
080000080000800080000e0e10100000
080000080000800080000f0f10100000
08000008000080008000000010100000
08000008000080008000010110100000
08000008000080008000020210100000
08000008000080008000030310100000
08000008000080008000040410100000
08000008000080008000050510100000
08000008000080008000060610100000
08000008000080008000070710100000
08000008000080008000080810100000
08000008000080008000090910100000
080000080000800080000a0a10100000
080000080000800080000b0b10100000
080000080000800080000c0c10100000
080000080000800080000d0d10100000
080000080000800080000e0e10100000
080000080000800080000f0f10100000
08000008000080008000000010100000
08000008000080008000010110100000
08000008000080008000020210100000
08000008000080008000030310100000
08000008000080008000040410100000
08000008000080008000050510100000
08000008000080008000060610100000
08000008000080008000070710100000
08000008000080008000080810100000
08000008000080008000090910100000
080000080000800080000a0a10100000
080000080000800080000b0b10100000
080000080000800080000c0c10100000
080000080000800080000d0d10100000
080000080000800080000e0e10100000
080000080000800080000f0f10100000
08000008000080008000000010100000
08000008000080008000010110100000
08000008000080008000020210100000
08000008000080008000030310100000
08000008000080008000040410100000
08000008000080008000050510100000
08000008000080008000060610100000
08000008000080008000070710100000
08000008000080008000080810100000
08000008000080008000090910100000
080000080000800080000a0a10100000
080000080000800080000b0b10100000
080000080000800080000c0c10100000
080000080000800080000d0d10100000
080000080000800080000e0e10100000
080000080000800080000f0f10100000
08000008000080008000000010100000
08000008000080008000010110100000
08000008000080008000020210100000
08000008000080008000030310100000
08000008000080008000040410100000
08000008000080008000050510100000
08000008000080008000060610100000
08000008000080008000070710100000
08000008000080008000080810100000
08000008000080008000090910100000
080000080000800080000a0a10100000
080000080000800080000b0b10100000
080000080000800080000c0c10100000
080000080000800080000d0d10100000
080000080000800080000e0e10100000
080000080000800080000f0f10100000
08000008000080008000000010100000
08000008000080008000010110100000
08000008000080008000020210100000
08000008000080008000030310100000
08000008000080008000040410100000
08000008000080008000050510100000
08000008000080008000060610100000
08000008000080008000070710100000
08000008000080008000080810100000
08000008000080008000090910100000
080000080000800080000a0a10100000
080000080000800080000b0b10100000
080000080000800080000c0c10100000
080000080000800080000d0d10100000
080000080000800080000e0e10100000
080000080000800080000f0f10100000
08000008000080008000000010100000
08000008000080008000010110100000
08000008000080008000020210100000
08000008000080008000030310100000
08000008000080008000040410100000
08000008000080008000050510100000
08000008000080008000060610100000
08000008000080008000070710100000
08000008000080008000080810100000
08000008000080008000090910100000
080000080000800080000a0a10100000
080000080000800080000b0b10100000
080000080000800080000c0c10100000
080000080000800080000d0d10100000
080000080000800080000e0e10100000
080000080000800080000f0f10100000
08000008000080008000000010100000
08000008000080008000010110100000
08000008000080008000020210100000
08000008000080008000030310100000
08000008000080008000040410100000
08000008000080008000050510100000
08000008000080008000060610100000
08000008000080008000070710100000
08000008000080008000080810100000
08000008000080008000090910100000
080000080000800080000a0a10100000
080000080000800080000b0b10100000
080000080000800080000c0c10100000
080000080000800080000d0d10100000
080000080000800080000e0e10100000
080000080000800080000f0f10100000
08000008000080008000000010100000
08000008000080008000010110100000
08000008000080008000020210100000
08000008000080008000030310100000
08000008000080008000040410100000
08000008000080008000050510100000
08000008000080008000060610100000
08000008000080008000070710100000
08000008000080008000080810100000
08000008000080008000090910100000
080000080000800080000a0a10100000
080000080000800080000b0b10100000
080000080000800080000c0c10100000
080000080000800080000d0d10100000
080000080000800080000e0e10100000
080000080000800080000f0f10100000
08000008000080008000000010100000
08000008000080008000010110100000
08000008000080008000020210100000
08000008000080008000030310100000
08000008000080008000040410100000
08000008000080008000050510100000
08000008000080008000060610100000
08000008000080008000070710100000
08000008000080008000080810100000
08000008000080008000090910100000
080000080000800080000a0a10100000
080000080000800080000b0b10100000
080000080000800080000c0c10100000
080000080000800080000d0d10100000
080000080000800080000e0e10100000
080000080000800080000f0f10100000
08000008000080008000000010100000
08000008000080008000010110100000
08000008000080008000020210100000
08000008000080008000030310100000
08000008000080008000040410100000
08000008000080008000050510100000
08000008000080008000060610100000
08000008000080008000070710100000
08000008000080008000080810100000
08000008000080008000090910100000
080000080000800080000a0a10100000
080000080000800080000b0b10100000
080000080000800080000c0c10100000
080000080000800080000d0d10100000
080000080000800080000e0e10100000
080000080000800080000f0f10100000
08000008000080008000000010100000
08000008000080008000010110100000
08000008000080008000020210100000
08000008000080008000030310100000
08000008000080008000040410100000
08000008000080008000050510100000
08000008000080008000060610100000
08000008000080008000070710100000
08000008000080008000080810100000
08000008000080008000090910100000
080000080000800080000a0a10100000
080000080000800080000b0b10100000
080000080000800080000c0c10100000
080000080000800080000d0d10100000
080000080000800080000e0e10100000
080000080000800080000f0f10100000
08000008000080008000000010100000
08000008000080008000010110100000
08000008000080008000020210100000
08000008000080008000030310100000
08000008000080008000040410100000
08000008000080008000050510100000
08000008000080008000060610100000
08000008000080008000070710100000
08000008000080008000080810100000
08000008000080008000090910100000
080000080000800080000a0a10100000
080000080000800080000b0b10100000
080000080000800080000c0c10100000
080000080000800080000d0d10100000
080000080000800080000e0e10100000
080000080000800080000f0f10100000
08000008000080008000000010100000
08000008000080008000010110100000
08000008000080008000020210100000
08000008000080008000030310100000
08000008000080008000040410100000
08000008000080008000050510100000
08000008000080008000060610100000
08000008000080008000070710100000
08000008000080008000080810100000
08000008000080008000090910100000
080000080000800080000a0a10100000
080000080000800080000b0b10100000
080000080000800080000c0c10100000
080000080000800080000d0d10100000
080000080000800080000e0e10100000
080000080000800080000f0f10100000
08000008000080008000000010100000
08000008000080008000010110100000
08000008000080008000020210100000
08000008000080008000030310100000
08000008000080008000040410100000
08000008000080008000050510100000
08000008000080008000060610100000
08000008000080008000070710100000
08000008000080008000080810100000
08000008000080008000090910100000
080000080000800080000a0a10100000
080000080000800080000b0b10100000
080000080000800080000c0c10100000
080000080000800080000d0d10100000
080000080000800080000e0e10100000
080000080000800080000f0f10100000
08000008000080008000000010100000
08000008000080008000010110100000
08000008000080008000020210100000
08000008000080008000030310100000
08000008000080008000040410100000
08000008000080008000050510100000
08000008000080008000060610100000
08000008000080008000070710100000
08000008000080008000080810100000
08000008000080008000090910100000
080000080000800080000a0a10100000
080000080000800080000b0b10100000
080000080000800080000c0c10100000
080000080000800080000d0d10100000
080000080000800080000e0e10100000
080000080000800080000f0f10100000
08000008000080008000000010100000
00000000ffff0000ffff010101010000
00007f01ff7f007fff80020202020000
00017d02fe8000feff01030303030000
0002fa03fd02017dfe82040404040000
0004f604fb0501fcfe03050505050000
00077105f889027bfd84060606060000
000a6b06f58e02fafd05070707070000
000de407f2140379fc86080808080000
0011dc08ee1b03f8fc07090909090000
00165309e9a30477fb880a0a0a0a0000
001b490ae4ac04f6fb090b0b0b0b0000
0020be0bdf360575fa8a0c0c0c0c0000
0026b20cd94105f4fa0b0d0d0d0d0000
002d250dd2cd0673f98c0e0e0e0e0000
0034170ecbda06f2f90d0f0f0f0f0000
003b880fc4680771f88e000010100000
0043780fbc7807f0f80f010110100000
004b680fb488086ff790020210100000
0053580fac9808eef711030310100000
005b480fa4a8096df692040410100000
0063380f9cb809ecf613050510100000
006b280f94c80a6bf594060610100000
0073180f8cd80aeaf515070710100000
007b080f84e80b69f496080810100000
0082f80f7cf80be8f417090910100000
008ae80f75080c67f3980a0a10100000
0092d80f6d180ce6f3190b0b10100000
009ac80f65280d65f29a0c0c10100000
00a2b80f5d380de4f21b0d0d10100000
00aaa80f55480e63f19c0e0e10100000
00b2980f4d580ee2f11d0f0f10100000
00ba880f45680f61f09e000010100000
00c2780f3d780fe0f01f010110100000
00ca680f3588105fefa0020210100000
00d2580f2d9810deef21030310100000
00da480f25a8115deea2040410100000
00e2380f1db811dcee23050510100000
00ea280f15c8125beda4060610100000
00f2180f0dd812daed25070710100000
00fa080f05e81359eca6080810100000
0101f80efdf813d8ec27090910100000
0109e80ef6081457eba80a0a10100000
0111d80eee1814d6eb290b0b10100000
0119c80ee6281555eaaa0c0c10100000
0121b80ede3815d4ea2b0d0d10100000
0129a80ed6481653e9ac0e0e10100000
0131980ece5816d2e92d0f0f10100000
0139880ec6681751e8ae000010100000
0141780ebe7817d0e82f010110100000
0149680eb688184fe7b0020210100000
0151580eae9818cee731030310100000
0159480ea6a8194de6b2040410100000
0161380e9eb819cce633050510100000
0169280e96c81a4be5b4060610100000
0171180e8ed81acae535070710100000
0179080e86e81b49e4b6080810100000
0180f80e7ef81bc8e437090910100000
0188e80e77081c47e3b80a0a10100000
0190d80e6f181cc6e3390b0b10100000
0198c80e67281d45e2ba0c0c10100000
01a0b80e5f381dc4e23b0d0d10100000
01a8a80e57481e43e1bc0e0e10100000
01b0980e4f581ec2e13d0f0f10100000
01b8880e47681f41e0be000010100000
01c0780e3f781fc0e03f010110100000
01c8680e3788203fdfc0020210100000
01d0580e2f9820bedf41030310100000
01d8480e27a8213ddec2040410100000
01e0380e1fb821bcde43050510100000
01e8280e17c8223bddc4060610100000
01f0180e0fd822badd45070710100000
01f8080e07e82339dcc6080810100000
01fff80dfff823b8dc47090910100000
0207e80df8082437dbc80a0a10100000
020fd80df01824b6db490b0b10100000
0217c80de8282535daca0c0c10100000
021fb80de03825b4da4b0d0d10100000
0227a80dd8482633d9cc0e0e10100000
022f980dd05826b2d94d0f0f10100000
0237880dc8682731d8ce000010100000
023f780dc07827b0d84f010110100000
0247680db888282fd7d0020210100000
024f580db09828aed751030310100000
0257480da8a8292dd6d2040410100000
025f380da0b829acd653050510100000
0267280d98c82a2bd5d4060610100000
026f180d90d82aaad555070710100000
0277080d88e82b29d4d6080810100000
027ef80d80f82ba8d457090910100000
0286e80d79082c27d3d80a0a10100000
028ed80d71182ca6d3590b0b10100000
0296c80d69282d25d2da0c0c10100000
029eb80d61382da4d25b0d0d10100000
02a6a80d59482e23d1dc0e0e10100000
02ae980d51582ea2d15d0f0f10100000
02b6880d49682f21d0de000010100000
02be780d41782fa0d05f010110100000
02c6680d3988301fcfe0020210100000
02ce580d3198309ecf61030310100000
02d6480d29a8311dcee2040410100000
02de380d21b8319cce63050510100000
02e6280d19c8321bcde4060610100000
02ee180d11d8329acd65070710100000
02f6080d09e83319cce6080810100000
02fdf80d01f83398cc67090910100000
0305e80cfa083417cbe80a0a10100000
030dd80cf2183496cb690b0b10100000
0315c80cea283515caea0c0c10100000
031db80ce2383594ca6b0d0d10100000
0325a80cda483613c9ec0e0e10100000
032d980cd2583692c96d0f0f10100000
0335880cca683711c8ee000010100000
033d780cc2783790c86f010110100000
0345680cba88380fc7f0020210100000
034d580cb298388ec771030310100000
0355480caaa8390dc6f2040410100000
035d380ca2b8398cc673050510100000
0365280c9ac83a0bc5f4060610100000
036d180c92d83a8ac575070710100000
0375080c8ae83b09c4f6080810100000
037cf80c82f83b88c477090910100000
0384e80c7b083c07c3f80a0a10100000
038cd80c73183c86c3790b0b10100000
0394c80c6b283d05c2fa0c0c10100000
039cb80c63383d84c27b0d0d10100000
03a4a80c5b483e03c1fc0e0e10100000
03ac980c53583e82c17d0f0f10100000
03b4880c4b683f01c0fe000010100000
03bc780c43783f80c07f010110100000
03c4680c3b883fffc000020210100000
03cc580c3398407ebf81030310100000
03d4480c2ba840fdbf02040410100000
03dc380c23b8417cbe83050510100000
03e4280c1bc841fbbe04060610100000
03ec180c13d8427abd85070710100000
03f4080c0be842f9bd06080810100000
03fbf80c03f84378bc87090910100000
0403e80bfc0843f7bc080a0a10100000
040bd80bf4184476bb890b0b10100000
0413c80bec2844f5bb0a0c0c10100000
041bb80be4384574ba8b0d0d10100000
0423a80bdc4845f3ba0c0e0e10100000
042b980bd4584672b98d0f0f10100000
0433880bcc6846f1b90e000010100000
043b780bc4784770b88f010110100000
0443680bbc8847efb810020210100000
044b580bb498486eb791030310100000
0453480baca848edb712040410100000
045b380ba4b8496cb693050510100000
0463280b9cc849ebb614060610100000
046b180b94d84a6ab595070710100000
0473080b8ce84ae9b516080810100000
047af80b84f84b68b497090910100000
0482e80b7d084be7b4180a0a10100000
048ad80b75184c66b3990b0b10100000
0492c80b6d284ce5b31a0c0c10100000
049ab80b65384d64b29b0d0d10100000
04a2a80b5d484de3b21c0e0e10100000
04aa980b55584e62b19d0f0f10100000
04b2880b4d684ee1b11e000010100000
04ba780b45784f60b09f010110100000
04c2680b3d884fdfb020020210100000
04ca580b3598505eafa1030310100000
04d2480b2da850ddaf22040410100000
04da380b25b8515caea3050510100000
04e2280b1dc851dbae24060610100000
04ea180b15d8525aada5070710100000
04f2080b0de852d9ad26080810100000
04f9f80b05f85358aca7090910100000
0501e80afe0853d7ac280a0a10100000
0509d80af6185456aba90b0b10100000
0511c80aee2854d5ab2a0c0c10100000
0519b80ae6385554aaab0d0d10100000
0521a80ade4855d3aa2c0e0e10100000
0529980ad6585652a9ad0f0f10100000
0531880ace6856d1a92e000010100000
0539780ac6785750a8af010110100000
0541680abe8857cfa830020210100000
0549580ab698584ea7b1030310100000
0551480aaea858cda732040410100000
0559380aa6b8594ca6b3050510100000
0561280a9ec859cba634060610100000
0569180a96d85a4aa5b5070710100000
0571080a8ee85ac9a536080810100000
0578f80a86f85b48a4b7090910100000
0580e80a7f085bc7a4380a0a10100000
0588d80a77185c46a3b90b0b10100000
0590c80a6f285cc5a33a0c0c10100000
0598b80a67385d44a2bb0d0d10100000
05a0a80a5f485dc3a23c0e0e10100000
05a8980a57585e42a1bd0f0f10100000
05b0880a4f685ec1a13e000010100000
05b8780a47785f40a0bf010110100000
05c0680a3f885fbfa040020210100000
05c8580a3798603e9fc1030310100000
05d0480a2fa860bd9f42040410100000
05d8380a27b8613c9ec3050510100000
05e0280a1fc861bb9e44060610100000
05e8180a17d8623a9dc5070710100000
05f0080a0fe862b99d46080810100000
05f7f80a07f863389cc7090910100000
05ffe80a000863b79c480a0a10100000
0607d809f81864369bc90b0b10100000
060fc809f02864b59b4a0c0c10100000
0617b809e83865349acb0d0d10100000
061fa809e04865b39a4c0e0e10100000
06279809d858663299cd0f0f10100000
062f8809d06866b1994e000010100000
06377809c878673098cf010110100000
063f6809c08867af9850020210100000
06475809b898682e97d1030310100000
064f4809b0a868ad9752040410100000
06573809a8b8692c96d3050510100000
065f2809a0c869ab9654060610100000
0667180998d86a2a95d5070710100000
066f080990e86aa99556080810100000
0676f80988f86b2894d7090910100000
067ee80981086ba794580a0a10100000
0686d80979186c2693d90b0b10100000
068ec80971286ca5935a0c0c10100000
0696b80969386d2492db0d0d10100000
069ea80961486da3925c0e0e10100000
06a6980959586e2291dd0f0f10100000
06ae880951686ea1915e000010100000
06b6780949786f2090df010110100000
06be680941886f9f9060020210100000
06c658093998701e8fe1030310100000
06ce480931a8709d8f62040410100000
06d6380929b8711c8ee3050510100000
06de280921c8719b8e64060610100000
06e6180919d8721a8de5070710100000
06ee080911e872998d66080810100000
06f5f80909f873188ce7090910100000
06fde809020873978c680a0a10100000
0705d808fa1874168be90b0b10100000
070dc808f22874958b6a0c0c10100000
0715b808ea3875148aeb0d0d10100000
071da808e24875938a6c0e0e10100000
07259808da58761289ed0f0f10100000
072d8808d2687691896e000010100000
07357808ca78771088ef010110100000
073d6808c288778f8870020210100000
07455808ba98780e87f1030310100000
074d4808b2a8788d8772040410100000
07553808aab8790c86f3050510100000
075d2808a2c8798b8674060610100000
076518089ad87a0a85f5070710100000
076d080892e87a898576080810100000
0774f8088af87b0884f7090910100000
077ce80883087b8784780a0a10100000
0784d8087b187c0683f90b0b10100000
078cc80873287c85837a0c0c10100000
0794b8086b387d0482fb0d0d10100000
079ca80863487d83827c0e0e10100000
07a498085b587e0281fd0f0f10100000
07ac880853687e81817e000010100000
07b478084b787f0080ff010110100000
07bc680843887f7f8080020210100000
07c458083b987ffe8001030310100000
07cc480833a8807d7f82040410100000
07d438082bb880fc7f03050510100000
07dc280823c8817b7e84060610100000
07e418081bd881fa7e05070710100000
07ec080813e882797d86080810100000
07f3f8080bf882f87d07090910100000
07fbe808040883777c880a0a10100000
0803d807fc1883f67c090b0b10100000
080bc807f42884757b8a0c0c10100000
0813b807ec3884f47b0b0d0d10100000
081ba807e44885737a8c0e0e10100000
08239807dc5885f27a0d0f0f10100000
082b8807d4688671798e000010100000
08337807cc7886f0790f010110100000
083b6807c488876f7890020210100000
08435807bc9887ee7811030310100000
084b4807b4a8886d7792040410100000
08533807acb888ec7713050510100000
085b2807a4c8896b7694060610100000
086318079cd889ea7615070710100000
086b080794e88a697596080810100000
0872f8078cf88ae87517090910100000
087ae80785088b6774980a0a10100000
0882d8077d188be674190b0b10100000
088ac80775288c65739a0c0c10100000
0892b8076d388ce4731b0d0d10100000
089aa80765488d63729c0e0e10100000
08a298075d588de2721d0f0f10100000
08aa880755688e61719e000010100000
08b278074d788ee0711f010110100000
08ba680745888f5f70a0020210100000
08c258073d988fde7021030310100000
08ca480735a8905d6fa2040410100000
08d238072db890dc6f23050510100000
08da280725c8915b6ea4060610100000
08e218071dd891da6e25070710100000
08ea080715e892596da6080810100000
08f1f8070df892d86d27090910100000
08f9e807060893576ca80a0a10100000
0901d806fe1893d66c290b0b10100000
0909c806f62894556baa0c0c10100000
0911b806ee3894d46b2b0d0d10100000
0919a806e64895536aac0e0e10100000
09219806de5895d26a2d0f0f10100000
09298806d668965169ae000010100000
09317806ce7896d0692f010110100000
09396806c688974f68b0020210100000
09415806be9897ce6831030310100000
09494806b6a8984d67b2040410100000
09513806aeb898cc6733050510100000
09592806a6c8994b66b4060610100000
096118069ed899ca6635070710100000
0969080696e89a4965b6080810100000
0970f8068ef89ac86537090910100000
0978e80687089b4764b80a0a10100000
0980d8067f189bc664390b0b10100000
0988c80677289c4563ba0c0c10100000
0990b8066f389cc4633b0d0d10100000
0998a80667489d4362bc0e0e10100000
09a098065f589dc2623d0f0f10100000
09a8880657689e4161be000010100000
09b078064f789ec0613f010110100000
09b8680647889f3f60c0020210100000
09c058063f989fbe6041030310100000
09c8480637a8a03d5fc2040410100000
09d038062fb8a0bc5f43050510100000
09d8280627c8a13b5ec4060610100000
09e018061fd8a1ba5e45070710100000
09e8080617e8a2395dc6080810100000
09eff8060ff8a2b85d47090910100000
09f7e8060808a3375cc80a0a10100000
09ffd8060018a3b65c490b0b10100000
0a07c805f828a4355bca0c0c10100000
0a0fb805f038a4b45b4b0d0d10100000
0a17a805e848a5335acc0e0e10100000
0a1f9805e058a5b25a4d0f0f10100000
0a278805d868a63159ce000010100000
0a2f7805d078a6b0594f010110100000
0a376805c888a72f58d0020210100000
0a3f5805c098a7ae5851030310100000
0a474805b8a8a82d57d2040410100000
0a4f3805b0b8a8ac5753050510100000
0a572805a8c8a92b56d4060610100000
0a5f1805a0d8a9aa5655070710100000
0a67080598e8aa2955d6080810100000
0a6ef80590f8aaa85557090910100000
0a76e8058908ab2754d80a0a10100000
0a7ed8058118aba654590b0b10100000
0a86c8057928ac2553da0c0c10100000
0a8eb8057138aca4535b0d0d10100000
0a96a8056948ad2352dc0e0e10100000
0a9e98056158ada2525d0f0f10100000
0aa688055968ae2151de000010100000
0aae78055178aea0515f010110100000
0ab668054988af1f50e0020210100000
0abe58054198af9e5061030310100000
0ac6480539a8b01d4fe2040410100000
0ace380531b8b09c4f63050510100000
0ad6280529c8b11b4ee4060610100000
0ade180521d8b19a4e65070710100000
0ae6080519e8b2194de6080810100000
0aedf80511f8b2984d67090910100000
0af5e8050a08b3174ce80a0a10100000
0afdd8050218b3964c690b0b10100000
0b05c804fa28b4154bea0c0c10100000
0b0db804f238b4944b6b0d0d10100000
0b15a804ea48b5134aec0e0e10100000
0b1d9804e258b5924a6d0f0f10100000
0b258804da68b61149ee000010100000
0b2d7804d278b690496f010110100000
0b356804ca88b70f48f0020210100000
0b3d5804c298b78e4871030310100000
0b454804baa8b80d47f2040410100000
0b4d3804b2b8b88c4773050510100000
0b552804aac8b90b46f4060610100000
0b5d1804a2d8b98a4675070710100000
0b6508049ae8ba0945f6080810100000
0b6cf80492f8ba884577090910100000
0b74e8048b08bb0744f80a0a10100000
0b7cd8048318bb8644790b0b10100000
0b84c8047b28bc0543fa0c0c10100000
0b8cb8047338bc84437b0d0d10100000
0b94a8046b48bd0342fc0e0e10100000
0b9c98046358bd82427d0f0f10100000
0ba488045b68be0141fe000010100000
0bac78045378be80417f010110100000
0bb468044b88beff4100020210100000
0bbc58044398bf7e4081030310100000
0bc448043ba8bffd4002040410100000
0bcc380433b8c07c3f83050510100000
0bd428042bc8c0fb3f04060610100000
0bdc180423d8c17a3e85070710100000
0be408041be8c1f93e06080810100000
0bebf80413f8c2783d87090910100000
0bf3e8040c08c2f73d080a0a10100000
0bfbd8040418c3763c890b0b10100000
0c03c803fc28c3f53c0a0c0c10100000
0c0bb803f438c4743b8b0d0d10100000
0c13a803ec48c4f33b0c0e0e10100000
0c1b9803e458c5723a8d0f0f10100000
0c238803dc68c5f13a0e000010100000
0c2b7803d478c670398f010110100000
0c336803cc88c6ef3910020210100000
0c3b5803c498c76e3891030310100000
0c434803bca8c7ed3812040410100000
0c4b3803b4b8c86c3793050510100000
0c532803acc8c8eb3714060610100000
0c5b1803a4d8c96a3695070710100000
0c6308039ce8c9e93616080810100000
0c6af80394f8ca683597090910100000
0c72e8038d08cae735180a0a10100000
0c7ad8038518cb6634990b0b10100000
0c82c8037d28cbe5341a0c0c10100000
0c8ab8037538cc64339b0d0d10100000
0c92a8036d48cce3331c0e0e10100000
0c9a98036558cd62329d0f0f10100000
0ca288035d68cde1321e000010100000
0caa78035578ce60319f010110100000
0cb268034d88cedf3120020210100000
0cba58034598cf5e30a1030310100000
0cc248033da8cfdd3022040410100000
0cca380335b8d05c2fa3050510100000
0cd228032dc8d0db2f24060610100000
0cda180325d8d15a2ea5070710100000
0ce208031de8d1d92e26080810100000
0ce9f80315f8d2582da7090910100000
0cf1e8030e08d2d72d280a0a10100000
0cf9d8030618d3562ca90b0b10100000
0d01c802fe28d3d52c2a0c0c10100000
0d09b802f638d4542bab0d0d10100000
0d11a802ee48d4d32b2c0e0e10100000
0d199802e658d5522aad0f0f10100000
0d218802de68d5d12a2e000010100000
0d297802d678d65029af010110100000
0d316802ce88d6cf2930020210100000
0d395802c698d74e28b1030310100000
0d414802bea8d7cd2832040410100000
0d493802b6b8d84c27b3050510100000
0d512802aec8d8cb2734060610100000
0d591802a6d8d94a26b5070710100000
0d6108029ee8d9c92636080810100000
0d68f80296f8da4825b7090910100000
0d70e8028f08dac725380a0a10100000
0d78d8028718db4624b90b0b10100000
0d80c8027f28dbc5243a0c0c10100000
0d88b8027738dc4423bb0d0d10100000
0d90a8026f48dcc3233c0e0e10100000
0d9898026758dd4222bd0f0f10100000
0da088025f68ddc1223e000010100000
0da878025778de4021bf010110100000
0db068024f88debf2140020210100000
0db858024798df3e20c1030310100000
0dc048023fa8dfbd2042040410100000
0dc8380237b8e03c1fc3050510100000
0dd028022fc8e0bb1f44060610100000
0dd8180227d8e13a1ec5070710100000
0de008021fe8e1b91e46080810100000
0de7f80217f8e2381dc7090910100000
0defe8021008e2b71d480a0a10100000
0df7d8020818e3361cc90b0b10100000
0dffc8020028e3b51c4a0c0c10100000
0e07b801f838e4341bcb0d0d10100000
0e0fa801f048e4b31b4c0e0e10100000
0e179801e858e5321acd0f0f10100000
0e1f8801e068e5b11a4e000010100000
0e277801d878e63019cf010110100000
0e2f6801d088e6af1950020210100000
0e375801c898e72e18d1030310100000
0e3f4801c0a8e7ad1852040410100000
0e473801b8b8e82c17d3050510100000
0e4f2801b0c8e8ab1754060610100000
0e571801a8d8e92a16d5070710100000
0e5f0801a0e8e9a91656080810100000
0e66f80198f8ea2815d7090910100000
0e6ee8019108eaa715580a0a10100000
0e76d8018918eb2614d90b0b10100000
0e7ec8018128eba5145a0c0c10100000
0e86b8017938ec2413db0d0d10100000
0e8ea8017148eca3135c0e0e10100000
0e9698016958ed2212dd0f0f10100000
0e9e88016168eda1125e000010100000
0ea678015978ee2011df010110100000
0eae68015188ee9f1160020210100000
0eb658014998ef1e10e1030310100000
0ebe480141a8ef9d1062040410100000
0ec6380139b8f01c0fe3050510100000
0ece280131c8f09b0f64060610100000
0ed6180129d8f11a0ee5070710100000
0ede080121e8f1990e66080810100000
0ee5f80119f8f2180de7090910100000
0eede8011208f2970d680a0a10100000
0ef5d8010a18f3160ce90b0b10100000
0efdc8010228f3950c6a0c0c10100000
0f05b800fa38f4140beb0d0d10100000
0f0da800f248f4930b6c0e0e10100000
0f159800ea58f5120aed0f0f10100000
0f1d8800e268f5910a6e000010100000
0f257800da78f61009ef010110100000
0f2d6800d288f68f0970020210100000
0f355800ca98f70e08f1030310100000
0f3d4800c2a8f78d0872040410100000
0f453800bab8f80c07f3050510100000
0f4d2800b2c8f88b0774060610100000
0f551800aad8f90a06f5070710100000
0f5d0800a2e8f9890676080810100000
0f64f8009af8fa0805f7090910100000
0f6ce8009308fa8705780a0a10100000
0f74d8008b18fb0604f90b0b10100000
0f7cc8008328fb85047a0c0c10100000
0f84b8007b38fc0403fb0d0d10100000
0f8ca8007348fc83037c0e0e10100000
0f9498006b58fd0202fd0f0f10100000
0f9c88006368fd81027e000010100000
00000000ffff0000ffff010101010000
00000001fffe0000ffff020202020000
00000002fffd0000ffff030303030000
00000003fffc0000ffff040404040000
00000004fffb0000ffff050505050000
00000005fffa0000ffff060606060000
00000006fff90000ffff070707070000
00000007fff80000ffff080808080000
00000008fff70000ffff090909090000
00000009fff60000ffff0a0a0a0a0000
0000000afff50000ffff0b0b0b0b0000
0000000bfff40000ffff0c0c0c0c0000
0000000cfff30000ffff0d0d0d0d0000
0000000dfff20000ffff0e0e0e0e0000
0000000efff10000ffff0f0f0f0f0000
0000000ffff00000ffff000010100000
00ffff0efff1ffff0000010110100000
01fffe0dfff2ffff0000020210100000
02fffd0cfff3ffff0000030310100000
03fffc0bfff4ffff0000040410100000
04fffb0afff5ffff0000050510100000
05fffa09fff6ffff0000060610100000
06fff908fff7ffff0000070710100000
07fff807fff8ffff0000080810100000
08fff706fff9ffff0000090910100000
09fff605fffaffff00000a0a10100000
0afff504fffbffff00000b0b10100000
0bfff403fffcffff00000c0c10100000
0cfff302fffdffff00000d0d10100000
0dfff201fffeffff00000e0e10100000
0efff100ffffffff00000f0f10100000
0ffff0000000ffff0000000010100000
0efff100ffff0000ffff010110100000
0dfff201fffe0000ffff020210100000
0cfff302fffd0000ffff030310100000
0bfff403fffc0000ffff040410100000
0afff504fffb0000ffff050510100000
09fff605fffa0000ffff060610100000
08fff706fff90000ffff070710100000
07fff807fff80000ffff080810100000
06fff908fff70000ffff090910100000
05fffa09fff60000ffff0a0a10100000
04fffb0afff50000ffff0b0b10100000
03fffc0bfff40000ffff0c0c10100000
02fffd0cfff30000ffff0d0d10100000
01fffe0dfff20000ffff0e0e10100000
00ffff0efff10000ffff0f0f10100000
0000000ffff00000ffff000010100000
00ffff0efff1ffff0000010110100000
01fffe0dfff2ffff0000020210100000
02fffd0cfff3ffff0000030310100000
03fffc0bfff4ffff0000040410100000
04fffb0afff5ffff0000050510100000
05fffa09fff6ffff0000060610100000
06fff908fff7ffff0000070710100000
07fff807fff8ffff0000080810100000
08fff706fff9ffff0000090910100000
09fff605fffaffff00000a0a10100000
0afff504fffbffff00000b0b10100000
0bfff403fffcffff00000c0c10100000
0cfff302fffdffff00000d0d10100000
0dfff201fffeffff00000e0e10100000
0efff100ffffffff00000f0f10100000
0ffff0000000ffff0000000010100000
0efff100ffff0000ffff010110100000
0dfff201fffe0000ffff020210100000
0cfff302fffd0000ffff030310100000
0bfff403fffc0000ffff040410100000
0afff504fffb0000ffff050510100000
09fff605fffa0000ffff060610100000
08fff706fff90000ffff070710100000
07fff807fff80000ffff080810100000
06fff908fff70000ffff090910100000
05fffa09fff60000ffff0a0a10100000
04fffb0afff50000ffff0b0b10100000
03fffc0bfff40000ffff0c0c10100000
02fffd0cfff30000ffff0d0d10100000
01fffe0dfff20000ffff0e0e10100000
00ffff0efff10000ffff0f0f10100000
0000000ffff00000ffff000010100000
00ffff0efff1ffff0000010110100000
01fffe0dfff2ffff0000020210100000
02fffd0cfff3ffff0000030310100000
03fffc0bfff4ffff0000040410100000
04fffb0afff5ffff0000050510100000
05fffa09fff6ffff0000060610100000
06fff908fff7ffff0000070710100000
07fff807fff8ffff0000080810100000
08fff706fff9ffff0000090910100000
09fff605fffaffff00000a0a10100000
0afff504fffbffff00000b0b10100000
0bfff403fffcffff00000c0c10100000
0cfff302fffdffff00000d0d10100000
0dfff201fffeffff00000e0e10100000
0efff100ffffffff00000f0f10100000
0ffff0000000ffff0000000010100000
0efff100ffff0000ffff010110100000
0dfff201fffe0000ffff020210100000
0cfff302fffd0000ffff030310100000
0bfff403fffc0000ffff040410100000
0afff504fffb0000ffff050510100000
09fff605fffa0000ffff060610100000
08fff706fff90000ffff070710100000
07fff807fff80000ffff080810100000
06fff908fff70000ffff090910100000
05fffa09fff60000ffff0a0a10100000
04fffb0afff50000ffff0b0b10100000
03fffc0bfff40000ffff0c0c10100000
02fffd0cfff30000ffff0d0d10100000
01fffe0dfff20000ffff0e0e10100000
00ffff0efff10000ffff0f0f10100000
0000000ffff00000ffff000010100000
00ffff0efff1ffff0000010110100000
01fffe0dfff2ffff0000020210100000
02fffd0cfff3ffff0000030310100000
03fffc0bfff4ffff0000040410100000
04fffb0afff5ffff0000050510100000
05fffa09fff6ffff0000060610100000
06fff908fff7ffff0000070710100000
07fff807fff8ffff0000080810100000
08fff706fff9ffff0000090910100000
09fff605fffaffff00000a0a10100000
0afff504fffbffff00000b0b10100000
0bfff403fffcffff00000c0c10100000
0cfff302fffdffff00000d0d10100000
0dfff201fffeffff00000e0e10100000
0efff100ffffffff00000f0f10100000
0ffff0000000ffff0000000010100000
0efff100ffff0000ffff010110100000
0dfff201fffe0000ffff020210100000
0cfff302fffd0000ffff030310100000
0bfff403fffc0000ffff040410100000
0afff504fffb0000ffff050510100000
09fff605fffa0000ffff060610100000
08fff706fff90000ffff070710100000
07fff807fff80000ffff080810100000
06fff908fff70000ffff090910100000
05fffa09fff60000ffff0a0a10100000
04fffb0afff50000ffff0b0b10100000
03fffc0bfff40000ffff0c0c10100000
02fffd0cfff30000ffff0d0d10100000
01fffe0dfff20000ffff0e0e10100000
00ffff0efff10000ffff0f0f10100000
0000000ffff00000ffff000010100000
00ffff0efff1ffff0000010110100000
01fffe0dfff2ffff0000020210100000
02fffd0cfff3ffff0000030310100000
03fffc0bfff4ffff0000040410100000
04fffb0afff5ffff0000050510100000
05fffa09fff6ffff0000060610100000
06fff908fff7ffff0000070710100000
07fff807fff8ffff0000080810100000
08fff706fff9ffff0000090910100000
09fff605fffaffff00000a0a10100000
0afff504fffbffff00000b0b10100000
0bfff403fffcffff00000c0c10100000
0cfff302fffdffff00000d0d10100000
0dfff201fffeffff00000e0e10100000
0efff100ffffffff00000f0f10100000
0ffff0000000ffff0000000010100000
0efff100ffff0000ffff010110100000
0dfff201fffe0000ffff020210100000
0cfff302fffd0000ffff030310100000
0bfff403fffc0000ffff040410100000
0afff504fffb0000ffff050510100000
09fff605fffa0000ffff060610100000
08fff706fff90000ffff070710100000
07fff807fff80000ffff080810100000
06fff908fff70000ffff090910100000
05fffa09fff60000ffff0a0a10100000
04fffb0afff50000ffff0b0b10100000
03fffc0bfff40000ffff0c0c10100000
02fffd0cfff30000ffff0d0d10100000
01fffe0dfff20000ffff0e0e10100000
00ffff0efff10000ffff0f0f10100000
0000000ffff00000ffff000010100000
00ffff0efff1ffff0000010110100000
01fffe0dfff2ffff0000020210100000
02fffd0cfff3ffff0000030310100000
03fffc0bfff4ffff0000040410100000
04fffb0afff5ffff0000050510100000
05fffa09fff6ffff0000060610100000
06fff908fff7ffff0000070710100000
07fff807fff8ffff0000080810100000
08fff706fff9ffff0000090910100000
09fff605fffaffff00000a0a10100000
0afff504fffbffff00000b0b10100000
0bfff403fffcffff00000c0c10100000
0cfff302fffdffff00000d0d10100000
0dfff201fffeffff00000e0e10100000
0efff100ffffffff00000f0f10100000
0ffff0000000ffff0000000010100000
0efff100ffff0000ffff010110100000
0dfff201fffe0000ffff020210100000
0cfff302fffd0000ffff030310100000
0bfff403fffc0000ffff040410100000
0afff504fffb0000ffff050510100000
09fff605fffa0000ffff060610100000
08fff706fff90000ffff070710100000
07fff807fff80000ffff080810100000
06fff908fff70000ffff090910100000
05fffa09fff60000ffff0a0a10100000
04fffb0afff50000ffff0b0b10100000
03fffc0bfff40000ffff0c0c10100000
02fffd0cfff30000ffff0d0d10100000
01fffe0dfff20000ffff0e0e10100000
00ffff0efff10000ffff0f0f10100000
0000000ffff00000ffff000010100000
00ffff0efff1ffff0000010110100000
01fffe0dfff2ffff0000020210100000
02fffd0cfff3ffff0000030310100000
03fffc0bfff4ffff0000040410100000
04fffb0afff5ffff0000050510100000
05fffa09fff6ffff0000060610100000
06fff908fff7ffff0000070710100000
07fff807fff8ffff0000080810100000
08fff706fff9ffff0000090910100000
09fff605fffaffff00000a0a10100000
0afff504fffbffff00000b0b10100000
0bfff403fffcffff00000c0c10100000
0cfff302fffdffff00000d0d10100000
0dfff201fffeffff00000e0e10100000
0efff100ffffffff00000f0f10100000
0ffff0000000ffff0000000010100000
0efff100ffff0000ffff010110100000
0dfff201fffe0000ffff020210100000
0cfff302fffd0000ffff030310100000
0bfff403fffc0000ffff040410100000
0afff504fffb0000ffff050510100000
09fff605fffa0000ffff060610100000
08fff706fff90000ffff070710100000
07fff807fff80000ffff080810100000
06fff908fff70000ffff090910100000
05fffa09fff60000ffff0a0a10100000
04fffb0afff50000ffff0b0b10100000
03fffc0bfff40000ffff0c0c10100000
02fffd0cfff30000ffff0d0d10100000
01fffe0dfff20000ffff0e0e10100000
00ffff0efff10000ffff0f0f10100000
0000000ffff00000ffff000010100000
00ffff0efff1ffff0000010110100000
01fffe0dfff2ffff0000020210100000
02fffd0cfff3ffff0000030310100000
03fffc0bfff4ffff0000040410100000
04fffb0afff5ffff0000050510100000
05fffa09fff6ffff0000060610100000
06fff908fff7ffff0000070710100000
07fff807fff8ffff0000080810100000
08fff706fff9ffff0000090910100000
09fff605fffaffff00000a0a10100000
0afff504fffbffff00000b0b10100000
0bfff403fffcffff00000c0c10100000
0cfff302fffdffff00000d0d10100000
0dfff201fffeffff00000e0e10100000
0efff100ffffffff00000f0f10100000
0ffff0000000ffff0000000010100000
0efff100ffff0000ffff010110100000
0dfff201fffe0000ffff020210100000
0cfff302fffd0000ffff030310100000
0bfff403fffc0000ffff040410100000
0afff504fffb0000ffff050510100000
09fff605fffa0000ffff060610100000
08fff706fff90000ffff070710100000
07fff807fff80000ffff080810100000
06fff908fff70000ffff090910100000
05fffa09fff60000ffff0a0a10100000
04fffb0afff50000ffff0b0b10100000
03fffc0bfff40000ffff0c0c10100000
02fffd0cfff30000ffff0d0d10100000
01fffe0dfff20000ffff0e0e10100000
00ffff0efff10000ffff0f0f10100000
0000000ffff00000ffff000010100000
00ffff0efff1ffff0000010110100000
01fffe0dfff2ffff0000020210100000
02fffd0cfff3ffff0000030310100000
03fffc0bfff4ffff0000040410100000
04fffb0afff5ffff0000050510100000
05fffa09fff6ffff0000060610100000
06fff908fff7ffff0000070710100000
07fff807fff8ffff0000080810100000
08fff706fff9ffff0000090910100000
09fff605fffaffff00000a0a10100000
0afff504fffbffff00000b0b10100000
0bfff403fffcffff00000c0c10100000
0cfff302fffdffff00000d0d10100000
0dfff201fffeffff00000e0e10100000
0efff100ffffffff00000f0f10100000
0ffff0000000ffff0000000010100000
0efff100ffff0000ffff010110100000
0dfff201fffe0000ffff020210100000
0cfff302fffd0000ffff030310100000
0bfff403fffc0000ffff040410100000
0afff504fffb0000ffff050510100000
09fff605fffa0000ffff060610100000
08fff706fff90000ffff070710100000
07fff807fff80000ffff080810100000
06fff908fff70000ffff090910100000
05fffa09fff60000ffff0a0a10100000
04fffb0afff50000ffff0b0b10100000
03fffc0bfff40000ffff0c0c10100000
02fffd0cfff30000ffff0d0d10100000
01fffe0dfff20000ffff0e0e10100000
00ffff0efff10000ffff0f0f10100000
0000000ffff00000ffff000010100000
00ffff0efff1ffff0000010110100000
01fffe0dfff2ffff0000020210100000
02fffd0cfff3ffff0000030310100000
03fffc0bfff4ffff0000040410100000
04fffb0afff5ffff0000050510100000
05fffa09fff6ffff0000060610100000
06fff908fff7ffff0000070710100000
07fff807fff8ffff0000080810100000
08fff706fff9ffff0000090910100000
09fff605fffaffff00000a0a10100000
0afff504fffbffff00000b0b10100000
0bfff403fffcffff00000c0c10100000
0cfff302fffdffff00000d0d10100000
0dfff201fffeffff00000e0e10100000
0efff100ffffffff00000f0f10100000
0ffff0000000ffff0000000010100000
0efff100ffff0000ffff010110100000
0dfff201fffe0000ffff020210100000
0cfff302fffd0000ffff030310100000
0bfff403fffc0000ffff040410100000
0afff504fffb0000ffff050510100000
09fff605fffa0000ffff060610100000
08fff706fff90000ffff070710100000
07fff807fff80000ffff080810100000
06fff908fff70000ffff090910100000
05fffa09fff60000ffff0a0a10100000
04fffb0afff50000ffff0b0b10100000
03fffc0bfff40000ffff0c0c10100000
02fffd0cfff30000ffff0d0d10100000
01fffe0dfff20000ffff0e0e10100000
00ffff0efff10000ffff0f0f10100000
0000000ffff00000ffff000010100000
00ffff0efff1ffff0000010110100000
01fffe0dfff2ffff0000020210100000
02fffd0cfff3ffff0000030310100000
03fffc0bfff4ffff0000040410100000
04fffb0afff5ffff0000050510100000
05fffa09fff6ffff0000060610100000
06fff908fff7ffff0000070710100000
07fff807fff8ffff0000080810100000
08fff706fff9ffff0000090910100000
09fff605fffaffff00000a0a10100000
0afff504fffbffff00000b0b10100000
0bfff403fffcffff00000c0c10100000
0cfff302fffdffff00000d0d10100000
0dfff201fffeffff00000e0e10100000
0efff100ffffffff00000f0f10100000
0ffff0000000ffff0000000010100000
0efff100ffff0000ffff010110100000
0dfff201fffe0000ffff020210100000
0cfff302fffd0000ffff030310100000
0bfff403fffc0000ffff040410100000
0afff504fffb0000ffff050510100000
09fff605fffa0000ffff060610100000
08fff706fff90000ffff070710100000
07fff807fff80000ffff080810100000
06fff908fff70000ffff090910100000
05fffa09fff60000ffff0a0a10100000
04fffb0afff50000ffff0b0b10100000
03fffc0bfff40000ffff0c0c10100000
02fffd0cfff30000ffff0d0d10100000
01fffe0dfff20000ffff0e0e10100000
00ffff0efff10000ffff0f0f10100000
0000000ffff00000ffff000010100000
00ffff0efff1ffff0000010110100000
01fffe0dfff2ffff0000020210100000
02fffd0cfff3ffff0000030310100000
03fffc0bfff4ffff0000040410100000
04fffb0afff5ffff0000050510100000
05fffa09fff6ffff0000060610100000
06fff908fff7ffff0000070710100000
07fff807fff8ffff0000080810100000
08fff706fff9ffff0000090910100000
09fff605fffaffff00000a0a10100000
0afff504fffbffff00000b0b10100000
0bfff403fffcffff00000c0c10100000
0cfff302fffdffff00000d0d10100000
0dfff201fffeffff00000e0e10100000
0efff100ffffffff00000f0f10100000
0ffff0000000ffff0000000010100000
0efff100ffff0000ffff010110100000
0dfff201fffe0000ffff020210100000
0cfff302fffd0000ffff030310100000
0bfff403fffc0000ffff040410100000
0afff504fffb0000ffff050510100000
09fff605fffa0000ffff060610100000
08fff706fff90000ffff070710100000
07fff807fff80000ffff080810100000
06fff908fff70000ffff090910100000
05fffa09fff60000ffff0a0a10100000
04fffb0afff50000ffff0b0b10100000
03fffc0bfff40000ffff0c0c10100000
02fffd0cfff30000ffff0d0d10100000
01fffe0dfff20000ffff0e0e10100000
00ffff0efff10000ffff0f0f10100000
0000000ffff00000ffff000010100000
00ffff0efff1ffff0000010110100000
01fffe0dfff2ffff0000020210100000
02fffd0cfff3ffff0000030310100000
03fffc0bfff4ffff0000040410100000
04fffb0afff5ffff0000050510100000
05fffa09fff6ffff0000060610100000
06fff908fff7ffff0000070710100000
07fff807fff8ffff0000080810100000
08fff706fff9ffff0000090910100000
09fff605fffaffff00000a0a10100000
0afff504fffbffff00000b0b10100000
0bfff403fffcffff00000c0c10100000
0cfff302fffdffff00000d0d10100000
0dfff201fffeffff00000e0e10100000
0efff100ffffffff00000f0f10100000
0ffff0000000ffff0000000010100000
0efff100ffff0000ffff010110100000
0dfff201fffe0000ffff020210100000
0cfff302fffd0000ffff030310100000
0bfff403fffc0000ffff040410100000
0afff504fffb0000ffff050510100000
09fff605fffa0000ffff060610100000
08fff706fff90000ffff070710100000
07fff807fff80000ffff080810100000
06fff908fff70000ffff090910100000
05fffa09fff60000ffff0a0a10100000
04fffb0afff50000ffff0b0b10100000
03fffc0bfff40000ffff0c0c10100000
02fffd0cfff30000ffff0d0d10100000
01fffe0dfff20000ffff0e0e10100000
00ffff0efff10000ffff0f0f10100000
0000000ffff00000ffff000010100000
00ffff0efff1ffff0000010110100000
01fffe0dfff2ffff0000020210100000
02fffd0cfff3ffff0000030310100000
03fffc0bfff4ffff0000040410100000
04fffb0afff5ffff0000050510100000
05fffa09fff6ffff0000060610100000
06fff908fff7ffff0000070710100000
07fff807fff8ffff0000080810100000
08fff706fff9ffff0000090910100000
09fff605fffaffff00000a0a10100000
0afff504fffbffff00000b0b10100000
0bfff403fffcffff00000c0c10100000
0cfff302fffdffff00000d0d10100000
0dfff201fffeffff00000e0e10100000
0efff100ffffffff00000f0f10100000
0ffff0000000ffff0000000010100000
0efff100ffff0000ffff010110100000
0dfff201fffe0000ffff020210100000
0cfff302fffd0000ffff030310100000
0bfff403fffc0000ffff040410100000
0afff504fffb0000ffff050510100000
09fff605fffa0000ffff060610100000
08fff706fff90000ffff070710100000
07fff807fff80000ffff080810100000
06fff908fff70000ffff090910100000
05fffa09fff60000ffff0a0a10100000
04fffb0afff50000ffff0b0b10100000
03fffc0bfff40000ffff0c0c10100000
02fffd0cfff30000ffff0d0d10100000
01fffe0dfff20000ffff0e0e10100000
00ffff0efff10000ffff0f0f10100000
0000000ffff00000ffff000010100000
00ffff0efff1ffff0000010110100000
01fffe0dfff2ffff0000020210100000
02fffd0cfff3ffff0000030310100000
03fffc0bfff4ffff0000040410100000
04fffb0afff5ffff0000050510100000
05fffa09fff6ffff0000060610100000
06fff908fff7ffff0000070710100000
07fff807fff8ffff0000080810100000
08fff706fff9ffff0000090910100000
09fff605fffaffff00000a0a10100000
0afff504fffbffff00000b0b10100000
0bfff403fffcffff00000c0c10100000
0cfff302fffdffff00000d0d10100000
0dfff201fffeffff00000e0e10100000
0efff100ffffffff00000f0f10100000
0ffff0000000ffff0000000010100000
0efff100ffff0000ffff010110100000
0dfff201fffe0000ffff020210100000
0cfff302fffd0000ffff030310100000
0bfff403fffc0000ffff040410100000
0afff504fffb0000ffff050510100000
09fff605fffa0000ffff060610100000
08fff706fff90000ffff070710100000
07fff807fff80000ffff080810100000
06fff908fff70000ffff090910100000
05fffa09fff60000ffff0a0a10100000
04fffb0afff50000ffff0b0b10100000
03fffc0bfff40000ffff0c0c10100000
02fffd0cfff30000ffff0d0d10100000
01fffe0dfff20000ffff0e0e10100000
00ffff0efff10000ffff0f0f10100000
0000000ffff00000ffff000010100000
00ffff0efff1ffff0000010110100000
01fffe0dfff2ffff0000020210100000
02fffd0cfff3ffff0000030310100000
03fffc0bfff4ffff0000040410100000
04fffb0afff5ffff0000050510100000
05fffa09fff6ffff0000060610100000
06fff908fff7ffff0000070710100000
07fff807fff8ffff0000080810100000
08fff706fff9ffff0000090910100000
09fff605fffaffff00000a0a10100000
0afff504fffbffff00000b0b10100000
0bfff403fffcffff00000c0c10100000
0cfff302fffdffff00000d0d10100000
0dfff201fffeffff00000e0e10100000
0efff100ffffffff00000f0f10100000
0ffff0000000ffff0000000010100000
00ffff000000ffff0000010101010000
00ffff00ffff0000ffff020202020000
00ffff01fffe0000ffff030303030000
00ffff02fffd0000ffff040404040000
00ffff03fffc0000ffff050505050000
00ffff04fffb0000ffff060606060000
00ffff05fffa0000ffff070707070000
00ffff06fff90000ffff080808080000
00ffff07fff80000ffff090909090000
00ffff08fff70000ffff0a0a0a0a0000
00ffff09fff60000ffff0b0b0b0b0000
00ffff0afff50000ffff0c0c0c0c0000
00ffff0bfff40000ffff0d0d0d0d0000
00ffff0cfff30000ffff0e0e0e0e0000
00ffff0dfff20000ffff0f0f0f0f0000
00ffff0efff10000ffff000010100000
0000000ffff00000ffff010110100000
00ffff0ffff0ffffffff020210100000
00ffff0ffff00000ffff030310100000
00ffff0efff100000000040410100000
00ffff0efff10000ffff050510100000
00ffff0efff10000ffff060610100000
00ffff0efff10000ffff070710100000
00ffff0efff10000ffff080810100000
00ffff0efff10000ffff090910100000
00ffff0efff10000ffff0a0a10100000
00ffff0efff10000ffff0b0b10100000
00ffff0efff10000ffff0c0c10100000
00ffff0efff10000ffff0d0d10100000
00ffff0efff10000ffff0e0e10100000
00ffff0efff10000ffff0f0f10100000
00ffff0efff10000ffff000010100000
00ffff0efff10000ffff010110100000
0000000efff10000ffff020210100000
00ffff0efff1ffffffff030310100000
00ffff0ffff00000ffff040410100000
00ffff0ffff00000ffff050510100000
00ffff0ffff00000ffff060610100000
00ffff0efff100000000070710100000
00ffff0efff10000ffff080810100000
00ffff0efff10000ffff090910100000
00ffff0efff10000ffff0a0a10100000
00ffff0efff10000ffff0b0b10100000
00ffff0efff10000ffff0c0c10100000
00ffff0efff10000ffff0d0d10100000
00ffff0efff10000ffff0e0e10100000
00ffff0efff10000ffff0f0f10100000
00ffff0efff10000ffff000010100000
00ffff0efff10000ffff010110100000
00ffff0efff10000ffff020210100000
0000000efff10000ffff030310100000
00ffff0efff1ffffffff040410100000
00ffff0efff10000ffff050510100000
00ffff0efff10000ffff060610100000
00ffff0ffff00000ffff070710100000
00ffff0ffff00000ffff080810100000
00ffff0ffff00000ffff090910100000
00ffff0efff1000000000a0a10100000
00ffff0efff10000ffff0b0b10100000
00ffff0efff10000ffff0c0c10100000
00ffff0efff10000ffff0d0d10100000
00ffff0efff10000ffff0e0e10100000
00ffff0efff10000ffff0f0f10100000
00ffff0efff10000ffff000010100000
00ffff0efff10000ffff010110100000
00ffff0efff10000ffff020210100000
00ffff0efff10000ffff030310100000
0000000efff10000ffff040410100000
00ffff0efff1ffffffff050510100000
00ffff0efff10000ffff060610100000
00ffff0efff10000ffff070710100000
00ffff0efff10000ffff080810100000
00ffff0efff10000ffff090910100000
00ffff0ffff00000ffff0a0a10100000
00ffff0ffff00000ffff0b0b10100000
00ffff0ffff00000ffff0c0c10100000
00ffff0efff1000000000d0d10100000
00ffff0efff10000ffff0e0e10100000
00ffff0efff10000ffff0f0f10100000
00ffff0efff10000ffff000010100000
00ffff0efff10000ffff010110100000
00ffff0efff10000ffff020210100000
00ffff0efff10000ffff030310100000
00ffff0efff10000ffff040410100000
0000000efff10000ffff050510100000
00ffff0efff1ffffffff060610100000
00ffff0efff10000ffff070710100000
00ffff0efff10000ffff080810100000
00ffff0efff10000ffff090910100000
00ffff0efff10000ffff0a0a10100000
00ffff0efff10000ffff0b0b10100000
00ffff0efff10000ffff0c0c10100000
00ffff0ffff00000ffff0d0d10100000
00ffff0ffff00000ffff0e0e10100000
00ffff0ffff00000ffff0f0f10100000
00ffff0efff100000000000010100000
00ffff0efff10000ffff010110100000
00ffff0efff10000ffff020210100000
00ffff0efff10000ffff030310100000
00ffff0efff10000ffff040410100000
00ffff0efff10000ffff050510100000
0000000efff10000ffff060610100000
00ffff0efff1ffffffff070710100000
00ffff0efff10000ffff080810100000
00ffff0efff10000ffff090910100000
00ffff0efff10000ffff0a0a10100000
00ffff0efff10000ffff0b0b10100000
00ffff0efff10000ffff0c0c10100000
00ffff0efff10000ffff0d0d10100000
00ffff0efff10000ffff0e0e10100000
00ffff0efff10000ffff0f0f10100000
00ffff0ffff00000ffff000010100000
00ffff0ffff00000ffff010110100000
00ffff0ffff00000ffff020210100000
00ffff0efff100000000030310100000
00ffff0efff10000ffff040410100000
00ffff0efff10000ffff050510100000
00ffff0efff10000ffff060610100000
0000000efff10000ffff070710100000
00ffff0efff1ffffffff080810100000
00ffff0efff10000ffff090910100000
00ffff0efff10000ffff0a0a10100000
00ffff0efff10000ffff0b0b10100000
00ffff0efff10000ffff0c0c10100000
00ffff0efff10000ffff0d0d10100000
00ffff0efff10000ffff0e0e10100000
00ffff0efff10000ffff0f0f10100000
00ffff0efff10000ffff000010100000
00ffff0efff10000ffff010110100000
00ffff0efff10000ffff020210100000
00ffff0ffff00000ffff030310100000
00ffff0ffff00000ffff040410100000
00ffff0ffff00000ffff050510100000
00ffff0efff100000000060610100000
00ffff0efff10000ffff070710100000
0000000efff10000ffff080810100000
00ffff0efff1ffffffff090910100000
00ffff0efff10000ffff0a0a10100000
00ffff0efff10000ffff0b0b10100000
00ffff0efff10000ffff0c0c10100000
00ffff0efff10000ffff0d0d10100000
00ffff0efff10000ffff0e0e10100000
00ffff0efff10000ffff0f0f10100000
00ffff0efff10000ffff000010100000
00ffff0efff10000ffff010110100000
00ffff0efff10000ffff020210100000
00ffff0efff10000ffff030310100000
00ffff0efff10000ffff040410100000
00ffff0efff10000ffff050510100000
00ffff0ffff00000ffff060610100000
00ffff0ffff00000ffff070710100000
00ffff0ffff00000ffff080810100000
0000000efff100000000090910100000
00ffff0efff1ffffffff0a0a10100000
00ffff0efff10000ffff0b0b10100000
00ffff0efff10000ffff0c0c10100000
00ffff0efff10000ffff0d0d10100000
00ffff0efff10000ffff0e0e10100000
00ffff0efff10000ffff0f0f10100000
00ffff0efff10000ffff000010100000
00ffff0efff10000ffff010110100000
00ffff0efff10000ffff020210100000
00ffff0efff10000ffff030310100000
00ffff0efff10000ffff040410100000
00ffff0efff10000ffff050510100000
00ffff0efff10000ffff060610100000
00ffff0efff10000ffff070710100000
00ffff0efff10000ffff080810100000
00ffff0ffff00000ffff090910100000
0000000ffff00000ffff0a0a10100000
00ffff0ffff0ffffffff0b0b10100000
00ffff0efff1000000000c0c10100000
00ffff0efff10000ffff0d0d10100000
00ffff0efff10000ffff0e0e10100000
00ffff0efff10000ffff0f0f10100000
00ffff0efff10000ffff000010100000
00ffff0efff10000ffff010110100000
00ffff0efff10000ffff020210100000
00ffff0efff10000ffff030310100000
00ffff0efff10000ffff040410100000
00ffff0efff10000ffff050510100000
00ffff0efff10000ffff060610100000
00ffff0efff10000ffff070710100000
00ffff0efff10000ffff080810100000
00ffff0efff10000ffff090910100000
00ffff0efff10000ffff0a0a10100000
0000000efff10000ffff0b0b10100000
00ffff0ffff0ffffffff0c0c10100000
00ffff0ffff00000ffff0d0d10100000
00ffff0ffff00000ffff0e0e10100000
00ffff0efff1000000000f0f10100000
00ffff0efff10000ffff000010100000
00ffff0efff10000ffff010110100000
00ffff0efff10000ffff020210100000
00ffff0efff10000ffff030310100000
00ffff0efff10000ffff040410100000
00ffff0efff10000ffff050510100000
00ffff0efff10000ffff060610100000
00ffff0efff10000ffff070710100000
00ffff0efff10000ffff080810100000
00ffff0efff10000ffff090910100000
00ffff0efff10000ffff0a0a10100000
00ffff0efff10000ffff0b0b10100000
0000000efff10000ffff0c0c10100000
00ffff0efff1ffffffff0d0d10100000
00ffff0efff10000ffff0e0e10100000
00ffff0ffff00000ffff0f0f10100000
00ffff0ffff00000ffff000010100000
00ffff0ffff00000ffff010110100000
00ffff0efff100000000020210100000
00ffff0efff10000ffff030310100000
00ffff0efff10000ffff040410100000
00ffff0efff10000ffff050510100000
00ffff0efff10000ffff060610100000
00ffff0efff10000ffff070710100000
00ffff0efff10000ffff080810100000
00ffff0efff10000ffff090910100000
00ffff0efff10000ffff0a0a10100000
00ffff0efff10000ffff0b0b10100000
00ffff0efff10000ffff0c0c10100000
0000000efff10000ffff0d0d10100000
00ffff0efff1ffffffff0e0e10100000
00ffff0efff10000ffff0f0f10100000
00ffff0efff10000ffff000010100000
00ffff0efff10000ffff010110100000
00ffff0ffff00000ffff020210100000
00ffff0ffff00000ffff030310100000
00ffff0ffff00000ffff040410100000
00ffff0efff100000000050510100000
00ffff0efff10000ffff060610100000
00ffff0efff10000ffff070710100000
00ffff0efff10000ffff080810100000
00ffff0efff10000ffff090910100000
00ffff0efff10000ffff0a0a10100000
00ffff0efff10000ffff0b0b10100000
00ffff0efff10000ffff0c0c10100000
00ffff0efff10000ffff0d0d10100000
0000000efff10000ffff0e0e10100000
00ffff0efff1ffffffff0f0f10100000
00ffff0efff10000ffff000010100000
00ffff0efff10000ffff010110100000
00ffff0efff10000ffff020210100000
00ffff0efff10000ffff030310100000
00ffff0efff10000ffff040410100000
00ffff0ffff00000ffff050510100000
00ffff0ffff00000ffff060610100000
00ffff0ffff00000ffff070710100000
00ffff0efff100000000080810100000
00ffff0efff10000ffff090910100000
00ffff0efff10000ffff0a0a10100000
00ffff0efff10000ffff0b0b10100000
00ffff0efff10000ffff0c0c10100000
00ffff0efff10000ffff0d0d10100000
00ffff0efff10000ffff0e0e10100000
0000000efff10000ffff0f0f10100000
00ffff0efff1ffffffff000010100000
00ffff0efff10000ffff010110100000
00ffff0efff10000ffff020210100000
00ffff0efff10000ffff030310100000
00ffff0efff10000ffff040410100000
00ffff0efff10000ffff050510100000
00ffff0efff10000ffff060610100000
00ffff0efff10000ffff070710100000
00ffff0ffff00000ffff080810100000
00ffff0ffff00000ffff090910100000
00ffff0ffff00000ffff0a0a10100000
00ffff0efff1000000000b0b10100000
00ffff0efff10000ffff0c0c10100000
00ffff0efff10000ffff0d0d10100000
00ffff0efff10000ffff0e0e10100000
00ffff0efff10000ffff0f0f10100000
0000000efff10000ffff000010100000
00ffff0efff1ffffffff010110100000
00ffff0efff10000ffff020210100000
00ffff0efff10000ffff030310100000
00ffff0efff10000ffff040410100000
00ffff0efff10000ffff050510100000
00ffff0efff10000ffff060610100000
00ffff0efff10000ffff070710100000
00ffff0efff10000ffff080810100000
00ffff0efff10000ffff090910100000
00ffff0efff10000ffff0a0a10100000
00ffff0ffff00000ffff0b0b10100000
00ffff0ffff00000ffff0c0c10100000
00ffff0ffff00000ffff0d0d10100000
00ffff0efff1000000000e0e10100000
00ffff0efff10000ffff0f0f10100000
00ffff0efff10000ffff000010100000
0000000efff10000ffff010110100000
00ffff0efff1ffffffff020210100000
00ffff0efff10000ffff030310100000
00ffff0efff10000ffff040410100000
00ffff0efff10000ffff050510100000
00ffff0efff10000ffff060610100000
00ffff0efff10000ffff070710100000
00ffff0efff10000ffff080810100000
00ffff0efff10000ffff090910100000
00ffff0efff10000ffff0a0a10100000
00ffff0efff10000ffff0b0b10100000
00ffff0efff10000ffff0c0c10100000
00ffff0efff10000ffff0d0d10100000
00ffff0ffff00000ffff0e0e10100000
00ffff0ffff00000ffff0f0f10100000
00ffff0ffff00000ffff000010100000
00ffff0efff100000000010110100000
0000000efff10000ffff020210100000
00ffff0efff1ffffffff030310100000
00ffff0efff10000ffff040410100000
00ffff0efff10000ffff050510100000
00ffff0efff10000ffff060610100000
00ffff0efff10000ffff070710100000
00ffff0efff10000ffff080810100000
00ffff0efff10000ffff090910100000
00ffff0efff10000ffff0a0a10100000
00ffff0efff10000ffff0b0b10100000
00ffff0efff10000ffff0c0c10100000
00ffff0efff10000ffff0d0d10100000
00ffff0efff10000ffff0e0e10100000
00ffff0efff10000ffff0f0f10100000
00ffff0efff10000ffff000010100000
00ffff0ffff00000ffff010110100000
00ffff0ffff00000ffff020210100000
0000000ffff00000ffff030310100000
00ffff0efff1ffff0000040410100000
00ffff0efff10000ffff050510100000
00ffff0efff10000ffff060610100000
00ffff0efff10000ffff070710100000
00ffff0efff10000ffff080810100000
00ffff0efff10000ffff090910100000
00ffff0efff10000ffff0a0a10100000
00ffff0efff10000ffff0b0b10100000
00ffff0efff10000ffff0c0c10100000
00ffff0efff10000ffff0d0d10100000
00ffff0efff10000ffff0e0e10100000
00ffff0efff10000ffff0f0f10100000
00ffff0efff10000ffff000010100000
00ffff0efff10000ffff010110100000
00ffff0efff10000ffff020210100000
00ffff0efff10000ffff030310100000
0000000ffff00000ffff040410100000
00ffff0ffff0ffffffff050510100000
00ffff0ffff00000ffff060610100000
00ffff0efff100000000070710100000
00ffff0efff10000ffff080810100000
00ffff0efff10000ffff090910100000
00ffff0efff10000ffff0a0a10100000
00ffff0efff10000ffff0b0b10100000
00ffff0efff10000ffff0c0c10100000
00ffff0efff10000ffff0d0d10100000
00ffff0efff10000ffff0e0e10100000
00ffff0efff10000ffff0f0f10100000
00ffff0efff10000ffff000010100000
00ffff0efff10000ffff010110100000
00ffff0efff10000ffff020210100000
00ffff0efff10000ffff030310100000
00ffff0efff10000ffff040410100000
0000000efff10000ffff050510100000
00ffff0efff1ffffffff060610100000
00ffff0ffff00000ffff070710100000
00ffff0ffff00000ffff080810100000
00ffff0ffff00000ffff090910100000
00ffff0efff1000000000a0a10100000
00ffff0efff10000ffff0b0b10100000
00ffff0efff10000ffff0c0c10100000
00ffff0efff10000ffff0d0d10100000
00ffff0efff10000ffff0e0e10100000
00ffff0efff10000ffff0f0f10100000
00ffff0efff10000ffff000010100000
00ffff0efff10000ffff010110100000
00ffff0efff10000ffff020210100000
00ffff0efff10000ffff030310100000
00ffff0efff10000ffff040410100000
00ffff0efff10000ffff050510100000
0000000efff10000ffff060610100000
00ffff0efff1ffffffff070710100000
00ffff0efff10000ffff080810100000
00ffff0efff10000ffff090910100000
00ffff0ffff00000ffff0a0a10100000
00ffff0ffff00000ffff0b0b10100000
00ffff0ffff00000ffff0c0c10100000
00ffff0efff1000000000d0d10100000
00ffff0efff10000ffff0e0e10100000
00ffff0efff10000ffff0f0f10100000
00ffff0efff10000ffff000010100000
00ffff0efff10000ffff010110100000
00ffff0efff10000ffff020210100000
00ffff0efff10000ffff030310100000
00ffff0efff10000ffff040410100000
00ffff0efff10000ffff050510100000
00ffff0efff10000ffff060610100000
0000000efff10000ffff070710100000
00ffff0efff1ffffffff080810100000
00ffff0efff10000ffff090910100000
00ffff0efff10000ffff0a0a10100000
00ffff0efff10000ffff0b0b10100000
00ffff0efff10000ffff0c0c10100000
00ffff0ffff00000ffff0d0d10100000
00ffff0ffff00000ffff0e0e10100000
00ffff0ffff00000ffff0f0f10100000
00ffff0efff100000000000010100000
00ffff0efff10000ffff010110100000
00ffff0efff10000ffff020210100000
00ffff0efff10000ffff030310100000
00ffff0efff10000ffff040410100000
00ffff0efff10000ffff050510100000
00ffff0efff10000ffff060610100000
00ffff0efff10000ffff070710100000
0000000efff10000ffff080810100000
00ffff0efff1ffffffff090910100000
00ffff0efff10000ffff0a0a10100000
00ffff0efff10000ffff0b0b10100000
00ffff0efff10000ffff0c0c10100000
00ffff0efff10000ffff0d0d10100000
00ffff0efff10000ffff0e0e10100000
00ffff0efff10000ffff0f0f10100000
00ffff0ffff00000ffff000010100000
00ffff0ffff00000ffff010110100000
00ffff0ffff00000ffff020210100000
00ffff0efff100000000030310100000
00ffff0efff10000ffff040410100000
00ffff0efff10000ffff050510100000
00ffff0efff10000ffff060610100000
00ffff0efff10000ffff070710100000
00ffff0efff10000ffff080810100000
0000000efff10000ffff090910100000
00ffff0efff1ffffffff0a0a10100000
00ffff0efff10000ffff0b0b10100000
00ffff0efff10000ffff0c0c10100000
00ffff0efff10000ffff0d0d10100000
00ffff0efff10000ffff0e0e10100000
00ffff0efff10000ffff0f0f10100000
00ffff0efff10000ffff000010100000
00ffff0efff10000ffff010110100000
00ffff0efff10000ffff020210100000
00ffff0ffff00000ffff030310100000
00ffff0ffff00000ffff040410100000
00ffff0ffff00000ffff050510100000
00ffff0efff100000000060610100000
00ffff0efff10000ffff070710100000
00ffff0efff10000ffff080810100000
00ffff0efff10000ffff090910100000
0000000efff10000ffff0a0a10100000
00ffff0efff1ffffffff0b0b10100000
00ffff0efff10000ffff0c0c10100000
00ffff0efff10000ffff0d0d10100000
00ffff0efff10000ffff0e0e10100000
00ffff0efff10000ffff0f0f10100000
00ffff0efff10000ffff000010100000
00ffff0efff10000ffff010110100000
00ffff0efff10000ffff020210100000
00ffff0efff10000ffff030310100000
00ffff0efff10000ffff040410100000
00ffff0efff10000ffff050510100000
00ffff0ffff00000ffff060610100000
00ffff0ffff00000ffff070710100000
00ffff0ffff00000ffff080810100000
00ffff0efff100000000090910100000
00ffff0efff10000ffff0a0a10100000
0000000efff10000ffff0b0b10100000
00ffff0efff1ffffffff0c0c10100000
00ffff0efff10000ffff0d0d10100000
00ffff0efff10000ffff0e0e10100000
00ffff0efff10000ffff0f0f10100000
00ffff0efff10000ffff000010100000
00ffff0efff10000ffff010110100000
00ffff0efff10000ffff020210100000
00ffff0efff10000ffff030310100000
00ffff0efff10000ffff040410100000
00ffff0efff10000ffff050510100000
00ffff0efff10000ffff060610100000
00ffff0efff10000ffff070710100000
00ffff0efff10000ffff080810100000
00ffff0ffff00000ffff090910100000
00ffff0ffff00000ffff0a0a10100000
00ffff0ffff00000ffff0b0b10100000
0000000efff1000000000c0c10100000
00ffff0efff1ffffffff0d0d10100000
00ffff0efff10000ffff0e0e10100000
00ffff0efff10000ffff0f0f10100000
00ffff0efff10000ffff000010100000
00ffff0efff10000ffff010110100000
00ffff0efff10000ffff020210100000
00ffff0efff10000ffff030310100000
00ffff0efff10000ffff040410100000
00ffff0efff10000ffff050510100000
00ffff0efff10000ffff060610100000
00ffff0efff10000ffff070710100000
00ffff0efff10000ffff080810100000
00ffff0efff10000ffff090910100000
00ffff0efff10000ffff0a0a10100000
00ffff0efff10000ffff0b0b10100000
00ffff0ffff00000ffff0c0c10100000
0000000ffff00000ffff0d0d10100000
00ffff0ffff0ffffffff0e0e10100000
00ffff0efff1000000000f0f10100000
00ffff0efff10000ffff000010100000
00ffff0efff10000ffff010110100000
00ffff0efff10000ffff020210100000
00ffff0efff10000ffff030310100000
00ffff0efff10000ffff040410100000
00ffff0efff10000ffff050510100000
00ffff0efff10000ffff060610100000
00ffff0efff10000ffff070710100000
00ffff0efff10000ffff080810100000
00ffff0efff10000ffff090910100000
00ffff0efff10000ffff0a0a10100000
00ffff0efff10000ffff0b0b10100000
00ffff0efff10000ffff0c0c10100000
00ffff0efff10000ffff0d0d10100000
0000000efff10000ffff0e0e10100000
00ffff0ffff0ffffffff0f0f10100000
00ffff0ffff00000ffff000010100000
00000000000000000000010101010000
000842000e3808420e38020202020000
0018c6002aa810841c70030303030000
00318c00555018c62aa8040404040000
005294008e30210838e0050505050000
007bde00d548294a4718060606060000
00ad6a012a98318c5550070707070000
00e738018e2039ce6388080808080000
01294801ffe0421071c0090909090000
01739a027fd84a527ff80a0a0a0a0000
01c62e030e0852948e300b0b0b0b0000
02210403aa705ad69c680c0c0c0c0000
02841c0455106318aaa00d0d0d0d0000
02ef76050de86b5ab8d80e0e0e0e0000
03631205d4f8739cc7100f0f0f0f0000
03def006aa407bded548000010100000
046310078dc08420e380010110100000
04e7300871408c62f1b8020210100000
056b500954c094a4fff0030310100000
05ef70092a189ce60000040410100000
06739008ff70a5280e38050510100000
06f7b008d4c8ad6a1c70060610100000
077bd008aa20b5ac2aa8070710100000
07fff0087f78bdee38e0080810100000
0884100854d0c6304718090910100000
090830082a28ce7255500a0a10100000
098c5007ff80d6b463880b0b10100000
0a107007d4d8def671c00c0c10100000
0a949007aa30e7387ff80d0d10100000
0b18b0077f88ef7a8e300e0e10100000
0b9cd00754e0f7bc9c680f0f10100000
0b20f2072a380000aaa0000010100000
0aa51406ff900842b8d8010110100000
0a293606d4e81084c710020210100000
09ad5806aa4018c6d548030310100000
09317a078dc02108e380040410100000
08b59c087140294af1b8050510100000
0839be0954c0318cfff0060610100000
07bde0092a1839ce0000070710100000
07420208ff7042100e38080810100000
06c62408d4c84a521c70090910100000
064a4608aa2052942aa80a0a10100000
05ce68087f785ad638e00b0b10100000
05528a0854d0631847180c0c10100000
04d6ac082a286b5a55500d0d10100000
045ace07ff80739c63880e0e10100000
03def007d4d87bde71c00f0f10100000
04631007aa3084207ff8000010100000
04e730077f888c628e30010110100000
056b500754e094a49c68020210100000
05ef70072a389ce6aaa0030310100000
06739006ff90a528b8d8040410100000
06f7b006d4e8ad6ac710050510100000
077bd006aa40b5acd548060610100000
07fff0078dc0bdeee380070710100000
088410087140c630f1b8080810100000
0908300954c0ce72fff0090910100000
098c50092a18d6b400000a0a10100000
0a107008ff70def60e380b0b10100000
0a949008d4c8e7381c700c0c10100000
0b18b008aa20ef7a2aa80d0d10100000
0b9cd0087f78f7bc38e00e0e10100000
0b20f20854d0000047180f0f10100000
0aa514082a2808425550000010100000
0a293607ff8010846388010110100000
09ad5807d4d818c671c0020210100000
09317a07aa3021087ff8030310100000
08b59c077f88294a8e30040410100000
0839be0754e0318c9c68050510100000
07bde0072a3839ceaaa0060610100000
07420206ff904210b8d8070710100000
06c62406d4e84a52c710080810100000
064a4606aa405294d548090910100000
05ce68078dc05ad6e3800a0a10100000
05528a0871406318f1b80b0b10100000
04d6ac0954c06b5afff00c0c10100000
045ace092a18739c00000d0d10100000
03def008ff707bde0e380e0e10100000
04631008d4c884201c700f0f10100000
04e73008aa208c622aa8000010100000
056b50087f7894a438e0010110100000
05ef700854d09ce64718020210100000
067390082a28a5285550030310100000
06f7b007ff80ad6a6388040410100000
077bd007d4d8b5ac71c0050510100000
07fff007aa30bdee7ff8060610100000
088410077f88c6308e30070710100000
0908300754e0ce729c68080810100000
098c50072a38d6b4aaa0090910100000
0a107006ff90def6b8d80a0a10100000
0a949006d4e8e738c7100b0b10100000
0b18b006aa40ef7ad5480c0c10100000
0b9cd0078dc0f7bce3800d0d10100000
0b20f20871400000f1b80e0e10100000
0aa5140954c00842fff00f0f10100000
0a2936092a1810840000000010100000
09ad5808ff7018c60e38010110100000
09317a08d4c821081c70020210100000
08b59c08aa20294a2aa8030310100000
0839be087f78318c38e0040410100000
07bde00854d039ce4718050510100000
074202082a2842105550060610100000
06c62407ff804a526388070710100000
064a4607d4d8529471c0080810100000
05ce6807aa305ad67ff8090910100000
05528a077f8863188e300a0a10100000
04d6ac0754e06b5a9c680b0b10100000
045ace072a38739caaa00c0c10100000
03def006ff907bdeb8d80d0d10100000
04631006d4e88420c7100e0e10100000
04e73006aa408c62d5480f0f10100000
056b50078dc094a4e380000010100000
05ef700871409ce6f1b8010110100000
0673900954c0a528fff0020210100000
06f7b0092a18ad6a0000030310100000
077bd008ff70b5ac0e38040410100000
07fff008d4c8bdee1c70050510100000
08841008aa20c6302aa8060610100000
090830087f78ce7238e0070710100000
098c500854d0d6b44718080810100000
0a1070082a28def65550090910100000
0a949007ff80e73863880a0a10100000
0b18b007d4d8ef7a71c00b0b10100000
0b9cd007aa30f7bc7ff80c0c10100000
0b20f2077f8800008e300d0d10100000
0aa5140754e008429c680e0e10100000
0a2936072a381084aaa00f0f10100000
09ad5806ff9018c6b8d8000010100000
09317a06d4e82108c710010110100000
08b59c06aa40294ad548020210100000
0839be078dc0318ce380030310100000
07bde008714039cef1b8040410100000
0742020954c04210fff0050510100000
06c624092a184a520000060610100000
064a4608ff7052940e38070710100000
05ce6808d4c85ad61c70080810100000
05528a08aa2063182aa8090910100000
04d6ac087f786b5a38e00a0a10100000
045ace0854d0739c47180b0b10100000
03def0082a287bde55500c0c10100000
04631007ff80842063880d0d10100000
04e73007d4d88c6271c00e0e10100000
056b5007aa3094a47ff80f0f10100000
05ef70077f889ce68e30000010100000
0673900754e0a5289c68010110100000
06f7b0072a38ad6aaaa0020210100000
077bd006ff90b5acb8d8030310100000
07fff006d4e8bdeec710040410100000
08841006aa40c630d548050510100000
090830078dc0ce72e380060610100000
098c50087140d6b4f1b8070710100000
0a10700954c0def6fff0080810100000
0a9490092a18e7380000090910100000
0b18b008ff70ef7a0e380a0a10100000
0b9cd008d4c8f7bc1c700b0b10100000
0b20f208aa2000002aa80c0c10100000
0aa514087f78084238e00d0d10100000
0a29360854d0108447180e0e10100000
09ad58082a2818c655500f0f10100000
09317a07ff8021086388000010100000
08b59c07d4d8294a71c0010110100000
0839be07aa30318c7ff8020210100000
07bde0077f8839ce8e30030310100000
0742020754e042109c68040410100000
06c624072a384a52aaa0050510100000
064a4606ff905294b8d8060610100000
05ce6806d4e85ad6c710070710100000
05528a06aa406318d548080810100000
04d6ac078dc06b5ae380090910100000
045ace087140739cf1b80a0a10100000
03def00954c07bdefff00b0b10100000
046310092a18842000000c0c10100000
04e73008ff708c620e380d0d10100000
056b5008d4c894a41c700e0e10100000
05ef7008aa209ce62aa80f0f10100000
067390087f78a52838e0000010100000
06f7b00854d0ad6a4718010110100000
077bd0082a28b5ac5550020210100000
07fff007ff80bdee6388030310100000
08841007d4d8c63071c0040410100000
09083007aa30ce727ff8050510100000
098c50077f88d6b48e30060610100000
0a10700754e0def69c68070710100000
0a9490072a38e738aaa0080810100000
0b18b006ff90ef7ab8d8090910100000
0b9cd006d4e8f7bcc7100a0a10100000
0b20f206aa400000d5480b0b10100000
0aa514078dc00842e3800c0c10100000
0a29360871401084f1b80d0d10100000
09ad580954c018c6fff00e0e10100000
09317a092a18210800000f0f10100000
08b59c08ff70294a0e38000010100000
0839be08d4c8318c1c70010110100000
07bde008aa2039ce2aa8020210100000
074202087f78421038e0030310100000
06c6240854d04a524718040410100000
064a46082a2852945550050510100000
05ce6807ff805ad66388060610100000
05528a07d4d8631871c0070710100000
04d6ac07aa306b5a7ff8080810100000
045ace077f88739c8e30090910100000
03def00754e07bde9c680a0a10100000
046310072a388420aaa00b0b10100000
04e73006ff908c62b8d80c0c10100000
056b5006d4e894a4c7100d0d10100000
05ef7006aa409ce6d5480e0e10100000
067390078dc0a528e3800f0f10100000
06f7b0087140ad6af1b8000010100000
077bd00954c0b5acfff0010110100000
07fff0092a18bdee0000020210100000
08841008ff70c6300e38030310100000
09083008d4c8ce721c70040410100000
098c5008aa20d6b42aa8050510100000
0a1070087f78def638e0060610100000
0a94900854d0e7384718070710100000
0b18b0082a28ef7a5550080810100000
0b9cd007ff80f7bc6388090910100000
0b20f207d4d8000071c00a0a10100000
0aa51407aa3008427ff80b0b10100000
0a2936077f8810848e300c0c10100000
09ad580754e018c69c680d0d10100000
09317a072a382108aaa00e0e10100000
08b59c06ff90294ab8d80f0f10100000
0839be06d4e8318cc710000010100000
07bde006aa4039ced548010110100000
074202078dc04210e380020210100000
06c6240871404a52f1b8030310100000
064a460954c05294fff0040410100000
05ce68092a185ad60000050510100000
05528a08ff7063180e38060610100000
04d6ac08d4c86b5a1c70070710100000
045ace08aa20739c2aa8080810100000
03def0087f787bde38e0090910100000
0463100854d0842047180a0a10100000
04e730082a288c6255500b0b10100000
056b5007ff8094a463880c0c10100000
05ef7007d4d89ce671c00d0d10100000
06739007aa30a5287ff80e0e10100000
06f7b0077f88ad6a8e300f0f10100000
077bd00754e0b5ac9c68000010100000
07fff0072a38bdeeaaa0010110100000
08841006ff90c630b8d8020210100000
09083006d4e8ce72c710030310100000
098c5006aa40d6b4d548040410100000
0a1070078dc0def6e380050510100000
0a9490087140e738f1b8060610100000
0b18b00954c0ef7afff0070710100000
0b9cd0092a18f7bc0000080810100000
0b20f208ff7000000e38090910100000
0aa51408d4c808421c700a0a10100000
0a293608aa2010842aa80b0b10100000
09ad58087f7818c638e00c0c10100000
09317a0854d0210847180d0d10100000
08b59c082a28294a55500e0e10100000
0839be07ff80318c63880f0f10100000
07bde007d4d839ce71c0000010100000
07420207aa3042107ff8010110100000
06c624077f884a528e30020210100000
064a460754e052949c68030310100000
05ce68072a385ad6aaa0040410100000
05528a06ff906318b8d8050510100000
04d6ac06d4e86b5ac710060610100000
045ace06aa40739cd548070710100000
03def0078dc07bdee380080810100000
0463100871408420f1b8090910100000
04e7300954c08c62fff00a0a10100000
056b50092a1894a400000b0b10100000
05ef7008ff709ce60e380c0c10100000
06739008d4c8a5281c700d0d10100000
06f7b008aa20ad6a2aa80e0e10100000
077bd0087f78b5ac38e00f0f10100000
07fff00854d0bdee4718000010100000
088410082a28c6305550010110100000
09083007ff80ce726388020210100000
098c5007d4d8d6b471c0030310100000
0a107007aa30def67ff8040410100000
0a9490077f88e7388e30050510100000
0b18b00754e0ef7a9c68060610100000
0b9cd0072a38f7bcaaa0070710100000
0b20f206ff900000b8d8080810100000
0aa51406d4e80842c710090910100000
0a293606aa401084d5480a0a10100000
09ad58078dc018c6e3800b0b10100000
09317a0871402108f1b80c0c10100000
08b59c0954c0294afff00d0d10100000
0839be092a18318c00000e0e10100000
07bde008ff7039ce0e380f0f10100000
07420208d4c842101c70000010100000
06c62408aa204a522aa8010110100000
064a46087f78529438e0020210100000
05ce680854d05ad64718030310100000
05528a082a2863185550040410100000
04d6ac07ff806b5a6388050510100000
045ace07d4d8739c71c0060610100000
03def007aa307bde7ff8070710100000
046310077f8884208e30080810100000
04e7300754e08c629c68090910100000
056b50072a3894a4aaa00a0a10100000
05ef7006ff909ce6b8d80b0b10100000
06739006d4e8a528c7100c0c10100000
06f7b006aa40ad6ad5480d0d10100000
077bd0078dc0b5ace3800e0e10100000
07fff0087140bdeef1b80f0f10100000
0884100954c0c630fff0000010100000
090830092a18ce720000010110100000
098c5008ff70d6b40e38020210100000
0a107008d4c8def61c70030310100000
0a949008aa20e7382aa8040410100000
0b18b0087f78ef7a38e0050510100000
0b9cd00854d0f7bc4718060610100000
0b20f2082a2800005550070710100000
0aa51407ff8008426388080810100000
0a293607d4d8108471c0090910100000
09ad5807aa3018c67ff80a0a10100000
09317a077f8821088e300b0b10100000
08b59c0754e0294a9c680c0c10100000
0839be072a38318caaa00d0d10100000
07bde006ff9039ceb8d80e0e10100000
07420206d4e84210c7100f0f10100000
06c62406aa404a52d548000010100000
064a46078dc05294e380010110100000
05ce680871405ad6f1b8020210100000
05528a0954c06318fff0030310100000
04d6ac092a186b5a0000040410100000
045ace08ff70739c0e38050510100000
03def008d4c87bde1c70060610100000
04631008aa2084202aa8070710100000
04e730087f788c6238e0080810100000
056b500854d094a44718090910100000
05ef70082a289ce655500a0a10100000
06739007ff80a52863880b0b10100000
06f7b007d4d8ad6a71c00c0c10100000
077bd007aa30b5ac7ff80d0d10100000
07fff0077f88bdee8e300e0e10100000
0884100754e0c6309c680f0f10100000
090830072a38ce72aaa0000010100000
098c5006ff90d6b4b8d8010110100000
0a107006d4e8def6c710020210100000
0a949006aa40e738d548030310100000
0b18b0078dc0ef7ae380040410100000
0b9cd0087140f7bcf1b8050510100000
0b20f20954c00000fff0060610100000
0aa514092a1808420000070710100000
0a293608ff7010840e38080810100000
09ad5808d4c818c61c70090910100000
09317a08aa2021082aa80a0a10100000
08b59c087f78294a38e00b0b10100000
0839be0854d0318c47180c0c10100000
07bde0082a2839ce55500d0d10100000
07420207ff80421063880e0e10100000
06c62407d4d84a5271c00f0f10100000
064a4607aa3052947ff8000010100000
05ce68077f885ad68e30010110100000
05528a0754e063189c68020210100000
04d6ac072a386b5aaaa0030310100000
045ace06ff90739cb8d8040410100000
03def006d4e87bdec710050510100000
04631006aa408420d548060610100000
04e730078dc08c62e380070710100000
056b5008714094a4f1b8080810100000
05ef700954c09ce6fff0090910100000
067390092a18a52800000a0a10100000
06f7b008ff70ad6a0e380b0b10100000
077bd008d4c8b5ac1c700c0c10100000
07fff008aa20bdee2aa80d0d10100000
088410087f78c63038e00e0e10100000
0908300854d0ce7247180f0f10100000
098c50082a28d6b45550000010100000
0a107007ff80def66388010110100000
0a949007d4d8e73871c0020210100000
0b18b007aa30ef7a7ff8030310100000
0b9cd0077f88f7bc8e30040410100000
0b20f20754e000009c68050510100000
0aa514072a380842aaa0060610100000
0a293606ff901084b8d8070710100000
09ad5806d4e818c6c710080810100000
09317a06aa402108d548090910100000
08b59c078dc0294ae3800a0a10100000
0839be087140318cf1b80b0b10100000
07bde00954c039cefff00c0c10100000
074202092a18421000000d0d10100000
06c62408ff704a520e380e0e10100000
064a4608d4c852941c700f0f10100000
05ce6808aa205ad62aa8000010100000
05528a087f78631838e0010110100000
04d6ac0854d06b5a4718020210100000
045ace082a28739c5550030310100000
03def007ff807bde6388040410100000
04631007d4d8842071c0050510100000
04e73007aa308c627ff8060610100000
056b50077f8894a48e30070710100000
05ef700754e09ce69c68080810100000
067390072a38a528aaa0090910100000
06f7b006ff90ad6ab8d80a0a10100000
077bd006d4e8b5acc7100b0b10100000
07fff006aa40bdeed5480c0c10100000
088410078dc0c630e3800d0d10100000
090830087140ce72f1b80e0e10100000
098c500954c0d6b4fff00f0f10100000
0a1070092a18def60000000010100000
0a949008ff70e7380e38010110100000
0b18b008d4c8ef7a1c70020210100000
0b9cd008aa20f7bc2aa8030310100000
0b20f2087f78000038e0040410100000
0aa5140854d008424718050510100000
0a2936082a2810845550060610100000
09ad5807ff8018c66388070710100000
09317a07d4d8210871c0080810100000
08b59c07aa30294a7ff8090910100000
0839be077f88318c8e300a0a10100000
07bde00754e039ce9c680b0b10100000
074202072a384210aaa00c0c10100000
06c62406ff904a52b8d80d0d10100000
064a4606d4e85294c7100e0e10100000
05ce6806aa405ad6d5480f0f10100000
05528a078dc06318e380000010100000
04d6ac0871406b5af1b8010110100000
045ace0954c0739cfff0020210100000
03def0092a187bde0000030310100000
04631008ff7084200e38040410100000
04e73008d4c88c621c70050510100000
056b5008aa2094a42aa8060610100000
05ef70087f789ce638e0070710100000
0673900854d0a5284718080810100000
06f7b0082a28ad6a5550090910100000
077bd007ff80b5ac63880a0a10100000
07fff007d4d8bdee71c00b0b10100000
08841007aa30c6307ff80c0c10100000
090830077f88ce728e300d0d10100000
098c500754e0d6b49c680e0e10100000
0a1070072a38def6aaa00f0f10100000
0a949006ff90e738b8d8000010100000
0b18b006d4e8ef7ac710010110100000
0b9cd006aa40f7bcd548020210100000
0b20f2078dc00000e380030310100000
0aa5140871400842f1b8040410100000
0a29360954c01084fff0050510100000
09ad58092a1818c60000060610100000
09317a08ff7021080e38070710100000
08b59c08d4c8294a1c70080810100000
0839be08aa20318c2aa8090910100000
07bde0087f7839ce38e00a0a10100000
0742020854d0421047180b0b10100000
06c624082a284a5255500c0c10100000
064a4607ff80529463880d0d10100000
05ce6807d4d85ad671c00e0e10100000
05528a07aa3063187ff80f0f10100000
04d6ac077f886b5a8e30000010100000
045ace0754e0739c9c68010110100000
03def0072a387bdeaaa0020210100000
04631006ff908420b8d8030310100000
04e73006d4e88c62c710040410100000
056b5006aa4094a4d548050510100000
05ef70078dc09ce6e380060610100000
067390087140a528f1b8070710100000
06f7b00954c0ad6afff0080810100000
077bd0092a18b5ac0000090910100000
07fff008ff70bdee0e380a0a10100000
08841008d4c8c6301c700b0b10100000
09083008aa20ce722aa80c0c10100000
098c50087f78d6b438e00d0d10100000
0a10700854d0def647180e0e10100000
0a9490082a28e73855500f0f10100000
0b18b007ff80ef7a6388000010100000
0b9cd007d4d8f7bc71c0010110100000
0b20f207aa3000007ff8020210100000
0aa514077f8808428e30030310100000
0a29360754e010849c68040410100000
09ad58072a3818c6aaa0050510100000
09317a06ff902108b8d8060610100000
08b59c06d4e8294ac710070710100000
0839be06aa40318cd548080810100000
07bde0078dc039cee380090910100000
0742020871404210f1b80a0a10100000
06c6240954c04a52fff00b0b10100000
064a46092a18529400000c0c10100000
05ce6808ff705ad60e380d0d10100000
05528a08d4c863181c700e0e10100000
04d6ac08aa206b5a2aa80f0f10100000
045ace087f78739c38e0000010100000
03def00854d07bde4718010110100000
046310082a2884205550020210100000
04e73007ff808c626388030310100000
056b5007d4d894a471c0040410100000
05ef7007aa309ce67ff8050510100000
067390077f88a5288e30060610100000
06f7b00754e0ad6a9c68070710100000
077bd0072a38b5acaaa0080810100000
07fff006ff90bdeeb8d8090910100000
08841006d4e8c630c7100a0a10100000
09083006aa40ce72d5480b0b10100000
098c50078dc0d6b4e3800c0c10100000
0a1070087140def6f1b80d0d10100000
0a94900954c0e738fff00e0e10100000
0b18b0092a18ef7a00000f0f10100000
0b9cd008ff70f7bc0e38000010100000
0b20f208d4c800001c70010110100000
0aa51408aa2008422aa8020210100000
0a2936087f78108438e0030310100000
09ad580854d018c64718040410100000
09317a082a2821085550050510100000
08b59c07ff80294a6388060610100000
0839be07d4d8318c71c0070710100000
07bde007aa3039ce7ff8080810100000
074202077f8842108e30090910100000
06c6240754e04a529c680a0a10100000
064a46072a385294aaa00b0b10100000
05ce6806ff905ad6b8d80c0c10100000
05528a06d4e86318c7100d0d10100000
04d6ac06aa406b5ad5480e0e10100000
045ace078dc0739ce3800f0f10100000
03def00871407bdef1b8000010100000
00000000001000000010010101010000
00000100800f00017fff020202020000
000010008010000f0001030303030000
00002000811000100100040404040000
00003101810f0011ffff050505050000
00013001812000ff0011060606060000
00023002012001008000070707070000
00033102012f0101000f080808080000
0083300202307fff0101090909090000
010330020230800000000a0a0a0a0000
02032e02032ffffe00ff0b0b0b0b0000
03032d03032dfffffffe0c0c0c0c0000
03032d03033d000000100d0d0d0d0000
03032e03833c00017fff0e0e0e0e0000
03033d03833d000f00010f0f0f0f0000
03034d03843d00100100000010100000
03035e04842c0011ffff010110100000
03045c04043e00ff0011020210100000
03054d04843d01008000030310100000
03063e04834c0101000f040410100000
03862c03844e7fff0101050510100000
04052d03843d80000000060610100000
05042b03053cfffe00ff070710100000
06032904052bfffffffe080810100000
05832a04043a00000010090910100000
05032b04843900017fff0a0a10100000
04033c04833b000f00010b0b10100000
03034d03843d001001000c0c10100000
03035e04842c0011ffff0d0d10100000
03045c04043e00ff00110e0e10100000
03054d04843d010080000f0f10100000
03063e04834c0101000f000010100000
03862c03844e7fff0101010110100000
04052d03843d80000000020210100000
05042b03053cfffe00ff030310100000
06032904052bfffffffe040410100000
05832a04043a00000010050510100000
05032b04843900017fff060610100000
04033c04833b000f0001070710100000
03034d03843d00100100080810100000
03035e04842c0011ffff090910100000
03045c04043e00ff00110a0a10100000
03054d04843d010080000b0b10100000
03063e04834c0101000f0c0c10100000
03862c03844e7fff01010d0d10100000
04052d03843d800000000e0e10100000
05042b03053cfffe00ff0f0f10100000
06032904052bfffffffe000010100000
05832a04043a00000010010110100000
05032b04843900017fff020210100000
04033c04833b000f0001030310100000
03034d03843d00100100040410100000
03035e04842c0011ffff050510100000
03045c04043e00ff0011060610100000
03054d04843d01008000070710100000
03063e04834c0101000f080810100000
03862c03844e7fff0101090910100000
04052d03843d800000000a0a10100000
05042b03053cfffe00ff0b0b10100000
06032904052bfffffffe0c0c10100000
05832a04043a000000100d0d10100000
05032b04843900017fff0e0e10100000
04033c04833b000f00010f0f10100000
03034d03843d00100100000010100000
03035e04842c0011ffff010110100000
03045c04043e00ff0011020210100000
03054d04843d01008000030310100000
03063e04834c0101000f040410100000
03862c03844e7fff0101050510100000
04052d03843d80000000060610100000
05042b03053cfffe00ff070710100000
06032904052bfffffffe080810100000
05832a04043a00000010090910100000
05032b04843900017fff0a0a10100000
04033c04833b000f00010b0b10100000
03034d03843d001001000c0c10100000
03035e04842c0011ffff0d0d10100000
03045c04043e00ff00110e0e10100000
03054d04843d010080000f0f10100000
03063e04834c0101000f000010100000
03862c03844e7fff0101010110100000
04052d03843d80000000020210100000
05042b03053cfffe00ff030310100000
06032904052bfffffffe040410100000
05832a04043a00000010050510100000
05032b04843900017fff060610100000
04033c04833b000f0001070710100000
03034d03843d00100100080810100000
03035e04842c0011ffff090910100000
03045c04043e00ff00110a0a10100000
03054d04843d010080000b0b10100000
03063e04834c0101000f0c0c10100000
03862c03844e7fff01010d0d10100000
04052d03843d800000000e0e10100000
05042b03053cfffe00ff0f0f10100000
06032904052bfffffffe000010100000
05832a04043a00000010010110100000
05032b04843900017fff020210100000
04033c04833b000f0001030310100000
03034d03843d00100100040410100000
03035e04842c0011ffff050510100000
03045c04043e00ff0011060610100000
03054d04843d01008000070710100000
03063e04834c0101000f080810100000
03862c03844e7fff0101090910100000
04052d03843d800000000a0a10100000
05042b03053cfffe00ff0b0b10100000
06032904052bfffffffe0c0c10100000
05832a04043a000000100d0d10100000
05032b04843900017fff0e0e10100000
04033c04833b000f00010f0f10100000
03034d03843d00100100000010100000
03035e04842c0011ffff010110100000
03045c04043e00ff0011020210100000
03054d04843d01008000030310100000
03063e04834c0101000f040410100000
03862c03844e7fff0101050510100000
04052d03843d80000000060610100000
05042b03053cfffe00ff070710100000
06032904052bfffffffe080810100000
05832a04043a00000010090910100000
05032b04843900017fff0a0a10100000
04033c04833b000f00010b0b10100000
03034d03843d001001000c0c10100000
03035e04842c0011ffff0d0d10100000
03045c04043e00ff00110e0e10100000
03054d04843d010080000f0f10100000
03063e04834c0101000f000010100000
03862c03844e7fff0101010110100000
04052d03843d80000000020210100000
05042b03053cfffe00ff030310100000
06032904052bfffffffe040410100000
05832a04043a00000010050510100000
05032b04843900017fff060610100000
04033c04833b000f0001070710100000
03034d03843d00100100080810100000
03035e04842c0011ffff090910100000
03045c04043e00ff00110a0a10100000
03054d04843d010080000b0b10100000
03063e04834c0101000f0c0c10100000
03862c03844e7fff01010d0d10100000
04052d03843d800000000e0e10100000
05042b03053cfffe00ff0f0f10100000
06032904052bfffffffe000010100000
05832a04043a00000010010110100000
05032b04843900017fff020210100000
04033c04833b000f0001030310100000
03034d03843d00100100040410100000
03035e04842c0011ffff050510100000
03045c04043e00ff0011060610100000
03054d04843d01008000070710100000
03063e04834c0101000f080810100000
03862c03844e7fff0101090910100000
04052d03843d800000000a0a10100000
05042b03053cfffe00ff0b0b10100000
06032904052bfffffffe0c0c10100000
05832a04043a000000100d0d10100000
05032b04843900017fff0e0e10100000
04033c04833b000f00010f0f10100000
03034d03843d00100100000010100000
03035e04842c0011ffff010110100000
03045c04043e00ff0011020210100000
03054d04843d01008000030310100000
03063e04834c0101000f040410100000
03862c03844e7fff0101050510100000
04052d03843d80000000060610100000
05042b03053cfffe00ff070710100000
06032904052bfffffffe080810100000
05832a04043a00000010090910100000
05032b04843900017fff0a0a10100000
04033c04833b000f00010b0b10100000
03034d03843d001001000c0c10100000
03035e04842c0011ffff0d0d10100000
03045c04043e00ff00110e0e10100000
03054d04843d010080000f0f10100000
03063e04834c0101000f000010100000
03862c03844e7fff0101010110100000
04052d03843d80000000020210100000
05042b03053cfffe00ff030310100000
06032904052bfffffffe040410100000
05832a04043a00000010050510100000
05032b04843900017fff060610100000
04033c04833b000f0001070710100000
03034d03843d00100100080810100000
03035e04842c0011ffff090910100000
03045c04043e00ff00110a0a10100000
03054d04843d010080000b0b10100000
03063e04834c0101000f0c0c10100000
03862c03844e7fff01010d0d10100000
04052d03843d800000000e0e10100000
05042b03053cfffe00ff0f0f10100000
06032904052bfffffffe000010100000
05832a04043a00000010010110100000
05032b04843900017fff020210100000
04033c04833b000f0001030310100000
03034d03843d00100100040410100000
03035e04842c0011ffff050510100000
03045c04043e00ff0011060610100000
03054d04843d01008000070710100000
03063e04834c0101000f080810100000
03862c03844e7fff0101090910100000
04052d03843d800000000a0a10100000
05042b03053cfffe00ff0b0b10100000
06032904052bfffffffe0c0c10100000
05832a04043a000000100d0d10100000
05032b04843900017fff0e0e10100000
04033c04833b000f00010f0f10100000
03034d03843d00100100000010100000
03035e04842c0011ffff010110100000
03045c04043e00ff0011020210100000
03054d04843d01008000030310100000
03063e04834c0101000f040410100000
03862c03844e7fff0101050510100000
04052d03843d80000000060610100000
05042b03053cfffe00ff070710100000
06032904052bfffffffe080810100000
05832a04043a00000010090910100000
05032b04843900017fff0a0a10100000
04033c04833b000f00010b0b10100000
03034d03843d001001000c0c10100000
03035e04842c0011ffff0d0d10100000
03045c04043e00ff00110e0e10100000
03054d04843d010080000f0f10100000
03063e04834c0101000f000010100000
03862c03844e7fff0101010110100000
04052d03843d80000000020210100000
05042b03053cfffe00ff030310100000
06032904052bfffffffe040410100000
05832a04043a00000010050510100000
05032b04843900017fff060610100000
04033c04833b000f0001070710100000
03034d03843d00100100080810100000
03035e04842c0011ffff090910100000
03045c04043e00ff00110a0a10100000
03054d04843d010080000b0b10100000
03063e04834c0101000f0c0c10100000
03862c03844e7fff01010d0d10100000
04052d03843d800000000e0e10100000
05042b03053cfffe00ff0f0f10100000
06032904052bfffffffe000010100000
05832a04043a00000010010110100000
05032b04843900017fff020210100000
04033c04833b000f0001030310100000
03034d03843d00100100040410100000
03035e04842c0011ffff050510100000
03045c04043e00ff0011060610100000
03054d04843d01008000070710100000
03063e04834c0101000f080810100000
03862c03844e7fff0101090910100000
04052d03843d800000000a0a10100000
05042b03053cfffe00ff0b0b10100000
06032904052bfffffffe0c0c10100000
05832a04043a000000100d0d10100000
05032b04843900017fff0e0e10100000
04033c04833b000f00010f0f10100000
03034d03843d00100100000010100000
03035e04842c0011ffff010110100000
03045c04043e00ff0011020210100000
03054d04843d01008000030310100000
03063e04834c0101000f040410100000
03862c03844e7fff0101050510100000
04052d03843d80000000060610100000
05042b03053cfffe00ff070710100000
06032904052bfffffffe080810100000
05832a04043a00000010090910100000
05032b04843900017fff0a0a10100000
04033c04833b000f00010b0b10100000
03034d03843d001001000c0c10100000
03035e04842c0011ffff0d0d10100000
03045c04043e00ff00110e0e10100000
03054d04843d010080000f0f10100000
03063e04834c0101000f000010100000
03862c03844e7fff0101010110100000
04052d03843d80000000020210100000
05042b03053cfffe00ff030310100000
06032904052bfffffffe040410100000
05832a04043a00000010050510100000
05032b04843900017fff060610100000
04033c04833b000f0001070710100000
03034d03843d00100100080810100000
03035e04842c0011ffff090910100000
03045c04043e00ff00110a0a10100000
03054d04843d010080000b0b10100000
03063e04834c0101000f0c0c10100000
03862c03844e7fff01010d0d10100000
04052d03843d800000000e0e10100000
05042b03053cfffe00ff0f0f10100000
06032904052bfffffffe000010100000
05832a04043a00000010010110100000
05032b04843900017fff020210100000
04033c04833b000f0001030310100000
03034d03843d00100100040410100000
03035e04842c0011ffff050510100000
03045c04043e00ff0011060610100000
03054d04843d01008000070710100000
03063e04834c0101000f080810100000
03862c03844e7fff0101090910100000
04052d03843d800000000a0a10100000
05042b03053cfffe00ff0b0b10100000
06032904052bfffffffe0c0c10100000
05832a04043a000000100d0d10100000
05032b04843900017fff0e0e10100000
04033c04833b000f00010f0f10100000
03034d03843d00100100000010100000
03035e04842c0011ffff010110100000
03045c04043e00ff0011020210100000
03054d04843d01008000030310100000
03063e04834c0101000f040410100000
03862c03844e7fff0101050510100000
04052d03843d80000000060610100000
05042b03053cfffe00ff070710100000
06032904052bfffffffe080810100000
05832a04043a00000010090910100000
05032b04843900017fff0a0a10100000
04033c04833b000f00010b0b10100000
03034d03843d001001000c0c10100000
03035e04842c0011ffff0d0d10100000
03045c04043e00ff00110e0e10100000
03054d04843d010080000f0f10100000
03063e04834c0101000f000010100000
03862c03844e7fff0101010110100000
04052d03843d80000000020210100000
05042b03053cfffe00ff030310100000
06032904052bfffffffe040410100000
05832a04043a00000010050510100000
05032b04843900017fff060610100000
04033c04833b000f0001070710100000
03034d03843d00100100080810100000
03035e04842c0011ffff090910100000
03045c04043e00ff00110a0a10100000
03054d04843d010080000b0b10100000
03063e04834c0101000f0c0c10100000
03862c03844e7fff01010d0d10100000
04052d03843d800000000e0e10100000
05042b03053cfffe00ff0f0f10100000
06032904052bfffffffe000010100000
05832a04043a00000010010110100000
05032b04843900017fff020210100000
04033c04833b000f0001030310100000
03034d03843d00100100040410100000
03035e04842c0011ffff050510100000
03045c04043e00ff0011060610100000
03054d04843d01008000070710100000
03063e04834c0101000f080810100000
03862c03844e7fff0101090910100000
04052d03843d800000000a0a10100000
05042b03053cfffe00ff0b0b10100000
06032904052bfffffffe0c0c10100000
05832a04043a000000100d0d10100000
05032b04843900017fff0e0e10100000
04033c04833b000f00010f0f10100000
03034d03843d00100100000010100000
03035e04842c0011ffff010110100000
03045c04043e00ff0011020210100000
03054d04843d01008000030310100000
03063e04834c0101000f040410100000
03862c03844e7fff0101050510100000
04052d03843d80000000060610100000
05042b03053cfffe00ff070710100000
06032904052bfffffffe080810100000
05832a04043a00000010090910100000
05032b04843900017fff0a0a10100000
04033c04833b000f00010b0b10100000
03034d03843d001001000c0c10100000
03035e04842c0011ffff0d0d10100000
03045c04043e00ff00110e0e10100000
03054d04843d010080000f0f10100000
03063e04834c0101000f000010100000
03862c03844e7fff0101010110100000
04052d03843d80000000020210100000
05042b03053cfffe00ff030310100000
06032904052bfffffffe040410100000
05832a04043a00000010050510100000
05032b04843900017fff060610100000
04033c04833b000f0001070710100000
03034d03843d00100100080810100000
03035e04842c0011ffff090910100000
03045c04043e00ff00110a0a10100000
03054d04843d010080000b0b10100000
03063e04834c0101000f0c0c10100000
03862c03844e7fff01010d0d10100000
04052d03843d800000000e0e10100000
05042b03053cfffe00ff0f0f10100000
06032904052bfffffffe000010100000
05832a04043a00000010010110100000
05032b04843900017fff020210100000
04033c04833b000f0001030310100000
03034d03843d00100100040410100000
03035e04842c0011ffff050510100000
03045c04043e00ff0011060610100000
03054d04843d01008000070710100000
03063e04834c0101000f080810100000
03862c03844e7fff0101090910100000
04052d03843d800000000a0a10100000
05042b03053cfffe00ff0b0b10100000
06032904052bfffffffe0c0c10100000
05832a04043a000000100d0d10100000
05032b04843900017fff0e0e10100000
04033c04833b000f00010f0f10100000
03034d03843d00100100000010100000
03035e04842c0011ffff010110100000
03045c04043e00ff0011020210100000
03054d04843d01008000030310100000
03063e04834c0101000f040410100000
03862c03844e7fff0101050510100000
04052d03843d80000000060610100000
05042b03053cfffe00ff070710100000
06032904052bfffffffe080810100000
05832a04043a00000010090910100000
05032b04843900017fff0a0a10100000
04033c04833b000f00010b0b10100000
03034d03843d001001000c0c10100000
03035e04842c0011ffff0d0d10100000
03045c04043e00ff00110e0e10100000
03054d04843d010080000f0f10100000
03063e04834c0101000f000010100000
03862c03844e7fff0101010110100000
04052d03843d80000000020210100000
05042b03053cfffe00ff030310100000
06032904052bfffffffe040410100000
05832a04043a00000010050510100000
05032b04843900017fff060610100000
04033c04833b000f0001070710100000
03034d03843d00100100080810100000
03035e04842c0011ffff090910100000
03045c04043e00ff00110a0a10100000
03054d04843d010080000b0b10100000
03063e04834c0101000f0c0c10100000
03862c03844e7fff01010d0d10100000
04052d03843d800000000e0e10100000
05042b03053cfffe00ff0f0f10100000
06032904052bfffffffe000010100000
05832a04043a00000010010110100000
05032b04843900017fff020210100000
04033c04833b000f0001030310100000
03034d03843d00100100040410100000
03035e04842c0011ffff050510100000
03045c04043e00ff0011060610100000
03054d04843d01008000070710100000
03063e04834c0101000f080810100000
03862c03844e7fff0101090910100000
04052d03843d800000000a0a10100000
05042b03053cfffe00ff0b0b10100000
06032904052bfffffffe0c0c10100000
05832a04043a000000100d0d10100000
05032b04843900017fff0e0e10100000
04033c04833b000f00010f0f10100000
03034d03843d00100100000010100000
03035e04842c0011ffff010110100000
03045c04043e00ff0011020210100000
03054d04843d01008000030310100000
03063e04834c0101000f040410100000
03862c03844e7fff0101050510100000
04052d03843d80000000060610100000
05042b03053cfffe00ff070710100000
06032904052bfffffffe080810100000
05832a04043a00000010090910100000
05032b04843900017fff0a0a10100000
04033c04833b000f00010b0b10100000
03034d03843d001001000c0c10100000
03035e04842c0011ffff0d0d10100000
03045c04043e00ff00110e0e10100000
03054d04843d010080000f0f10100000
03063e04834c0101000f000010100000
03862c03844e7fff0101010110100000
04052d03843d80000000020210100000
05042b03053cfffe00ff030310100000
06032904052bfffffffe040410100000
05832a04043a00000010050510100000
05032b04843900017fff060610100000
04033c04833b000f0001070710100000
03034d03843d00100100080810100000
03035e04842c0011ffff090910100000
03045c04043e00ff00110a0a10100000
03054d04843d010080000b0b10100000
03063e04834c0101000f0c0c10100000
03862c03844e7fff01010d0d10100000
04052d03843d800000000e0e10100000
05042b03053cfffe00ff0f0f10100000
06032904052bfffffffe000010100000
05832a04043a00000010010110100000
05032b04843900017fff020210100000
04033c04833b000f0001030310100000
03034d03843d00100100040410100000
03035e04842c0011ffff050510100000
03045c04043e00ff0011060610100000
03054d04843d01008000070710100000
03063e04834c0101000f080810100000
03862c03844e7fff0101090910100000
04052d03843d800000000a0a10100000
05042b03053cfffe00ff0b0b10100000
06032904052bfffffffe0c0c10100000
05832a04043a000000100d0d10100000
05032b04843900017fff0e0e10100000
04033c04833b000f00010f0f10100000
03034d03843d00100100000010100000
03035e04842c0011ffff010110100000
03045c04043e00ff0011020210100000
03054d04843d01008000030310100000
03063e04834c0101000f040410100000
03862c03844e7fff0101050510100000
04052d03843d80000000060610100000
05042b03053cfffe00ff070710100000
06032904052bfffffffe080810100000
05832a04043a00000010090910100000
05032b04843900017fff0a0a10100000
04033c04833b000f00010b0b10100000
03034d03843d001001000c0c10100000
03035e04842c0011ffff0d0d10100000
03045c04043e00ff00110e0e10100000
03054d04843d010080000f0f10100000
03063e04834c0101000f000010100000
00006400012c0064012c010101010000
0000c80002580064012c020202020000
00012c0003840064012c030303030000
0001900004b00064012c040404040000
0001f40005dc0064012c050505050000
0002580007080064012c060606060000
0002bc0008340064012c070707070000
0003200009600064012c080808080000
000384000a8c0064012c090909090000
0003e8000bb80064012c0a0a0a0a0000
00044c000ce40064012c0b0b0b0b0000
0004b0000e100064012c0c0c0c0c0000
000514000f3c0064012c0d0d0d0d0000
0005780010680064012c0e0e0e0e0000
0005dc0011940064012c0f0f0f0f0000
0006400012c00064012c000010100000
0006400012c00064012c010110100000
0006400012c00064012c020210100000
0006400012c00064012c030310100000
0006400012c00064012c040410100000
0006400012c00064012c050510100000
0006400012c00064012c060610100000
0006400012c00064012c070710100000
00064000119400640000080810100000
00064000106800640000090910100000
000640000f3c006400000a0a10100000
000640000e10006400000b0b10100000
000640000ce4006400000c0c10100000
000640000bb8006400000d0d10100000
000640000a8c006400000e0e10100000
000640000960006400000f0f10100000
00064000083400640000000010100000
0006a400070800c80000010110100000
0007080005dc00c80000020210100000
00076c0004b000c80000030310100000
0007d000038400c80000040410100000
00083400025800c80000050510100000
00089800012c00c80000060610100000
0008fc00000000c80000070710100000
00096000000000c80000080810100000
0009c400000000c80000090910100000
000a2800000000c800000a0a10100000
000a8c00000000c800000b0b10100000
000af000000000c800000c0c10100000
000b5400000000c800000d0d10100000
000bb800000000c800000e0e10100000
000c1c00019000c801900f0f10100000
000c8000032000c80190000010100000
000c800004b000c80190010110100000
000c8000064000c80190020210100000
000c800007d000c80190030310100000
000c8000096000c80190040410100000
000c80000af000c80190050510100000
000c80000c8000c80190060610100000
000c80000e1000c80190070710100000
000c80000fa000c80190080810100000
000c8000113000c80190090910100000
000c800012c000c801900a0a10100000
000c8000145000c801900b0b10100000
000c800015e000c801900c0c10100000
000c8000177000c801900d0d10100000
000c8000190000c801900e0e10100000
000c8000190000c801900f0f10100000
000c8000190000c80190000010100000
000bb800190000000190010110100000
000af000190000000190020210100000
000a2800190000000190030310100000
00096000190000000190040410100000
00089800190000000190050510100000
0007d000189c0000012c060610100000
0007080018380000012c070710100000
0006400017d40000012c080810100000
0005780017700000012c090910100000
0004b000170c0000012c0a0a10100000
0003e80016a80000012c0b0b10100000
0003200016440000012c0c0c10100000
0002580015e00000012c0d0d10100000
00019000157c0000012c0e0e10100000
0000c80015180000012c0f0f10100000
0000000014b40000012c000010100000
0000000014500000012c010110100000
0000000013ec0000012c020210100000
0000000013880000012c030310100000
0000000013240000012c040410100000
0000000012c00000012c050510100000
0000000012c00000012c060610100000
0000000012c00000012c070710100000
0000000012c00000012c080810100000
0000000012c00000012c090910100000
0000000012c00000012c0a0a10100000
0000000012c00000012c0b0b10100000
0000000012c00000012c0c0c10100000
000000001194000000000d0d10100000
000000001068000000000e0e10100000
000000000f3c000000000f0f10100000
000000000e1000000000000010100000
000064000ce400640000010110100000
0000c8000bb800640000020210100000
00012c000a8c00640000030310100000
00019000096000640000040410100000
0001f400083400640000050510100000
00025800070800640000060610100000
0002bc0005dc00640000070710100000
0003200004b000640000080810100000
00038400038400640000090910100000
0003e8000258006400000a0a10100000
00044c00012c006400000b0b10100000
0004b0000000006400000c0c10100000
000514000000006400000d0d10100000
000578000000006400000e0e10100000
0005dc000000006400000f0f10100000
00064000000000640000000010100000
00064000000000640000010110100000
00064000000000640000020210100000
00064000000000640000030310100000
00064000019000640190040410100000
00064000032000640190050510100000
0006400004b000640190060610100000
00064000064000640190070710100000
0006400007d000640190080810100000
00064000096000640190090910100000
000640000af0006401900a0a10100000
000640000c80006401900b0b10100000
000640000e10006401900c0c10100000
000640000fa0006401900d0d10100000
000640001130006401900e0e10100000
0006400012c0006401900f0f10100000
00064000145000640190000010100000
0006a40015e000c80190010110100000
00070800177000c80190020210100000
00076c00190000c80190030310100000
0007d000190000c80190040410100000
00083400190000c80190050510100000
00089800190000c80190060610100000
0008fc00190000c80190070710100000
00096000190000c80190080810100000
0009c400190000c80190090910100000
000a2800190000c801900a0a10100000
000a8c00189c00c8012c0b0b10100000
000af000183800c8012c0c0c10100000
000b540017d400c8012c0d0d10100000
000bb800177000c8012c0e0e10100000
000c1c00170c00c8012c0f0f10100000
000c800016a800c8012c000010100000
000c8000164400c8012c010110100000
000c800015e000c8012c020210100000
000c8000157c00c8012c030310100000
000c8000151800c8012c040410100000
000c800014b400c8012c050510100000
000c8000145000c8012c060610100000
000c800013ec00c8012c070710100000
000c8000138800c8012c080810100000
000c8000132400c8012c090910100000
000c800012c000c8012c0a0a10100000
000c800012c000c8012c0b0b10100000
000c800012c000c8012c0c0c10100000
000c800012c000c8012c0d0d10100000
000c800012c000c8012c0e0e10100000
000c800012c000c8012c0f0f10100000
000c800012c000c8012c000010100000
000bb80012c00000012c010110100000
000af000119400000000020210100000
000a2800106800000000030310100000
000960000f3c00000000040410100000
000898000e1000000000050510100000
0007d0000ce400000000060610100000
000708000bb800000000070710100000
000640000a8c00000000080810100000
00057800096000000000090910100000
0004b0000834000000000a0a10100000
0003e8000708000000000b0b10100000
0003200005dc000000000c0c10100000
0002580004b0000000000d0d10100000
000190000384000000000e0e10100000
0000c8000258000000000f0f10100000
00000000012c00000000000010100000
00000000000000000000010110100000
00000000000000000000020210100000
00000000000000000000030310100000
00000000000000000000040410100000
00000000000000000000050510100000
00000000000000000000060610100000
00000000000000000000070710100000
00000000000000000000080810100000
00000000019000000190090910100000
000000000320000001900a0a10100000
0000000004b0000001900b0b10100000
000000000640000001900c0c10100000
0000000007d0000001900d0d10100000
000000000960000001900e0e10100000
000000000af0000001900f0f10100000
000000000c8000000190000010100000
000064000e1000640190010110100000
0000c8000fa000640190020210100000
00012c00113000640190030310100000
0001900012c000640190040410100000
0001f400145000640190050510100000
0002580015e000640190060610100000
0002bc00177000640190070710100000
00032000190000640190080810100000
00038400190000640190090910100000
0003e8001900006401900a0a10100000
00044c001900006401900b0b10100000
0004b0001900006401900c0c10100000
000514001900006401900d0d10100000
000578001900006401900e0e10100000
0005dc001900006401900f0f10100000
00064000189c0064012c000010100000
0006400018380064012c010110100000
0006400017d40064012c020210100000
0006400017700064012c030310100000
00064000170c0064012c040410100000
0006400016a80064012c050510100000
0006400016440064012c060610100000
0006400015e00064012c070710100000
00064000157c0064012c080810100000
0006400015180064012c090910100000
0006400014b40064012c0a0a10100000
0006400014500064012c0b0b10100000
0006400013ec0064012c0c0c10100000
0006400013880064012c0d0d10100000
0006400013240064012c0e0e10100000
0006400012c00064012c0f0f10100000
0006400012c00064012c000010100000
0006a40012c000c8012c010110100000
0007080012c000c8012c020210100000
00076c0012c000c8012c030310100000
0007d00012c000c8012c040410100000
0008340012c000c8012c050510100000
0008980012c000c8012c060610100000
0008fc00119400c80000070710100000
00096000106800c80000080810100000
0009c4000f3c00c80000090910100000
000a28000e1000c800000a0a10100000
000a8c000ce400c800000b0b10100000
000af0000bb800c800000c0c10100000
000b54000a8c00c800000d0d10100000
000bb800096000c800000e0e10100000
000c1c00083400c800000f0f10100000
000c8000070800c80000000010100000
000c800005dc00c80000010110100000
000c800004b000c80000020210100000
000c8000038400c80000030310100000
000c8000025800c80000040410100000
000c8000012c00c80000050510100000
000c8000000000c80000060610100000
000c8000000000c80000070710100000
000c8000000000c80000080810100000
000c8000000000c80000090910100000
000c8000000000c800000a0a10100000
000c8000000000c800000b0b10100000
000c8000000000c800000c0c10100000
000c8000000000c800000d0d10100000
000c8000019000c801900e0e10100000
000c8000032000c801900f0f10100000
000c800004b000c80190000010100000
000bb800064000000190010110100000
000af00007d000000190020210100000
000a2800096000000190030310100000
000960000af000000190040410100000
000898000c8000000190050510100000
0007d0000e1000000190060610100000
000708000fa000000190070710100000
00064000113000000190080810100000
0005780012c000000190090910100000
0004b0001450000001900a0a10100000
0003e80015e0000001900b0b10100000
000320001770000001900c0c10100000
000258001900000001900d0d10100000
000190001900000001900e0e10100000
0000c8001900000001900f0f10100000
00000000190000000190000010100000
00000000190000000190010110100000
00000000190000000190020210100000
00000000190000000190030310100000
00000000190000000190040410100000
00000000189c0000012c050510100000
0000000018380000012c060610100000
0000000017d40000012c070710100000
0000000017700000012c080810100000
00000000170c0000012c090910100000
0000000016a80000012c0a0a10100000
0000000016440000012c0b0b10100000
0000000015e00000012c0c0c10100000
00000000157c0000012c0d0d10100000
0000000015180000012c0e0e10100000
0000000014b40000012c0f0f10100000
0000000014500000012c000010100000
0000640013ec0064012c010110100000
0000c80013880064012c020210100000
00012c0013240064012c030310100000
0001900012c00064012c040410100000
0001f40012c00064012c050510100000
0002580012c00064012c060610100000
0002bc0012c00064012c070710100000
0003200012c00064012c080810100000
0003840012c00064012c090910100000
0003e80012c00064012c0a0a10100000
00044c0012c00064012c0b0b10100000
0004b0001194006400000c0c10100000
000514001068006400000d0d10100000
000578000f3c006400000e0e10100000
0005dc000e10006400000f0f10100000
000640000ce400640000000010100000
000640000bb800640000010110100000
000640000a8c00640000020210100000
00064000096000640000030310100000
00064000083400640000040410100000
00064000070800640000050510100000
0006400005dc00640000060610100000
0006400004b000640000070710100000
00064000038400640000080810100000
00064000025800640000090910100000
00064000012c006400000a0a10100000
000640000000006400000b0b10100000
000640000000006400000c0c10100000
000640000000006400000d0d10100000
000640000000006400000e0e10100000
000640000000006400000f0f10100000
00064000000000640000000010100000
0006a400000000c80000010110100000
00070800000000c80000020210100000
00076c00019000c80190030310100000
0007d000032000c80190040410100000
0008340004b000c80190050510100000
00089800064000c80190060610100000
0008fc0007d000c80190070710100000
00096000096000c80190080810100000
0009c4000af000c80190090910100000
000a28000c8000c801900a0a10100000
000a8c000e1000c801900b0b10100000
000af0000fa000c801900c0c10100000
000b5400113000c801900d0d10100000
000bb80012c000c801900e0e10100000
000c1c00145000c801900f0f10100000
000c800015e000c80190000010100000
000c8000177000c80190010110100000
000c8000190000c80190020210100000
000c8000190000c80190030310100000
000c8000190000c80190040410100000
000c8000190000c80190050510100000
000c8000190000c80190060610100000
000c8000190000c80190070710100000
000c8000190000c80190080810100000
000c8000190000c80190090910100000
000c8000189c00c8012c0a0a10100000
000c8000183800c8012c0b0b10100000
000c800017d400c8012c0c0c10100000
000c8000177000c8012c0d0d10100000
000c8000170c00c8012c0e0e10100000
000c800016a800c8012c0f0f10100000
000c8000164400c8012c000010100000
000bb80015e00000012c010110100000
000af000157c0000012c020210100000
000a280015180000012c030310100000
0009600014b40000012c040410100000
0008980014500000012c050510100000
0007d00013ec0000012c060610100000
0007080013880000012c070710100000
0006400013240000012c080810100000
0005780012c00000012c090910100000
0004b00012c00000012c0a0a10100000
0003e80012c00000012c0b0b10100000
0003200012c00000012c0c0c10100000
0002580012c00000012c0d0d10100000
0001900012c00000012c0e0e10100000
0000c80012c00000012c0f0f10100000
0000000012c00000012c000010100000
00000000119400000000010110100000
00000000106800000000020210100000
000000000f3c00000000030310100000
000000000e1000000000040410100000
000000000ce400000000050510100000
000000000bb800000000060610100000
000000000a8c00000000070710100000
00000000096000000000080810100000
00000000083400000000090910100000
000000000708000000000a0a10100000
0000000005dc000000000b0b10100000
0000000004b0000000000c0c10100000
000000000384000000000d0d10100000
000000000258000000000e0e10100000
00000000012c000000000f0f10100000
00000000000000000000000010100000
00006400000000640000010110100000
0000c800000000640000020210100000
00012c00000000640000030310100000
00019000000000640000040410100000
0001f400000000640000050510100000
00025800000000640000060610100000
0002bc00000000640000070710100000
00032000019000640190080810100000
00038400032000640190090910100000
0003e80004b0006401900a0a10100000
00044c000640006401900b0b10100000
0004b00007d0006401900c0c10100000
000514000960006401900d0d10100000
000578000af0006401900e0e10100000
0005dc000c80006401900f0f10100000
000640000e1000640190000010100000
000640000fa000640190010110100000
00064000113000640190020210100000
0006400012c000640190030310100000
00064000145000640190040410100000
0006400015e000640190050510100000
00064000177000640190060610100000
00064000190000640190070710100000
00064000190000640190080810100000
00064000190000640190090910100000
000640001900006401900a0a10100000
000640001900006401900b0b10100000
000640001900006401900c0c10100000
000640001900006401900d0d10100000
000640001900006401900e0e10100000
00064000189c0064012c0f0f10100000
0006400018380064012c000010100000
0006a40017d400c8012c010110100000
00070800177000c8012c020210100000
00076c00170c00c8012c030310100000
0007d00016a800c8012c040410100000
00083400164400c8012c050510100000
0008980015e000c8012c060610100000
0008fc00157c00c8012c070710100000
00096000151800c8012c080810100000
0009c40014b400c8012c090910100000
000a2800145000c8012c0a0a10100000
000a8c0013ec00c8012c0b0b10100000
000af000138800c8012c0c0c10100000
000b5400132400c8012c0d0d10100000
000bb80012c000c8012c0e0e10100000
000c1c0012c000c8012c0f0f10100000
000c800012c000c8012c000010100000
000c800012c000c8012c010110100000
000c800012c000c8012c020210100000
000c800012c000c8012c030310100000
000c800012c000c8012c040410100000
000c800012c000c8012c050510100000
000c8000119400c80000060610100000
000c8000106800c80000070710100000
000c80000f3c00c80000080810100000
000c80000e1000c80000090910100000
000c80000ce400c800000a0a10100000
000c80000bb800c800000b0b10100000
000c80000a8c00c800000c0c10100000
000c8000096000c800000d0d10100000
000c8000083400c800000e0e10100000
000c8000070800c800000f0f10100000
000c800005dc00c80000000010100000
000bb80004b000000000010110100000
000af000038400000000020210100000
000a2800025800000000030310100000
00096000012c00000000040410100000
00089800000000000000050510100000
0007d000000000000000060610100000
00070800000000000000070710100000
00064000000000000000080810100000
00057800000000000000090910100000
0004b0000000000000000a0a10100000
0003e8000000000000000b0b10100000
000320000000000000000c0c10100000
000258000190000001900d0d10100000
000190000320000001900e0e10100000
0000c80004b0000001900f0f10100000
00000000064000000190000010100000
0000000007d000000190010110100000
00000000096000000190020210100000
000000000af000000190030310100000
000000000c8000000190040410100000
000000000e1000000190050510100000
000000000fa000000190060610100000
00000000113000000190070710100000
0000000012c000000190080810100000
00000000145000000190090910100000
0000000015e0000001900a0a10100000
000000001770000001900b0b10100000
000000001900000001900c0c10100000
000000001900000001900d0d10100000
000000001900000001900e0e10100000
000000001900000001900f0f10100000
00000000190000000190000010100000
00006400190000640190010110100000
0000c800190000640190020210100000
00012c00190000640190030310100000
00019000189c0064012c040410100000
0001f40018380064012c050510100000
0002580017d40064012c060610100000
0002bc0017700064012c070710100000
00032000170c0064012c080810100000
0003840016a80064012c090910100000
0003e80016440064012c0a0a10100000
00044c0015e00064012c0b0b10100000
0004b000157c0064012c0c0c10100000
0005140015180064012c0d0d10100000
0005780014b40064012c0e0e10100000
0005dc0014500064012c0f0f10100000
0006400013ec0064012c000010100000
0006400013880064012c010110100000
0006400013240064012c020210100000
0006400012c00064012c030310100000
0006400012c00064012c040410100000
0006400012c00064012c050510100000
0006400012c00064012c060610100000
0006400012c00064012c070710100000
0006400012c00064012c080810100000
0006400012c00064012c090910100000
0006400012c00064012c0a0a10100000
000640001194006400000b0b10100000
000640001068006400000c0c10100000
000640000f3c006400000d0d10100000
000640000e10006400000e0e10100000
000640000ce4006400000f0f10100000
000640000bb800640000000010100000
