0000110f9a221e300000110022000000
000122f4bf11a9ce0001220011000000
000222bcfc114f580002220011000000
0003119318228b590003110022000000
00042257c81125800004220011000000
000511522f22463b0005110022000000
000622ade211dc920006220011000000
00072264c61170530007220011000000
00082229341136610008220011000000
000922a76c11afc30009220011000000
000a117cce220225000a110022000000
000b11c9002258ac000b110022000000
000c118c91224523000c110022000000
000d11f083229bfd000d110022000000
000e22981911068c000e220011000000
000f22ff0f113274000f220011000000
00102279cc1172350010220111000000
00111181ca22866d0011110222020000
0012229ba2110f940012220211010000
001311f86f22910a0013110222020000
001411277e2223020014110122010000
001511bf34228a800015110222020000
00161155bc22c9c50016110122020000
001722a64011ab8d0017220211020000
001822567711acbb0018220111020000
00192206d91115e40019220111010000
001a1117d3222004001a110122010000
001b119ed7222869001b110222010000
001c22b7d0111207001c220211010000
001d118c53228331001d110222020000
001e119b9c22cd0f001e110222020000
001f226bc511324b001f220111010000
002011ace1228b830020110222020000
002111d3a2222b880021110222010000
002222c1b61175840022220211010000
002311b0c02288420023110222020000
00241185882277220024110222010000
00252257ec11e41a0025220111020000
0026227d3c11f7b10026220211020000
002722d75e119ce80027220211020000
00281105ff2245e00028110122010000
00292233d511ccc00029220111020000
002a22463d11e56c002a220111020000
002b223280112887002b220111010000
002c11e4e522f0a5002c110222020000
002d22762a11f477002d220111020000
002e1121902291af002e110122020000
002f228934114e00002f220211010000
003011fb33223ebd0030110222010000
003111b1cf2278720031110222010000
003222a06311ace60032220211020000
00332237f61176c90033220111010000
003411be6322ee440034110222020000
003511524622dcb80035110122020000
0036221894119e1b0036220111020000
003722211b1115f20037220111010000
0038223b861134e70038220111010000
003911b4952241bd0039110222010000
003a1107ff22ac4e003a110122020000
003b110c522287bd003b110122020000
003c11e22422e8d5003c110222020000
003d1133d922f2f8003d110122020000
003e11aa7a22f17c003e110222020000
003f22aeae11f1e3003f220211020000
004011d41222f62a0040110222020000
0041222edd11413c0041220111010000
004211fe212215ad0042110222010000
0043114f1b22f5940043110122020000
0044221d4c1158460044220111010000
004511f9cb2268ae0045110222010000
004611cdaf222d060046110222010000
0047112f43225d940047110122010000
004822443f1193890048220111020000
00492202e811c1b00049220111020000
004a22663811b610004a220111020000
004b22c2db1138c6004b220211010000
004c1161bd22476a004c110122010000
004d11b7c622c813004d110222020000
004e11804822fcee004e110122020000
004f2249d51136ba004f220111010000
005022aa5e11d83a0050220211020000
0051115248225ef60051110122010000
0052116c48229f2c0052110122020000
005311fb1922ba100053110222020000
005422729b11c60a0054220111020000
00552298771113f20055220211010000
005611cbae226d700056110222010000
005711f1e62236f60057110222010000
00581169f3222f240058110122010000
0059115a8d2276de0059110122010000
005a116fe3222257005a110122010000
005b11090622c280005b110122020000
005c220738119b1d005c220111020000
005d223fce1120f1005d220111010000
005e116ef022c511005e110122020000
005f22b674115ad0005f220211010000
006022fb4e11a41a0060220211020000
006111aecb223a630061110222010000
006222817511bb990062220211020000
006311178f2232e90063110122010000
006422abad1167620064220211010000
006522df7c115f7a0065220211010000
006622079911b8730066220111020000
0067116a7b22b1110067110122020000
006822221011b7080068220111020000
006911d12a22a7590069110222020000
006a116678220583006a110122010000
006b11c3fc2277bb006b110222020000
006c117d1c22bb4d006c110122020000
006d22339c11f5ed006d220111020000
006e11b6de22b541006e110222020000
006f22b4e911a483006f220211020000
007011a5e922a3a20070110222020000
007122262b117c980071220111010000
00721118ab22e02a0072110122020000
0073229fc611ddae0073220211020000
007422455b115b430074220111010000
007522c87f119f000075220211020000
0076223e2011665c0076220111010000
007722dde411f7300077220211020000
007811c98b22097f0078110222010000
0079229bc9111b640079220211010000
007a22a1af119c6c007a220211020000
007b2249131103ed007b220111010000
007c224d561186bd007c220111010000
007d22715a11384c007d220111010000
007e11fdaa22cf50007e110222020000
007f11c239224f0f007f110222010000
0080118a97229bb40080110222020000
008122b34211e96e0081220211020000
008211b6732208980082110222010000
008322241911f2ff0083220111020000
00841197f92254aa0084110122010000
00852249f511992d0085220111010000
008611b84f2249d10086110222010000
0087117cd2225f4e0087110122010000
008822707311404b0088220211010000
0089222f6211dcb20089220111020000
008a22763c11dae9008a220211020000
008b112e80225a2d008b110122010000
008c2298f311ca4a008c220211020000
008d2210bf11c017008d220111020000
008e22c83a11372f008e220211010000
008f22463e11c8a6008f220111020000
0090222bf211829a0090220111010000
00912291371159b10091220211010000
009211920522285c0092110122010000
0093225bfb1117c50093220211010000
0094221e7b11e46e0094220111020000
0095225b39113fab0095220211010000
009611eb7022c7540096110222020000
00971164952231e50097110122010000
0098229b981125ad0098220211010000
00992219251101f10099220111010000
009a22246911890f009a220111020000
009b22ed05119068009b220211020000
009c22b5f811af33009c220211020000
009d227d8711e8bf009d220211020000
009e11583622042e009e110122010000
009f11fdee227946009f110222020000
00a022773f11621e00a0220211010000
00a1110fb022f40200a1110122020000
00a22236e411b1da00a2220111020000
00a3220c5b1139d700a3220111010000
00a422a1471174cb00a4220211010000
00a5227f1c11801900a5220211020000
00a6116e4122133700a6110122010000
00a7226c6511f2ae00a7220211020000
00a822676d11cdc200a8220111020000
00a911abeb22309b00a9110222010000
00aa119316222d3d00aa110122010000
00ab115d6d22cad000ab110122020000
00ac11b1d42267ca00ac110222020000
00ad22004b11d8d500ad220111020000
00ae22423c11f0dd00ae220111020000
00af227480117aa900af220211010000
00b022366111382c00b0220111010000
00b122b64c11dcb600b1220211020000
00b222d70911f2c000b2220211020000
00b31178df22066300b3110122010000
00b4115abc22715500b4110122020000
00b5223e45118a4e00b5220111010000
00b6229c2f11ce7b00b6220211020000
00b711ad1922c68300b7110222020000
00b811821b22734600b8110122020000
00b911776a22e98600b9110122020000
00ba227c7211707500ba220211010000
00bb22875e11b93c00bb220211020000
00bc222825110b6000bc220111010000
00bd22649811184500bd220111010000
00be22bd081198ed00be220211020000
00bf22bf8a11e66100bf220211020000
00c02262c5118d6900c0220111010000
00c11126442273fc00c1110122010000
00c2110898225eb000c2110122010000
00c3110e15226e0c00c3110122010000
00c4118c6a224b6e00c4110222010000
00c511d0dc22b2e800c5110222020000
00c622f0ad1113bd00c6220211010000
00c711c06222cb8900c7110222020000
00c822e75811577400c8220211010000
00c9223ade11bec000c9220111020000
00ca22f13e11574200ca220211010000
00cb22784911c4dc00cb220111020000
00cc22c9481189a100cc220211020000
00cd2256f411f4e700cd220111020000
00ce11f9c722456900ce110222010000
00cf2293df1129f700cf220211010000
00d02253e111035b00d0220111010000
00d111961322d1af00d1110222020000
00d211bd9522e97900d2110222020000
00d31182d322b6e900d3110122020000
00d411d80622f46700d4110222020000
00d5118a2022989d00d5110122010000
00d611105d22e5d000d6110122020000
00d722a42d11602400d7220111010000
00d811cf8f22cdf500d8110222020000
00d922ee4c11a7b400d9220211020000
00da22a11a1134bf00da220111010000
00db11b81d224f8600db110222010000
00dc2266a611000500dc220111010000
00dd11d17d224a5c00dd110222010000
00de1173d822d58b00de110122020000
00df22fb8c1138a800df220211010000
00e02203e7119bb500e0220111020000
00e12281de11a81400e1220111020000
00e222a481119c6900e2220211020000
00e322bb0311f12000e3220211020000
00e4115128223c9700e4110122010000
00e5113e9f22e91900e5110122020000
00e611c3fa2228d900e6110222010000
00e711cc8a22daf700e7110222020000
00e81173ec22b67000e8110122020000
00e9224e3711baf200e9220111020000
00ea11593a225c5300ea110122010000
00eb22281111222600eb220111010000
00ec222d0d1150ab00ec220111010000
00ed11c9f322811200ed110222010000
00ee22bf8d1117b000ee220211010000
00ef11fa1f22976900ef110222020000
00f01177b4229dc600f0110122020000
00f122936111f1f700f1220211020000
00f21152be22cfe900f2110122020000
00f322653611c02900f3220111020000
00f422ae1011a85300f4220211020000
00f511bdb8222ae300f5110222010000
00f611b23b22f60100f6110222020000
00f711cba322f1a000f7110222020000
00f82233bd11556700f8220111010000
00f922116611b5a900f9220111020000
00fa11d94a22283f00fa110222010000
00fb1146fe22ad6600fb110122020000
00fc11ae0f22b74a00fc110222020000
00fd11e3252234ba00fd110222010000
00fe1162dd22d22a00fe110122020000
00ff22094b11404200ff220111010000
010011df1d22cb1e0100110222020000
0101117736225c5f0101110122010000
010222715211219c0102220111010000
010311698d22dc5a0103110122020000
01042290ba11d3400104220211020000
01051114012239af0105110122010000
0106112b3522d2d50106110122020000
010711be652292eb0107110222020000
01081150ff22067e0108110122010000
01092247e71130220109220111010000
010a11760b22d942010a110222020000
010b117b5822e019010b110222020000
010c22898c11927d010c220211020000
010d22d9ec11b2eb010d220211020000
010e222405115194010e220111010000
010f11c09e221b11010f110222010000
011022f0631171400110220211020000
0111229a83113d580111220211010000
011222abb3113d020112220211010000
0113224840113c6e0113220111010000
01141143b0222d050114110122010000
011522474011b31e0115220111020000
011622acce1110f30116220211010000
0117114d27229b6d0117110122020000
01181155a622e7430118110122020000
0119227ebc11665f0119220111010000
011a22195211a7d5011a220111020000
011b228359117980011b220211020000
011c1104302214f1011c110122010000
011d229afc117b96011d220211020000
011e22cbb911ddac011e220211020000
011f11aa7e22e057011f110222020000
01202229441162c70120220111010000
012111e86622ca8d0121110222020000
012211232522ab740122110122020000
012322d24311e1a90123220211020000
012411af012240710124110222010000
0125113d2922036a0125110122010000
012611f6762280440126110222010000
012722c48c1191400127220211020000
012811881822660f0128110122010000
012911fdaa22e6fe0129110222020000
012a22947b11f272012a220211020000
012b11e33e22fb2c012b110222020000
012c22437011241e012c220111010000
012d11658522f265012d110122020000
012e11d76b2204a0012e110222010000
012f1103d022fdd9012f110122020000
013022fa7411b8790130220211020000
013122b8301155a30131220211010000
013211ca312271740132110222010000
0133227ddb11cc2e0133220111020000
013411facc222a590134110222010000
013522e2e41126440135220211010000
013622127d1125fb0136220111010000
013722bc0e11246e0137220211010000
013822326011d0120138220111020000
013911596c22c7880139110122020000
013a2212a711d3d2013a220111020000
013b2274d1119284013b220111020000
013c11c6032267c7013c110222010000
013d22ef42116f4e013d220211010000
013e22f59e112b13013e220211010000
013f11c3a822f22f013f110222020000
01402251011198db0140220111020000
014122a0a411cdd10141220211020000
01422206cd1177500142220111010000
014311587122acb20143110122020000
0144222c7111814f0144220111020000
014522b04f11a0f60145220211020000
0146112d5a22eca00146110122020000
0147115f0522e6810147110122020000
01482243201139370148220111010000
01491165532230610149110122010000
014a11a6ae22b7a0014a110222020000
014b116d0122ceee014b110122020000
014c11d55622d2c1014c110222020000
014d2214f811296a014d220111010000
014e1147d0225d15014e110122010000
014f11c0f5223f20014f110222010000
015011264022aadf0150110122020000
015122366d1148e30151220111010000
0152229fa311ede90152220211020000
015322bef0112bf60153220211010000
01542206881155370154220111010000
01552240af1162c90155220111010000
0156115474220a950156110122010000
015711cadd22e7980157110222020000
0158118e9822de5e0158110222020000
0159223a11118cd50159220111020000
015a11d294227b4b015a110222020000
015b11014d227367015b110122020000
015c22fcf4117827015c220211020000
015d11934722696d015d110222010000
015e1151682290e2015e110122020000
015f116df0223c54015f110122010000
016022b9b91148180160220211010000
016122b2da11f8640161220211020000
01622298d411aeca0162220211020000
01632274251163620163220111010000
01641170e222361c0164110122010000
016511de40226ff40165110222010000
01662282e911e9b90166220111020000
01672239f21126210167220111010000
01682279ee11fc550168220111020000
0169111f53228f060169110122020000
016a11fb1f222ffd016a110222010000
016b22de81116150016b220211010000
016c2290fa111ffc016c220211010000
016d22e893119712016d220211020000
016e223fd911ef66016e220111020000
016f110387224e85016f110122010000
01701113a4227ffe0170110122020000
017122153711575b0171220111010000
017222085911dd190172220111020000
017311523a22b66d0173110122020000
017411daaa22bb4e0174110222020000
017522a1d3110dfb0175220211010000
017611c75f22bf550176110222020000
017711a8bd2279d50177110222010000
017822ae6611e72d0178220211020000
017922559f1128c50179220111010000
017a2280b1115c8e017a220111010000
017b115d9122917a017b110122020000
017c22f2f911ceef017c220211020000
017d22fe9d110563017d220211010000
017e22542b11bfa8017e220111020000
017f11bd4a224aa0017f110222010000
0180113d78228b880180110122020000
0181115cda2250cf0181110122010000
0182225250117a7b0182220111010000
018322857011811b0183220111020000
018422cf2611f15c0184220211020000
018522f7ef1124710185220211010000
0186112de62265870186110122010000
018711710e228ccf0187110122010000
018822df11115bc50188220211010000
0189111f7f229ea40189110122020000
018a22707711956c018a220111020000
018b22da05114e6e018b220211010000
018c117b85221078018c110222010000
018d11e7e9220e3a018d110222010000
018e22de0c118678018e220211020000
018f1150be227be1018f110122010000
01902257ab1114c40190220111010000
019122caf41145fb0191220211010000
019211e540229eb50192110222020000
0193118cf02270a20193110222010000
019422cfea11c04f0194220211020000
019522cd411141fa0195220211010000
01961122ee22b4a20196110122020000
019722721a11429c0197220111010000
01982296da11bf2a0198220211020000
01991166f322361d0199110122010000
019a116ea122fd84019a110122020000
019b227ca7117e92019b220111020000
019c22221c11e262019c220111020000
019d11732822320a019d110122010000
019e11bbdc220dfb019e110222010000
019f112b7d222b30019f110122010000
01a011e82122f7c701a0110222020000
01a1110c6a22a66b01a1110122020000
01a2221feb11db2c01a2220111020000
01a322a99011e1fc01a3220211020000
01a411b60d22806601a4110222020000
01a51195e3228bbe01a5110222020000
01a611e3f122846b01a6110222020000
01a72245c51164a001a7220111010000
01a822275f11d2e201a8220111020000
01a922f15b1123b501a9220211010000
01aa112131223b5601aa110122010000
01ab221703119e2b01ab220111020000
01ac22a98c113c7c01ac220211010000
01ad117f2e226b9601ad110122010000
01ae22579611faaa01ae220111020000
01af11db9422242b01af110222010000
01b011fc3b22d11601b0110222020000
01b1113c3222cbae01b1110122020000
01b222f49511484901b2220211010000
01b322431a11e01c01b3220111020000
01b422557f11b55501b4220111020000
01b5118cf222e37b01b5110122020000
01b622f18f110aa101b6220211010000
01b722498f11050601b7220111010000
01b8222007119b7701b8220111020000
01b9118b4a22d4ff01b9110222020000
01ba117e3a22ddd101ba110122020000
01bb11577f224c4b01bb110122010000
01bc22ccb3110f7f01bc220211010000
01bd1137c4221fc401bd110122010000
01be11876c224f6f01be110222010000
01bf1167a522915001bf110122010000
01c0118bc0227c1b01c0110222010000
01c122526711038601c1220111010000
01c211963e22179501c2110222010000
01c31123a122925e01c3110122020000
01c422ff4511482801c4220211010000
01c511485822ae3e01c5110122020000
01c622ae8411e29301c6220211020000
01c722905811d6de01c7220211020000
01c8114dd022d2cc01c8110122020000
01c922f76e11e5dc01c9220211020000
01ca22360e1197fb01ca220111020000
01cb22477011689801cb220111010000
01cc22b14911987401cc220211020000
01cd112c78228e1a01cd110122020000
01ce11fd012236f801ce110222010000
01cf114a7d22632e01cf110122010000
01d022c0b8119c3f01d0220211020000
01d1222904118e3701d1220111020000
01d21130cb2210dc01d2110122010000
01d3113a7122f83c01d3110122020000
01d422383e11f39c01d4220111020000
01d51122ab228d5a01d5110122020000
01d61102b7221d8401d6110122010000
01d722a66e11dbac01d7220211020000
01d82264c411b02601d8220111020000
01d9119816228fa501d9110222020000
01da22d7e1115aa001da220211010000
01db117cca22b5b501db110222020000
01dc11750922a26001dc110122020000
01dd11bcdd22da5a01dd110222020000
01de22380d115d7701de220111010000
01df220e3311e9c001df220111020000
01e0110b3322f23601e0110122020000
01e122b354118ae701e1220211020000
01e222b29411c75c01e2220211020000
01e3119b4f22f1ec01e3110222020000
01e4113e812200b301e4110122010000
01e511db5a22f7fe01e5110222020000
01e622edff112caf01e6220211010000
01e7229b2911b5bf01e7220111020000
01e822bf6311c48b01e8220211020000
01e922dc2b119bb901e9220211020000
01ea223b95115cdf01ea220111010000
01eb11aa40226f5f01eb110222010000
01ec1140312290a801ec110122010000
01ed11b04622ed9601ed110222020000
01ee22b20a11201101ee220211010000
01ef11a15d22343501ef110222010000
01f022f75511e66e01f0220211020000
01f12294cb11cc5c01f1220111020000
01f2227f141171c401f2220111010000
01f32287e111500901f3220111010000
01f42231be1103ce01f4220111010000
01f5222e0c115cb401f5220111010000
01f6223e3a116bf001f6220111010000
01f711734c2290fe01f7110122020000
01f82274ba11fba801f8220111020000
01f922739d11130101f9220111010000
01fa115bca22fc0f01fa110122020000
01fb222efa11ea8001fb220111020000
01fc11e8f1224a7f01fc110222010000
01fd119edd22a0c801fd110222020000
01fe225c921129b101fe220111010000
01ff22793311979601ff220111020000
000011b4b02216d60000110022000000
000111c7272235fc0001110022000000
000211ac8922c6ee0002110022000000
000322315311ecf10003220011000000
0004229d4811095a0004220011000000
00051192a122025a0005110022000000
000622380411e3ce0006220011000000
000722d063113ca20007220011000000
00082270c911a3650008220011000000
000911c02d22a8340009110022000000
000a22bf8f1135a7000a220011000000
000b22054b11b9f8000b220011000000
000c110e8f22d468000c110022000000
000d2240b3112ca6000d220011000000
000e11a0d12234d7000e110022000000
000f2238e011722d000f220011000000
001011c24c22b45c0010110222020000
0011227747118bd10011220211020000
0012227aac11ccb60012220211020000
001322f6e61168c30013220211010000
001422d31a117eb70014220211010000
001522778b11a50c0015220111020000
00161134252262f40016110122010000
0017117fe62287910017110222020000
001822443b11880b0018220111020000
0019228e5c112be40019220211010000
001a111713220245001a110122010000
001b22304f11e0cd001b220111020000
001c22f7e811c616001c220211020000
001d11f6ff223a9b001d110222010000
001e224a7811a07e001e220111020000
001f22ce61110ad9001f220211010000
0020114a65223a060020110122010000
002122bd79111c020021220211010000
002222c0fe1122780022220211010000
002311793a2240840023110222010000
002411be59224e1f0024110222010000
00252206bc1113670025220111010000
00262202b61118660026220111010000
0027111dca2219f10027110122010000
0028226cb011e85a0028220211020000
0029115687221c310029110122010000
002a22957711a37f002a220211020000
002b22fd67116d28002b220211020000
002c11c6e122c05d002c110222020000
002d11ffbb22315a002d110222010000
002e1114a5220988002e110122010000
002f117368222ca8002f110222010000
00301147a42262a90030110122020000
003111043522d6900031110122020000
003211826a22ee410032110222020000
003311b93a22c1d40033110222020000
0034110e8722a1560034110122020000
0035111c0922b5320035110122020000
0036115c112258be0036110122010000
003722d8441129e70037220211010000
003822d2121150e80038220211010000
003911559b22f80a0039110122020000
003a116b3b22f24a003a110222020000
003b22e6e211b8d9003b220211020000
003c22251111959d003c220111020000
003d112af722fe20003d110122020000
003e118212220501003e110222010000
003f22fa52117893003f220211020000
0040222f5b114fee0040220111010000
00411191b622e26b0041110222020000
004211619422002a0042110122010000
004322dbff116f790043220211020000
004411e8e52243bb0044110222010000
004511292e22cd940045110122020000
004622501511f36a0046220111020000
004722b8ff11df770047220211020000
004811bddb2201270048110222010000
004922869511145d0049220111010000
004a11c16b22638b004a110222010000
004b22972f117bc8004b220211010000
004c117a6b2225dd004c110122010000
004d2223a811f449004d220111020000
004e1103b72281c8004e110122020000
004f223cd311b264004f220111020000
00502278d8117e050050220211010000
005122bbf5113fb70051220211010000
00522209c611e5500052220111020000
005322f6ba1153290053220211010000
00542290c3111cee0054220211010000
005522eb9d11c5560055220211020000
005611dd94226ed70056110222010000
005722b3c2115f210057220211010000
005811d1552226780058110222010000
005911a76d223ef20059110222010000
005a116f75223218005a110122010000
005b22c10f11a170005b220211020000
005c2243c311c4bf005c220111020000
005d119d8a2293e2005d110222020000
005e22c70b11c2c0005e220211020000
005f1154e1225ecf005f110122010000
0060227fa311c7a00060220111020000
006122190c1120640061220111010000
006211cd2922c4a40062110222020000
006311d64a222d1c0063110222010000
0064223c00110d430064220111010000
006522962b11919c0065220211010000
0066226a6711ed340066220111020000
0067222c14115db20067220111010000
00682239051135cc0068220111010000
006922b039112f2b0069220211010000
006a226f6c11a1b8006a220111020000
006b22ab9611e530006b220211020000
006c2295d7115f45006c220211010000
006d2240cb110885006d220111010000
006e116a8022a151006e110122020000
006f2219cb115e15006f220111010000
007011685f221e1a0070110122010000
0071113bbb221a6a0071110122010000
00722292e41186b90072220211020000
007322ce4d11f89c0073220211020000
00742299b811b3a40074220211020000
00751120e022e0cc0075110122020000
0076113a2822343b0076110122010000
007711b1f522ce970077110222020000
0078229daa1168180078220211010000
00792262061143980079220111010000
007a22888f11dc64007a220211020000
007b111ec422e63c007b110122020000
007c11a437224cd8007c110222010000
007d11318b22b93b007d110122020000
007e1178df222d4e007e110222010000
007f114e0c22a7a1007f110122020000
008011c03f22f5de0080110222020000
008111605d22786b0081110122010000
00821113cb2200d20082110122010000
0083113f5722a0080083110122020000
00841172be2242ce0084110222010000
0085118b4e22aba00085110222020000
00862200371162660086220111010000
008722c31f11370d0087220211010000
0088114e3922b1a20088110122020000
008922fc1f1168d60089220211020000
008a22d0f9113da7008a220211010000
008b222ddb11a8c2008b220111020000
008c11c6a7223e36008c110222010000
008d2240fb11b88b008d220111020000
008e22fc0d11ed8d008e220211020000
008f22aa28116eb7008f220211010000
009011f4a122ea2a0090110222020000
009122e48e11a4830091220211020000
0092228b021119e00092220111010000
0093114e3d22935c0093110122010000
0094228445113a670094220111010000
0095113fc92287c30095110122010000
009611f663224b310096110222010000
009711ca8322e2270097110222020000
0098118fd622b5130098110222020000
009922ca3611e24c0099220211020000
009a1189c9224157009a110122010000
009b11a50f222479009b110222010000
009c22eb6111f79d009c220211020000
009d11040c22434b009d110122010000
009e226395116893009e220111010000
009f11da7422b859009f110222020000
00a02284061188dc00a0220111010000
00a1115fdb22de6d00a1110122020000
00a211860d22ada900a2110122020000
00a311ed872279c800a3110222010000
00a4115a0322db5100a4110122020000
00a5220e06111e5a00a5220111010000
00a6227f121108b600a6220111010000
00a72252a6111a4100a7220111010000
00a81161dd22b9d800a8110122020000
00a922056e11e7a800a9220111020000
00aa11c16c22163200aa110222010000
00ab11d011228c1200ab110222020000
00ac1165a0223b8a00ac110122010000
00ad22e62911d38600ad220211020000
00ae110b3122a0b500ae110122020000
00af118fd822aafe00af110222020000
00b0221c431124c000b0220111010000
00b122288911874300b1220111020000
00b222bcce11663c00b2220211010000
00b3113ea722686300b3110122010000
00b41130e12288d700b4110122020000
00b522476811926600b5220111020000
00b611bd7222206800b6110222010000
00b7223b2c11b8a200b7220111020000
00b822790a1153c700b8220211010000
00b9226cf91117ea00b9220211010000
00ba113b5a2249c200ba110122010000
00bb2219b411cfc700bb220111020000
00bc22f5a811d2b600bc220211020000
00bd1192932262a800bd110222010000
00be22969311e67c00be220211020000
00bf22eb3c1124ba00bf220211010000
00c011bcd022da1f00c0110222020000
00c1112d0822b4a400c1110122020000
00c21127c52273d400c2110122010000
00c3221f4611664900c3220111010000
00c422fd4711dcea00c4220211020000
00c511afd922711100c5110222010000
00c611ce82220fc200c6110222010000
00c7110537220c6a00c7110122010000
00c822310511498c00c8220111010000
00c9223385116d1e00c9220111010000
00ca11a39022d59d00ca110222020000
00cb224a30118dc800cb220111020000
00cc11f3f622e8c100cc110222020000
00cd1150e922820700cd110122020000
00ce2241c311b8da00ce220111020000
00cf22e8971164d900cf220211010000
00d022390f112d5200d0220111010000
00d111551a2218e400d1110122010000
00d2229b8c113aac00d2220211010000
00d32284f111784d00d3220211010000
00d411f908220af600d4110222010000
00d5110056223e6e00d5110122010000
00d6227f94114f2800d6220211010000
00d7112c1c229d5800d7110122020000
00d81173ab22c1bf00d8110222020000
00d922e2da1179bb00d9220211020000
00da22527911ecdd00da220111020000
00db22252011fe7400db220111020000
00dc224b21113be400dc220111010000
00dd119f2c22a84d00dd110222020000
00de11934f22073300de110222010000
00df224d4f1113dd00df220111010000
00e011d80b22d9c100e0110222020000
00e111d80422cdc300e1110222020000
00e211c3bc22a13b00e2110222020000
00e311ce7722efed00e3110222020000
00e42265a4117b1e00e4220111010000
00e51153a322fdc400e5110122020000
00e6229472115bb700e6220211010000
00e72205e111aa0000e7220111020000
00e811bd72221a6700e8110222010000
00e911cdfb2251be00e9110222010000
00ea11f56f220ced00ea110222010000
00eb1171de227ebe00eb110122020000
00ec11f309225d8c00ec110222010000
00ed227f2111331600ed220211010000
00ee11ee5122589000ee110222010000
00ef2238da11668600ef220111010000
00f011c7bf22186d00f0110222010000
00f111373322fd5a00f1110122020000
00f211c90022052800f2110222010000
00f3227cd211a9a200f3220211020000
00f411fe3d22bb5d00f4110222020000
00f511784b22518e00f5110122010000
00f611b307227f3d00f6110222020000
00f7225d7e1152d200f7220111010000
00f81182ce224fb000f8110122010000
00f91154dd22cc0400f9110122020000
00fa22c4de11c0c700fa220211020000
00fb11e989228c8e00fb110222020000
00fc22dce81147cf00fc220211010000
00fd113b4b2296f900fd110122020000
00fe113c6b22566200fe110122010000
00ff2237a0119c8400ff220111020000
01001169f92236f60100110122010000
010122c00d113cec0101220211010000
0102228156119c230102220111020000
01031141222274cf0103110122010000
010411a1f722292a0104110222010000
010511f8b722eef80105110222020000
0106229f1011289e0106220211010000
01072294de117dc00107220211020000
0108228e8a114e3d0108220211010000
010911037f2274770109110122010000
010a229dce114eb2010a220211010000
010b11ea9b22e25e010b110222020000
010c225d95112d19010c220111010000
010d228cb6119ab2010d220211020000
010e220d7b11f866010e220111020000
010f226ae811d523010f220111020000
0110114ebc2271430110110122010000
011111b20f2264820111110222010000
011211ce8f225d420112110222010000
01132261d911b6450113220111020000
0114110536227c980114110122010000
011522cf5d1128b30115220211010000
01162227ed11fdaf0116220111020000
011722c9bf1167500117220211010000
0118223b2c115a4c0118220111010000
011911b66e2248f80119110222010000
011a1100f6226b90011a110122010000
011b11808d224ea3011b110122010000
011c22d911114eb2011c220211010000
011d11f9d2224a15011d110222010000
011e221f3f11ad9b011e220111020000
011f11b3af22cbd2011f110222020000
012011eb6c22bc230120110222020000
01212270ad1114cc0121220111010000
0122222dab1108e30122220111010000
0123225dd31111e60123220111010000
012422c972113e690124220211010000
01252251cd11b05d0125220111020000
01262221151179930126220111020000
012722b05e1130e30127220211010000
012822b48811516f0128220211010000
0129221cfe1198310129220111020000
012a110c5422ce20012a110122020000
012b22265711ec85012b220111020000
012c114c022286b4012c110122020000
012d220ff911412d012d220111010000
012e229e1711a354012e220211020000
012f11c07222a274012f110222020000
0130228f6e1176100130220211020000
0131112c9a2203be0131110122010000
01321194aa22e9fc0132110222020000
0133226cfc115d570133220111010000
01342268cb1161c80134220111010000
0135224b0b116eca0135220111020000
013622333f11f44a0136220111020000
013711dc6b225e1f0137110222010000
01381107932281f40138110122020000
013922b4ea1192870139220211020000
013a223be6112ab5013a220111010000
013b112cc722b71e013b110122020000
013c2284f3119bb1013c220211020000
013d113999226107013d110122010000
013e11f72922a609013e110222020000
013f22a112111753013f220211010000
0140116d2f22d1670140110122020000
0141224b8a113a9c0141220111010000
01421182492221910142110222010000
0143116ff0220af00143110122010000
01442240711136f00144220111010000
0145229f0611f0930145220211020000
014611c83022d6110146110222020000
014722e79c11dd740147220211020000
014822e01c117c2d0148220211020000
0149223a45116ad80149220111010000
014a11063122d480014a110122020000
014b11f0622268c5014b110222010000
014c22691f110168014c220111010000
014d11615f22aa6c014d110122020000
014e119f5b2238c8014e110222010000
014f1150e522b004014f110122020000
015022c9a611d0420150220211020000
015111b4822267a10151110222010000
015222c4d611efc70152220211020000
0153116d592269580153110122010000
0154221c231145f40154220111010000
0155221a9b114a7b0155220111010000
0156222255112b210156220111010000
015711282e2207b90157110122010000
015811780622f24e0158110222020000
0159117574225e020159110222010000
015a229b3c1102b9015a220211010000
015b22e3d111d694015b220211020000
015c22b7a8119b26015c220211020000
015d11f217224b94015d110222010000
015e227b4711d5ac015e220111020000
015f22ab861140d8015f220211010000
016022b918112e7a0160220211010000
016111f12822de970161110222020000
016222349511ade40162220111020000
0163222cfa114cf60163220111010000
01642293f51176e00164220211010000
01652271f7116f760165220111010000
0166225ae311f7550166220111020000
01671169ab22cba40167110122020000
016822867c116efd0168220111010000
016911484d22ed280169110122020000
016a22596611fa7f016a220111020000
016b11ad2a228133016b110222010000
016c2288051145a5016c220211010000
016d22fab211a8b5016d220211020000
016e22cdc3115f26016e220211010000
016f22e73011f997016f220211020000
017011b01722de8c0170110222020000
0171110550221ad30171110122010000
0172114ee8227f3e0172110122010000
01731154cb227df50173110122010000
0174113abb227cbd0174110122010000
0175222331110f420175220111010000
017622fb2211e3820176220211020000
017722025e1121e30177220111010000
0178110ef622751b0178110122010000
0179224a0711ed910179220111020000
017a114b4c2264ce017a110122010000
017b11aac722eca5017b110222020000
017c22065211403e017c220111010000
017d225a5d11a319017d220111020000
017e11bfe0227e39017e110222020000
017f22d3c6117255017f220211020000
018011139222f3ff0180110122020000
018122b3841125930181220211010000
01822247a71191c10182220111020000
018322778f1113b50183220111010000
0184229f9a113ef10184220211010000
018511677222279e0185110122010000
018611c95722aac40186110222020000
018711870d22017b0187110222010000
0188225d081153580188220111010000
018911f6cf2200d80189110222010000
018a1179072209ce018a110222010000
018b2222db11771f018b220111020000
018c2277c411ab16018c220211020000
018d11fce12252c4018d110222010000
018e117d9e220e58018e110222010000
018f22cfbb116071018f220211010000
019011ce4222299d0190110222010000
01912239ba118e530191220111020000
019211843d2250470192110122020000
019311bf2f2262870193110222020000
01941174ed22c0630194110122020000
0195223ed8113f860195220111010000
01961104ed224d090196110122020000
01971127632250eb0197110122020000
019822d6b9117ee50198220211010000
01992236901121e00199220111010000
019a11eadc22af27019a110222020000
019b221e74112cb8019b220111010000
019c11b8b922cfc8019c110222020000
019d222523111a88019d220111010000
019e111d382273d1019e110122020000
019f223a0e11fc7f019f220111020000
01a011d98122329c01a0110222010000
01a1110019225ae801a1110122010000
01a2115f0222e9ff01a2110122020000
01a3118c8a22673501a3110222010000
01a411526d2230c101a4110122010000
01a51199f7221fec01a5110222010000
01a611488322435601a6110122010000
01a71101172244b601a7110122010000
01a811ff7b2271bf01a8110222020000
01a92290cf11552d01a9220211010000
01aa22e2121110bd01aa220211010000
01ab22cfd511aa1901ab220211020000
01ac225c4711f7e101ac220111020000
01ad228bec11908a01ad220211020000
01ae22d6d1111e9b01ae220211010000
01af1184ca2261ce01af110222010000
01b011265d22a77c01b0110122020000
01b1117e6f221aa101b1110222010000
01b2225ab211af1501b2220111020000
01b322937f11911901b3220211020000
01b4119f2022825301b4110222020000
01b522f4a511c24f01b5220211020000
01b611180b220cdb01b6110122010000
01b711401c22b81e01b7110122020000
01b82282d111a96401b8220111020000
01b9111296220bd401b9110122010000
01ba224c6e11694901ba220111010000
01bb220453110d2a01bb220111010000
01bc11ea1d22739e01bc110222020000
01bd11116122af2901bd110122020000
01be11376122942901be110122020000
01bf22990c114a6101bf220211010000
01c011e73b220f3101c0110222010000
01c122896a11a64901c1220211020000
01c2229d8011f10101c2220211020000
01c322ded11175b201c3220211010000
01c4224ba911aec201c4220111020000
01c511023222a3fb01c5110122020000
01c6113a42228c4201c6110122020000
01c7119a0e22287501c7110222010000
01c8224fa311431801c8220111010000
01c911194b22521e01c9110122010000
01ca1129a2226ca401ca110122010000
01cb1199c122e2cf01cb110222020000
01cc11f33f227fcd01cc110222010000
01cd225b0611709e01cd220111010000
01ce22d92411284601ce220211010000
01cf22c201116c0701cf220211010000
01d0224d7211e67b01d0220111020000
01d111cab72294e901d1110222020000
01d211defe22268301d2110222010000
01d3110ea8224a2301d3110122010000
01d4116393224ff701d4110122010000
01d511d72622dc4b01d5110222020000
01d622abd011b3a701d6220211020000
01d7117af222c58e01d7110122020000
01d822f6e6117f9d01d8220211010000
01d92226fa1155ba01d9220111010000
01da22e02611b43a01da220211020000
01db1159dc22e4ba01db110122020000
01dc22303e11660c01dc220111010000
01dd11da9e22587101dd110222010000
01de22b07a11f36b01de220211020000
01df11403922d83101df110122020000
01e011cc8622646301e0110222010000
01e12289d31134e601e1220111010000
01e222dd1611b64601e2220211020000
01e322081511087a01e3220111010000
01e4115cab229a9601e4110122010000
01e522f5ad119f8c01e5220211020000
01e622ec6c112f6201e6220211010000
01e71142502200c901e7110122010000
01e82292d01161b101e8220211010000
01e91188dc220a8301e9110222010000
01ea22f14b11aa1101ea220211020000
01eb223ef5110c9701eb220111010000
01ec11887922b72a01ec110222020000
01ed228d4b11655501ed220111010000
01ee220b3911506c01ee220111010000
01ef22fdad1110f001ef220211010000
01f01164d22247b801f0110222010000
01f122bc3b11e87701f1220211020000
01f222165d117e2b01f2220111020000
01f3112be822a77701f3110122020000
01f411b7cf22e5c001f4110222020000
01f511b1b922a2bb01f5110222020000
01f6226e44114b1901f6220111010000
01f711b0c8225dd401f7110222010000
01f8114cd0224a9b01f8110122010000
01f922227411dff001f9220111020000
01fa11c42322862501fa110222020000
01fb119d5d2239f901fb110222010000
01fc225204115e3801fc220111010000
01fd11b1e022dc3401fd110222020000
01fe11ebcb2248d501fe110222010000
01ff22ba77115dd601ff220211010000
00002272d9119b700000220011000000
0001117be12200830001110022000000
000211f10d22982e0002110022000000
0003220fbe1182d10003220011000000
000411e868222fdf0004110022000000
0005118bb422be020005110022000000
000611353222e43d0006110022000000
000722c6f1113eae0007220011000000
00082247771102120008220011000000
000922c29011e3a50009220011000000
000a22b866112d15000a220011000000
000b119513224f5f000b110022000000
000c22dc8611244a000c220011000000
000d22ae33112271000d220011000000
000e2244fb11de40000e220011000000
000f112587228362000f110022000000
00101142f522211d0010110022010000
001122a0d211d09c0011220211020000
001222125b111b230012220111010000
00132214c8113f4d0013220111010000
0014223152118ede0014220111020000
0015118a682258170015110222010000
0016224b2b11535f0016220111010000
001722b8a11173450017220211020000
00181103fd22166b0018110122010000
0019220a7811c5ca0019220111020000
001a22bbf1116adb001a220211020000
001b11ff59228fc7001b110222020000
001c228e501125ef001c220211010000
001d113dc82238a6001d110122010000
001e22e1e51136b2001e220211010000
001f2295a4113760001f220211010000
00202212431120790020220111010000
0021114a7a22a5300021110122020000
0022119d372292ab0022110222020000
002322a98d11b47b0023220211020000
00241103ee220e630024110122010000
002511b18422e9eb0025110222020000
002611c2c222aab30026110222020000
002711945d2299b30027110222020000
002822cbbd11c4d20028220211020000
0029224ae811f6a20029220111020000
002a225dc0115897002a220111010000
002b113f65221c83002b110122010000
002c225669119353002c220111020000
002d2288c811dc2b002d220211020000
002e22d66511e92a002e220211020000
002f110f1c22f182002f110122020000
0030114e1a2290e60030110122020000
003122876211a30e0031220111020000
003222891f11269c0032220111010000
003311f1b222e8ac0033110222020000
0034113fba225fc50034110122010000
003522a2141169f30035220211010000
00362244dc1187720036220111010000
0037223acf1111df0037220111010000
003822108d11bb050038220111020000
003911edbd222b750039110222010000
003a22a25011d436003a220211020000
003b11dc5e220213003b110222010000
003c22ef3b11823c003c220211010000
003d22f405111d1b003d220211010000
003e114a86225f5f003e110122010000
003f11bb0722fe9e003f110222020000
004011c001227b0e0040110222010000
004111e1902280500041110222010000
00421135b1223b290042110122010000
004311ea63221d800043110222010000
004411ec7922a9d30044110222020000
0045119a8122c9f70045110122020000
004622e5f7113c1f0046220211010000
00472260521155eb0047220111010000
004811f51b22c2260048110222020000
004911d32422ae7b0049110222020000
004a229019117a94004a220111010000
004b223e38110dcb004b220111010000
004c22eb1c113574004c220211010000
004d22091f11a958004d220111020000
004e110cc122e608004e110122020000
004f22b430115db0004f220211010000
005011bef2223ec10050110222010000
005111f9fc2236000051110222010000
00522252d31194790052220111020000
005322a00111b2a50053220211020000
0054222a431166ee0054220111010000
005511680222d7500055110122020000
00562224bc11f8680056220111020000
005722b780118dfc0057220211010000
00581157a122d9390058110122020000
005911bf55228e490059110222020000
005a22ba7f11c1b8005a220211020000
005b227aee115d94005b220111010000
005c22df9111e1bd005c220211020000
005d22fd4211a83f005d220211020000
005e111b6e22a9c2005e110122020000
005f1155aa22ac0d005f110122020000
0060111f472221ba0060110122010000
0061110401221e160061110122010000
006222d6b41105620062220211010000
006322fb9a11cc2a0063220211020000
00641124232235ff0064110122010000
00651124df22e6700065110122020000
00662248ab11da130066220111020000
00671123b3229d3f0067110122010000
006822449411c1e40068220111020000
006911050922f4cb0069110122020000
006a11517a22db48006a110122020000
006b228a9e11fee5006b220111020000
006c22207c114156006c220111010000
006d11bea72203b6006d110222010000
006e11ac5b22d67f006e110222020000
006f22826311f901006f220111020000
007011f1102299c50070110222020000
007111ee9d2242600071110222010000
007222313e11286a0072220111010000
007311eb7a220c740073110222010000
007411408822ec110074110122020000
007511090622db620075110122020000
00761104cf22166b0076110122010000
00772255c511c97d0077220111020000
007811836f2264c30078110122010000
007911acc222c2510079110222020000
007a224e6311355e007a220111010000
007b11dc7422b12b007b110222020000
007c1182b1221be1007c110122010000
007d11d9212296ab007d110222020000
007e229596116f2a007e220211010000
007f1196d722d53b007f110222020000
0080228fc41188310080220211020000
008122996611d6dd0081220211020000
008222a85c116cfa0082220211010000
00831181282279dc0083110222010000
0084117893226b0c0084110122010000
00852265ea11d4740085220111020000
008611e9c722f6220086110222020000
008711e92922cee60087110222020000
0088224781112fe80088220111010000
00892225b41139260089220111010000
008a111b03226904008a110122010000
008b226b3011bedb008b220111020000
008c22fa2c11f89f008c220211020000
008d11aac3227f53008d110222010000
008e22b2d6115a2a008e220211010000
008f111d96227049008f110122010000
009011bc51221c740090110222010000
0091229210117a110091220211010000
00921132cb220a990092110122010000
0093118b762292da0093110222020000
0094221f9611978f0094220111020000
009511074d22087c0095110122010000
009622969a11adeb0096220211020000
0097118e6522147e0097110222010000
00982285d31153210098220211010000
009911665522176d0099110122010000
009a22d663113192009a220211010000
009b22e2e8113988009b220211010000
009c115bba221356009c110122010000
009d1127b7220bc6009d110122010000
009e11008a224699009e110122010000
009f229cb411a422009f220211020000
00a022b33511ea2400a0220211020000
00a111ad2b2248f800a1110222010000
00a2112b5422a57b00a2110122020000
00a32206de111a5000a3220111010000
00a4117f98226c0500a4110222020000
00a511b70122105500a5110222010000
00a61155832255fa00a6110122010000
00a711634c22eb7300a7110222020000
00a8228fb411a22f00a8220211020000
00a922ecf5119f0600a9220211020000
00aa1148d022407f00aa110122010000
00ab11f47b22630d00ab110222010000
00ac11f67222463200ac110222010000
00ad228ff911ad5d00ad220211020000
00ae117eb422567000ae110122010000
00af11ab2122b6aa00af110222020000
00b0226568113a0e00b0220111010000
00b122891b11586900b1220211010000
00b211de6b22e0c300b2110222020000
00b3225d16117ec900b3220111010000
00b422231e11117100b4220111010000
00b511eeb922cc3b00b5110222020000
00b611434222960400b6110122020000
00b711866422656700b7110122010000
00b811bdb0228d6d00b8110222020000
00b911b9ce22254100b9110222010000
00ba11a18c22a0e200ba110222020000
00bb223ff6112ad800bb220111010000
00bc227f6511d4ac00bc220211020000
00bd11d9a622469700bd110222010000
00be22869a11369b00be220211010000
00bf227ec611465600bf220211010000
00c01156452274a300c0110122010000
00c1223a2011937700c1220111020000
00c22284e611955300c2220211020000
00c3223ff011cd7a00c3220111020000
00c41157a8224ac800c4110122010000
00c522604d110e6500c5220111010000
00c611db5e22f58e00c6110222020000
00c7222747111e2c00c7220111010000
00c811612722b59600c8110122020000
00c922ef3011ff6300c9220211020000
00ca1112b52217d300ca110122010000
00cb22e07a1173d100cb220211010000
00cc113cca224feb00cc110122010000
00cd22597e1104f600cd220111010000
00ce11ff5e22849700ce110222020000
00cf224b9111e61900cf220111020000
00d022b14d119bdd00d0220211020000
00d1113cb122ebf300d1110122020000
00d211827222b28200d2110222020000
00d31101be227a0e00d3110122010000
00d41100bf225e9000d4110122010000
00d522426d11cd5e00d5220111020000
00d6227c541175c300d6220111020000
00d7229829115ff500d7220211010000
00d8220b7e11466900d8220111010000
00d922f84b11609400d9220211010000
00da22efdc11c7e700da220211020000
00db225cc311198500db220111010000
00dc1181ab22934000dc110222020000
00dd112ae22279c200dd110122010000
00de22728311796d00de220111020000
00df223ddd1122e800df220111010000
00e011f5e122d3a300e0110222020000
00e122994411785500e1220211020000
00e211301b22578f00e2110122010000
00e3112b27222ab400e3110122010000
00e4223d2811b0b800e4220111020000
00e511cd0b2207db00e5110222010000
00e622d4b611808400e6220211020000
00e7226a4d11fd8f00e7220111020000
00e811589c221b4100e8110122010000
00e922d02d1161b100e9220211010000
00ea221345119d6100ea220111020000
00eb2292ee11ad1c00eb220211020000
00ec2214a0114e7400ec220111010000
00ed11471922cc6b00ed110122020000
00ee22346b114adc00ee220111010000
00ef228b22113a0600ef220211010000
00f011ff5f22d0bf00f0110222020000
00f1223f2f11d46300f1220111020000
00f22202651134ee00f2220111010000
00f311d84c22f23e00f3110222020000
00f4227cab110f1e00f4220211010000
00f511dfaa22a88e00f5110222020000
00f611601e22a05000f6110122020000
00f7224ee011607200f7220111010000
00f822eb1f11e12300f8220211020000
00f911f35422431900f9110222010000
00fa112d4f223aff00fa110122010000
00fb22701f11e59000fb220111020000
00fc22b6c31169f100fc220211010000
00fd225ca31111d700fd220111010000
00fe119b1322bea800fe110222020000
00ff2294ba11b16700ff220211020000
010011c66d2233f70100110222010000
01012212be11dc470101220111020000
0102119f69229cb30102110222020000
010322177b1145e20103220111010000
010411083b22c7030104110122020000
0105118aef227e700105110222020000
010622148a11f44d0106220111020000
010711e7c32215930107110222010000
010822af2511a69e0108220211020000
0109228c3d1161ad0109220211010000
010a111d30224c8a010a110122010000
010b227f061180c2010b220211010000
010c113d7a22ddf3010c110122020000
010d112b152207fb010d110122010000
010e22731511798b010e220211010000
010f2204c611190e010f220111010000
011022ef3c113c230110220211010000
011122322011daf00111220111020000
011222ceb911fdb40112220211020000
0113112cfe22eac80113110122020000
011411924122c4db0114110222020000
011511955d220c940115110222010000
011611280e2272990116110122010000
01172289b41143290117220211010000
011822ecc31139950118220211010000
01192297531101230119220211010000
011a11d44a225276011a110222010000
011b2236d911d3bd011b220111020000
011c22ed76115f85011c220211010000
011d22158711e0ea011d220111020000
011e222360114e5f011e220111010000
011f22e13111ef7d011f220211020000
01201120802270830120110122010000
012122f645114e1a0121220211010000
012222534011f6020122220111020000
01232203a3113aaa0123220111010000
012411d3532291090124110222020000
012522e459110b6c0125220211010000
012622e5f411cc7d0126220211020000
012722ea25111af90127220211010000
01281190c82238110128110222010000
0129116fe922b26c0129110122020000
012a113f74227871012a110122010000
012b11423122b482012b110122020000
012c11cb12222c2c012c110222010000
012d2246a3117089012d220111010000
012e22c77c11da48012e220211020000
012f11f5c522350b012f110222010000
013022bc96118cc70130220211020000
013111e4a82295410131110222020000
013222192911e5730132220111020000
013322a6dd11ecb80133220211020000
01341139d922c36d0134110122020000
013522b1ac115a0e0135220211010000
0136118cda229cc90136110122020000
013711f298220b880137110222010000
0138223c14119c6e0138220111010000
0139227e9a11d97e0139220211020000
013a113d2822c60b013a110122020000
013b226018113282013b220111010000
013c11b19422b358013c110222020000
013d22b0121188a4013d220211010000
013e22c71c116e45013e220211010000
013f22ac3b118d90013f220211010000
014022c6761103170140220211010000
014111e08922b71e0141110222020000
014211320e229a740142110122020000
014311241822683d0143110122010000
014411d1ea22000a0144110222010000
01452297ad1102c70145220211010000
01461110b32209e50146110122010000
014711365d2248c80147110122010000
0148228260115e3a0148220111010000
014911062022a2bd0149110122020000
014a2272a611f2a9014a220111020000
014b22238611e6c1014b220111020000
014c22248a11a73a014c220111020000
014d22d35611dd7f014d220211020000
014e11970722fbe7014e110222020000
014f111909221499014f110122010000
01501100af224e3f0150110122010000
0151225bc911ae240151220111020000
015211218322d7dc0152110122020000
01532294a111eff60153220211020000
015422a64d1151710154220211010000
015511a9582237f10155110222010000
015611b5f42216860156110222010000
015722d5c111cf1b0157220211020000
015822e1ac114c600158220211010000
0159224ac711ed9b0159220111020000
015a11b78922e455015a110222020000
015b22d0fd113aa5015b220211010000
015c225f8b1124ac015c220111010000
015d1106db22e933015d110122020000
015e11792622ac75015e110222020000
015f11eb92224b25015f110222010000
0160229c6211b11d0160220211020000
016111d13e2289950161110222010000
016211744b22eeaf0162110122020000
01631121402224360163110122010000
01642239d911b47a0164220111020000
016522a24511f6de0165220211020000
016611379e2205f20166110122010000
0167113f922249020167110122010000
01682263f31160b40168220111010000
0169119d312248630169110222010000
016a1194782242c2016a110222010000
016b22e80d11dab5016b220211020000
016c111b3322ebae016c110122020000
016d2220fd11e427016d220111020000
016e225b1d117253016e220111010000
016f22422911b21e016f220111020000
017011329922a8840170110122020000
017111c4bd227cfd0171110222020000
017211a20f2251cf0172110222010000
017322abbf11a3b50173220211020000
01741181e922f2a10174110122020000
017522890e114d870175220211010000
0176222498119c590176220111020000
017722cf0a115f700177220211010000
0178222e2611cffe0178220111020000
0179114f862277120179110122010000
017a11b74922fc91017a110222020000
017b11f01f22f56c017b110222020000
017c22635d11d370017c220111020000
017d222a6f11d826017d220111020000
017e22b4d4110bfb017e220211010000
017f2225fb116aa9017f220111010000
01801149b822fe130180110122020000
018111ffbf22a90d0181110222020000
018222f6ae113e960182220211010000
0183224a3511b2540183220111020000
018411076e22bc2a0184110122020000
018511eb9b22c8850185110222020000
01862201471102ae0186220111010000
0187220d1b11b6f70187220111020000
018822fdf71160560188220211010000
018922785911d9aa0189220111020000
018a11fa78226269018a110222010000
018b222c61119c24018b220111020000
018c112a2622849e018c110122020000
018d22d43311fff9018d220211020000
018e115ba022b70f018e110122020000
018f22fa1f111de6018f220211010000
01902262441171d50190220111010000
0191221537112da20191220111010000
0192229bea119c8d0192220211020000
019322de80118c1e0193220211020000
01941188c222af260194110222020000
019511de2322d8080195110222020000
019611ff8c2230040196110222010000
0197229c681113840197220211010000
01981190242298520198110222020000
0199115e2f22c3c30199110122020000
019a11877122a7dd019a110222020000
019b113a7722fc1b019b110122020000
019c22112311a431019c220111020000
019d1105c922e4be019d110122020000
019e2244a011aff2019e220111020000
019f222a4f118ec4019f220111020000
01a01173a022728201a0110122010000
01a1119d2a22cade01a1110222020000
01a222705711905801a2220111020000
01a3112a2e22c33f01a3110122020000
01a422e38511d44401a4220211020000
01a5227403112e8801a5220111010000
01a62223af11554901a6220111010000
01a711b46f225c5a01a7110222010000
01a822d2d011dc7201a8220211020000
01a922603011d1e801a9220111020000
01aa22d064116b9c01aa220211010000
01ab227f3611d0ee01ab220111020000
01ac2277591168a701ac220111010000
01ad226c5c11506601ad220111010000
01ae2252ee11453f01ae220111010000
01af2272c811d59801af220111020000
01b022957211014601b0220211010000
01b122951811cf3901b1220211020000
01b2119d0b22e15501b2110222020000
01b322e9d7112e6101b3220211010000
01b422197611587101b4220111010000
01b522051211b24e01b5220111020000
01b622c8ed11ffe701b6220211020000
01b711e06a22257401b7110222010000
01b811439622c53d01b8110122020000
01b9222f6e11861e01b9220111020000
01ba11c6ae220a0001ba110222010000
01bb110d0822989a01bb110122020000
01bc2234ee11c75301bc220111020000
01bd11c41822cb2001bd110222020000
01be22dd8e11a3d101be220211020000
01bf22153c11151901bf220111010000
01c0229bd511e6ec01c0220211020000
01c111d3e822627501c1110222010000
01c211df9822f9b301c2110222020000
01c311f33522f38601c3110222020000
01c4113252227a2601c4110122010000
01c522d26d1150b701c5220211010000
01c6223fea11d70301c6220111020000
01c722abfb11d9eb01c7220211020000
01c8114db722413e01c8110122010000
01c91159b0220dfc01c9110122010000
01ca11dba1221e6001ca110222010000
01cb22c57411d21401cb220211020000
01cc11684b228eda01cc110122020000
01cd22dbe511d1a701cd220211020000
01ce11adc022c8a801ce110222020000
01cf11c4a122db9301cf110222020000
01d01195942293e701d0110122010000
01d122329111488701d1220111010000
01d2111f7022a22301d2110122020000
01d311665122e42801d3110122020000
01d422fce2115b4301d4220211010000
01d5220201116a1b01d5220111010000
01d622b7c111e84201d6220211020000
01d711d17d22eb9101d7110222020000
01d81132ac229bb601d8110122020000
01d91114b72274d901d9110122010000
01da22b4481148d101da220211010000
01db22ea3d115e0601db220211010000
01dc11f33e2203d801dc110222010000
01dd111b1e22301d01dd110122010000
01de11d36c22b44f01de110222020000
01df11557f2274e501df110122010000
01e011a47722eeb201e0110222020000
01e122502f114e3101e1220111010000
01e211e5c72295f301e2110222010000
01e31135e8223fa201e3110122010000
01e422273211200a01e4220111010000
01e52250f411156201e5220111010000
01e6115ce422dc7401e6110122020000
01e722b802119d4801e7220211020000
01e822aafd11abf601e8220211020000
01e9229514118fe801e9220211020000
01ea2201101187f001ea220111020000
01eb226dda11712d01eb220111010000
01ec1183d022d92901ec110222020000
01ed11a949225ef001ed110222010000
01ee22f7cb11a4e001ee220211020000
01ef111a0f22758801ef110122010000
01f0222823110fc001f0220111010000
01f111c12522fe3701f1110222020000
01f2117c6122fa6e01f2110222020000
01f3220d40113eff01f3220111010000
01f411601a22396d01f4110122010000
01f5113bb6228e4401f5110122020000
01f622d834116aa101f6220211010000
01f7115aed22502501f7110122010000
01f81183fb22c0ae01f8110222020000
01f9118e462218a301f9110222010000
01fa118e78229c4a01fa110222020000
01fb22254611814901fb220111020000
01fc117c1022c4ee01fc110222020000
01fd22edb911ece101fd220211020000
01fe11225b228f1a01fe110122020000
01ff22e11711a6c901ff220211020000
00001133f6220da60000110022000000
00012222ae1146410001220011000000
00021120e922981c0002110022000000
0003118b822227a50003110022000000
0004114c362226a40004110022000000
00051191592236fd0005110022000000
000611896c221b850006110022000000
0007117708227dbd0007110022000000
00081165512241c10008110022000000
000922dc7d1180960009220011000000
000a115d412230f0000a110022000000
000b114997228dc1000b110022000000
000c22349c11299d000c220011000000
000d22e1791162bc000d220011000000
000e112a6522bc4d000e110022000000
000f22c899110f0f000f220011000000
00101157572235020010110022010000
001111432822d3a10011110022020000
0012220b4e115ac50012220111000000
001311b7cb22d28c0013110222020000
001422b719117eb60014220211020000
00151124b422f2d60015110122020000
001611531f225ef70016110122010000
00172265ca1127770017220111010000
0018119494220fdc0018110222010000
001911e9dd22660c0019110222010000
001a11edb522ecaa001a110222020000
001b11f462229f56001b110222020000
001c11c6aa22fa58001c110222020000
001d1191a72279ca001d110222010000
001e1162d1227bc6001e110122010000
001f11d5da22d2f6001f110222020000
002011170b2278c10020110122010000
00212247af1133280021220111010000
002222822c1132a40022220111010000
00232245b3110c350023220111010000
00241151ce229e330024110122020000
00252216ea118cb10025220111020000
002622823311f7420026220211020000
00271121e122a7120027110122020000
0028225df611e9100028220111020000
002911c41022dbbf0029110222020000
002a11ec53228770002a110222010000
002b11291b22de55002b110122020000
002c118d5622fc71002c110222020000
002d116fc6220230002d110122010000
002e11cb8e225970002e110222010000
002f11a9ec22c689002f110222020000
00302276f011583e0030220111010000
003111a5892216680031110222010000
0032111d0a22c9f30032110122020000
00331131962272100033110122010000
003411b43e2281fd0034110222010000
003511b55c225cd70035110222010000
0036112e1d22afc00036110122020000
00371161f522eb860037110122020000
0038227f9111be280038220111020000
003911ed1222ce2a0039110222020000
003a11acfd227ed7003a110222010000
003b11a85322f097003b110222020000
003c226846117562003c220111010000
003d229eac113747003d220211010000
003e112f9022c330003e110122020000
003f228d7d11f123003f220111020000
00402274d9114a1c0040220111010000
004122c91711a3340041220211020000
004211f6e7220f560042110222010000
004322a5f91174930043220211010000
00441189472268210044110122010000
00451124dd2211890045110122010000
004611ce1b220c000046110222010000
0047223f5511fa790047220111020000
0048112d5e228ea10048110122020000
004922c559111bc00049220211010000
004a22a9b311b6ec004a220211020000
004b11baa222ef6e004b110222020000
004c1128c7222db4004c110122010000
004d11743022b4e7004d110122020000
004e11f0ac222cc2004e110222010000
004f223c43119b00004f220111020000
005022ff971123d10050220211010000
00511160a122c32c0051110122020000
005222afc511fd750052220211020000
0053229bf7112f730053220211010000
00542270301137480054220111010000
00551144a62275090055110122010000
0056117200227e560056110122010000
005711040322991d0057110122020000
0058228f4e112d230058220111010000
005911318422fb590059110122020000
005a22990611f64c005a220211020000
005b22168b1145f2005b220111010000
005c11243e22ef6d005c110122020000
005d1194ff22fe4e005d110222020000
005e116161223d1e005e110222010000
005f224c5a119ff0005f220111020000
006022beb311702f0060220211020000
006111e0a82244f00061110222010000
0062115c4022291d0062110122010000
00632208771165030063220111010000
006422a867115fcb0064220211010000
006511a402221be70065110222010000
0066221a8e1129ba0066220111010000
006722fd5b11f6d60067220211020000
006822b24011587f0068220211010000
006911b0f0229bdf0069110222020000
006a22413b110da5006a220111010000
006b112c8a22e81e006b110122020000
006c116a62226cf9006c110122010000
006d22893e11b43d006d220211020000
006e11e614224aaa006e110222010000
006f22c14d11aa5e006f220211020000
007022eab41171ed0070220211010000
0071114f5422b83e0071110122020000
007222441e11cae50072220111020000
007311d9bb2253dc0073110222010000
007422a8b311e6160074220211020000
007511c56d22bc0c0075110222020000
007611b92522cd9c0076110222020000
007722065f111e8d0077220111010000
007822855f11a4280078220111020000
0079117eb12292720079110122020000
007a22c7ae11dafb007a220211020000
007b228d20111d67007b220111010000
007c22fee4114bbd007c220211010000
007d114f35220edd007d110122010000
007e2244bf11260c007e220111010000
007f22c43f11196b007f220211010000
008011de1922a4950080110222020000
00812288fe11f7c00081220211020000
0082229d801165950082220211010000
0083114d5222a8b40083110122020000
00842289bf1183140084220111020000
0085118ac022cef60085110222020000
008622d459111c160086220211010000
0087220eb111d7610087220111020000
008822dd9f118fd10088220211020000
00892225bd11f70d0089220111020000
008a226238119257008a220111020000
008b22c8bd115c42008b220211010000
008c220e0c112b83008c220111010000
008d11095522ca0d008d110122020000
008e22cbd911ae9e008e220211020000
008f119f4e2234a1008f110222010000
009022994b111c970090220211010000
00912293ff118f3a0091220211020000
009211f98b227eb40092110222010000
009311fa79223dd20093110222010000
009411d65d2289b90094110222020000
00952282f911b3e90095220211020000
009622793411442a0096220211010000
009711ca2c2237640097110222010000
00981150f322d14e0098110122020000
009911dbbf22f7a10099110222020000
009a2290e111f26c009a220211020000
009b11354d22a936009b110122020000
009c11db03223d04009c110222010000
009d11805c22a833009d110122020000
009e2204d311de08009e220111020000
009f2229c111453f009f220111010000
00a02274c311c48c00a0220111020000
00a122ac8211a5c800a1220211010000
00a222025811be5700a2220111020000
00a311575d229eca00a3110122020000
00a411e09b22752800a4110222010000
00a5226c6411644300a5220111010000
00a6227811117a2f00a6220211010000
00a71126f62262c800a7110122010000
00a82242a8112cf800a8220111010000
00a922ba7111d83f00a9220211020000
00aa11ae102282ac00aa110222020000
00ab224ca3116d8d00ab220111010000
00ac22d73a117fa100ac220211010000
00ad11327722ae2c00ad110122020000
00ae11c3e522ee6800ae110222020000
00af1166a722447f00af110122010000
00b011590322133400b0110122010000
00b111b096220f0400b1110222010000
00b211a575227a6600b2110222020000
00b3227366114eb400b3220111010000
00b4227f8311482400b4220211010000
00b5111a4e22542900b5110122010000
00b6221b9f111f5d00b6220111010000
00b722980011c4dd00b7220211020000
00b811de7d22f94a00b8110222020000
00b91159762238fb00b9110122010000
00ba113719229b0200ba110122020000
00bb119ec622039f00bb110222010000
00bc114bba22afac00bc110122020000
00bd11a05b22a70500bd110222020000
00be11aa3822068c00be110222010000
00bf22469f1152b700bf220111010000
00c022c0a811472600c0220211010000
00c1229c3311312e00c1220211010000
00c2226e9d118e3a00c2220111020000
00c3114f3022cf5500c3110122020000
00c422b71111167000c4220211010000
00c5226a78112ab500c5220111010000
00c6110c0d227e5900c6110122010000
00c711bd5022e27800c7110222020000
00c8221aa21141b500c8220111010000
00c91162d6224aac00c9110222010000
00ca22ddf311771000ca220211020000
00cb11764d22943200cb110222020000
00cc11d43722975200cc110222020000
00cd22b6c8119a2000cd220211020000
00ce222e0b11a35400ce220111020000
00cf11f98e22d69a00cf110222020000
00d022ccbe11b52d00d0220211020000
00d1220ad511b1bd00d1220111020000
00d211e50322d15700d2110222020000
00d322ed35113c7300d3220211010000
00d411839722d5dc00d4110122020000
00d51118fa22ea8900d5110122020000
00d6111e6722495500d6110122010000
00d7221c4711382200d7220111010000
00d822d5a111f51400d8220211020000
00d91199c12223de00d9110222010000
00da110160223ab900da110122010000
00db11c47522b91f00db110222020000
00dc22a208113ab100dc220211010000
00dd22b20e11b80700dd220211020000
00de11dfe522b90300de110222020000
00df11183422528500df110122010000
00e0223cb6112fd900e0220111010000
00e111b402228a8e00e1110222010000
00e222e68a112b0200e2220211010000
00e3111daa22b7af00e3110122020000
00e422804d11453200e4220111010000
00e5220bfa11199400e5220111010000
00e611755c22051e00e6110222010000
00e7220d23117ae300e7220111020000
00e8228df2114e1200e8220211010000
00e911c0792279da00e9110222020000
00ea221cd2113f9d00ea220111010000
00eb11310822beb400eb110122020000
00ec11aed82243ac00ec110222010000
00ed22ea1e11d19100ed220211020000
00ee222cdd11516400ee220111010000
00ef22ecd711c54300ef220211020000
00f011a8852266bb00f0110222010000
00f111237e22c37b00f1110122020000
00f222bb3211a1e500f2220211020000
00f311a1b322eff000f3110222020000
00f4228e13110aa500f4220211010000
00f5225dbc11673100f5220111010000
00f622eed211f10700f6220211020000
00f722f128112e9300f7220211010000
00f811c0c722711800f8110222010000
00f9112c89222efa00f9110122010000
00fa22ceff11f71500fa220211020000
00fb22a857110fa800fb220211010000
00fc22521111069e00fc220111010000
00fd22e5d411e8ce00fd220211020000
00fe2228d2118a6900fe220111020000
00ff11a1ce222a8900ff110222010000
0100119690227e450100110222010000
010122ac6f11f91f0101220211020000
01021137d2223adb0102110122010000
0103223fa21165c70103220111010000
0104114edc2221780104110122010000
010511e7aa225df50105110222010000
010622fab61193970106220211020000
010722e18211db690107220211020000
010822c20c1169170108220211010000
010922876111d6b00109220211020000
010a22fea8115908010a220211010000
010b22fd3411d272010b220211020000
010c11c7a5227d51010c110222010000
010d222a6c1124a0010d220111010000
010e22b68311a600010e220211020000
010f22eb1e11be5d010f220211020000
011011a32e22854b0110110222010000
0111114d5422637f0111110122010000
011222c1fa117d320112220211010000
0113113806224ac30113110122010000
01141199f722efbb0114110222020000
01151172b62200820115110122010000
011622724811db1e0116220111020000
0117115241223fdf0117110122010000
011811fbfc22e0e80118110222020000
01192202ec11d6f30119220111020000
011a22964f112dc8011a220211010000
011b22c3bd11c6f4011b220211020000
011c22e887110512011c220211010000
011d11e46a228e53011d110222010000
011e11be86220f56011e110222010000
011f11be0c22db90011f110222020000
012022c83611276e0120220211010000
012111f95822b9a00121110222020000
0122115d0f22f0980122110122020000
01232230ea11c4d00123220111020000
012411e1d4228c940124110222020000
012511dfb922c5ba0125110222020000
01261191212237590126110122010000
012722c60211e16f0127220211020000
01281106ca2262840128110122010000
012911560f2281040129110122010000
012a22e24311ff89012a220211020000
012b11a0ba2251ad012b110222010000
012c11231322607b012c110122010000
012d11b9bb22e9b6012d110222020000
012e2291c2116880012e220111010000
012f117ba5220b25012f110122010000
01302281df1146370130220111010000
013111632322dcfb0131110122020000
013222700d11eaf70132220111020000
0133119a2c22df7f0133110222020000
01341117e822a7db0134110122020000
0135119fd5222a490135110222010000
01362256e51144430136220111010000
0137229dde114a470137220211010000
013822a74711c0df0138220211020000
0139113dbf223c1c0139110122010000
013a22c3e111da69013a220211020000
013b22dd3611533f013b220211010000
013c222d1e114502013c220111010000
013d22794011863d013d220111020000
013e11d4e7226d24013e110222010000
013f228df8113f06013f220211010000
014011f1f72208e90140110222010000
01412261801108e20141220111010000
0142110a66229a730142110122020000
014322721a11dda90143220111020000
014422289311ca770144220111020000
014522b98c119c4b0145220211020000
014611cd3822573d0146110222010000
014711421f22a4f10147110122020000
0148112ab622363b0148110122010000
014922a30511b7ea0149220211020000
014a22c3e911aee0014a220211020000
014b22116511a63c014b220111020000
014c223a37112eba014c220111010000
014d11ef902264c2014d110222010000
014e225ba0114c06014e220111010000
014f11a5e122b8ea014f110222020000
015022610811d3700150220111020000
015111c8bf2289fe0151110222020000
0152221a74117e2a0152220111010000
01531136eb22d2220153110122020000
0154222f6111354f0154220111010000
0155113ee0220c710155110122010000
015622f58011fb120156220211020000
01572223ac115df50157220111010000
015822b56111c9380158220211020000
01592253f81115ac0159220111010000
015a11685122abf1015a110122020000
015b22d3e911dd38015b220211020000
015c22e633117b24015c220211010000
015d22ce1f110cff015d220211010000
015e22dcba11369b015e220211010000
015f111426224cff015f110122010000
016022fce11179040160220211020000
016111c31b22dfb60161110222020000
0162223aea11a7d80162220111020000
0163111d772265440163110122010000
016411953422a8ad0164110222020000
016511524522ae690165110122020000
0166119b8222a3ee0166110222020000
016722feba11da360167220211020000
016811366422f56b0168110122020000
016911a3fa226cb10169110222010000
016a1182762230d7016a110222010000
016b114eb922a4fd016b110122010000
016c11f7e12209b4016c110222010000
016d11e9862254f0016d110222010000
016e11938d222559016e110222010000
016f220c87113adb016f220111010000
0170222f5f11de670170220111020000
017111372022e9230171110122020000
01722226c711bde40172220111020000
0173220eb41140480173220111010000
0174221e571195470174220111020000
01752286d911aed70175220211020000
0176223a0c11c8680176220111020000
017722ddbd1162a80177220211010000
017822202411ff1c0178220111020000
017922f730111a880179220211010000
017a11f60d22166c017a110222010000
017b11a33f224ad8017b110222010000
017c22cdcb11319a017c220211010000
017d22e7d311806c017d220211010000
017e1199b82207b2017e110222010000
017f11d28e22ee63017f110222020000
018022a95811a8020180220211020000
018122256511c3e10181220111020000
0182116eb3224bd60182110122010000
018322efc8114a250183220211010000
018411e0ab2255e70184110222010000
0185119a7822157c0185110222010000
01862229ac1149f60186220111010000
018722c697118bf00187220211010000
018811255422716c0188110122010000
0189115719222e540189110122010000
018a11cb222216a6018a110222010000
018b22905611f3af018b220211020000
018c2229b21187a7018c220111010000
018d1153aa2269ac018d110122020000
018e224a3d11c314018e220111020000
018f11810b22aad1018f110122020000
0190229401115c390190220211010000
0191220fea11a4b60191220111020000
0192116d1e22130d0192110122010000
019311fec722f4610193110222020000
019411e29522851b0194110222020000
019511d7822204350195110222010000
019611a81d22f1a20196110222020000
019722beeb1154cd0197220211010000
019811776d229a500198110122020000
01991175d42209fc0199110122010000
019a11430522d559019a110122020000
019b11f39c2227f6019b110222010000
019c11d56922950e019c110222020000
019d22677111ac0e019d220111020000
019e11956c22653b019e110122010000
019f22379811506c019f220111010000
01a022c07911706501a0220211010000
01a122ca1011760201a1220211010000
01a2227ac61196d201a2220111010000
01a322ec2d114c3801a3220211010000
01a411ceca22317b01a4110222010000
01a511aad92288b101a5110222010000
01a622d6cb11dc6e01a6220211020000
01a722db4d11dfb301a7220211020000
01a811d2aa22ed0301a8110222020000
01a911f7ef221b7301a9110222010000
01aa1199cc2208a001aa110122010000
01ab11a615226c9d01ab110122010000
01ac1165e122b7dc01ac110122020000
01ad2284371131e701ad220111010000
01ae1158442243d301ae110122010000
01af1120a22214a501af110122010000
01b022c31b11555b01b0220211010000
01b12292e2115fff01b1220211010000
01b222b286111cae01b2220211010000
01b32256f511357301b3220111010000
01b422ef5911bfb901b4220211020000
01b5113c2e22de8a01b5110122020000
01b611cc1922b87e01b6110222020000
01b7226527117c5a01b7220111020000
01b82200da1102df01b8220111010000
01b922c63111d3fd01b9220211020000
01ba2202d81154b301ba220111010000
01bb2232da11d9b101bb220111020000
01bc112ad522d77701bc110122020000
01bd22ef8811b31c01bd220211020000
01be22d65211ff4301be220211020000
01bf114e3722109701bf110122010000
01c022e03411ad6f01c0220211020000
01c111df9d221d5e01c1110222010000
01c211453a222eb601c2110122010000
01c322c13911d6a901c3220211020000
01c41197c62287da01c4110222020000
01c522895b119dc201c5220211020000
01c6224ddb11332301c6220111010000
01c7220f691168e701c7220111010000
01c811c83822f2f801c8110222020000
01c91194da22af2d01c9110222020000
01ca11abce223a0501ca110222010000
01cb118d9e22bc1001cb110122020000
01cc22b13f116ee301cc220211010000
01cd11c75f227c9301cd110222010000
01ce111ec322adbe01ce110122020000
01cf115485227da201cf110122010000
01d022b7fa11aa6701d0220211020000
01d111ddc022e44e01d1110222020000
01d211aa2622e3ee01d2110222020000
01d311dcde22b4fc01d3110222020000
01d422c8a511ab7a01d4220211020000
01d511e98122d27f01d5110222020000
01d62280a311038501d6220111010000
01d722f9f111689001d7220211010000
01d82287dc1135b201d8220111010000
01d922a220110c2a01d9220111010000
01da223848117de801da220111010000
01db228d8311e79301db220111020000
01dc11587f222f1001dc110122010000
01dd111fe322963101dd110122010000
01de11fea622ae3801de110222020000
01df11d5bd22be4201df110222020000
01e011c791223f0c01e0110222010000
01e122aaf8119aac01e1220211020000
01e211fc3d22758501e2110222010000
01e32253e211f33401e3220111020000
01e411c665226d8101e4110222010000
01e51164a522a14d01e5110122020000
01e6110365220b5601e6110122010000
01e722a31c11798f01e7220211010000
01e8229b7211831401e8220211010000
01e911ef112242cd01e9110222010000
01ea22ce8f11b09c01ea220211020000
01eb22f3601192ec01eb220211010000
01ec226dca111d1501ec220111010000
01ed11508822a20601ed110122020000
01ee22e001113b2801ee220211010000
01ef11ee68227b4a01ef110222010000
01f011a9e52243e501f0110222010000
01f11115e122e9fe01f1110122020000
01f222403f115da901f2220111010000
01f311209a22c15001f3110122020000
01f422034b119a5101f4220111020000
01f511fe4c22446401f5110222010000
01f6221431112b0b01f6220111010000
01f711e89f22f7bb01f7110222020000
01f81153b822d6a101f8110122020000
01f911ebcc22097b01f9110222010000
01fa11b22e22b59a01fa110222020000
01fb22047a11004501fb220111010000
01fc2211b011009a01fc220111010000
01fd1173cb22c51001fd110122020000
01fe11c1c722b4ac01fe110222020000
01ff22d92811ba2501ff220211020000
000022a44711d47f0000220011000000
00012296cf11cab90001220011000000
0002115584228d3b0002110022000000
00032269011181880003220011000000
0004111baa22cef80004110022000000
000511e462223deb0005110022000000
0006113da322cdc10006110022000000
000711bdad22dff00007110022000000
0008113f7f224db50008110022000000
00091100d0220c280009110022000000
000a1181f0223c6c000a110022000000
000b1168f922d1f0000b110022000000
000c22c3f81113a9000c220011000000
000d1165c422524a000d110022000000
000e117a9f22c1ea000e110022000000
000f114d2c226095000f110022000000
001011e05922658e0010110222000000
001122760e1157b10011220011010000
001222d3381134380012220211010000
001322f74f1125240013220211010000
0014229e1f11aa9a0014220211020000
001511e31a2211af0015110222010000
001611144422c8bf0016110122020000
001711de2522f52f0017110222020000
001822c48c11fb3f0018220211020000
00191171b1229fff0019110122020000
001a2287dc111960001a220111010000
001b22ff50116bbb001b220211010000
001c11accc227ccb001c110222010000
001d22d34f115174001d220211010000
001e116d8522d6d4001e110122020000
001f22015111f0ed001f220111020000
002022d82d1191260020220211020000
002122152211a3210021220111020000
00221148692294950022110122010000
00232230db119cd50023220111020000
002411ea73226ccc0024110222010000
002511202d224bd50025110122010000
0026229ec411cf460026220211020000
002722e7a6116d1f0027220211010000
0028114fee22762d0028110122010000
0029228c3611e4390029220211020000
002a1117e622509a002a110122010000
002b22ffcc117575002b220211010000
002c22c8f5115f17002c220211010000
002d22f4b01132e1002d220211010000
002e1101d022e7de002e110122020000
002f225fe6118a98002f220111020000
003022b6b01191af0030220211020000
003111bb9922d4570031110222020000
003222eaa911e3930032220211020000
0033227ae011fcc40033220111020000
003411260322b10a0034110122020000
003511fb3e227f6f0035110222010000
0036119e712256930036110222010000
003722672511de520037220111020000
003822c28311d0c60038220211020000
00391174be2283bc0039110122010000
003a22e476119e17003a220211020000
003b22a6e411250d003b220111010000
003c11e0e422d6b0003c110222020000
003d1100e822a893003d110122020000
003e11fcb1224ac1003e110222010000
003f116b0b220467003f110122010000
004011c7d92242190040110222010000
0041110ec322eddf0041110122020000
004222d1d9118d930042220211010000
0043114d1f225f9d0043110122010000
004411e89d226ac10044110222010000
004522c21a11e67d0045220211020000
0046226f3411ada00046220111020000
004722df2711fe850047220211020000
0048229da611087c0048220211010000
004911a1ac22b1570049110222020000
004a22dfce112bc4004a220211010000
004b22be451132e9004b220211010000
004c22babd11c149004c220211020000
004d1172ee22e818004d110122020000
004e118b9822a449004e110222020000
004f11b9a6223745004f110222010000
005011d11322c8f40050110222020000
005122b8c011426b0051220211010000
00522218911124470052220111010000
005322a853111fb60053220211010000
0054229cf2119d260054220111020000
0055226c6411e8950055220111020000
005611c0d62218220056110222010000
0057110d2622e85c0057110122020000
005811e98a223c100058110222010000
005922dba1119ebd0059220211020000
005a2215f911c46c005a220111020000
005b220a7f11a5c7005b220111020000
005c22d6ce119c73005c220211020000
005d221e0611bc12005d220111020000
005e22a53b11eeaa005e220211020000
005f22037a11e327005f220111020000
00602213ac11279c0060220111010000
0061222aa41168220061220111010000
00622295e4114a940062220211010000
006311e0572283b80063110222020000
0064114d0f2292bb0064110122020000
006511b7cf2228010065110222010000
006611a9c622488d0066110222010000
006711fe7c227e690067110222020000
0068227d411189f20068220211010000
006922ec9c1103020069220211010000
006a11b586226ede006a110222020000
006b225b9911fbb2006b220111020000
006c223ed61122f7006c220111010000
006d11b84b22cb03006d110222020000
006e11bf6122f059006e110222020000
006f11936422f5b0006f110222020000
007011127c2201dc0070110122010000
007122fe9a11372f0071220211010000
00722266a8118a1a0072220111010000
007322b7c7115c620073220211010000
007422ec9b1186970074220211010000
0075220dae111a0b0075220111010000
007622dec51131800076220211010000
007722061511bb670077220111020000
0078114b64226e700078110122010000
00791101ba22d3400079110122020000
007a228d1011b80e007a220111020000
007b225d8f1153a8007b220111010000
007c11bd81225e3f007c110222010000
007d2201b6117f9c007d220111020000
007e22306511ebf4007e220111020000
007f118683226ffa007f110222010000
008011940b22c0af0080110222020000
00811133712261dc0081110122010000
008211e25822f15d0082110222020000
008311167322ce870083110122020000
00842276e1119bf70084220111020000
0085112ea222956c0085110122020000
00861113e62265930086110122010000
0087119ce62205cc0087110222010000
00882204d311f7d60088220111020000
0089223a3311f4070089220111020000
008a11106b223a4c008a110122010000
008b110156228d3a008b110122020000
008c1109f1220ad6008c110122010000
008d22d40d11561a008d220211010000
008e11ba97222231008e110222010000
008f115325227681008f110122020000
0090225661117cc40090220111020000
009111c22522ff410091110222020000
0092110657220b5b0092110122010000
0093116fa4220b6a0093110222010000
0094117a4b22342a0094110222010000
009511a4f922476c0095110222010000
0096110949222f0e0096110122010000
00971105ad22e28a0097110122020000
009822168d1132460098220111010000
009922b63711b6810099220211020000
009a2250fc1158f9009a220111010000
009b22b4101197e9009b220211020000
009c22ae1311711f009c220211020000
009d117cc5228d8f009d110222020000
009e11d01a228b62009e110222020000
009f225efa112896009f220111010000
00a022085811514900a0220111010000
00a111242b220d5300a1110122010000
00a211b48622322800a2110222010000
00a311b66222500400a3110222010000
00a411bb1822f18900a4110222020000
00a5115ad822c2b700a5110122020000
00a622e46e118c5b00a6220211020000
00a711739e22af5700a7110122020000
00a822d2fc11790b00a8220211010000
00a922151511cb6600a9220111020000
00aa11afb622150900aa110222010000
00ab2237061144f600ab220111010000
00ac22942411e98700ac220211020000
00ad227ef11194bb00ad220211020000
00ae22047111ce2900ae220111020000
00af22d19611255600af220211010000
00b011402b22ad3900b0110122020000
00b12202b7110afd00b1220111010000
00b2119ba5227b9700b2110222010000
00b311ccf5225bcc00b3110222010000
00b411b20c22ca0b00b4110222020000
00b511ffbe22d21b00b5110222020000
00b6116d3922436100b6110122010000
00b72234b31174b200b7220111010000
00b811857622fe9300b8110122020000
00b911f20c227ed500b9110222020000
00ba117d1e225b6500ba110122010000
00bb112f8422f49600bb110122020000
00bc11a6e7223e1e00bc110222010000
00bd223c5111e76400bd220111020000
00be2207d61149f500be220111010000
00bf11344a22e48400bf110122020000
00c022a0d1115a9b00c0220211010000
00c111f4d122fa2c00c1110222020000
00c222a61511534400c2220211010000
00c3220e4e110ea700c3220111010000
00c41118ba22f12500c4110122020000
00c5227bf71114ce00c5220111010000
00c622701411a5eb00c6220111020000
00c722144111779200c7220111020000
00c811d48722201700c8110222010000
00c9225ae51117df00c9220111010000
00ca11c76a22352000ca110222010000
00cb11e69f22e28a00cb110222020000
00cc225aab11c63b00cc220111020000
00cd22e37711bc9000cd220211020000
00ce117e612242bd00ce110222010000
00cf2270a2115be100cf220111010000
00d02207d511117a00d0220111010000
00d122240c11681f00d1220111010000
00d211af5522d7f800d2110222020000
00d311abb8227f5400d3110222020000
00d4114a152286f800d4110122020000
00d52272b911e8a100d5220211020000
00d61128b5228fe000d6110122020000
00d7118d432292f100d7110222020000
00d822957111a00500d8220211020000
00d922137711dea700d9220111020000
00da22c0e011774300da220211010000
00db11258422131100db110122010000
00dc22ede6113f8700dc220211010000
00dd228e24118c7800dd220211020000
00de11df7322ecab00de110222020000
00df22b04711a1fd00df220211020000
00e022a0a811fcb600e0220211020000
00e122d28c1116ec00e1220211010000
00e2229d78111a2100e2220211010000
00e3119e48229e4b00e3110222020000
00e4117f5222943d00e4110122010000
00e51112f422a39b00e5110122020000
00e622abbe11764800e6220211010000
00e72293d311059300e7220111010000
00e811fc5e22925400e8110222010000
00e911a21522dfe800e9110222020000
00ea11a8c122eff200ea110222020000
00eb110f0c22eee800eb110122020000
00ec11943d22efde00ec110222020000
00ed22ca96117af800ed220211010000
00ee22f862111be800ee220211010000
00ef22c9ba11c9ec00ef220211020000
00f022620011f82f00f0220111020000
00f12230731115f500f1220111010000
00f2222e3d11458400f2220111010000
00f3229d7b11377100f3220111010000
00f4115b0e22306700f4110122010000
00f5113e27220d5800f5110122010000
00f622dbb311892900f6220211020000
00f7228d9d117fe200f7220111020000
00f81168f722027100f8110122010000
00f9225e2a118da000f9220111020000
00fa222859113a0b00fa220111010000
00fb22ec95116d3d00fb220211020000
00fc11a2a222071e00fc110222010000
00fd11435c22bce900fd110122020000
00fe2251ab11f31500fe220111020000
00ff223d4d11a51600ff220111020000
010022ac0211d4180100220211020000
010111399e22c3d80101110122020000
01022285d011b74b0102220211020000
01031126a9226c220103110122010000
010422f7201186470104220211020000
010522661411c93d0105220111020000
010622b5c5118b030106220211020000
010711599c2285dc0107110122020000
0108117b8c22c73d0108110122020000
0109225b40113a990109220111010000
010a11fa49226134010a110222010000
010b22cbfa115877010b220211010000
010c11bdaf22b0f0010c110222020000
010d1147c922cffa010d110122020000
010e11f645227595010e110222010000
010f1189a8224be9010f110122010000
011011b898221b970110110222010000
01111128a6226d600111110122010000
01121170e0229e7b0112110122020000
011311aa7c2246920113110222010000
011411e2392293c90114110222020000
0115224e061153f80115220111010000
0116114c6e224cc70116110122010000
0117221f9511f11d0117220111020000
0118114aa6224a020118110122010000
0119115d63222e060119110122010000
011a11f527221b1e011a110222010000
011b221a1611d047011b220111020000
011c22db89118eae011c220211010000
011d22bc4111cc9d011d220211020000
011e22c9a6112c9d011e220211010000
011f2213b0111d0d011f220111010000
0120221bab117f140120220111010000
01211137ac22fa430121110122020000
012222711a117abb0122220211010000
0123223ae611a2d70123220111020000
012411837922a6e50124110222020000
012522e84911cd540125220211020000
012611dc512271500126110222020000
012711858d22bb390127110122020000
012811630e22674b0128110122010000
012922316c11ae600129220111020000
012a224eb111e81e012a220111020000
012b117c84229806012b110122020000
012c22bdd7117340012c220211010000
012d11d2a42239a1012d110222010000
012e11215f2256ab012e110122010000
012f22dbb511cc35012f220211020000
0130222491111cda0130220111010000
013111d8aa2203b70131110222010000
01322278ef117c240132220211010000
013322cc7a11c3cf0133220211020000
0134116e702274b80134110122010000
013522026611e2bb0135220111020000
013611f56c2221420136110222010000
013711fc1d2268060137110222020000
013811c4312284400138110222020000
0139115f76222f750139110122010000
013a112e2122fb1d013a110122020000
013b22a52d11e975013b220211020000
013c11ee3422912e013c110222020000
013d223a171142b6013d220111010000
013e1177a22248ed013e110122010000
013f1197f02212cb013f110122010000
014022ba70113caf0140220211010000
014111e7ec22e3dc0141110222020000
014222a0971151060142220211010000
014311aaf522ee430143110222020000
0144225d971122150144220111010000
01452289311107880145220211010000
01461168f7226b590146110122010000
01471118fd228f880147110122020000
014822d35811ea120148220211020000
014911272822382b0149110122010000
014a220f2b111b43014a220111010000
014b110dfe22df78014b110122020000
014c22b38011a9e5014c220211020000
014d11d37a22b008014d110222020000
014e22ded7117b2f014e220211020000
014f1116c422f5b7014f110122020000
015011cba42228e80150110222010000
0151225dd91131970151220111010000
015211968622c2c70152110222020000
01532220a311f52c0153220111020000
01542220301111f50154220111010000
015522c3ff117ae60155220211020000
015611d0402201e00156110222010000
015711c56e22ef3c0157110222020000
015822756e114a550158220111010000
01591145e122126a0159110122010000
015a112aa9225feb015a110122010000
015b11dc43220fd2015b110222010000
015c22a2d51104fd015c220211010000
015d22afb91196b2015d220211020000
015e11c12a22778f015e110222020000
015f22915811fa2f015f220211020000
0160112f5922f9b20160110122020000
0161223e4b11acd60161220111020000
01622269ef1184690162220111010000
0163225f961189c30163220111020000
016422af7f11e9b40164220211020000
016522f04a11830b0165220211010000
016611ff7922a1d10166110222020000
0167119b5c2241f50167110222010000
0168228d5111961c0168220211020000
016922c7951159ce0169220211010000
016a11dc2822f496016a110222020000
016b22f1631168ce016b220211010000
016c22cd6a119309016c220211010000
016d11e5b0226e33016d110222010000
016e22b12311cbd3016e220211020000
016f22fe7f115df8016f220211010000
017022ea98116e4d0170220211010000
01712268b21165680171220111010000
01721126ab228aa00172110122010000
0173223f2c11d96c0173220111020000
01742290341169550174220111010000
0175119e0b22851d0175110222010000
017611c5db220cf00176110222010000
01772283aa1103e70177220111010000
017811b64b2250340178110222010000
017922e6ab11e0900179220211020000
017a22392011583d017a220111010000
017b22da2b115378017b220211010000
017c2229b21132bb017c220111010000
017d22712d11eb88017d220111020000
017e11c1f52286a2017e110222020000
017f1173de22114c017f110122010000
0180110e6a2265f20180110122010000
018111087f22bd340181110122020000
018222bb8e1163cc0182220211010000
0183111ab322c2850183110122020000
0184229c8811117b0184220211010000
018522fb3f11d5440185220211020000
01861186af22500f0186110222010000
018722317611bf1c0187220111020000
01882210c011df5c0188220111020000
0189225f7b119f800189220111020000
018a11256022b810018a110122020000
018b22618b11fb05018b220111020000
018c11058822e83a018c110122020000
018d11a38e228caa018d110222020000
018e22105f1178d8018e220111020000
018f220b5311c8ad018f220111020000
01901132cd221a760190110122010000
019122e31e117fd90191220211020000
0192222b4811bb2c0192220111020000
019322480b11941d0193220111020000
01942208e911575d0194220111010000
0195110d5b22445c0195110122010000
019611372322ebcb0196110122020000
019711d4c822b5650197110222020000
01981120b022b6fa0198110122020000
019922b68e114d4e0199220211010000
019a223fdd11edad019a220111020000
019b11a4c6224560019b110222010000
019c22e71a11e563019c220211020000
019d1129ba226fe6019d110122020000
019e22960b11c556019e220211020000
019f1161a122b52f019f110122020000
01a011d6d922ebb901a0110222020000
01a12211ce116deb01a1220111010000
01a222226d11877201a2220111020000
01a3118e3122290601a3110222010000
01a41170dd223d1c01a4110122010000
01a511ff4a22f28201a5110222020000
01a622260411034501a6220111010000
01a722886511d20401a7220211020000
01a822108d11091601a8220111010000
01a922630d1176bd01a9220111010000
01aa22ad2611ca1901aa220211020000
01ab224fce1110f701ab220111010000
01ac11eaa222fac701ac110222020000
01ad22e852117fd701ad220211010000
01ae22ae9911fd6c01ae220211020000
01af22d37f115bce01af220211010000
01b011d86b22196e01b0110222010000
01b1118725226c4f01b1110122010000
01b2115bc922607401b2110122010000
01b311dde5227f2b01b3110222010000
01b42246e5115df301b4220111010000
01b522f80111839201b5220211010000
01b611c08e228cac01b6110222020000
01b711e99522e06301b7110222020000
01b811c2dc22df0701b8110222020000
01b911309b22d85601b9110122020000
01ba117822226fb501ba110122010000
01bb22c09a110bed01bb220211010000
01bc22beb111cd6701bc220211020000
01bd11571222662d01bd110122010000
01be22666f11052101be220111010000
01bf1119c22217a001bf110122010000
01c0117d5a221c0001c0110222010000
01c122dcc71125a901c1220211010000
01c211f72522517e01c2110222010000
01c322549511a86101c3220111020000
01c411c04a22bf6701c4110222020000
01c5113755224b9a01c5110122010000
01c6111a382227ef01c6110122010000
01c722b0e3113c1a01c7220211010000
01c811543c22f13501c8110122020000
01c911bdc022b8a401c9110222020000
01ca22709f1143a201ca220111010000
01cb11dd6b22b5d501cb110222020000
01cc22e3551195f001cc220211020000
01cd22598911958601cd220111020000
01ce119d94222a1d01ce110222010000
01cf11470c2201bc01cf110122010000
01d011b9d82244d301d0110222010000
01d111713922092301d1110122010000
01d222b8b9113d7101d2220211010000
01d322e27c1138ca01d3220211010000
01d411415922169401d4110122010000
01d5115765221ec801d5110122010000
01d622c06011f6e101d6220211020000
01d7112952227ab301d7110122020000
01d811e43222f74001d8110222020000
01d92270fe116e2601d9220111010000
01da22ed1b11302f01da220211010000
01db221514116afe01db220111010000
01dc22031e118c5101dc220111020000
01dd22ec8a11d1ae01dd220211020000
01de2252a1115d4501de220111010000
01df226cc511384101df220111010000
01e0113d4322df9201e0110122020000
01e1117ab3224baa01e1110222010000
01e211767f22073f01e2110222010000
01e3223e94117a2e01e3220111020000
01e411a68a2204e901e4110222010000
01e511068d2269f101e5110122010000
01e6221809115bee01e6220111010000
01e722639a1106a901e7220111010000
01e81187f12271c101e8110222020000
01e911b6d822472301e9110222010000
01ea11582922b8c301ea110122020000
01eb11121f22d10a01eb110122020000
01ec22cfd71150cd01ec220211010000
01ed226f591164e301ed220211020000
01ee11ece92257d401ee110222010000
01ef22805a119e2301ef220211020000
01f0114af822738701f0110122020000
01f1113c0822514901f1110122010000
01f2220fe511bc6301f2220111020000
01f311e6c022667601f3110222010000
01f411344f222c3a01f4110122010000
01f522964f116c0601f5220211010000
01f622fd1f11dde601f6220211020000
01f72223bc1156af01f7220111010000
01f8222caf11aeea01f8220111020000
01f92220b4115ddd01f9220111010000
01fa22daf411a09c01fa220211020000
01fb22039c11939801fb220111020000
01fc1190f622896e01fc110222020000
01fd226627115c6201fd220211010000
01fe22299e1169dc01fe220111010000
01ff22b30f11784e01ff220211010000
000022f6751124200000220011000000
00011119d022e9440001110022000000
000222dbcb11fc7f0002220011000000
000311d76d22a6d50003110022000000
000422d9621157af0004220011000000
00052209e0115e850005220011000000
000622bc8911981a0006220011000000
000722ff0611e1730007220011000000
000811f0db2289200008110022000000
00092234fc1170990009220011000000
000a11c05322cd46000a110022000000
000b22d30511ce2f000b220011000000
000c22d4541141dc000c220011000000
000d1165a7225154000d110022000000
000e118c5f22acbc000e110022000000
000f115f1522e10e000f110022000000
001022b0bf1166840010220011000000
001111b5ff22c2ed0011110222000000
00122203f7118f100012220111010000
001322f2de116a080013220211010000
00142276d5114e9e0014220111010000
001511829f22667d0015110122010000
001622e4851134f10016220211010000
0017115abc228f220017110122010000
001822f97911d3dc0018220211020000
0019222ef411131e0019220111010000
001a11fd9922d0f5001a110222020000
001b11585322df23001b110122020000
001c2213ba118136001c220111020000
001d1150a9229ac8001d110122010000
001e113a5e22b73c001e110122020000
001f1182d122a3dc001f110222020000
002022be391196490020220211020000
00212296a111f7da0021220111020000
002222025511a1430022220111020000
002311e49e225b730023110222010000
00242273871119670024220111010000
002511316d2218190025110122010000
00261164d4224c990026110122010000
0027221cf5118fda0027220111020000
0028113617226b1b0028110122010000
0029113b4a22358d0029110122010000
002a119bbb22ee7f002a110222020000
002b11e47e22b127002b110222020000
002c22a11a11f3ab002c220211020000
002d110d05225c03002d110122010000
002e11ec54224bd4002e110222010000
002f11401b22cbbb002f110122020000
0030226f8d1169aa0030220211010000
00311124e722b66b0031110122020000
003211166e22c63c0032110122020000
003322a88c1142100033220211010000
0034227e231179d10034220111020000
0035228cdd1186780035220211020000
00361153a6220af90036110122010000
003722ee1f1181ec0037220211020000
003822c392114c9a0038220211010000
0039119e752223630039110222010000
003a11a41d22d1bf003a110222020000
003b22706111dd4e003b220111020000
003c11217d223e3a003c110122010000
003d11875222529a003d110222010000
003e22baa0118e16003e220211020000
003f11ba092287f4003f110222010000
004011175522ec380040110122020000
004111b7b322938a0041110222020000
0042224fe61172900042220111010000
00432228c811b4d80043220111020000
00442248021148590044220111010000
0045113ba92259fe0045110122010000
00461186462251c80046110222010000
004722a16511da960047220211020000
00481168fe229b000048110122020000
00492264071175df0049220111010000
004a22f78111c2bc004a220211020000
004b113072228c37004b110122020000
004c22dbf911ed45004c220211020000
004d22526711d809004d220111020000
004e11f32a228da8004e110222020000
004f11f629225bad004f110222010000
0050119d462254d50050110122010000
00512276371115cf0051220111010000
005222050111cfe20052220111020000
005322f82d11ee820053220211020000
005422821111ee1d0054220111020000
0055222e37112e190055220111010000
005611d470224c780056110222010000
005722791811d65c0057220111020000
005822e6fb11359f0058220211010000
005922e76f111f8b0059220211010000
005a11288322b159005a110122020000
005b22ee8411bb41005b220211020000
005c11cbd122d796005c110222020000
005d11bbf0228a54005d110222010000
005e116fd4225775005e110122010000
005f11f09a228232005f110222010000
00602243281167b70060220111010000
006122beaa118b750061220211010000
006211cec3229ae30062110222010000
006322ba551127120063220211010000
006422a99d11cf8f0064220211020000
0065227820116e360065220111010000
006611b5dc22963f0066110222010000
00672235d511dc3d0067220111020000
006822298d11a4150068220111020000
006911152022bdee0069110122020000
006a117ba8223c75006a110122010000
006b22433911db0d006b220111020000
006c229ca3115460006c220211010000
006d22a00d11b11d006d220211020000
006e11a33d22913e006e110222020000
006f11834622ee72006f110122020000
00702295c9113d750070220211010000
007122dd871131ce0071220211010000
00722200ba1138930072220111010000
007311795f22ff590073110122020000
007422a44c11481b0074220211010000
007522724a11dfb30075220111020000
007611b8f32284970076110222010000
007711a6e32283b90077110222010000
007811193722b4bf0078110122020000
007911e3e82202360079110222010000
007a11c6b322be7d007a110222020000
007b220d79112958007b220111010000
007c1131f3224926007c110122010000
007d22b06111337e007d220211010000
007e228a61116a2f007e220211010000
007f228a5711fc7d007f220211020000
00802245cc117db30080220111020000
00811101f8222bd40081110122010000
008222686111267b0082220111010000
0083114ab6220c510083110122010000
0084113f6822b0b20084110122020000
008522fa6711c5bb0085220211020000
008622b50e117a110086220211020000
00872277a11197d10087220211020000
0088116d3222f09e0088110122020000
008922cc6b1106dd0089220211010000
008a114d3022404b008a110122010000
008b2215011165e5008b220111020000
008c11679d225e2e008c110222010000
008d2239b4114d9b008d220111010000
008e22651111e479008e220111020000
008f22eccb11ade3008f220211020000
0090225b5211f1860090220111020000
0091119a73223aaa0091110222010000
009211253e22065f0092110122010000
009311ccfa225e1d0093110222010000
009411901f22765e0094110222010000
0095113bb1220a1d0095110122010000
0096115c3e223dde0096110122010000
009711e3d322a6e00097110222020000
009811444122ee410098110122020000
009922e8c211e7a60099220211020000
009a22a567116a43009a220211010000
009b22402911047e009b220111010000
009c22d0ba110163009c220211010000
009d1136bd22e0bd009d110122020000
009e11666222a6f1009e110122020000
009f22f34b1198ef009f220211020000
00a01180082238a300a0110222010000
00a122b00711c3bd00a1220211020000
00a2228fe011b21600a2220111020000
00a311f46e22ee8400a3110222020000
00a411cb2f22c8df00a4110222020000
00a522b509114f6300a5220211010000
00a6229ec9119e7c00a6220111020000
00a71106a822139600a7110122010000
00a811bb0322ca8d00a8110222020000
00a91100ac2261d900a9110122010000
00aa223fbe11885b00aa220111020000
00ab22a83711ba8b00ab220211020000
00ac11677b222bac00ac110122010000
00ad11503b228d1300ad110122010000
00ae22b1cb110e5d00ae220211010000
00af11101b22f1cc00af110122020000
00b011ee8122995c00b0110222020000
00b1226b7a1194af00b1220111020000
00b211a0e022ece700b2110222020000
00b311d7f222574f00b3110222010000
00b422b26f11845900b4220211020000
00b5220d9711070300b5220111010000
00b6119d0922102500b6110222010000
00b711c52122c17d00b7110222020000
00b811811b22371700b8110222010000
00b922a32d1146c100b9220211010000
00ba222a6e11ab5f00ba220111020000
00bb11c7e022351100bb110222010000
00bc11cd1622038e00bc110222010000
00bd11849122823800bd110122020000
00be11136c22ec4900be110122020000
00bf114bfc22260800bf110122010000
00c0228d1311b6cf00c0220211020000
00c1113e9c22a29800c1110122020000
00c2114f9f22766300c2110122020000
00c3114573226fc900c3110122020000
00c4225456113fdc00c4220111010000
00c522f6ba11902200c5220211020000
00c6116a7122c2f000c6110122020000
00c722552f11cfac00c7220111020000
00c822bcda11efa700c8220211020000
00c9119dff220e3200c9110222010000
00ca22c6f411f06700ca220211020000
00cb22b1b111d83600cb220211020000
00cc225b1d11119600cc220111010000
00cd11d88c2278f100cd110222010000
00ce22551e11e60800ce220111020000
00cf11291c226e1a00cf110122010000
00d01107d422d79e00d0110122020000
00d122fa2f11df0a00d1220211020000
00d21114fe2264b600d2110122010000
00d32288b01198c600d3220111020000
00d411d3692215d500d4110222010000
00d522c00a11918e00d5220211010000
00d622013a11629800d6220111010000
00d71171f922c0fa00d7110122020000
00d81130c022474100d8110122010000
00d911eac6223d7100d9110222010000
00da115948223df200da110122010000
00db222b7e11206300db220111010000
00dc22666611cb0300dc220111020000
00dd22e6dd11da9c00dd220211020000
00de224ef911b31a00de220111020000
00df2264f11115d000df220111010000
00e0226cd4116c6b00e0220111010000
00e12294ce11566b00e1220211010000
00e211d623224ea100e2110222010000
00e322035911f31600e3220111020000
00e4220bb211343b00e4220111010000
00e5222dbf11750000e5220111010000
00e611d25422148700e6110222010000
00e7115cf12257fa00e7110122020000
00e8111da222e84500e8110122020000
00e9226a2611656c00e9220211010000
00ea11fd69220d8c00ea110222010000
00eb220c89113a1a00eb220111010000
00ec11c33a223b4900ec110222010000
00ed119eff22e02500ed110222020000
00ee229b201183a600ee220211020000
00ef1133b32297e900ef110122020000
00f0111dfa22f51900f0110122020000
00f12236e11196c400f1220111020000
00f2224fa511993600f2220111020000
00f322736811171d00f3220211010000
00f411bc14229a5000f4110222020000
00f522e23d115ec000f5220211010000
00f611a70e22994300f6110222020000
00f7226c9b11538600f7220111010000
00f82208ed11673600f8220111010000
00f922de5e1175f700f9220211010000
00fa11b86f2203aa00fa110222010000
00fb111d9922812b00fb110122010000
00fc22d59d118c6e00fc220211020000
00fd22311c11f2ac00fd220111020000
00fe228821118c5f00fe220211020000
00ff222dc311463800ff220111010000
010011547622ffd10100110122020000
010111e47e22f5e90101110222020000
0102119b772284710102110222010000
0103113172225e480103110122010000
0104113a352258760104110122010000
01052223bb11d8c20105220111020000
0106116c0d225e300106110122010000
010722a8e21179d30107220211010000
010811ddda220a200108110222010000
010911909622a35b0109110222020000
010a226f4211240b010a220111010000
010b11a84322aea8010b110222020000
010c226783117587010c220111010000
010d22dbaf11a627010d220211020000
010e22405011bbf0010e220111020000
010f221bb911404a010f220111010000
011022284a1118280110220111010000
011111734222d83c0111110122020000
011211587f2281b40112110122020000
011322c31911c22c0113220211020000
01142271d011457c0114220111010000
01152294221169630115220211010000
0116227ac211600e0116220111010000
0117114f932221850117110122010000
0118222a2d1134130118220111010000
011911447322ccbc0119110122020000
011a11ba0822508c011a110222010000
011b11fdf922ec5d011b110222020000
011c11103222da3a011c110122020000
011d110c1a221a50011d110122010000
011e11b20122f72d011e110222020000
011f119b03225661011f110222010000
01202235d11172ce0120220111020000
012122f5cf1111270121220211010000
01222266f511be710122220111020000
012311a32d22bb720123110222020000
01241162fc2240780124110122010000
012511f5c322d6f10125110222020000
012611cdd82271640126110222010000
012722195d11d9670127220111020000
012811d41022c2e00128110222020000
012922eaed11877d0129220211010000
012a11e13b22df0d012a110222020000
012b22e0fa11fb05012b220211020000
012c1138d222b8ce012c110122020000
012d222b901134b2012d220111010000
012e220d0a11b7a8012e220111020000
012f1143212252e2012f110122010000
013022ae8911df5c0130220211020000
013122e5a71105b20131220211010000
013222374c110dcc0132220111010000
0133118eb8228c170133110122020000
013411548222778a0134110122010000
01352276b6119ce80135220111020000
013611a223222b880136110222010000
013711e32d2223330137110222010000
0138115d9b2204740138110122010000
013922e1cd11f4690139220211020000
013a228bf811a11f013a220211020000
013b11949e229f84013b110222020000
013c11715022834a013c110122020000
013d223338119d73013d220111020000
013e11a435227ca2013e110222020000
013f1196cc223653013f110222010000
01402275431192f30140220211020000
014122d3e711f73a0141220211020000
014211cd2422d4490142110222020000
014322efb911cb650143220211020000
014422d3d411f66c0144220211020000
01452291d1116a590145220211010000
01462269d2118bd50146220111010000
0147223aac11fb2b0147220111020000
014822733b11bc790148220111020000
0149224c91112ad30149220111010000
014a223e2c117584014a220111010000
014b2282ff1134ab014b220211010000
014c11fc2c22d09c014c110222020000
014d229c2a116d1e014d220211010000
014e11253a220877014e110122010000
014f2207d611f94f014f220111020000
015022c5b111ee3a0150220211020000
01511126fc22fee20151110122020000
0152227a441179a90152220111010000
01532225be11ac9f0153220111020000
015422a0c61178ad0154220211010000
015511d24f22ca4f0155110222020000
015611e32122f0b90156110222020000
015722ea771197840157220211020000
0158225ec51104ac0158220111010000
015911dd512254470159110222010000
015a113c22229058015a110122020000
015b1161f622752e015b110122010000
015c224f4e113eec015c220111010000
015d11ac1a2273d1015d110222010000
015e117cd6223e87015e110122010000
015f224090114726015f220111010000
016022a86711b0060160220211020000
01611140ff2202530161110122010000
016222962f113b1e0162220211010000
01631115712234bb0163110122010000
01641185ae2216690164110222010000
016511429222e9bf0165110122020000
016611f93e2238b40166110222010000
016711d2ce22258b0167110222010000
016811754922d8750168110122020000
016911ba1122c5350169110222020000
016a227b0c115fe7016a220211010000
016b225df611724e016b220111010000
016c225d2811bb59016c220111020000
016d112305227fe3016d110122020000
016e22b1f311e904016e220211020000
016f111f232282ca016f110122020000
01702295de1140280170220211010000
017111355c22026b0171110122010000
017222118c11a14f0172220111020000
017311f96c22e4af0173110222020000
017411ad4e227fbb0174110222020000
01751152e02265760175110122010000
017611bf05228c710176110222020000
0177115c9b22c0050177110122020000
017822036b110d460178220111010000
017911603022896d0179110122020000
017a221ced11be16017a220111020000
017b11c97622eeac017b110222020000
017c228e7a117d44017c220211020000
017d2298e8119906017d220211020000
017e11fd2522993f017e110222020000
017f229b7b11f4b0017f220211020000
0180224406115e9b0180220111010000
018111c13f22a3730181110222020000
0182227c491175390182220111010000
018322d30b11170e0183220211010000
0184113241222a250184110122010000
018522ec701181940185220211010000
018611db0b2279580186110222010000
018711cdbb2246810187110222010000
01881151ec2203b40188110122010000
0189118308225ee80189110122010000
018a221cf91149a7018a220111010000
018b22ccad118aa3018b220211010000
018c116d1122ad63018c110122020000
018d226a8b114ffd018d220111010000
018e11aa9022f2b5018e110222020000
018f11834c22683e018f110222010000
019011848522f5f40190110222020000
019111322f2287620191110122020000
019211c950223e500192110222010000
019311ee9422f01c0193110222020000
019422ebb611ec180194220211020000
019511f41a22ae210195110222020000
0196119eb0224da70196110222010000
0197223cdc11ded20197220111020000
019822a915115b5d0198220211010000
0199222fa111397c0199220111010000
019a22acc2117d49019a220211010000
019b11c3d222045f019b110222010000
019c22f3d711800e019c220211010000
019d22cce31118c7019d220211010000
019e11042322d5b6019e110122020000
019f226406116b6e019f220111010000
01a022fed8118f8301a0220211020000
01a11100bc228e9f01a1110122010000
01a211a9b82285bd01a2110222010000
01a322c5111186cb01a3220211020000
01a41121de222e3a01a4110122010000
01a511d51c22e86a01a5110222020000
01a6222dc31174cf01a6220111020000
01a722e18f11497901a7220211010000
01a8227c7c11078b01a8220111010000
01a9220007111fc201a9220111010000
01aa2207a211acb701aa220111020000
01ab11fb2622e5ab01ab110222020000
01ac22d06811a39b01ac220211020000
01ad11de6122dfdb01ad110222020000
01ae220ba71139f801ae220111010000
01af22966b11109101af220211010000
01b011e3402286e301b0110222020000
01b1119d20220bbd01b1110222010000
01b21124c822811401b2110122020000
01b311949f228a4d01b3110222020000
01b4225cb711e67d01b4220111020000
01b5221bdb117a0c01b5220111010000
01b62252d111967f01b6220111020000
01b722968a11952b01b7220211020000
01b822c63511d2ac01b8220211020000
01b922eae211fea001b9220211020000
01ba22392611a62001ba220111020000
01bb2228e811c19501bb220111020000
01bc11177922cc7801bc110122020000
01bd226f1b11723801bd220211010000
01be2268bc11893a01be220111010000
01bf11ac5e22df5c01bf110222020000
01c0223ed611ae0501c0220111020000
01c1119f9322290a01c1110222010000
01c222d8e011f2c101c2220211020000
01c3115c9b22064e01c3110122010000
01c4224ead11f7cb01c4220111020000
01c5222c3411233d01c5220111010000
01c6113475227ddf01c6110122020000
01c711f59c2235e001c7110222010000
01c822edf211e54401c8220211020000
01c9116b13221ad101c9110122010000
01ca115f9922c67201ca110122020000
01cb11a4d62202da01cb110222010000
01cc2272c811668901cc220211010000
01cd1169d122fbf701cd110122020000
01ce1192fd22035101ce110122010000
01cf22a64211e49c01cf220211020000
01d011f436229cbb01d0110222020000
01d111d12a222cf101d1110222010000
01d211cfb622a08c01d2110222020000
01d322dff711ff2601d3220211020000
01d4119ef522127401d4110122010000
01d522c2201194a001d5220211010000
01d611af252295b801d6110122020000
01d722c18011bb7101d7220211020000
01d8229e8d11155601d8220211010000
01d9228d67112b4501d9220211010000
01da228eef11d4d201da220211020000
01db11d05522ff8701db110222020000
01dc22afb911072701dc220211010000
01dd11dde72243c001dd110222010000
01de11cbc4227a6301de110222010000
01df2212ed1118a401df220111010000
01e0220022111fa301e0220111010000
01e11183602260e301e1110122010000
01e22278e711451b01e2220111010000
01e3229bd1119a2601e3220211020000
01e42220a111834f01e4220111020000
01e5114c8022f20601e5110122020000
01e622381f11f66a01e6220111020000
01e722652411d8d701e7220111020000
01e8116305222bfc01e8110122010000
01e92212331113dc01e9220111010000
01ea22fc7111e06201ea220211020000
01eb118aa822a2a501eb110222020000
01ec223f91112f3001ec220111010000
01ed1130db2276bb01ed110122020000
01ee11120922eddf01ee110122020000
01ef1105f022f0a601ef110122020000
01f02234eb11e90b01f0220111020000
01f122f7c211256a01f1220211010000
01f222f15c11067801f2220211010000
01f3225e17115dc101f3220111010000
01f4228df21133d901f4220111010000
01f511a38622c27001f5110222020000
01f622989111120701f6220211010000
01f72245181178cd01f7220111020000
01f811ce7122032b01f8110222010000
01f9117ed4224ab301f9110222010000
01fa114956227c9d01fa110122010000
01fb221c54117d2b01fb220111020000
01fc22ddc71137c401fc220211010000
01fd11ba6222e66f01fd110222020000
01fe22b143119a1101fe220211020000
01ff11c78a22992001ff110222020000
0000117e8322ce8c0000110022000000
0001113f092227c80001110022000000
000211053f227dc60002110022000000
0003228adb11c4250003220011000000
0004111fb922f7c90004110022000000
00052223a511bf9d0005220011000000
0006227262111bab0006220011000000
0007221cf41188ad0007220011000000
0008110758229b380008110022000000
0009119db7228c4e0009110022000000
000a1172742203eb000a110022000000
000b228e9e117116000b220011000000
000c22cad111da42000c220011000000
000d11d81222ae56000d110022000000
000e115c9022e489000e110022000000
000f223ce9113285000f220011000000
001022ab70111e250010220211000000
001122287611ab5e0011220111020000
0012114e442255310012110122010000
001322da9d11cc2b0013220211020000
001411e5c62242150014110222010000
0015220f9f1108240015220111010000
001611d0472254c40016110222010000
001722aca71115660017220211010000
00181158e7225c5f0018110122010000
00192270a1119af10019220111020000
001a22c7e811df4c001a220211020000
001b22811a11bfaa001b220211020000
001c226fb3110756001c220111010000
001d22c4fa112c59001d220211010000
001e11c2b122866c001e110222020000
001f110dcc2277ef001f110122010000
0020114f3a2200ac0020110122010000
002111f08822799c0021110222020000
002222631c1177bb0022220111010000
002322d81d117f7b0023220211020000
002422dbea11d7760024220211020000
002522212a117d310025220111010000
0026223c9111bae70026220111020000
002722712f11e9e90027220111020000
002811f4ad22b3c50028110222020000
00292293501156730029220211010000
002a22cff211fdb6002a220211020000
002b1144a322fb42002b110122020000
002c11b49422caf6002c110222020000
002d22de1a11f09e002d220211020000
002e11c4202277d2002e110222010000
002f11a06322b4ea002f110122020000
003011781322f8890030110122020000
003111e5f12256b70031110222010000
0032227c4d1107130032220111010000
003322ae6e113ae40033220211010000
003411bc7822ca400034110222020000
003511b1cb220d210035110222010000
0036117db22242630036110122010000
003722df3911ec510037220211020000
00381123bf229c9a0038110122010000
0039116c2322c11e0039110122020000
003a225f7011a01c003a220111020000
003b224ad71106fd003b220111010000
003c226c6111cf98003c220111020000
003d2200e211de75003d220111020000
003e223c7211a85a003e220111020000
003f22ace911840f003f220211010000
0040228139118ff50040220211020000
004122d0bd115ecd0041220211010000
0042118c2e220f940042110222010000
004322fe33114eca0043220211010000
0044227b8c11a9790044220211020000
00451128222227320045110122010000
004622abfb11f9fe0046220211020000
004711c1f122b6410047110222020000
004811b6e022a2ae0048110222020000
00491191dc222c900049110122010000
004a112c872276a7004a110122020000
004b1187f722a0be004b110122020000
004c22f29a11ddcf004c220211020000
004d11aaad22d561004d110222020000
004e11362f227125004e110122010000
004f11732222645e004f110122010000
00502213591194710050220111020000
00512220221162490051220111010000
00521114672228ff0052110122010000
005311dd9422800e0053110222020000
0054119cb622abe00054110222020000
0055224e16115bb70055220111010000
005622e0ee11d2fd0056220211020000
005711f6de22061a0057110222010000
00581123dd2246620058110122010000
00591195ae2295550059110222020000
005a116be722ec77005a110122020000
005b11abf5225298005b110222010000
005c11eb8f22efed005c110222020000
005d2216ec118c2d005d220111020000
005e11e759223640005e110222010000
005f11119e22eb99005f110122020000
006011b47f2278e20060110222020000
006111ff8c224b7a0061110222010000
00622280f6119b420062220211010000
006322d3d111c02e0063220211020000
006422d5f61171c00064220211010000
0065223d3a11c6720065220111020000
00662265ba11824e0066220111010000
0067228b5b11707d0067220211010000
0068224bc4111e810068220111010000
006911bd4122b6130069110222020000
006a220fcf113e73006a220111010000
006b11d11a22845d006b110222020000
006c1157392205cb006c110122010000
006d2219bc11c1e9006d220111020000
006e223ee211799a006e220111010000
006f2236a21158c6006f220111010000
00701171c022fc0f0070110122020000
007111c32522ef350071110222020000
00722232b1117a550072220111010000
00731163eb22cf100073110122020000
007411494c2279b90074110122020000
007522816e114e7e0075220211010000
007611bcd1222c920076110222010000
0077227d4611b5ca0077220211020000
007822f9081134520078220211010000
007911ff852224230079110222010000
007a225d9411f150007a220111020000
007b11b58122b36a007b110222020000
007c22ea6b117df2007c220211010000
007d11af74221c06007d110222010000
007e22b8ec1192fb007e220211020000
007f11e8c0220a11007f110222010000
008022add1114bb40080220211010000
0081224c0511785a0081220111010000
008222da861132d60082220211010000
0083116e0722f79d0083110122020000
00842264371129660084220111010000
0085229c4911cef10085220211020000
008611633f22591c0086110122010000
008711c0762210e90087110222010000
0088110252221f0e0088110122010000
008922502111dbcc0089220111020000
008a22186b11ad1b008a220111020000
008b11ff7222a041008b110222020000
008c229a6911cba8008c220211020000
008d11aeea22a57d008d110222020000
008e226015114482008e220111010000
008f11ff8e225d24008f110222010000
009022ec6511ad8f0090220211020000
009111bfe2228b260091110222020000
009211ff732232c10092110222010000
009322f6fe1192a20093220211010000
009422149f117ce50094220111010000
009522527d1100100095220111010000
009611ff35223a600096110222010000
009722d7381163120097220211010000
009811845422825d0098110122020000
0099111db7225e810099110122010000
009a112bc8226f0c009a110122010000
009b223f7a11e896009b220111020000
009c1136bb226929009c110122010000
009d11812722aded009d110122020000
009e224ad011d705009e220111020000
009f22fda511a0f5009f220211020000
00a0117fd922d83100a0110122020000
00a122f93f110dc300a1220211010000
00a2117e50221d2c00a2110222010000
00a311ee252202c900a3110222010000
00a4114abb22573300a4110122010000
00a5223d3c11ac2900a5220111020000
00a6116a8522b9b600a6110122020000
00a7222a8a11542d00a7220111010000
00a8229fbe111f8100a8220211010000
00a911bdfc22f05400a9110222020000
00aa11c4b0227db400aa110222010000
00ab110e46229a8000ab110122020000
00ac22413011a76300ac220111020000
00ad11310d22bcf700ad110122020000
00ae22214611913f00ae220111020000
00af11a49022737000af110222010000
00b011ad562233f600b0110222010000
00b111c71322132b00b1110222010000
00b222c7a01197a300b2220211020000
00b3228f9e1123f100b3220211010000
00b4110ab022e90100b4110122020000
00b5223efa11289a00b5220111010000
00b622c01d11588300b6220211010000
00b72290a011efa000b7220211020000
00b811032e22c39600b8110122020000
00b922542a11da8200b9220111020000
00ba22a73511736900ba220211020000
00bb22594411091600bb220111010000
00bc223ba1112b6200bc220111010000
00bd11b1ba226d3f00bd110222010000
00be11593422e33500be110122020000
00bf11f126222ded00bf110222010000
00c0227e9f11c37300c0220111020000
00c111b1a5220d4900c1110222010000
00c2228e94115e1800c2220211010000
00c3116aed2276a900c3110122010000
00c41181ba224de600c4110222010000
00c52293a311cef600c5220211020000
00c622339f11c05800c6220111020000
00c7222c351133a100c7220111010000
00c811b2152240a800c8110222010000
00c9227f5c1176fa00c9220211010000
00ca11390a22c78300ca110122020000
00cb11280422d8e200cb110122020000
00cc1166522209f800cc110122010000
00cd11b02b22062b00cd110222010000
00ce22a7d111fafd00ce220211020000
00cf1130c422895d00cf110122020000
00d011287222074600d0110122010000
00d111cd242270df00d1110222020000
00d222cd1f11a09200d2220211020000
00d3112ac222967900d3110122020000
00d41119a222a4a700d4110122020000
00d511c51f22c41600d5110222020000
00d611ee22228edf00d6110222020000
00d7225fc611ebf900d7220111020000
00d8224c9b11664700d8220111010000
00d9111090224a3700d9110122010000
00da226519115dca00da220111010000
00db11f4d822c51c00db110222020000
00dc11407e223b3f00dc110122010000
00dd11c3b9226f9c00dd110222010000
00de11a43122cf2800de110222020000
00df222a5e110df600df220111010000
00e011ae0a2295bf00e0110222020000
00e111b0b42288fd00e1110222020000
00e211cc4222b3de00e2110222020000
00e311531922e25400e3110122020000
00e422c9bc11bfc200e4220211020000
00e511a75322f1e800e5110222020000
00e62299d211eda800e6220211020000
00e71142d2227d2800e7110122010000
00e82299aa11c55600e8220211020000
00e9118f71229d5b00e9110122020000
00ea11b0192257d500ea110222010000
00eb11777522200400eb110122010000
00ec2260a71182b100ec220111010000
00ed22d027118be600ed220211010000
00ee22b4ee11aa7b00ee220211020000
00ef22bfac117ba600ef220211010000
00f0111a922213da00f0110122010000
00f111bf3122abe200f1110222020000
00f2111a9e22561d00f2110122010000
00f322cdcb11f04600f3220211020000
00f4117130221b5300f4110122010000
00f522ef9211b9ee00f5220211020000
00f622caf011e28c00f6220211020000
00f7222db711f7d400f7220111020000
00f82281fb117f2300f8220111010000
00f9111a5a2292a600f9110122020000
00fa221b0e112d8900fa220111010000
00fb1159ce220c7000fb110122010000
00fc22fdc111e95400fc220211020000
00fd22f37a11438e00fd220211010000
00fe11dc8b22532600fe110222010000
00ff225214114b1f00ff220111010000
01002259b51135310100220111010000
01012253a2112ae50101220111010000
0102221a1711e6240102220111020000
010311badd2270cb0103110222010000
010411063f22aa110104110122020000
01052264da11e0790105220111020000
010622674f11f2aa0106220111020000
01072262921180c90107220111020000
010822c9fa1187850108220211020000
010922ea1a11cc520109220211020000
010a113590221045010a110122010000
010b11ea58222cee010b110222010000
010c11b682227a76010c110222020000
010d113a4722f9bf010d110122020000
010e224c01111e12010e220111010000
010f11abac22951e010f110222020000
011022e6411182de0110220211010000
011122ebb0112b770111220211010000
0112113dd122f5e20112110122020000
0113224999118c610113220111020000
011422fe411100290114220211010000
011522a4d9113cd80115220211010000
0116110a892277550116110122010000
011711eac422d3300117110222020000
011811b12f227a430118110222010000
011911386622daea0119110122020000
011a11622f228a8a011a110122010000
011b11ba70225f79011b110222010000
011c22636f11b304011c220111020000
011d11075c22abb0011d110122020000
011e11f2a9222216011e110222010000
011f11bbe02208c2011f110222010000
01201109562259f80120110122010000
01212281b9119bb10121220111020000
0122226fb111c1e80122220111020000
01232202261184630123220111020000
012422b97e1178ae0124220211010000
012511403622fe780125110122020000
012611453c22ba790126110122020000
012722ea78113bdc0127220211010000
012811081d2232250128110122010000
012922e2be1162f30129220211010000
012a2270e2113284012a220111010000
012b22a7cb11ff57012b220211020000
012c228bcd11305b012c220211010000
012d1162d722c493012d110122020000
012e224e4a1183fc012e220111020000
012f22b3ec11e618012f220211020000
013022e9c111aae80130220211020000
013122181311712e0131220111010000
013222f424112a9c0132220211010000
0133116cc422009b0133110222010000
013422d3a911d9280134220211020000
0135224b7811ddd40135220111020000
013622c2a21161410136220211010000
01371137b12235ad0137110122010000
013822545a119e840138220111020000
01392277f41161840139220111010000
013a11f8a9221725013a110222010000
013b1155552274e3013b110122010000
013c11c8c3223a7b013c110222010000
013d22b01e11f1be013d220211020000
013e114d2522cab2013e110122020000
013f11d44e22456c013f110222010000
014022f1ce1172260140220211010000
014111bc6f2216980141110222010000
014211be24222b890142110222010000
0143115cd222189e0143110122010000
014422cac8115f120144220211010000
0145228da51105ef0145220211010000
01462261d31104780146220111010000
014722bbd4111ae80147220211010000
014822f637119aab0148220211020000
014922c68b11d7500149220211020000
014a22472f11aab9014a220111020000
014b111fba227ca6014b110122010000
014c11aab322f6a1014c110222020000
014d119c402225c7014d110222010000
014e110f8d22a5a0014e110122020000
014f1138fd22ac1a014f110122020000
0150229e551159b40150220211010000
015111c03322d9ff0151110222020000
015222ea4d1178140152220211020000
015322bcc511d5fb0153220211020000
015422921c11b3b50154220111020000
01552215df118a7d0155220111020000
015622a37311f0fa0156220211020000
01571105a22243d80157110122010000
0158223a5111ba100158220111020000
01591128732222470159110122010000
015a224b791172a8015a220111010000
015b22e191117e62015b220211010000
015c22e1fb110f3f015c220211010000
015d22e05c11143e015d220211010000
015e11c46922dd3d015e110222020000
015f2267b411a137015f220111020000
016022fe0a1141b90160220211010000
01612257f911ed5f0161220111020000
016222013211cb5f0162220111020000
0163225ddc11c0300163220111020000
016411ae592281400164110222020000
016522d7961148690165220211010000
016611e55c221f6a0166110222010000
016711634f2214940167110122010000
0168225c091189e80168220111020000
0169112c7e227d0e0169110122010000
016a1125a122f3a4016a110122020000
016b113e05222af3016b110122010000
016c11f70222f5a6016c110222020000
016d114f2322c870016d110122020000
016e22231311d02f016e220111020000
016f112c4b223b5f016f110122010000
0170111d9222929c0170110122020000
0171117d342234050171110222010000
017211bbd322be620172110222020000
017322d9ef11da850173220211020000
01742238fe11b8f90174220111020000
01751133e8227bbc0175110122020000
017611bc0822aeaf0176110222020000
0177226d2611336d0177220111010000
0178229d2c110ba80178220211010000
01792222a61121560179220111010000
017a11443822ccf3017a110122020000
017b22fde8111105017b220211010000
017c22892c117e98017c220211020000
017d117fee2200c1017d110222010000
017e11311e229343017e110122020000
017f11317122c898017f110122020000
018011e49322db1a0180110222020000
0181223dcd110a0b0181220111010000
018211a89822570c0182110222010000
0183110ae422189c0183110122010000
018411d3202248e90184110222010000
018511ce782228f40185110222010000
018611d23b229d990186110222020000
01871192b7226a1b0187110222010000
01882249b71128180188220111010000
018922b918111d1c0189220211010000
018a11475622451a018a110122010000
018b22a14c11dfad018b220211020000
018c11e79722622b018c110222010000
018d11a721222211018d110222010000
018e22999c11a2fa018e220211020000
018f22fe54112de6018f220211010000
0190225d1e11df610190220111020000
019122bacc1132820191220211010000
019222ead111e7ac0192220211020000
019311d48122429e0193110222010000
019422d9b611f75d0194220211020000
019522b73b11b8b70195220211020000
019622e048112cfb0196220211010000
019711d3b022d9260197110222020000
019811d48f22b80a0198110222020000
019911b8a52220580199110222010000
019a1164c0227e86019a110122010000
019b114dc722f3aa019b110122020000
019c221a5b11f8b4019c220111020000
019d2221a91103f6019d220111010000
019e22279411923b019e220111010000
019f22a9cf11af52019f220211020000
01a011ca6a22203001a0110222010000
01a1222ff711606d01a1220111010000
01a2229ab911d73f01a2220211020000
01a311c15f22452c01a3110222010000
01a422121d11fc3e01a4220111020000
01a52292e61121cc01a5220211010000
01a622622c11193001a6220111010000
01a711876f22000201a7110122010000
01a811816822460301a8110122010000
01a922edb31105ab01a9220211010000
01aa2232ee11ba7a01aa220111020000
01ab11eaa022629401ab110222020000
01ac11f3e222f0c301ac110222020000
01ad116b0b2229d001ad110122010000
01ae11942122351601ae110122010000
01af1101e72230e001af110122010000
01b02233061103bc01b0220111010000
01b12231341122f401b1220111010000
01b211bd0222b27b01b2110222020000
01b3113a5622bf5701b3110122020000
01b422f38e11cf2501b4220211020000
01b522207011667801b5220111010000
01b61151e422b57d01b6110122020000
01b7118a5022f14301b7110222020000
01b811fcb022afd501b8110222020000
01b92284b011dc8e01b9220211020000
01ba2299b111b55101ba220211020000
01bb114a8a22983401bb110122020000
01bc222e8111e24101bc220111020000
01bd221f0c119dc801bd220111020000
01be11cf9322b14701be110222020000
01bf11976a22054001bf110222010000
01c0224e4b11b36d01c0220111020000
01c11194412264f401c1110122010000
01c21190a822d3b801c2110122020000
01c311a22f22362401c3110122010000
01c411771422439301c4110122010000
01c5220305118b8c01c5220111010000
01c62235eb11d3c801c6220111020000
01c72268a311f1ad01c7220211020000
01c811b02f22648101c8110222020000
01c9223adb11e0fd01c9220111020000
01ca111e55223a0801ca110122010000
01cb11f73a222ead01cb110222010000
01cc22de80119d1401cc220211010000
01cd22d9fe11389301cd220211010000
01ce11a1ad22682901ce110222020000
01cf1107a822a82701cf110122020000
01d022633d11683e01d0220111010000
01d12298b211ea2001d1220211020000
01d222083211a8a601d2220111020000
01d3118e5022bff301d3110122020000
01d4221bdc11a57201d4220111020000
01d511f6af22277801d5110222010000
01d622830c11239601d6220211010000
01d71156c5224a4e01d7110122010000
01d811dca722852a01d8110222020000
01d91115b122001101d9110122010000
01da22551111741001da220111010000
01db22dc4211391f01db220211010000
01dc22990411452901dc220211010000
01dd22a2b311be9201dd220211020000
01de11e3e322d0fe01de110222020000
01df11039422198401df110122010000
01e011b2cb22dbc201e0110222020000
01e122a4e011057001e1220211010000
01e211c1992281f201e2110222020000
01e3115934222ab801e3110122010000
01e422084611b15401e4220111020000
01e51191f82277b901e5110222020000
01e622f17c11542201e6220211010000
01e7225d6f11d43401e7220111020000
01e811d5a3223f8a01e8110222010000
01e9224fa711767d01e9220111010000
01ea226bfe116d2801ea220111010000
01eb11564822f56d01eb110122020000
01ec22430d11bff001ec220111020000
01ed112795225df201ed110122010000
01ee22d00911e85b01ee220211020000
01ef229de4110ec901ef220211010000
01f0115aab223b4f01f0110122010000
01f122df6811945001f1220211020000
01f211dede22110201f2110222010000
01f311ab8f226c0001f3110222010000
01f4229fa311507801f4220211010000
01f511a67a22d89e01f5110222020000
01f6119bc122b7bc01f6110222020000
01f722a75311764f01f7220211010000
01f82284f611f39b01f8220111020000
01f9221aaf11bbf101f9220111020000
01fa221f2b11c47001fa220111020000
01fb22546d11973201fb220111020000
01fc11392b2267d601fc110122010000
01fd2252e711aad201fd220111020000
01fe11110e22fbf601fe110122020000
01ff11ba872223e401ff110222010000
000022e3471138650000220011000000
00012208c811e3660001220011000000
000222622e114f500002220011000000
0003220d26119d050003220011000000
000411b728221fbc0004110022000000
00052289341101300005220011000000
000611fdeb22ec220006110022000000
000711859b22f90a0007110022000000
0008115ad822d5380008110022000000
000911709a22f33a0009110022000000
000a22af32117c80000a220011000000
000b223763116933000b220011000000
000c22a72e11a4e8000c220011000000
000d2273c311262d000d220011000000
000e11dfb1220b30000e110022000000
000f11273e225d19000f110022000000
00102288621124fe0010220211000000
00111154062214520011110022010000
001211bf28220ae40012110222010000
0013224bc811b49d0013220111020000
001411088f228b7f0014110122020000
0015113519223beb0015110122010000
0016111ec52285b80016110122020000
001711977522a7870017110222020000
001811634222fb0e0018110122020000
00192265a011cd750019220111020000
001a116fc422d26a001a110222020000
001b22e6cb11f3bf001b220211020000
001c22c99111bf86001c220211020000
001d22d851112401001d220211010000
001e11fc8822cdcd001e110222020000
001f2261ff113766001f220111010000
00201171792220db0020110122010000
002122131211a55e0021220111020000
00222279f011e49c0022220111020000
002322594c11a9950023220111020000
0024112d5f22a3660024110122020000
002511ab9a220a2d0025110222010000
002622e3c311baca0026220211020000
0027119cde229dd20027110222020000
002811061522f2370028110122020000
0029223a8c1158eb0029220111010000
002a225a6311df8b002a220111020000
002b22282811e2cb002b220111020000
002c225bc41146f3002c220111010000
002d223c89112bb1002d220111010000
002e1191b0229469002e110222020000
002f11b7f0223b7a002f110222010000
003011139922ea9d0030110122020000
00312230e01156470031220111010000
0032118f142230940032110222010000
003322263c11ceee0033220111020000
003422d09b11791a0034220211010000
003511e6762262800035110222010000
0036226cb511d24e0036220211020000
00372215e91120a50037220111010000
0038221dfe1141e70038220111010000
00392220ac11643a0039220111010000
003a11ce2d226822003a110222020000
003b22ae5911563f003b220211010000
003c229daa11e9dc003c220211020000
003d22f00911c546003d220211020000
003e11784722ffd4003e110122020000
003f224f6e111bf0003f220111010000
004022abdf1183af0040220211010000
0041117eb3223d210041110122010000
004222550d11fa5f0042220111020000
004322c447118e9d0043220211010000
004422628711f2540044220111020000
004522595d11d6250045220111020000
004611abbb2240620046110222010000
0047221c1a11a7480047220111020000
004822737211ef530048220111020000
0049116a54220d2d0049110122010000
004a11ac2f2259c3004a110222010000
004b22d2d311ca92004b220211020000
004c11e533229a61004c110222020000
004d220a6a1129a3004d220111010000
004e117b5722e075004e110122020000
004f224f8d11b331004f220111020000
00501176cf2232970050110122010000
0051119d6b22d0d40051110122020000
0052225ca311ccf40052220111020000
005322053d1156330053220111010000
005411d49f2216a30054110222010000
005511635f2232110055110122010000
005622618411746a0056220211010000
005711c8e02263420057110222020000
0058115006221dbd0058110122010000
0059226d3c11d3d50059220211020000
005a22bf4d11781f005a220211010000
005b22f806113e8a005b220211010000
005c11481b224b61005c110122010000
005d22deff113dd2005d220211010000
005e22ee9a116972005e220211010000
005f228479115058005f220211010000
006011649122f3af0060110122020000
006122718f1178610061220111010000
0062221e4511f35d0062220111020000
006311bb1a22dda20063110222020000
006422d03711ecc00064220211020000
006511fa64223d840065110222010000
0066116d5a2263320066110122010000
006711b44922cd840067110222020000
006822680e11e7820068220111020000
006922f01f11ae480069220211020000
006a22cf68114838006a220211010000
006b11d5b1223c24006b110222010000
006c11f0a52233fa006c110222010000
006d11fc5822853b006d110222010000
006e11d5b7227082006e110222010000
006f1141ac227765006f110122010000
007011cf79229b6d0070110222020000
007111f64d22fd220071110222020000
007222d34211bee20072220211010000
007311ef8922a3f70073110222020000
007422c0101145a10074220211010000
00751138ea22b0bc0075110122020000
007611c987220b100076110222010000
007722e47e1141cf0077220211010000
007822cc811178080078220211010000
007911360d2236c90079110122010000
007a117f3d22a40a007a110122020000
007b1160a422567b007b110122010000
007c2277bf1143de007c220111010000
007d22051911f869007d220111020000
007e2247341121c2007e220111010000
007f119d7d220c70007f110222010000
008022e8921141940080220211010000
00811183282217560081110222010000
0082113b0a22a9880082110122020000
00831161ab220a7b0083110122010000
008422a97311d1cc0084220211020000
0085111ab0228d540085110122020000
008611c87122fae10086110222020000
0087118d2122d8d70087110222020000
008811c3aa229daa0088110222020000
00891145ab22d96a0089110122020000
008a22e22a112944008a220211010000
008b118dba229f9b008b110222020000
008c11d5ef22b4b3008c110222020000
008d118f93221a39008d110222010000
008e22f72311aa3d008e220211020000
008f113c5b22c10a008f110122020000
009022536411edf60090220111020000
00912280221197490091220111020000
0092111d7322711d0092110122010000
009311dad322e69e0093110222020000
00941123ff2255e10094110122010000
00951168b322ce300095110122020000
009611c8ae223a420096110222010000
009722abaa111a1a0097220211010000
009811b6032205540098110222010000
00992232651123700099220111010000
009a22feaa112ec3009a220211010000
009b22995011c261009b220211020000
009c2231e0117d18009c220111020000
009d226e2d111c6c009d220111010000
009e111c7022d7df009e110122020000
009f22b4651172d7009f220211020000
00a0110d8922c69f00a0110122020000
00a12223a811fcc400a1220111020000
00a222fad4119b8400a2220211020000
00a3118f5522067500a3110222010000
00a42253cb1135c300a4220111010000
00a511196022de0100a5110122020000
00a611ebb322b80100a6110222020000
00a7112ce122bde200a7110122020000
00a82230ee11346e00a8220111010000
00a922ae02110d3f00a9220211010000
00aa2203381197f000aa220111020000
00ab226e1311e7de00ab220111020000
00ac223da511c65000ac220111020000
00ad11e1e622372200ad110222010000
00ae22b85d1172fd00ae220211010000
00af22847711613100af220211010000
00b011d17122b44600b0110222020000
00b11145cb22312c00b1110122010000
00b222c35311b09200b2220211020000
00b322a2c911624000b3220211010000
00b4224fbf1189af00b4220111020000
00b511bbb6225a0e00b5110222010000
00b62255fa115ef900b6220111010000
00b722f8f1118d4000b7220211020000
00b811d96d22e5e600b8110222020000
00b9227b6f112f8500b9220111010000
00ba1191e422ee8100ba110122020000
00bb22590f1149f400bb220111010000
00bc22f71f11025e00bc220211010000
00bd11c6152278ae00bd110222010000
00be22d7fe118f2b00be220211020000
00bf116b7722a34400bf110122020000
00c011f63422cb1400c0110222020000
00c111830f2294ce00c1110122010000
00c22254eb11c9ae00c2220111020000
00c311c459226c6b00c3110222010000
00c4227077110e1700c4220111010000
00c522604b11778500c5220111010000
00c622384711989500c6220111020000
00c722ad1711517c00c7220211010000
00c81199e622302700c8110222010000
00c922441c11399400c9220111010000
00ca11588e227e8900ca110122010000
00cb116b5c22290700cb110122010000
00cc11e60022874d00cc110222020000
00cd11faed22aa1900cd110222020000
00ce11d4a122eb8f00ce110222020000
00cf11c24622e76100cf110222020000
00d022712d110ae700d0220111010000
00d122a0de11e3b100d1220211020000
00d211c48522afe400d2110222020000
00d322e05311febf00d3220211020000
00d42231bd11b7c600d4220111020000
00d522b2bc11ed7200d5220211020000
00d622ed3111ee9700d6220211020000
00d7221b2f11771900d7220111010000
00d811ac662294d200d8110122020000
00d922e1a211354d00d9220211010000
00da22922d11c15e00da220111020000
00db2237e01196be00db220111010000
00dc22e2511172d600dc220211010000
00dd11459c22ddfb00dd110122020000
00de11948f22b61a00de110122020000
00df22e6f411b81200df220211020000
00e02210fe11750200e0220111010000
00e1220c601154f900e1220111010000
00e2224369114d7900e2220111010000
00e322630811b98500e3220111020000
00e411e3a8220f1c00e4110222010000
00e511c4fe22029800e5110222010000
00e611b233228ec900e6110222020000
00e711ce4b2296fc00e7110222020000
00e8226eb611c41700e8220111020000
00e911da12228f9a00e9110222020000
00ea11252622500e00ea110122010000
00eb225e0b11142400eb220111010000
00ec22c9db117cc600ec220211010000
00ed2262c3111ea300ed220111010000
00ee22036611531a00ee220111010000
00ef1132c722a15c00ef110122020000
00f011993222db1b00f0110222020000
00f111421b22cfed00f1110122020000
00f22232ed11cb9e00f2220111020000
00f311f482227b8c00f3110222020000
00f4224504110cee00f4220111010000
00f5111db422001900f5110122010000
00f62206eb11c3a100f6220111020000
00f722f05f112eff00f7220211010000
00f8114db922739c00f8110122020000
00f922555811d4db00f9220111020000
00fa2274c211f9cf00fa220211020000
00fb11d0bc22911c00fb110222020000
00fc2243f711de6600fc220111020000
00fd221da211dc6100fd220111020000
00fe113f6d227adb00fe110122020000
00ff11a708221ad600ff110222010000
0100114098225ef90100110122020000
010111f9bb22c8c80101110222020000
010222b34911d21c0102220211020000
01032223881189030103220111010000
010422dd7211c0960104220211020000
01052251f51153f60105220111010000
0106114afd22eabe0106110122020000
010722cd791166bb0107220211010000
0108113b1822032f0108110122010000
010911d4cc2251a90109110222010000
010a22905911f438010a220211020000
010b11bd7122e25b010b110222020000
010c11ab9722ee72010c110222020000
010d11d5c1221c29010d110222010000
010e228be8118916010e220211010000
010f22678211dd76010f220111020000
0110116c50223d240110110122010000
0111220c9311772b0111220111010000
0112223900115aaa0112220111010000
011322993b116d280113220211010000
011411abc02259110114110222010000
011522200511b66f0115220111020000
011611ef2622b46a0116110222020000
01171171072266250117110122010000
011811a68c2234f70118110122010000
011911ab912231710119110222010000
011a115ce7228259011a110122020000
011b115f19229e60011b110122020000
011c11121b22a31f011c110122020000
011d118168229bac011d110122020000
011e22948511da85011e220211020000
011f224a8611445f011f220111010000
012022aed311667c0120220211010000
0121115667227d390121110122020000
0122111c5b225b520122110122010000
01231183482291e50123110222020000
0124117bb9224d030124110222010000
0125116fe222544e0125110122010000
0126119b5622dab90126110222020000
012711fb812260540127110222010000
012822f24411f0a80128220211020000
0129113acc22fd420129110122020000
012a11c90122a55e012a110222020000
012b22481c115485012b220111010000
012c114b102263f8012c110122010000
012d11242e226bcc012d110122010000
012e11484f22c597012e110122020000
012f22047d11ae93012f220111020000
0130222ed4113a960130220111010000
013111d07a22d3e20131110222020000
013222e9721106580132220211010000
0133223fbe11e2850133220111020000
013422c0c211dbf50134220211020000
0135115c962252080135110122010000
013611c41d228b030136110222020000
0137228e561142190137220211010000
0138110c3522dcbf0138110122020000
013911235122c3b90139110122020000
013a229c171191ac013a220211020000
013b1171ed220369013b110222010000
013c22ce9f11d9c8013c220211020000
013d2229891119fa013d220111010000
013e22b974114ddb013e220211010000
013f119e08228223013f110222010000
014022d160118e290140220211020000
0141223a1711bfcc0141220111020000
01422218c811a9f70142220111020000
014322bb4911c2af0143220211020000
014411007b220a740144110122010000
0145117cf322ac460145110222020000
014611779622218f0146110222010000
0147115c0222690d0147110122010000
014811c47122f2620148110222020000
014911546322efff0149110122020000
014a11206122e1a4014a110122020000
014b22327a11e21b014b220111020000
014c11aad0222787014c110222010000
014d1117a52247ce014d110122010000
014e22767d114621014e220111010000
014f22aa9511f3e4014f220211020000
015011670322f53a0150110122020000
0151220c2c116ebc0151220111010000
015211da2922c1890152110222020000
01532282ca1123850153220211010000
01542282911168d30154220111010000
0155223a8b1178f10155220111010000
015622d8621143cf0156220211010000
015722b062110c600157220211010000
01581193432251500158110222010000
015911b3312218d10159110222010000
015a22225f11a317015a220111020000
015b11581e228a4e015b110122020000
015c225b151139e9015c220111010000
015d22a19911d4d0015d220211020000
015e225d2911a440015e220111020000
015f22ba4811e370015f220211020000
016011f1c722a12e0160110222020000
016111bc2922a71e0161110222020000
016211389a221e730162110122010000
0163115d4f2280690163110122020000
016422c2711146310164220211010000
016522ba9111db970165220211020000
016622509c11275b0166220111010000
01671129952233d20167110122010000
0168114f67220e860168110122010000
016911ddab22464e0169110222010000
016a22dbce11095c016a220211010000
016b115b562217e7016b110122010000
016c22b08c11aee7016c220211020000
016d11697d22773a016d110122020000
016e116c44227b26016e110122020000
016f22659411d46d016f220111020000
017022c74111cb650170220211020000
01712269c8114fef0171220111010000
017211928a2211ad0172110222010000
01732254a211043f0173220111010000
0174221802115afc0174220111010000
0175221f43113fc80175220111010000
017622b746113e140176220211010000
0177113b9422c4690177110122020000
017822452c1114560178220111010000
0179224a08119a080179220111020000
017a22585a113ca2017a220111010000
017b225271118bf8017b220111020000
017c117ab222cbe6017c110222020000
017d2267d1112c99017d220111010000
017e113b5d22f60c017e110122020000
017f22bf3d1159e3017f220211020000
0180110dc12213bf0180110122010000
018111585a229fb50181110222020000
0182113c90223dc00182110122010000
018322046011258c0183220111010000
018422f0e711bcec0184220211020000
0185227d8511413f0185220111010000
0186114fc622abe20186110122020000
018722fc40117bc40187220211020000
018822ca471105b10188220211010000
018911f8be226d870189110222010000
018a112ab9225763018a110122010000
018b220a2311b542018b220111020000
018c229f69112b19018c220211010000
018d11b7f9220037018d110222010000
018e227f3911179e018e220211010000
018f2270ac116b15018f220111020000
019022f2ab1177bd0190220211020000
0191112c572225e80191110122010000
0192113ec3221d3c0192110122010000
0193110ac722497b0193110122010000
0194113ced22b41e0194110122020000
0195226bb111b0650195220111020000
019622e12b1114630196220211010000
019722be4411b2c70197220211020000
019811303222d8ed0198110122020000
019911573d227de40199110222020000
019a22fdd7113758019a220211010000
019b2269051115de019b220111010000
019c11873222ac85019c110222020000
019d223c061124a7019d220111010000
019e11e92b229588019e110222020000
019f1141172257f9019f110122010000
01a0228e48114d5c01a0220211010000
01a111630922e1b101a1110222020000
01a21100d722670801a2110122010000
01a322fc2f111c9d01a3220211010000
01a411f6bd226b6a01a4110222010000
01a511e65722006e01a5110222010000
01a622d96a11d99401a6220211020000
01a7227dce11209701a7220111010000
01a8114ad1223e4201a8110122010000
01a922771511bfb101a9220111020000
01aa11bb4b224a4201aa110222010000
01ab11648422bb1901ab110122020000
01ac2271881158ff01ac220111010000
01ad116b1022c51b01ad110122020000
01ae22449e1193cc01ae220111020000
01af223e9911219101af220111010000
01b0223471118a6c01b0220111020000
01b111377d22e7db01b1110122020000
01b22278a9115ed301b2220111010000
01b322a778113a5001b3220211010000
01b41141b522445501b4110122010000
01b52212d811c16101b5220111020000
01b622b26611986501b6220211020000
01b72213f5117abd01b7220111020000
01b811e2d022a17401b8110222020000
01b9111406220a7801b9110122010000
01ba11612f226e3801ba110122010000
01bb11a9842265da01bb110222010000
01bc22a67a11653501bc220211010000
01bd222c57110f8d01bd220111010000
01be119f49223cd201be110222010000
01bf22b0051157c401bf220211010000
01c022e352117eeb01c0220211020000
01c122bca01187ee01c1220211020000
01c222f3d111f0aa01c2220211020000
01c311a70c22841d01c3110222020000
01c4222c2211a0c301c4220111020000
01c511c88a22bc8901c5110222020000
01c6225ebb1194ca01c6220111020000
01c71159e622768001c7110122010000
01c822440a119d3701c8220111020000
01c922664911fe9301c9220111020000
01ca224fdb11d33901ca220111020000
01cb116f2b22bb3101cb110122020000
01cc22883e11846501cc220211010000
01cd114b432291a001cd110122020000
01ce112a6f22122e01ce110122010000
01cf1134de22cb6701cf110122020000
01d022085411c74c01d0220111020000
01d122350911f82d01d1220111020000
01d2119e4722915501d2110222020000
01d311751e22b5a201d3110122020000
01d4227b8d110cfb01d4220211010000
01d5118db32204be01d5110222010000
01d61199c822cce201d6110222020000
01d71121ab22014f01d7110122010000
01d822aebb11f5b001d8220211020000
01d9112bb122f17c01d9110122020000
01da22f6e111a0a601da220211020000
01db111d8a22fcd601db110122020000
01dc2284131195ac01dc220111020000
01dd115a4b22a72d01dd110122020000
01de223b1411c3a601de220111020000
01df22bd8211a2ac01df220211020000
01e0227a2c11225101e0220111010000
01e12204cd1180f401e1220111020000
01e2113c5c22f0b301e2110122020000
01e311912b226e2101e3110222010000
01e422b2181133c701e4220211010000
01e522713811017301e5220111010000
01e6222c27116d5901e6220111020000
01e7113f7e22eaf301e7110122020000
01e811a37c22535701e8110222010000
01e92212041152cd01e9220111010000
01ea112c7022e01101ea110122020000
01eb116d3d22365801eb110222010000
01ec223515118d1801ec220111020000
01ed118597224aaf01ed110222010000
01ee22a5c81192e901ee220211020000
01ef11bd3922d17a01ef110222020000
01f022425a11510601f0220111010000
01f11138b52229ee01f1110122010000
01f2112d1c2251f301f2110122010000
01f322d15d11de8501f3220211020000
01f422638e116e6e01f4220111020000
01f52258cf11199601f5220111010000
01f611830f227c8501f6110222020000
01f722d7ce11d0f001f7220211020000
01f822b16911749101f8220211020000
01f911532222e5f901f9110122020000
01fa22edaa1175e901fa220211010000
01fb11861122d97f01fb110222020000
01fc11cac322e02701fc110222020000
01fd22310c11824401fd220111020000
01fe11a37522edb901fe110222020000
01ff22ca57115b8501ff220211010000
