000022ffff1100000000220011000000
000122ffff1100000001220011000000
000211000022ffff0002110022000000
000311000022ffff0003110022000000
000422ffff1100000004220011000000
000522ffff1100000005220011000000
000611000022ffff0006110022000000
000711000022ffff0007110022000000
000822ffff1100000008220011000000
000911000022ffff0009110022000000
000a22ffff110000000a220011000000
000b22ffff110000000b220011000000
000c22ffff110000000c220011000000
000d11000022ffff000d110022000000
000e11000022ffff000e110022000000
000f11000022ffff000f110022000000
001022ffff1100000010220011000000
001111000022ffff0011110022000000
001211000022ffff0012110022000000
001311000022ffff0013110022000000
001422ffff1100000014220011000000
001511000022ffff0015110022000000
001622ffff1100000016220011000000
001722ffff1100000017220011000000
001811000022ffff0018110022000000
001922ffff1100000019220011000000
001a22ffff110000001a220011000000
001b22ffff110000001b220011000000
001c11000022ffff001c110022000000
001d22ffff110000001d220011000000
001e11000022ffff001e110022000000
001f11000022ffff001f110022000000
002011000022ffff0020110022000000
002122ffff1100000021220011000000
002211000022ffff0022110022000000
002311000022ffff0023110022000000
002422ffff1100000024220011000000
002522ffff1100000025220011000000
002611000022ffff0026110022000000
002711000022ffff0027110022000000
002811000022ffff0028110022000000
002911000022ffff0029110022000000
002a22ffff110000002a220011000000
002b22ffff110000002b220011000000
002c11000022ffff002c110022000000
002d22ffff110000002d220011000000
002e22ffff110000002e220011000000
002f22ffff110000002f220011000000
003011000022ffff0030110022000000
003122ffff1100000031220011000000
003222ffff1100000032220011000000
003311000022ffff0033110022000000
003411000022ffff0034110022000000
003522ffff1100000035220011000000
003611000022ffff0036110022000000
003711000022ffff0037110022000000
003811000022ffff0038110022000000
003922ffff1100000039220011000000
003a11000022ffff003a110022000000
003b22ffff110000003b220011000000
003c11000022ffff003c110022000000
003d22ffff110000003d220011000000
003e11000022ffff003e110022000000
003f11000022ffff003f110022000000
004022ffff1100000040220011000000
004122ffff1100000041220011000000
004211000022ffff0042110022000000
004322ffff1100000043220011000000
004411000022ffff0044110022000000
004511000022ffff0045110022000000
004622ffff1100000046220011000000
004711000022ffff0047110022000000
004822ffff1100000048220011000000
004911000022ffff0049110022000000
004a22ffff110000004a220011000000
004b22ffff110000004b220011000000
004c22ffff110000004c220011000000
004d22ffff110000004d220011000000
004e11000022ffff004e110022000000
004f22ffff110000004f220011000000
005022ffff1100000050220011000000
005122ffff1100000051220011000000
005222ffff1100000052220011000000
005322ffff1100000053220011000000
005422ffff1100000054220011000000
005522ffff1100000055220011000000
005611000022ffff0056110022000000
005722ffff1100000057220011000000
005822ffff1100000058220011000000
005911000022ffff0059110022000000
005a22ffff110000005a220011000000
005b22ffff110000005b220011000000
005c11000022ffff005c110022000000
005d22ffff110000005d220011000000
005e11000022ffff005e110022000000
005f22ffff110000005f220011000000
006011000022ffff0060110022000000
006122ffff1100000061220011000000
006211000022ffff0062110022000000
006322ffff1100000063220011000000
006422ffff1100000064220011000000
006522ffff1100000065220011000000
006622ffff1100000066220011000000
006722ffff1100000067220011000000
006811000022ffff0068110022000000
006911000022ffff0069110022000000
006a11000022ffff006a110022000000
006b11000022ffff006b110022000000
006c11000022ffff006c110022000000
006d22ffff110000006d220011000000
006e11000022ffff006e110022000000
006f11000022ffff006f110022000000
007022ffff1100000070220011000000
007111000022ffff0071110022000000
007222ffff1100000072220011000000
007311000022ffff0073110022000000
007411000022ffff0074110022000000
007511000022ffff0075110022000000
007611000022ffff0076110022000000
007711000022ffff0077110022000000
007811000022ffff0078110022000000
007922ffff1100000079220011000000
007a11000022ffff007a110022000000
007b22ffff110000007b220011000000
007c22ffff110000007c220011000000
007d11000022ffff007d110022000000
007e11000022ffff007e110022000000
007f11000022ffff007f110022000000
008011000022ffff0080110022000000
008122ffff1100000081220011000000
008211000022ffff0082110022000000
008322ffff1100000083220011000000
008422ffff1100000084220011000000
008522ffff1100000085220011000000
008622ffff1100000086220011000000
008722ffff1100000087220011000000
008811000022ffff0088110022000000
008922ffff1100000089220011000000
008a11000022ffff008a110022000000
008b22ffff110000008b220011000000
008c11000022ffff008c110022000000
008d22ffff110000008d220011000000
008e22ffff110000008e220011000000
008f22ffff110000008f220011000000
009011000022ffff0090110022000000
009111000022ffff0091110022000000
009211000022ffff0092110022000000
009311000022ffff0093110022000000
009411000022ffff0094110022000000
009522ffff1100000095220011000000
009622ffff1100000096220011000000
009722ffff1100000097220011000000
009822ffff1100000098220011000000
009911000022ffff0099110022000000
009a22ffff110000009a220011000000
009b11000022ffff009b110022000000
009c11000022ffff009c110022000000
009d11000022ffff009d110022000000
009e22ffff110000009e220011000000
009f11000022ffff009f110022000000
00a022ffff11000000a0220011000000
00a111000022ffff00a1110022000000
00a222ffff11000000a2220011000000
00a311000022ffff00a3110022000000
00a422ffff11000000a4220011000000
00a511000022ffff00a5110022000000
00a622ffff11000000a6220011000000
00a722ffff11000000a7220011000000
00a811000022ffff00a8110022000000
00a922ffff11000000a9220011000000
00aa22ffff11000000aa220011000000
00ab22ffff11000000ab220011000000
00ac22ffff11000000ac220011000000
00ad11000022ffff00ad110022000000
00ae22ffff11000000ae220011000000
00af11000022ffff00af110022000000
00b022ffff11000000b0220011000000
00b111000022ffff00b1110022000000
00b222ffff11000000b2220011000000
00b322ffff11000000b3220011000000
00b411000022ffff00b4110022000000
00b522ffff11000000b5220011000000
00b611000022ffff00b6110022000000
00b711000022ffff00b7110022000000
00b822ffff11000000b8220011000000
00b911000022ffff00b9110022000000
00ba11000022ffff00ba110022000000
00bb11000022ffff00bb110022000000
00bc11000022ffff00bc110022000000
00bd22ffff11000000bd220011000000
00be11000022ffff00be110022000000
00bf22ffff11000000bf220011000000
00c022ffff11000000c0220011000000
00c122ffff11000000c1220011000000
00c222ffff11000000c2220011000000
00c322ffff11000000c3220011000000
00c411000022ffff00c4110022000000
00c511000022ffff00c5110022000000
00c622ffff11000000c6220011000000
00c722ffff11000000c7220011000000
00c822ffff11000000c8220011000000
00c911000022ffff00c9110022000000
00ca11000022ffff00ca110022000000
00cb11000022ffff00cb110022000000
00cc22ffff11000000cc220011000000
00cd22ffff11000000cd220011000000
00ce11000022ffff00ce110022000000
00cf22ffff11000000cf220011000000
00d011000022ffff00d0110022000000
00d122ffff11000000d1220011000000
00d222ffff11000000d2220011000000
00d311000022ffff00d3110022000000
00d422ffff11000000d4220011000000
00d522ffff11000000d5220011000000
00d611000022ffff00d6110022000000
00d711000022ffff00d7110022000000
00d811000022ffff00d8110022000000
00d922ffff11000000d9220011000000
00da11000022ffff00da110022000000
00db22ffff11000000db220011000000
00dc11000022ffff00dc110022000000
00dd11000022ffff00dd110022000000
00de11000022ffff00de110022000000
00df22ffff11000000df220011000000
00e011000022ffff00e0110022000000
00e122ffff11000000e1220011000000
00e222ffff11000000e2220011000000
00e311000022ffff00e3110022000000
00e411000022ffff00e4110022000000
00e522ffff11000000e5220011000000
00e622ffff11000000e6220011000000
00e711000022ffff00e7110022000000
00e811000022ffff00e8110022000000
00e911000022ffff00e9110022000000
00ea11000022ffff00ea110022000000
00eb11000022ffff00eb110022000000
00ec22ffff11000000ec220011000000
00ed22ffff11000000ed220011000000
00ee22ffff11000000ee220011000000
00ef11000022ffff00ef110022000000
00f022ffff11000000f0220011000000
00f122ffff11000000f1220011000000
00f222ffff11000000f2220011000000
00f322ffff11000000f3220011000000
00f411000022ffff00f4110022000000
00f511000022ffff00f5110022000000
00f611000022ffff00f6110022000000
00f711000022ffff00f7110022000000
00f822ffff11000000f8220011000000
00f911000022ffff00f9110022000000
00fa22ffff11000000fa220011000000
00fb11000022ffff00fb110022000000
00fc22ffff11000000fc220011000000
00fd11000022ffff00fd110022000000
00fe22ffff11000000fe220011000000
00ff22ffff11000000ff220011000000
010011000022ffff0100110022000000
010111000022ffff0101110022000000
010222ffff1100000102220011000000
010311000022ffff0103110022000000
010411000022ffff0104110022000000
010511000022ffff0105110022000000
010622ffff1100000106220011000000
010722ffff1100000107220011000000
010811000022ffff0108110022000000
010911000022ffff0109110022000000
010a22ffff110000010a220011000000
010b22ffff110000010b220011000000
010c11000022ffff010c110022000000
010d22ffff110000010d220011000000
010e22ffff110000010e220011000000
010f11000022ffff010f110022000000
011011000022ffff0110110022000000
011122ffff1100000111220011000000
011211000022ffff0112110022000000
011311000022ffff0113110022000000
011411000022ffff0114110022000000
011511000022ffff0115110022000000
011622ffff1100000116220011000000
011722ffff1100000117220011000000
011822ffff1100000118220011000000
011911000022ffff0119110022000000
011a22ffff110000011a220011000000
011b11000022ffff011b110022000000
011c11000022ffff011c110022000000
011d22ffff110000011d220011000000
011e11000022ffff011e110022000000
011f11000022ffff011f110022000000
012011000022ffff0120110022000000
012122ffff1100000121220011000000
012211000022ffff0122110022000000
012322ffff1100000123220011000000
012411000022ffff0124110022000000
012522ffff1100000125220011000000
012622ffff1100000126220011000000
012722ffff1100000127220011000000
012822ffff1100000128220011000000
012922ffff1100000129220011000000
012a22ffff110000012a220011000000
012b11000022ffff012b110022000000
012c22ffff110000012c220011000000
012d11000022ffff012d110022000000
012e22ffff110000012e220011000000
012f11000022ffff012f110022000000
013022ffff1100000130220011000000
013122ffff1100000131220011000000
013222ffff1100000132220011000000
013322ffff1100000133220011000000
013411000022ffff0134110022000000
013522ffff1100000135220011000000
013611000022ffff0136110022000000
013711000022ffff0137110022000000
013822ffff1100000138220011000000
013911000022ffff0139110022000000
013a22ffff110000013a220011000000
013b11000022ffff013b110022000000
013c11000022ffff013c110022000000
013d22ffff110000013d220011000000
013e22ffff110000013e220011000000
013f11000022ffff013f110022000000
014022ffff1100000140220011000000
014111000022ffff0141110022000000
014211000022ffff0142110022000000
014311000022ffff0143110022000000
014422ffff1100000144220011000000
014511000022ffff0145110022000000
014611000022ffff0146110022000000
014711000022ffff0147110022000000
014811000022ffff0148110022000000
014922ffff1100000149220011000000
014a11000022ffff014a110022000000
014b11000022ffff014b110022000000
014c11000022ffff014c110022000000
014d11000022ffff014d110022000000
014e11000022ffff014e110022000000
014f11000022ffff014f110022000000
015011000022ffff0150110022000000
015111000022ffff0151110022000000
015211000022ffff0152110022000000
015311000022ffff0153110022000000
015411000022ffff0154110022000000
015522ffff1100000155220011000000
015611000022ffff0156110022000000
015722ffff1100000157220011000000
015811000022ffff0158110022000000
015911000022ffff0159110022000000
015a22ffff110000015a220011000000
015b11000022ffff015b110022000000
015c11000022ffff015c110022000000
015d11000022ffff015d110022000000
015e11000022ffff015e110022000000
015f11000022ffff015f110022000000
016011000022ffff0160110022000000
016111000022ffff0161110022000000
016211000022ffff0162110022000000
016322ffff1100000163220011000000
016411000022ffff0164110022000000
016522ffff1100000165220011000000
016622ffff1100000166220011000000
016711000022ffff0167110022000000
016811000022ffff0168110022000000
016911000022ffff0169110022000000
016a11000022ffff016a110022000000
016b22ffff110000016b220011000000
016c11000022ffff016c110022000000
016d11000022ffff016d110022000000
016e22ffff110000016e220011000000
016f22ffff110000016f220011000000
017022ffff1100000170220011000000
017111000022ffff0171110022000000
017211000022ffff0172110022000000
017322ffff1100000173220011000000
017411000022ffff0174110022000000
017511000022ffff0175110022000000
017622ffff1100000176220011000000
017711000022ffff0177110022000000
017822ffff1100000178220011000000
017922ffff1100000179220011000000
017a22ffff110000017a220011000000
017b11000022ffff017b110022000000
017c22ffff110000017c220011000000
017d22ffff110000017d220011000000
017e11000022ffff017e110022000000
017f11000022ffff017f110022000000
018022ffff1100000180220011000000
018122ffff1100000181220011000000
018222ffff1100000182220011000000
018311000022ffff0183110022000000
018422ffff1100000184220011000000
018511000022ffff0185110022000000
018611000022ffff0186110022000000
018722ffff1100000187220011000000
018822ffff1100000188220011000000
018922ffff1100000189220011000000
018a11000022ffff018a110022000000
018b22ffff110000018b220011000000
018c11000022ffff018c110022000000
018d22ffff110000018d220011000000
018e11000022ffff018e110022000000
018f22ffff110000018f220011000000
019011000022ffff0190110022000000
019111000022ffff0191110022000000
019222ffff1100000192220011000000
019322ffff1100000193220011000000
019422ffff1100000194220011000000
019522ffff1100000195220011000000
019611000022ffff0196110022000000
019722ffff1100000197220011000000
019811000022ffff0198110022000000
019922ffff1100000199220011000000
019a11000022ffff019a110022000000
019b11000022ffff019b110022000000
019c11000022ffff019c110022000000
019d11000022ffff019d110022000000
019e11000022ffff019e110022000000
019f22ffff110000019f220011000000
01a022ffff11000001a0220011000000
01a111000022ffff01a1110022000000
01a211000022ffff01a2110022000000
01a311000022ffff01a3110022000000
01a422ffff11000001a4220011000000
01a522ffff11000001a5220011000000
01a622ffff11000001a6220011000000
01a722ffff11000001a7220011000000
01a822ffff11000001a8220011000000
01a911000022ffff01a9110022000000
01aa22ffff11000001aa220011000000
01ab11000022ffff01ab110022000000
01ac11000022ffff01ac110022000000
01ad11000022ffff01ad110022000000
01ae11000022ffff01ae110022000000
01af22ffff11000001af220011000000
01b011000022ffff01b0110022000000
01b122ffff11000001b1220011000000
01b222ffff11000001b2220011000000
01b311000022ffff01b3110022000000
01b411000022ffff01b4110022000000
01b511000022ffff01b5110022000000
01b611000022ffff01b6110022000000
01b722ffff11000001b7220011000000
01b811000022ffff01b8110022000000
01b911000022ffff01b9110022000000
01ba11000022ffff01ba110022000000
01bb11000022ffff01bb110022000000
01bc11000022ffff01bc110022000000
01bd11000022ffff01bd110022000000
01be22ffff11000001be220011000000
01bf22ffff11000001bf220011000000
01c022ffff11000001c0220011000000
01c122ffff11000001c1220011000000
01c222ffff11000001c2220011000000
01c322ffff11000001c3220011000000
01c422ffff11000001c4220011000000
01c522ffff11000001c5220011000000
01c611000022ffff01c6110022000000
01c711000022ffff01c7110022000000
01c822ffff11000001c8220011000000
01c911000022ffff01c9110022000000
01ca11000022ffff01ca110022000000
01cb22ffff11000001cb220011000000
01cc22ffff11000001cc220011000000
01cd11000022ffff01cd110022000000
01ce11000022ffff01ce110022000000
01cf22ffff11000001cf220011000000
01d011000022ffff01d0110022000000
01d122ffff11000001d1220011000000
01d222ffff11000001d2220011000000
01d311000022ffff01d3110022000000
01d422ffff11000001d4220011000000
01d522ffff11000001d5220011000000
01d611000022ffff01d6110022000000
01d711000022ffff01d7110022000000
01d811000022ffff01d8110022000000
01d911000022ffff01d9110022000000
01da22ffff11000001da220011000000
01db11000022ffff01db110022000000
01dc11000022ffff01dc110022000000
01dd11000022ffff01dd110022000000
01de22ffff11000001de220011000000
01df11000022ffff01df110022000000
01e022ffff11000001e0220011000000
01e111000022ffff01e1110022000000
01e211000022ffff01e2110022000000
01e322ffff11000001e3220011000000
01e422ffff11000001e4220011000000
01e511000022ffff01e5110022000000
01e622ffff11000001e6220011000000
01e722ffff11000001e7220011000000
01e811000022ffff01e8110022000000
01e922ffff11000001e9220011000000
01ea11000022ffff01ea110022000000
01eb11000022ffff01eb110022000000
01ec11000022ffff01ec110022000000
01ed11000022ffff01ed110022000000
01ee11000022ffff01ee110022000000
01ef22ffff11000001ef220011000000
01f022ffff11000001f0220011000000
01f122ffff11000001f1220011000000
01f222ffff11000001f2220011000000
01f322ffff11000001f3220011000000
01f411000022ffff01f4110022000000
01f511000022ffff01f5110022000000
01f622ffff11000001f6220011000000
01f711000022ffff01f7110022000000
01f811000022ffff01f8110022000000
01f911000022ffff01f9110022000000
01fa22ffff11000001fa220011000000
01fb11000022ffff01fb110022000000
01fc22ffff11000001fc220011000000
01fd11000022ffff01fd110022000000
01fe11000022ffff01fe110022000000
01ff22ffff11000001ff220011000000
00002280001180000000220011000000
00012280001180000001220011000000
00022280001180000002220011000000
00031180002280000003110022000000
00042280001180000004220011000000
00051180002280000005110022000000
00061180002280000006110022000000
00071180002280000007110022000000
00081180002280000008110022000000
00092280001180000009220011000000
000a118000228000000a110022000000
000b228000118000000b220011000000
000c118000228000000c110022000000
000d228000118000000d220011000000
000e118000228000000e110022000000
000f118000228000000f110022000000
00102280001180000010220011000000
00112280001180000011220011000000
00121180002280000012110022000000
00132280001180000013220011000000
00142280001180000014220011000000
00152280001180000015220011000000
00162280001180000016220011000000
00172280001180000017220011000000
00182280001180000018220011000000
00192280001180000019220011000000
001a228000118000001a220011000000
001b228000118000001b220011000000
001c228000118000001c220011000000
001d118000228000001d110022000000
001e118000228000001e110022000000
001f118000228000001f110022000000
00201180002280000020110022000000
00211180002280000021110022000000
00222280001180000022220011000000
00232280001180000023220011000000
00242280001180000024220011000000
00252280001180000025220011000000
00262280001180000026220011000000
00272280001180000027220011000000
00282280001180000028220011000000
00291180002280000029110022000000
002a228000118000002a220011000000
002b118000228000002b110022000000
002c118000228000002c110022000000
002d118000228000002d110022000000
002e228000118000002e220011000000
002f118000228000002f110022000000
00302280001180000030220011000000
00312280001180000031220011000000
00322280001180000032220011000000
00331180002280000033110022000000
00341180002280000034110022000000
00352280001180000035220011000000
00361180002280000036110022000000
00372280001180000037220011000000
00381180002280000038110022000000
00392280001180000039220011000000
003a228000118000003a220011000000
003b228000118000003b220011000000
003c118000228000003c110022000000
003d228000118000003d220011000000
003e118000228000003e110022000000
003f228000118000003f220011000000
00402280001180000040220011000000
00411180002280000041110022000000
00421180002280000042110022000000
00431180002280000043110022000000
00441180002280000044110022000000
00451180002280000045110022000000
00462280001180000046220011000000
00471180002280000047110022000000
00482280001180000048220011000000
00492280001180000049220011000000
004a228000118000004a220011000000
004b118000228000004b110022000000
004c228000118000004c220011000000
004d228000118000004d220011000000
004e228000118000004e220011000000
004f228000118000004f220011000000
00502280001180000050220011000000
00512280001180000051220011000000
00521180002280000052110022000000
00531180002280000053110022000000
00541180002280000054110022000000
00551180002280000055110022000000
00562280001180000056220011000000
00571180002280000057110022000000
00582280001180000058220011000000
00592280001180000059220011000000
005a228000118000005a220011000000
005b228000118000005b220011000000
005c228000118000005c220011000000
005d118000228000005d110022000000
005e118000228000005e110022000000
005f118000228000005f110022000000
00601180002280000060110022000000
00611180002280000061110022000000
00621180002280000062110022000000
00632280001180000063220011000000
00642280001180000064220011000000
00651180002280000065110022000000
00661180002280000066110022000000
00672280001180000067220011000000
00681180002280000068110022000000
00691180002280000069110022000000
006a118000228000006a110022000000
006b118000228000006b110022000000
006c228000118000006c220011000000
006d118000228000006d110022000000
006e228000118000006e220011000000
006f228000118000006f220011000000
00702280001180000070220011000000
00712280001180000071220011000000
00721180002280000072110022000000
00731180002280000073110022000000
00742280001180000074220011000000
00752280001180000075220011000000
00762280001180000076220011000000
00771180002280000077110022000000
00782280001180000078220011000000
00792280001180000079220011000000
007a228000118000007a220011000000
007b228000118000007b220011000000
007c228000118000007c220011000000
007d228000118000007d220011000000
007e228000118000007e220011000000
007f118000228000007f110022000000
00801180002280000080110022000000
00811180002280000081110022000000
00822280001180000082220011000000
00832280001180000083220011000000
00841180002280000084110022000000
00852280001180000085220011000000
00861180002280000086110022000000
00871180002280000087110022000000
00882280001180000088220011000000
00891180002280000089110022000000
008a118000228000008a110022000000
008b228000118000008b220011000000
008c118000228000008c110022000000
008d118000228000008d110022000000
008e118000228000008e110022000000
008f118000228000008f110022000000
00901180002280000090110022000000
00912280001180000091220011000000
00921180002280000092110022000000
00931180002280000093110022000000
00941180002280000094110022000000
00951180002280000095110022000000
00962280001180000096220011000000
00971180002280000097110022000000
00982280001180000098220011000000
00991180002280000099110022000000
009a118000228000009a110022000000
009b228000118000009b220011000000
009c118000228000009c110022000000
009d228000118000009d220011000000
009e228000118000009e220011000000
009f228000118000009f220011000000
00a022800011800000a0220011000000
00a111800022800000a1110022000000
00a211800022800000a2110022000000
00a322800011800000a3220011000000
00a411800022800000a4110022000000
00a511800022800000a5110022000000
00a611800022800000a6110022000000
00a722800011800000a7220011000000
00a811800022800000a8110022000000
00a911800022800000a9110022000000
00aa11800022800000aa110022000000
00ab11800022800000ab110022000000
00ac22800011800000ac220011000000
00ad11800022800000ad110022000000
00ae22800011800000ae220011000000
00af11800022800000af110022000000
00b011800022800000b0110022000000
00b122800011800000b1220011000000
00b222800011800000b2220011000000
00b311800022800000b3110022000000
00b422800011800000b4220011000000
00b522800011800000b5220011000000
00b611800022800000b6110022000000
00b722800011800000b7220011000000
00b822800011800000b8220011000000
00b911800022800000b9110022000000
00ba22800011800000ba220011000000
00bb22800011800000bb220011000000
00bc11800022800000bc110022000000
00bd22800011800000bd220011000000
00be11800022800000be110022000000
00bf22800011800000bf220011000000
00c011800022800000c0110022000000
00c122800011800000c1220011000000
00c222800011800000c2220011000000
00c311800022800000c3110022000000
00c411800022800000c4110022000000
00c511800022800000c5110022000000
00c611800022800000c6110022000000
00c711800022800000c7110022000000
00c822800011800000c8220011000000
00c922800011800000c9220011000000
00ca11800022800000ca110022000000
00cb11800022800000cb110022000000
00cc22800011800000cc220011000000
00cd22800011800000cd220011000000
00ce11800022800000ce110022000000
00cf22800011800000cf220011000000
00d011800022800000d0110022000000
00d122800011800000d1220011000000
00d222800011800000d2220011000000
00d322800011800000d3220011000000
00d411800022800000d4110022000000
00d522800011800000d5220011000000
00d611800022800000d6110022000000
00d711800022800000d7110022000000
00d811800022800000d8110022000000
00d922800011800000d9220011000000
00da11800022800000da110022000000
00db11800022800000db110022000000
00dc11800022800000dc110022000000
00dd22800011800000dd220011000000
00de22800011800000de220011000000
00df22800011800000df220011000000
00e011800022800000e0110022000000
00e111800022800000e1110022000000
00e222800011800000e2220011000000
00e311800022800000e3110022000000
00e411800022800000e4110022000000
00e511800022800000e5110022000000
00e611800022800000e6110022000000
00e722800011800000e7220011000000
00e822800011800000e8220011000000
00e922800011800000e9220011000000
00ea22800011800000ea220011000000
00eb22800011800000eb220011000000
00ec11800022800000ec110022000000
00ed22800011800000ed220011000000
00ee11800022800000ee110022000000
00ef11800022800000ef110022000000
00f022800011800000f0220011000000
00f111800022800000f1110022000000
00f222800011800000f2220011000000
00f322800011800000f3220011000000
00f422800011800000f4220011000000
00f511800022800000f5110022000000
00f611800022800000f6110022000000
00f711800022800000f7110022000000
00f822800011800000f8220011000000
00f922800011800000f9220011000000
00fa22800011800000fa220011000000
00fb22800011800000fb220011000000
00fc11800022800000fc110022000000
00fd22800011800000fd220011000000
00fe11800022800000fe110022000000
00ff11800022800000ff110022000000
01002280001180000100220011000000
01012280001180000101220011000000
01021180002280000102110022000000
01031180002280000103110022000000
01042280001180000104220011000000
01052280001180000105220011000000
01061180002280000106110022000000
01071180002280000107110022000000
01081180002280000108110022000000
01092280001180000109220011000000
010a228000118000010a220011000000
010b118000228000010b110022000000
010c228000118000010c220011000000
010d228000118000010d220011000000
010e228000118000010e220011000000
010f228000118000010f220011000000
01101180002280000110110022000000
01112280001180000111220011000000
01122280001180000112220011000000
01132280001180000113220011000000
01142280001180000114220011000000
01151180002280000115110022000000
01162280001180000116220011000000
01171180002280000117110022000000
01181180002280000118110022000000
01192280001180000119220011000000
011a228000118000011a220011000000
011b228000118000011b220011000000
011c228000118000011c220011000000
011d118000228000011d110022000000
011e118000228000011e110022000000
011f118000228000011f110022000000
01202280001180000120220011000000
01211180002280000121110022000000
01222280001180000122220011000000
01231180002280000123110022000000
01241180002280000124110022000000
01252280001180000125220011000000
01261180002280000126110022000000
01271180002280000127110022000000
01281180002280000128110022000000
01292280001180000129220011000000
012a118000228000012a110022000000
012b118000228000012b110022000000
012c118000228000012c110022000000
012d118000228000012d110022000000
012e228000118000012e220011000000
012f228000118000012f220011000000
01301180002280000130110022000000
01311180002280000131110022000000
01321180002280000132110022000000
01331180002280000133110022000000
01342280001180000134220011000000
01352280001180000135220011000000
01361180002280000136110022000000
01372280001180000137220011000000
01381180002280000138110022000000
01391180002280000139110022000000
013a118000228000013a110022000000
013b228000118000013b220011000000
013c118000228000013c110022000000
013d118000228000013d110022000000
013e228000118000013e220011000000
013f228000118000013f220011000000
01401180002280000140110022000000
01411180002280000141110022000000
01422280001180000142220011000000
01431180002280000143110022000000
01442280001180000144220011000000
01452280001180000145220011000000
01462280001180000146220011000000
01471180002280000147110022000000
01482280001180000148220011000000
01491180002280000149110022000000
014a228000118000014a220011000000
014b228000118000014b220011000000
014c228000118000014c220011000000
014d118000228000014d110022000000
014e228000118000014e220011000000
014f118000228000014f110022000000
01501180002280000150110022000000
01512280001180000151220011000000
01521180002280000152110022000000
01531180002280000153110022000000
01541180002280000154110022000000
01551180002280000155110022000000
01562280001180000156220011000000
01572280001180000157220011000000
01581180002280000158110022000000
01592280001180000159220011000000
015a228000118000015a220011000000
015b228000118000015b220011000000
015c118000228000015c110022000000
015d118000228000015d110022000000
015e118000228000015e110022000000
015f118000228000015f110022000000
01601180002280000160110022000000
01612280001180000161220011000000
01622280001180000162220011000000
01632280001180000163220011000000
01642280001180000164220011000000
01652280001180000165220011000000
01661180002280000166110022000000
01671180002280000167110022000000
01682280001180000168220011000000
01691180002280000169110022000000
016a228000118000016a220011000000
016b228000118000016b220011000000
016c228000118000016c220011000000
016d118000228000016d110022000000
016e118000228000016e110022000000
016f118000228000016f110022000000
01701180002280000170110022000000
01712280001180000171220011000000
01722280001180000172220011000000
01731180002280000173110022000000
01741180002280000174110022000000
01752280001180000175220011000000
01761180002280000176110022000000
01772280001180000177220011000000
01782280001180000178220011000000
01792280001180000179220011000000
017a118000228000017a110022000000
017b228000118000017b220011000000
017c118000228000017c110022000000
017d118000228000017d110022000000
017e118000228000017e110022000000
017f118000228000017f110022000000
01801180002280000180110022000000
01811180002280000181110022000000
01821180002280000182110022000000
01831180002280000183110022000000
01842280001180000184220011000000
01852280001180000185220011000000
01862280001180000186220011000000
01871180002280000187110022000000
01881180002280000188110022000000
01892280001180000189220011000000
018a118000228000018a110022000000
018b118000228000018b110022000000
018c118000228000018c110022000000
018d228000118000018d220011000000
018e118000228000018e110022000000
018f118000228000018f110022000000
01902280001180000190220011000000
01912280001180000191220011000000
01922280001180000192220011000000
01931180002280000193110022000000
01942280001180000194220011000000
01952280001180000195220011000000
01961180002280000196110022000000
01971180002280000197110022000000
01982280001180000198220011000000
01991180002280000199110022000000
019a118000228000019a110022000000
019b118000228000019b110022000000
019c228000118000019c220011000000
019d118000228000019d110022000000
019e228000118000019e220011000000
019f118000228000019f110022000000
01a022800011800001a0220011000000
01a111800022800001a1110022000000
01a222800011800001a2220011000000
01a322800011800001a3220011000000
01a411800022800001a4110022000000
01a511800022800001a5110022000000
01a611800022800001a6110022000000
01a711800022800001a7110022000000
01a811800022800001a8110022000000
01a922800011800001a9220011000000
01aa22800011800001aa220011000000
01ab11800022800001ab110022000000
01ac11800022800001ac110022000000
01ad22800011800001ad220011000000
01ae22800011800001ae220011000000
01af11800022800001af110022000000
01b011800022800001b0110022000000
01b111800022800001b1110022000000
01b211800022800001b2110022000000
01b322800011800001b3220011000000
01b422800011800001b4220011000000
01b522800011800001b5220011000000
01b611800022800001b6110022000000
01b722800011800001b7220011000000
01b811800022800001b8110022000000
01b922800011800001b9220011000000
01ba11800022800001ba110022000000
01bb11800022800001bb110022000000
01bc22800011800001bc220011000000
01bd11800022800001bd110022000000
01be22800011800001be220011000000
01bf22800011800001bf220011000000
01c011800022800001c0110022000000
01c111800022800001c1110022000000
01c222800011800001c2220011000000
01c322800011800001c3220011000000
01c422800011800001c4220011000000
01c522800011800001c5220011000000
01c611800022800001c6110022000000
01c722800011800001c7220011000000
01c822800011800001c8220011000000
01c911800022800001c9110022000000
01ca11800022800001ca110022000000
01cb22800011800001cb220011000000
01cc22800011800001cc220011000000
01cd11800022800001cd110022000000
01ce22800011800001ce220011000000
01cf22800011800001cf220011000000
01d011800022800001d0110022000000
01d122800011800001d1220011000000
01d222800011800001d2220011000000
01d311800022800001d3110022000000
01d411800022800001d4110022000000
01d522800011800001d5220011000000
01d622800011800001d6220011000000
01d711800022800001d7110022000000
01d811800022800001d8110022000000
01d911800022800001d9110022000000
01da22800011800001da220011000000
01db11800022800001db110022000000
01dc11800022800001dc110022000000
01dd22800011800001dd220011000000
01de11800022800001de110022000000
01df22800011800001df220011000000
01e022800011800001e0220011000000
01e122800011800001e1220011000000
01e211800022800001e2110022000000
01e322800011800001e3220011000000
01e422800011800001e4220011000000
01e511800022800001e5110022000000
01e611800022800001e6110022000000
01e722800011800001e7220011000000
01e811800022800001e8110022000000
01e911800022800001e9110022000000
01ea11800022800001ea110022000000
01eb11800022800001eb110022000000
01ec11800022800001ec110022000000
01ed22800011800001ed220011000000
01ee22800011800001ee220011000000
01ef11800022800001ef110022000000
01f011800022800001f0110022000000
01f111800022800001f1110022000000
01f222800011800001f2220011000000
01f311800022800001f3110022000000
01f422800011800001f4220011000000
01f522800011800001f5220011000000
01f622800011800001f6220011000000
01f722800011800001f7220011000000
01f822800011800001f8220011000000
01f911800022800001f9110022000000
01fa11800022800001fa110022000000
01fb11800022800001fb110022000000
01fc22800011800001fc220011000000
01fd22800011800001fd220011000000
01fe22800011800001fe220011000000
01ff22800011800001ff220011000000
000022ffff1100000000220011000000
000122ff8011007f0001220011000000
000222ff011100fe0002220011000000
000311017d22fe820003110022000000
00041101fc22fe030004110022000000
000511027b22fd840005110022000000
000622fd051102fa0006220011000000
000711037922fc860007110022000000
000822fc071103f80008220011000000
000922fb881104770009220011000000
000a22fb091104f6000a220011000000
000b22fa8a110575000b220011000000
000c1105f422fa0b000c110022000000
000d22f98c110673000d220011000000
000e1106f222f90d000e110022000000
000f11077122f88e000f110022000000
001022f80f1107f00010220011000000
001122f79011086f0011220011000000
00121108ee22f7110012110022000000
001311096d22f6920013110022000000
00141109ec22f6130014110022000000
001522f594110a6b0015220011000000
001622f515110aea0016220011000000
0017110b6922f4960017110022000000
0018110be822f4170018110022000000
001922f398110c670019220011000000
001a110ce622f319001a110022000000
001b110d6522f29a001b110022000000
001c22f21b110de4001c220011000000
001d22f19c110e63001d220011000000
001e110ee222f11d001e110022000000
001f22f09e110f61001f220011000000
0020110fe022f01f0020110022000000
002122efa011105f0021220011000000
00221110de22ef210022110022000000
002311115d22eea20023110022000000
002422ee231111dc0024220011000000
002522eda411125b0025220011000000
00261112da22ed250026110022000000
002722eca61113590027220011000000
00281113d822ec270028110022000000
002911145722eba80029110022000000
002a1114d622eb29002a110022000000
002b22eaaa111555002b220011000000
002c22ea2b1115d4002c220011000000
002d11165322e9ac002d110022000000
002e22e92d1116d2002e220011000000
002f22e8ae111751002f220011000000
00301117d022e82f0030110022000000
003111184f22e7b00031110022000000
003222e7311118ce0032220011000000
003311194d22e6b20033110022000000
00341119cc22e6330034110022000000
003522e5b4111a4b0035220011000000
003622e535111aca0036220011000000
003722e4b6111b490037220011000000
003822e437111bc80038220011000000
003922e3b8111c470039220011000000
003a22e339111cc6003a220011000000
003b111d4522e2ba003b110022000000
003c22e23b111dc4003c220011000000
003d111e4322e1bc003d110022000000
003e111ec222e13d003e110022000000
003f22e0be111f41003f220011000000
0040111fc022e03f0040110022000000
004111203f22dfc00041110022000000
00421120be22df410042110022000000
004322dec211213d0043220011000000
00441121bc22de430044110022000000
004511223b22ddc40045110022000000
00461122ba22dd450046110022000000
004711233922dcc60047110022000000
00481123b822dc470048110022000000
004911243722dbc80049110022000000
004a1124b622db49004a110022000000
004b11253522daca004b110022000000
004c1125b422da4b004c110022000000
004d11263322d9cc004d110022000000
004e22d94d1126b2004e220011000000
004f11273122d8ce004f110022000000
005022d84f1127b00050220011000000
005122d7d011282f0051220011000000
005222d7511128ae0052220011000000
005322d6d211292d0053220011000000
005422d6531129ac0054220011000000
0055112a2b22d5d40055110022000000
0056112aaa22d5550056110022000000
0057112b2922d4d60057110022000000
005822d457112ba80058220011000000
0059112c2722d3d80059110022000000
005a22d359112ca6005a220011000000
005b112d2522d2da005b110022000000
005c112da422d25b005c110022000000
005d112e2322d1dc005d110022000000
005e112ea222d15d005e110022000000
005f22d0de112f21005f220011000000
0060112fa022d05f0060110022000000
006122cfe011301f0061220011000000
006211309e22cf610062110022000000
006311311d22cee20063110022000000
006411319c22ce630064110022000000
006511321b22cde40065110022000000
006611329a22cd650066110022000000
006722cce61133190067220011000000
006822cc671133980068220011000000
006922cbe81134170069220011000000
006a22cb69113496006a220011000000
006b11351522caea006b110022000000
006c11359422ca6b006c110022000000
006d11361322c9ec006d110022000000
006e22c96d113692006e220011000000
006f11371122c8ee006f110022000000
007011379022c86f0070110022000000
007122c7f011380f0071220011000000
007222c77111388e0072220011000000
007322c6f211390d0073220011000000
007422c67311398c0074220011000000
007522c5f4113a0b0075220011000000
0076113a8a22c5750076110022000000
007722c4f6113b090077220011000000
0078113b8822c4770078110022000000
0079113c0722c3f80079110022000000
007a22c379113c86007a220011000000
007b113d0522c2fa007b110022000000
007c22c27b113d84007c220011000000
007d113e0322c1fc007d110022000000
007e22c17d113e82007e220011000000
007f113f0122c0fe007f110022000000
008022c07f113f800080220011000000
008122c000113fff0081220011000000
008222bf8111407e0082220011000000
008322bf021140fd0083220011000000
008422be8311417c0084220011000000
00851141fb22be040085110022000000
008622bd8511427a0086220011000000
00871142f922bd060087110022000000
008811437822bc870088110022000000
00891143f722bc080089110022000000
008a22bb89114476008a220011000000
008b22bb0a1144f5008b220011000000
008c11457422ba8b008c110022000000
008d1145f322ba0c008d110022000000
008e11467222b98d008e110022000000
008f22b90e1146f1008f220011000000
009022b88f1147700090220011000000
009122b8101147ef0091220011000000
009222b79111486e0092220011000000
009322b7121148ed0093220011000000
009411496c22b6930094110022000000
00951149eb22b6140095110022000000
009622b595114a6a0096220011000000
009722b516114ae90097220011000000
0098114b6822b4970098110022000000
0099114be722b4180099110022000000
009a22b399114c66009a220011000000
009b22b31a114ce5009b220011000000
009c114d6422b29b009c110022000000
009d114de322b21c009d110022000000
009e22b19d114e62009e220011000000
009f114ee122b11e009f110022000000
00a0114f6022b09f00a0110022000000
00a1114fdf22b02000a1110022000000
00a211505e22afa100a2110022000000
00a31150dd22af2200a3110022000000
00a411515c22aea300a4110022000000
00a51151db22ae2400a5110022000000
00a622ada511525a00a6220011000000
00a722ad261152d900a7220011000000
00a811535822aca700a8110022000000
00a91153d722ac2800a9110022000000
00aa11545622aba900aa110022000000
00ab1154d522ab2a00ab110022000000
00ac11555422aaab00ac110022000000
00ad1155d322aa2c00ad110022000000
00ae11565222a9ad00ae110022000000
00af1156d122a92e00af110022000000
00b022a8af11575000b0220011000000
00b11157cf22a83000b1110022000000
00b211584e22a7b100b2110022000000
00b322a7321158cd00b3220011000000
00b411594c22a6b300b4110022000000
00b522a6341159cb00b5220011000000
00b622a5b5115a4a00b6220011000000
00b722a536115ac900b7220011000000
00b8115b4822a4b700b8110022000000
00b9115bc722a43800b9110022000000
00ba115c4622a3b900ba110022000000
00bb115cc522a33a00bb110022000000
00bc22a2bb115d4400bc220011000000
00bd115dc322a23c00bd110022000000
00be115e4222a1bd00be110022000000
00bf22a13e115ec100bf220011000000
00c0115f4022a0bf00c0110022000000
00c1115fbf22a04000c1110022000000
00c211603e229fc100c2110022000000
00c31160bd229f4200c3110022000000
00c411613c229ec300c4110022000000
00c5229e441161bb00c5220011000000
00c611623a229dc500c6110022000000
00c7229d461162b900c7220011000000
00c8116338229cc700c8110022000000
00c9229c481163b700c9220011000000
00ca229bc911643600ca220011000000
00cb229b4a1164b500cb220011000000
00cc229acb11653400cc220011000000
00cd229a4c1165b300cd220011000000
00ce2299cd11663200ce220011000000
00cf22994e1166b100cf220011000000
00d02298cf11673000d0220011000000
00d11167af22985000d1110022000000
00d22297d111682e00d2220011000000
00d31168ad22975200d3110022000000
00d411692c2296d300d4110022000000
00d52296541169ab00d5220011000000
00d6116a2a2295d500d6110022000000
00d7116aa922955600d7110022000000
00d8116b282294d700d8110022000000
00d9116ba722945800d9110022000000
00da116c262293d900da110022000000
00db116ca522935a00db110022000000
00dc116d242292db00dc110022000000
00dd22925c116da300dd220011000000
00de116e222291dd00de110022000000
00df116ea122915e00df110022000000
00e0116f202290df00e0110022000000
00e1229060116f9f00e1220011000000
00e2228fe111701e00e2220011000000
00e311709d228f6200e3110022000000
00e411711c228ee300e4110022000000
00e5228e6411719b00e5220011000000
00e611721a228de500e6110022000000
00e7228d6611729900e7220011000000
00e8228ce711731800e8220011000000
00e9228c6811739700e9220011000000
00ea117416228be900ea110022000000
00eb117495228b6a00eb110022000000
00ec228aeb11751400ec220011000000
00ed228a6c11759300ed220011000000
00ee1176122289ed00ee110022000000
00ef22896e11769100ef220011000000
00f01177102288ef00f0110022000000
00f111778f22887000f1110022000000
00f22287f111780e00f2220011000000
00f311788d22877200f3110022000000
00f42286f311790c00f4220011000000
00f511798b22867400f5110022000000
00f62285f5117a0a00f6220011000000
00f7117a8922857600f7110022000000
00f8117b082284f700f8110022000000
00f9228478117b8700f9220011000000
00fa2283f9117c0600fa220011000000
00fb117c8522837a00fb110022000000
00fc2282fb117d0400fc220011000000
00fd22827c117d8300fd220011000000
00fe117e022281fd00fe110022000000
00ff22817e117e8100ff220011000000
01002280ff117f000100220011000000
0101228080117f7f0101220011000000
0102117ffe2280010102110022000000
010311807d227f820103110022000000
0104227f031180fc0104220011000000
010511817b227e840105110022000000
01061181fa227e050106110022000000
0107227d861182790107220011000000
01081182f8227d070108110022000000
0109118377227c880109110022000000
010a227c091183f6010a220011000000
010b118475227b8a010b110022000000
010c227b0b1184f4010c220011000000
010d118573227a8c010d110022000000
010e1185f2227a0d010e110022000000
010f11867122798e010f110022000000
01101186f022790f0110110022000000
011111876f2278900111110022000000
01122278111187ee0112220011000000
011311886d2277920113110022000000
01142277131188ec0114220011000000
011522769411896b0115220011000000
01161189ea2276150116110022000000
0117118a692275960117110022000000
0118118ae82275170118110022000000
0119118b672274980119110022000000
011a227419118be6011a220011000000
011b22739a118c65011b220011000000
011c22731b118ce4011c220011000000
011d118d6322729c011d110022000000
011e22721d118de2011e220011000000
011f118e6122719e011f110022000000
0120118ee022711f0120110022000000
0121118f5f2270a00121110022000000
0122118fde2270210122110022000000
0123226fa211905d0123220011000000
01241190dc226f230124110022000000
012511915b226ea40125110022000000
01261191da226e250126110022000000
0127119259226da60127110022000000
01281192d8226d270128110022000000
0129119357226ca80129110022000000
012a226c291193d6012a220011000000
012b226baa119455012b220011000000
012c1194d4226b2b012c110022000000
012d119553226aac012d110022000000
012e1195d2226a2d012e110022000000
012f2269ae119651012f220011000000
01301196d022692f0130110022000000
01312268b011974f0131220011000000
01322268311197ce0132220011000000
01332267b211984d0133220011000000
01341198cc2267330134110022000000
01352266b411994b0135220011000000
01362266351199ca0136220011000000
0137119a492265b60137110022000000
0138226537119ac80138220011000000
0139119b472264b80139110022000000
013a119bc6226439013a110022000000
013b119c452263ba013b110022000000
013c22633b119cc4013c220011000000
013d119d432262bc013d110022000000
013e119dc222623d013e110022000000
013f119e412261be013f110022000000
014022613f119ec00140220011000000
0141119f3f2260c00141110022000000
0142119fbe2260410142110022000000
014311a03d225fc20143110022000000
0144225f4311a0bc0144220011000000
0145225ec411a13b0145220011000000
0146225e4511a1ba0146220011000000
014711a239225dc60147110022000000
014811a2b8225d470148110022000000
014911a337225cc80149110022000000
014a11a3b6225c49014a110022000000
014b225bca11a435014b220011000000
014c225b4b11a4b4014c220011000000
014d11a533225acc014d110022000000
014e11a5b2225a4d014e110022000000
014f2259ce11a631014f220011000000
015011a6b022594f0150110022000000
01512258d011a72f0151220011000000
015211a7ae2258510152110022000000
01532257d211a82d0153220011000000
015422575311a8ac0154220011000000
015511a92b2256d40155110022000000
015622565511a9aa0156220011000000
015711aa292255d60157110022000000
015822555711aaa80158220011000000
01592254d811ab270159220011000000
015a22545911aba6015a220011000000
015b11ac252253da015b110022000000
015c22535b11aca4015c220011000000
015d2252dc11ad23015d220011000000
015e11ada222525d015e110022000000
015f11ae212251de015f110022000000
016011aea022515f0160110022000000
016111af1f2250e00161110022000000
016222506111af9e0162220011000000
0163224fe211b01d0163220011000000
0164224f6311b09c0164220011000000
016511b11b224ee40165110022000000
016611b19a224e650166110022000000
016711b219224de60167110022000000
0168224d6711b2980168220011000000
016911b317224ce80169110022000000
016a224c6911b396016a220011000000
016b224bea11b415016b220011000000
016c11b494224b6b016c110022000000
016d11b513224aec016d110022000000
016e11b592224a6d016e110022000000
016f11b6112249ee016f110022000000
017022496f11b6900170220011000000
01712248f011b70f0171220011000000
017222487111b78e0172220011000000
017311b80d2247f20173110022000000
017411b88c2247730174110022000000
017511b90b2246f40175110022000000
017611b98a2246750176110022000000
01772245f611ba090177220011000000
017822457711ba880178220011000000
017911bb072244f80179110022000000
017a22447911bb86017a220011000000
017b11bc052243fa017b110022000000
017c11bc8422437b017c110022000000
017d11bd032242fc017d110022000000
017e22427d11bd82017e220011000000
017f2241fe11be01017f220011000000
018022417f11be800180220011000000
018122410011beff0181220011000000
018222408111bf7e0182220011000000
018322400211bffd0183220011000000
018411c07c223f830184110022000000
018511c0fb223f040185110022000000
018611c17a223e850186110022000000
018711c1f9223e060187110022000000
0188223d8711c2780188220011000000
018911c2f7223d080189110022000000
018a223c8911c376018a220011000000
018b223c0a11c3f5018b220011000000
018c11c474223b8b018c110022000000
018d223b0c11c4f3018d220011000000
018e223a8d11c572018e220011000000
018f11c5f1223a0e018f110022000000
019011c67022398f0190110022000000
019111c6ef2239100191110022000000
019211c76e2238910192110022000000
019311c7ed2238120193110022000000
019422379311c86c0194220011000000
019522371411c8eb0195220011000000
019611c96a2236950196110022000000
019722361611c9e90197220011000000
019822359711ca680198220011000000
019922351811cae70199220011000000
019a11cb66223499019a110022000000
019b11cbe522341a019b110022000000
019c11cc6422339b019c110022000000
019d11cce322331c019d110022000000
019e22329d11cd62019e220011000000
019f22321e11cde1019f220011000000
01a011ce6022319f01a0110022000000
01a111cedf22312001a1110022000000
01a211cf5e2230a101a2110022000000
01a322302211cfdd01a3220011000000
01a411d05c222fa301a4110022000000
01a5222f2411d0db01a5220011000000
01a6222ea511d15a01a6220011000000
01a7222e2611d1d901a7220011000000
01a8222da711d25801a8220011000000
01a9222d2811d2d701a9220011000000
01aa11d356222ca901aa110022000000
01ab222c2a11d3d501ab220011000000
01ac11d454222bab01ac110022000000
01ad222b2c11d4d301ad220011000000
01ae222aad11d55201ae220011000000
01af222a2e11d5d101af220011000000
01b02229af11d65001b0220011000000
01b122293011d6cf01b1220011000000
01b211d74e2228b101b2110022000000
01b322283211d7cd01b3220011000000
01b411d84c2227b301b4110022000000
01b511d8cb22273401b5110022000000
01b611d94a2226b501b6110022000000
01b711d9c922263601b7110022000000
01b82225b711da4801b8220011000000
01b911dac722253801b9110022000000
01ba11db462224b901ba110022000000
01bb11dbc522243a01bb110022000000
01bc11dc442223bb01bc110022000000
01bd22233c11dcc301bd220011000000
01be2222bd11dd4201be220011000000
01bf11ddc122223e01bf110022000000
01c011de402221bf01c0110022000000
01c111debf22214001c1110022000000
01c211df3e2220c101c2110022000000
01c322204211dfbd01c3220011000000
01c4221fc311e03c01c4220011000000
01c5221f4411e0bb01c5220011000000
01c611e13a221ec501c6110022000000
01c711e1b9221e4601c7110022000000
01c8221dc711e23801c8220011000000
01c911e2b7221d4801c9110022000000
01ca11e336221cc901ca110022000000
01cb11e3b5221c4a01cb110022000000
01cc11e434221bcb01cc110022000000
01cd11e4b3221b4c01cd110022000000
01ce11e532221acd01ce110022000000
01cf11e5b1221a4e01cf110022000000
01d02219cf11e63001d0220011000000
01d122195011e6af01d1220011000000
01d211e72e2218d101d2110022000000
01d311e7ad22185201d3110022000000
01d42217d311e82c01d4220011000000
01d511e8ab22175401d5110022000000
01d62216d511e92a01d6220011000000
01d722165611e9a901d7220011000000
01d82215d711ea2801d8220011000000
01d922155811eaa701d9220011000000
01da2214d911eb2601da220011000000
01db22145a11eba501db220011000000
01dc2213db11ec2401dc220011000000
01dd11eca322135c01dd110022000000
01de11ed222212dd01de110022000000
01df11eda122125e01df110022000000
01e02211df11ee2001e0220011000000
01e122116011ee9f01e1220011000000
01e22210e111ef1e01e2220011000000
01e311ef9d22106201e3110022000000
01e4220fe311f01c01e4220011000000
01e511f09b220f6401e5110022000000
01e6220ee511f11a01e6220011000000
01e7220e6611f19901e7220011000000
01e811f218220de701e8110022000000
01e9220d6811f29701e9220011000000
01ea220ce911f31601ea220011000000
01eb11f395220c6a01eb110022000000
01ec220beb11f41401ec220011000000
01ed11f493220b6c01ed110022000000
01ee220aed11f51201ee220011000000
01ef11f591220a6e01ef110022000000
01f02209ef11f61001f0220011000000
01f122097011f68f01f1220011000000
01f211f70e2208f101f2110022000000
01f311f78d22087201f3110022000000
01f411f80c2207f301f4110022000000
01f522077411f88b01f5220011000000
01f62206f511f90a01f6220011000000
01f722067611f98901f7220011000000
01f82205f711fa0801f8220011000000
01f911fa8722057801f9110022000000
01fa11fb062204f901fa110022000000
01fb11fb8522047a01fb110022000000
01fc11fc042203fb01fc110022000000
01fd22037c11fc8301fd220011000000
01fe11fd022202fd01fe110022000000
01ff22027e11fd8101ff220011000000
000022ffff1100000000220011000000
000111000022ffff0001110022000000
000211000022ffff0002110022000000
000311000022ffff0003110022000000
000422ffff1100000004220011000000
000522ffff1100000005220011000000
000611000022ffff0006110022000000
000722ffff1100000007220011000000
000811000022ffff0008110022000000
000911000022ffff0009110022000000
000a22ffff110000000a220011000000
000b22ffff110000000b220011000000
000c22ffff110000000c220011000000
000d11000022ffff000d110022000000
000e11000022ffff000e110022000000
000f22ffff110000000f220011000000
001011ffff2200000010110222010000
001122000011ffff0011220111020000
001211ffff2200000012110222010000
001311ffff2200000013110222010000
001411ffff2200000014110222010000
001522000011ffff0015220111020000
001622000011ffff0016220111020000
001711ffff2200000017110222010000
001811ffff2200000018110222010000
001911ffff2200000019110222010000
001a22000011ffff001a220111020000
001b22000011ffff001b220111020000
001c11ffff220000001c110222010000
001d22000011ffff001d220111020000
001e11ffff220000001e110222010000
001f11ffff220000001f110222010000
002022ffff1100000020220211010000
002111000022ffff0021110122020000
002222ffff1100000022220211010000
002322ffff1100000023220211010000
002422ffff1100000024220211010000
002511000022ffff0025110122020000
002622ffff1100000026220211010000
002711000022ffff0027110122020000
002811000022ffff0028110122020000
002911000022ffff0029110122020000
002a22ffff110000002a220211010000
002b22ffff110000002b220211010000
002c11000022ffff002c110122020000
002d11000022ffff002d110122020000
002e22ffff110000002e220211010000
002f22ffff110000002f220211010000
003011ffff2200000030110222010000
003111ffff2200000031110222010000
003211ffff2200000032110222010000
003322000011ffff0033220111020000
003422000011ffff0034220111020000
003511ffff2200000035110222010000
003622000011ffff0036220111020000
003722000011ffff0037220111020000
003822000011ffff0038220111020000
003911ffff2200000039110222010000
003a11ffff220000003a110222010000
003b22000011ffff003b220111020000
003c11ffff220000003c110222010000
003d11ffff220000003d110222010000
003e11ffff220000003e110222010000
003f11ffff220000003f110222010000
004011000022ffff0040110122020000
004111000022ffff0041110122020000
004222ffff1100000042220211010000
004311000022ffff0043110122020000
004411000022ffff0044110122020000
004511000022ffff0045110122020000
004622ffff1100000046220211010000
004711000022ffff0047110122020000
004811000022ffff0048110122020000
004911000022ffff0049110122020000
004a22ffff110000004a220211010000
004b11000022ffff004b110122020000
004c22ffff110000004c220211010000
004d22ffff110000004d220211010000
004e11000022ffff004e110122020000
004f11000022ffff004f110122020000
005011ffff2200000050110222010000
005122000011ffff0051220111020000
005222000011ffff0052220111020000
005311ffff2200000053110222010000
005411ffff2200000054110222010000
005522000011ffff0055220111020000
005622000011ffff0056220111020000
005711ffff2200000057110222010000
005811ffff2200000058110222010000
005911ffff2200000059110222010000
005a11ffff220000005a110222010000
005b11ffff220000005b110222010000
005c22000011ffff005c220111020000
005d22000011ffff005d220111020000
005e11ffff220000005e110222010000
005f22000011ffff005f220111020000
006022ffff1100000060220211010000
006122ffff1100000061220211010000
006222ffff1100000062220211010000
006322ffff1100000063220211010000
006422ffff1100000064220211010000
006522ffff1100000065220211010000
006611000022ffff0066110122020000
006722ffff1100000067220211010000
006811000022ffff0068110122020000
006922ffff1100000069220211010000
006a22ffff110000006a220211010000
006b11000022ffff006b110122020000
006c11000022ffff006c110122020000
006d22ffff110000006d220211010000
006e22ffff110000006e220211010000
006f11000022ffff006f110122020000
007011ffff2200000070110222010000
007111ffff2200000071110222010000
007222000011ffff0072220111020000
007311ffff2200000073110222010000
007411ffff2200000074110222010000
007522000011ffff0075220111020000
007622000011ffff0076220111020000
007722000011ffff0077220111020000
007822000011ffff0078220111020000
007922000011ffff0079220111020000
007a11ffff220000007a110222010000
007b11ffff220000007b110222010000
007c22000011ffff007c220111020000
007d11ffff220000007d110222010000
007e22000011ffff007e220111020000
007f11ffff220000007f110222010000
008011000022ffff0080110122020000
008122ffff1100000081220211010000
008211000022ffff0082110122020000
008311000022ffff0083110122020000
008422ffff1100000084220211010000
008511000022ffff0085110122020000
008622ffff1100000086220211010000
008722ffff1100000087220211010000
008822ffff1100000088220211010000
008922ffff1100000089220211010000
008a22ffff110000008a220211010000
008b11000022ffff008b110122020000
008c22ffff110000008c220211010000
008d11000022ffff008d110122020000
008e22ffff110000008e220211010000
008f11000022ffff008f110122020000
009022000011ffff0090220111020000
009111ffff2200000091110222010000
009211ffff2200000092110222010000
009311ffff2200000093110222010000
009411ffff2200000094110222010000
009522000011ffff0095220111020000
009611ffff2200000096110222010000
009711ffff2200000097110222010000
009811ffff2200000098110222010000
009922000011ffff0099220111020000
009a11ffff220000009a110222010000
009b22000011ffff009b220111020000
009c11ffff220000009c110222010000
009d22000011ffff009d220111020000
009e22000011ffff009e220111020000
009f22000011ffff009f220111020000
00a011000022ffff00a0110122020000
00a111000022ffff00a1110122020000
00a211000022ffff00a2110122020000
00a322ffff11000000a3220211010000
00a422ffff11000000a4220211010000
00a511000022ffff00a5110122020000
00a611000022ffff00a6110122020000
00a722ffff11000000a7220211010000
00a822ffff11000000a8220211010000
00a911000022ffff00a9110122020000
00aa22ffff11000000aa220211010000
00ab22ffff11000000ab220211010000
00ac11000022ffff00ac110122020000
00ad11000022ffff00ad110122020000
00ae22ffff11000000ae220211010000
00af11000022ffff00af110122020000
00b022000011ffff00b0220111020000
00b111ffff22000000b1110222010000
00b222000011ffff00b2220111020000
00b311ffff22000000b3110222010000
00b411ffff22000000b4110222010000
00b522000011ffff00b5220111020000
00b622000011ffff00b6220111020000
00b722000011ffff00b7220111020000
00b811ffff22000000b8110222010000
00b911ffff22000000b9110222010000
00ba22000011ffff00ba220111020000
00bb22000011ffff00bb220111020000
00bc11ffff22000000bc110222010000
00bd11ffff22000000bd110222010000
00be11ffff22000000be110222010000
00bf22000011ffff00bf220111020000
00c011000022ffff00c0110122020000
00c111000022ffff00c1110122020000
00c211000022ffff00c2110122020000
00c311000022ffff00c3110122020000
00c422ffff11000000c4220211010000
00c511000022ffff00c5110122020000
00c611000022ffff00c6110122020000
00c722ffff11000000c7220211010000
00c822ffff11000000c8220211010000
00c911000022ffff00c9110122020000
00ca22ffff11000000ca220211010000
00cb11000022ffff00cb110122020000
00cc22ffff11000000cc220211010000
00cd11000022ffff00cd110122020000
00ce22ffff11000000ce220211010000
00cf11000022ffff00cf110122020000
00d011ffff22000000d0110222010000
00d122000011ffff00d1220111020000
00d222000011ffff00d2220111020000
00d322000011ffff00d3220111020000
00d422000011ffff00d4220111020000
00d511ffff22000000d5110222010000
00d611ffff22000000d6110222010000
00d711ffff22000000d7110222010000
00d811ffff22000000d8110222010000
00d922000011ffff00d9220111020000
00da11ffff22000000da110222010000
00db11ffff22000000db110222010000
00dc11ffff22000000dc110222010000
00dd11ffff22000000dd110222010000
00de22000011ffff00de220111020000
00df11ffff22000000df110222010000
00e011000022ffff00e0110122020000
00e111000022ffff00e1110122020000
00e222ffff11000000e2220211010000
00e322ffff11000000e3220211010000
00e422ffff11000000e4220211010000
00e511000022ffff00e5110122020000
00e622ffff11000000e6220211010000
00e711000022ffff00e7110122020000
00e822ffff11000000e8220211010000
00e922ffff11000000e9220211010000
00ea11000022ffff00ea110122020000
00eb22ffff11000000eb220211010000
00ec11000022ffff00ec110122020000
00ed22ffff11000000ed220211010000
00ee22ffff11000000ee220211010000
00ef22ffff11000000ef220211010000
00f011ffff22000000f0110222010000
00f122000011ffff00f1220111020000
00f211ffff22000000f2110222010000
00f311ffff22000000f3110222010000
00f422000011ffff00f4220111020000
00f511ffff22000000f5110222010000
00f611ffff22000000f6110222010000
00f711ffff22000000f7110222010000
00f822000011ffff00f8220111020000
00f922000011ffff00f9220111020000
00fa22000011ffff00fa220111020000
00fb11ffff22000000fb110222010000
00fc11ffff22000000fc110222010000
00fd11ffff22000000fd110222010000
00fe22000011ffff00fe220111020000
00ff11ffff22000000ff110222010000
010011000022ffff0100110122020000
010111000022ffff0101110122020000
010211000022ffff0102110122020000
010311000022ffff0103110122020000
010422ffff1100000104220211010000
010511000022ffff0105110122020000
010611000022ffff0106110122020000
010711000022ffff0107110122020000
010811000022ffff0108110122020000
010922ffff1100000109220211010000
010a11000022ffff010a110122020000
010b22ffff110000010b220211010000
010c11000022ffff010c110122020000
010d22ffff110000010d220211010000
010e22ffff110000010e220211010000
010f22ffff110000010f220211010000
011011ffff2200000110110222010000
011122000011ffff0111220111020000
011211ffff2200000112110222010000
011322000011ffff0113220111020000
011411ffff2200000114110222010000
011522000011ffff0115220111020000
011611ffff2200000116110222010000
011722000011ffff0117220111020000
011822000011ffff0118220111020000
011922000011ffff0119220111020000
011a11ffff220000011a110222010000
011b11ffff220000011b110222010000
011c22000011ffff011c220111020000
011d11ffff220000011d110222010000
011e11ffff220000011e110222010000
011f11ffff220000011f110222010000
012011000022ffff0120110122020000
012111000022ffff0121110122020000
012222ffff1100000122220211010000
012311000022ffff0123110122020000
012411000022ffff0124110122020000
012511000022ffff0125110122020000
012611000022ffff0126110122020000
012711000022ffff0127110122020000
012811000022ffff0128110122020000
012922ffff1100000129220211010000
012a22ffff110000012a220211010000
012b11000022ffff012b110122020000
012c11000022ffff012c110122020000
012d22ffff110000012d220211010000
012e11000022ffff012e110122020000
012f11000022ffff012f110122020000
013011ffff2200000130110222010000
013122000011ffff0131220111020000
013222000011ffff0132220111020000
013311ffff2200000133110222010000
013422000011ffff0134220111020000
013522000011ffff0135220111020000
013611ffff2200000136110222010000
013722000011ffff0137220111020000
013811ffff2200000138110222010000
013911ffff2200000139110222010000
013a22000011ffff013a220111020000
013b11ffff220000013b110222010000
013c22000011ffff013c220111020000
013d22000011ffff013d220111020000
013e22000011ffff013e220111020000
013f22000011ffff013f220111020000
014022ffff1100000140220211010000
014122ffff1100000141220211010000
014211000022ffff0142110122020000
014322ffff1100000143220211010000
014411000022ffff0144110122020000
014511000022ffff0145110122020000
014611000022ffff0146110122020000
014722ffff1100000147220211010000
014811000022ffff0148110122020000
014911000022ffff0149110122020000
014a22ffff110000014a220211010000
014b22ffff110000014b220211010000
014c22ffff110000014c220211010000
014d22ffff110000014d220211010000
014e11000022ffff014e110122020000
014f22ffff110000014f220211010000
015011ffff2200000150110222010000
015111ffff2200000151110222010000
015211ffff2200000152110222010000
015322000011ffff0153220111020000
015411ffff2200000154110222010000
015522000011ffff0155220111020000
015611ffff2200000156110222010000
015711ffff2200000157110222010000
015811ffff2200000158110222010000
015922000011ffff0159220111020000
015a11ffff220000015a110222010000
015b11ffff220000015b110222010000
015c11ffff220000015c110222010000
015d22000011ffff015d220111020000
015e22000011ffff015e220111020000
015f22000011ffff015f220111020000
016022ffff1100000160220211010000
016111000022ffff0161110122020000
016222ffff1100000162220211010000
016322ffff1100000163220211010000
016422ffff1100000164220211010000
016522ffff1100000165220211010000
016611000022ffff0166110122020000
016711000022ffff0167110122020000
016811000022ffff0168110122020000
016911000022ffff0169110122020000
016a11000022ffff016a110122020000
016b22ffff110000016b220211010000
016c11000022ffff016c110122020000
016d11000022ffff016d110122020000
016e22ffff110000016e220211010000
016f22ffff110000016f220211010000
017022000011ffff0170220111020000
017122000011ffff0171220111020000
017222000011ffff0172220111020000
017322000011ffff0173220111020000
017422000011ffff0174220111020000
017522000011ffff0175220111020000
017622000011ffff0176220111020000
017722000011ffff0177220111020000
017811ffff2200000178110222010000
017922000011ffff0179220111020000
017a11ffff220000017a110222010000
017b22000011ffff017b220111020000
017c11ffff220000017c110222010000
017d22000011ffff017d220111020000
017e11ffff220000017e110222010000
017f22000011ffff017f220111020000
018011000022ffff0180110122020000
018111000022ffff0181110122020000
018211000022ffff0182110122020000
018311000022ffff0183110122020000
018411000022ffff0184110122020000
018522ffff1100000185220211010000
018622ffff1100000186220211010000
018711000022ffff0187110122020000
018811000022ffff0188110122020000
018911000022ffff0189110122020000
018a22ffff110000018a220211010000
018b11000022ffff018b110122020000
018c11000022ffff018c110122020000
018d22ffff110000018d220211010000
018e11000022ffff018e110122020000
018f22ffff110000018f220211010000
019022000011ffff0190220111020000
019122000011ffff0191220111020000
019222000011ffff0192220111020000
019311ffff2200000193110222010000
019422000011ffff0194220111020000
019511ffff2200000195110222010000
019611ffff2200000196110222010000
019711ffff2200000197110222010000
019811ffff2200000198110222010000
019911ffff2200000199110222010000
019a11ffff220000019a110222010000
019b22000011ffff019b220111020000
019c22000011ffff019c220111020000
019d22000011ffff019d220111020000
019e22000011ffff019e220111020000
019f11ffff220000019f110222010000
01a022ffff11000001a0220211010000
01a122ffff11000001a1220211010000
01a222ffff11000001a2220211010000
01a322ffff11000001a3220211010000
01a411000022ffff01a4110122020000
01a511000022ffff01a5110122020000
01a611000022ffff01a6110122020000
01a711000022ffff01a7110122020000
01a822ffff11000001a8220211010000
01a911000022ffff01a9110122020000
01aa11000022ffff01aa110122020000
01ab11000022ffff01ab110122020000
01ac11000022ffff01ac110122020000
01ad11000022ffff01ad110122020000
01ae22ffff11000001ae220211010000
01af22ffff11000001af220211010000
01b011ffff22000001b0110222010000
01b122000011ffff01b1220111020000
01b222000011ffff01b2220111020000
01b322000011ffff01b3220111020000
01b411ffff22000001b4110222010000
01b522000011ffff01b5220111020000
01b622000011ffff01b6220111020000
01b722000011ffff01b7220111020000
01b822000011ffff01b8220111020000
01b922000011ffff01b9220111020000
01ba11ffff22000001ba110222010000
01bb22000011ffff01bb220111020000
01bc22000011ffff01bc220111020000
01bd22000011ffff01bd220111020000
01be22000011ffff01be220111020000
01bf11ffff22000001bf110222010000
01c022ffff11000001c0220211010000
01c122ffff11000001c1220211010000
01c222ffff11000001c2220211010000
01c311000022ffff01c3110122020000
01c422ffff11000001c4220211010000
01c511000022ffff01c5110122020000
01c611000022ffff01c6110122020000
01c722ffff11000001c7220211010000
01c811000022ffff01c8110122020000
01c911000022ffff01c9110122020000
01ca11000022ffff01ca110122020000
01cb22ffff11000001cb220211010000
01cc22ffff11000001cc220211010000
01cd11000022ffff01cd110122020000
01ce11000022ffff01ce110122020000
01cf22ffff11000001cf220211010000
01d022000011ffff01d0220111020000
01d111ffff22000001d1110222010000
01d222000011ffff01d2220111020000
01d322000011ffff01d3220111020000
01d422000011ffff01d4220111020000
01d511ffff22000001d5110222010000
01d611ffff22000001d6110222010000
01d711ffff22000001d7110222010000
01d822000011ffff01d8220111020000
01d922000011ffff01d9220111020000
01da22000011ffff01da220111020000
01db22000011ffff01db220111020000
01dc11ffff22000001dc110222010000
01dd11ffff22000001dd110222010000
01de11ffff22000001de110222010000
01df22000011ffff01df220111020000
01e022ffff11000001e0220211010000
01e111000022ffff01e1110122020000
01e222ffff11000001e2220211010000
01e311000022ffff01e3110122020000
01e422ffff11000001e4220211010000
01e511000022ffff01e5110122020000
01e622ffff11000001e6220211010000
01e722ffff11000001e7220211010000
01e811000022ffff01e8110122020000
01e922ffff11000001e9220211010000
01ea22ffff11000001ea220211010000
01eb11000022ffff01eb110122020000
01ec22ffff11000001ec220211010000
01ed11000022ffff01ed110122020000
01ee11000022ffff01ee110122020000
01ef11000022ffff01ef110122020000
01f022000011ffff01f0220111020000
01f122000011ffff01f1220111020000
01f211ffff22000001f2110222010000
01f322000011ffff01f3220111020000
01f411ffff22000001f4110222010000
01f511ffff22000001f5110222010000
01f611ffff22000001f6110222010000
01f711ffff22000001f7110222010000
01f811ffff22000001f8110222010000
01f922000011ffff01f9220111020000
01fa22000011ffff01fa220111020000
01fb22000011ffff01fb220111020000
01fc11ffff22000001fc110222010000
01fd22000011ffff01fd220111020000
01fe11ffff22000001fe110222010000
01ff22000011ffff01ff220111020000
000022000011ffff0000220011000000
000122ffff1100000001220011000000
000222ffff1100000002220011000000
000322ffff1100000003220011000000
000411000022ffff0004110022000000
000511000022ffff0005110022000000
000622ffff1100000006220011000000
000722ffff1100000007220011000000
000822ffff1100000008220011000000
000922ffff1100000009220011000000
000a11000022ffff000a110022000000
000b22ffff110000000b220011000000
000c11000022ffff000c110022000000
000d11000022ffff000d110022000000
000e22ffff110000000e220011000000
000f11000022ffff000f110022000000
001011000022ffff0010110022000000
001111ffff22ffff0011110222000000
001222ffff1100000012220011010000
00131100002200000013110122010000
001422ffff1100000014220211010000
001522ffff1100000015220211010000
001611000022ffff0016110122020000
001711000022ffff0017110122020000
001822ffff1100000018220211010000
001922ffff1100000019220211010000
001a11000022ffff001a110122020000
001b11000022ffff001b110122020000
001c22ffff110000001c220211010000
001d22ffff110000001d220211010000
001e11000022ffff001e110122020000
001f11000022ffff001f110122020000
002022ffff1100000020220211010000
002122ffff1100000021220211010000
002222ffff11ffff0022220211020000
002311000022ffff0023110122020000
002422ffff1100000024220211010000
002522ffff1100000025220211010000
00262200001100000026220111010000
002722ffff1100000027220211010000
002811000022ffff0028110122020000
002911000022ffff0029110122020000
002a11000022ffff002a110122020000
002b22ffff110000002b220211010000
002c22ffff110000002c220211010000
002d22ffff110000002d220211010000
002e11000022ffff002e110122020000
002f11000022ffff002f110122020000
003022ffff1100000030220211010000
003122ffff1100000031220211010000
003211000022ffff0032110122020000
003322ffff11ffff0033220211020000
003422ffff1100000034220211010000
003522ffff1100000035220211010000
003611000022ffff0036110122020000
003722ffff1100000037220211010000
003811000022ffff0038110122020000
00392200001100000039220111010000
003a22ffff110000003a220211010000
003b11000022ffff003b110122020000
003c11000022ffff003c110122020000
003d11000022ffff003d110122020000
003e22ffff110000003e220211010000
003f11000022ffff003f110122020000
004011000022ffff0040110122020000
004111000022ffff0041110122020000
004222ffff1100000042220211010000
004322ffff1100000043220211010000
004411ffff22ffff0044110222020000
004511000022ffff0045110122020000
004611000022ffff0046110122020000
004711000022ffff0047110122020000
004811000022ffff0048110122020000
004922ffff1100000049220211010000
004a11000022ffff004a110122020000
004b22ffff110000004b220211010000
004c110000220000004c110122010000
004d22ffff110000004d220211010000
004e11000022ffff004e110122020000
004f22ffff110000004f220211010000
005022ffff1100000050220211010000
005122ffff1100000051220211010000
005211000022ffff0052110122020000
005322ffff1100000053220211010000
005411000022ffff0054110122020000
005522ffff11ffff0055220211020000
005611000022ffff0056110122020000
005711000022ffff0057110122020000
005811000022ffff0058110122020000
005922ffff1100000059220211010000
005a22ffff110000005a220211010000
005b22ffff110000005b220211010000
005c11000022ffff005c110122020000
005d22ffff110000005d220211010000
005e11000022ffff005e110122020000
005f220000110000005f220111010000
006011000022ffff0060110122020000
006122ffff1100000061220211010000
006222ffff1100000062220211010000
006322ffff1100000063220211010000
006422ffff1100000064220211010000
006511000022ffff0065110122020000
006611ffff22ffff0066110222020000
006711000022ffff0067110122020000
006822ffff1100000068220211010000
006922ffff1100000069220211010000
006a22ffff110000006a220211010000
006b22ffff110000006b220211010000
006c22ffff110000006c220211010000
006d11000022ffff006d110122020000
006e11000022ffff006e110122020000
006f22ffff110000006f220211010000
007022ffff1100000070220211010000
007122ffff1100000071220211010000
00721100002200000072110122010000
007322ffff1100000073220211010000
007422ffff1100000074220211010000
007522ffff1100000075220211010000
007611000022ffff0076110122020000
007711ffff22ffff0077110222020000
007822ffff1100000078220211010000
007922ffff1100000079220211010000
007a22ffff110000007a220211010000
007b11000022ffff007b110122020000
007c22ffff110000007c220211010000
007d22ffff110000007d220211010000
007e22ffff110000007e220211010000
007f22ffff110000007f220211010000
008022ffff1100000080220211010000
008122ffff1100000081220211010000
008222ffff1100000082220211010000
008322ffff1100000083220211010000
008422ffff1100000084220211010000
00851100002200000085110122010000
008611000022ffff0086110122020000
008722ffff1100000087220211010000
008822ffff11ffff0088220211020000
008911000022ffff0089110122020000
008a11000022ffff008a110122020000
008b11000022ffff008b110122020000
008c22ffff110000008c220211010000
008d11000022ffff008d110122020000
008e22ffff110000008e220211010000
008f11000022ffff008f110122020000
009022ffff1100000090220211010000
009111000022ffff0091110122020000
009222ffff1100000092220211010000
009311000022ffff0093110122020000
009411000022ffff0094110122020000
009522ffff1100000095220211010000
009611000022ffff0096110122020000
009711000022ffff0097110122020000
00982200001100000098220111010000
009922ffff11ffff0099220211020000
009a11000022ffff009a110122020000
009b11000022ffff009b110122020000
009c22ffff110000009c220211010000
009d11000022ffff009d110122020000
009e11000022ffff009e110122020000
009f22ffff110000009f220211010000
00a022ffff11000000a0220211010000
00a111000022ffff00a1110122020000
00a211000022ffff00a2110122020000
00a311000022ffff00a3110122020000
00a422ffff11000000a4220211010000
00a511000022ffff00a5110122020000
00a611000022ffff00a6110122020000
00a722ffff11000000a7220211010000
00a811000022ffff00a8110122020000
00a911000022ffff00a9110122020000
00aa22ffff11ffff00aa220211020000
00ab11000022000000ab110122010000
00ac22ffff11000000ac220211010000
00ad22ffff11000000ad220211010000
00ae11000022ffff00ae110122020000
00af11000022ffff00af110122020000
00b022ffff11000000b0220211010000
00b122ffff11000000b1220211010000
00b222ffff11000000b2220211010000
00b311000022ffff00b3110122020000
00b411000022ffff00b4110122020000
00b522ffff11000000b5220211010000
00b611000022ffff00b6110122020000
00b722ffff11000000b7220211010000
00b811000022ffff00b8110122020000
00b911000022ffff00b9110122020000
00ba22ffff11000000ba220211010000
00bb11ffff22ffff00bb110222020000
00bc11000022ffff00bc110122020000
00bd22ffff11000000bd220211010000
00be22000011000000be220111010000
00bf22ffff11000000bf220211010000
00c011000022ffff00c0110122020000
00c122ffff11000000c1220211010000
00c222ffff11000000c2220211010000
00c311000022ffff00c3110122020000
00c422ffff11000000c4220211010000
00c522ffff11000000c5220211010000
00c622ffff11000000c6220211010000
00c711000022ffff00c7110122020000
00c822ffff11000000c8220211010000
00c911000022ffff00c9110122020000
00ca22ffff11000000ca220211010000
00cb11000022ffff00cb110122020000
00cc11ffff22ffff00cc110222020000
00cd22ffff11000000cd220211010000
00ce11000022ffff00ce110122020000
00cf11000022ffff00cf110122020000
00d011000022ffff00d0110122020000
00d111000022000000d1110122010000
00d211000022ffff00d2110122020000
00d322ffff11000000d3220211010000
00d422ffff11000000d4220211010000
00d522ffff11000000d5220211010000
00d611000022ffff00d6110122020000
00d722ffff11000000d7220211010000
00d822ffff11000000d8220211010000
00d922ffff11000000d9220211010000
00da11000022ffff00da110122020000
00db11000022ffff00db110122020000
00dc22ffff11000000dc220211010000
00dd11ffff22ffff00dd110222020000
00de22ffff11000000de220211010000
00df22ffff11000000df220211010000
00e022ffff11000000e0220211010000
00e122ffff11000000e1220211010000
00e222ffff11000000e2220211010000
00e311000022ffff00e3110122020000
00e411000022000000e4110122010000
00e511000022ffff00e5110122020000
00e611000022ffff00e6110122020000
00e722ffff11000000e7220211010000
00e822ffff11000000e8220211010000
00e911000022ffff00e9110122020000
00ea22ffff11000000ea220211010000
00eb22ffff11000000eb220211010000
00ec11000022ffff00ec110122020000
00ed11000022ffff00ed110122020000
00ee22ffff11ffff00ee220211020000
00ef11000022ffff00ef110122020000
00f022ffff11000000f0220211010000
00f111000022ffff00f1110122020000
00f211000022ffff00f2110122020000
00f311000022ffff00f3110122020000
00f422ffff11000000f4220211010000
00f522ffff11000000f5220211010000
00f611000022ffff00f6110122020000
00f711000022000000f7110122010000
00f822ffff11000000f8220211010000
00f922ffff11000000f9220211010000
00fa11000022ffff00fa110122020000
00fb22ffff11000000fb220211010000
00fc11000022ffff00fc110122020000
00fd11000022ffff00fd110122020000
00fe11000022ffff00fe110122020000
00ff11ffff22ffff00ff110222020000
010011000022ffff0100110122020000
010111000022ffff0101110122020000
010222ffff1100000102220211010000
010311000022ffff0103110122020000
010422ffff1100000104220211010000
010522ffff1100000105220211010000
010622ffff1100000106220211010000
010711000022ffff0107110122020000
010811000022ffff0108110122020000
010911000022ffff0109110122020000
010a220000110000010a220111010000
010b22ffff110000010b220211010000
010c11000022ffff010c110122020000
010d11000022ffff010d110122020000
010e11000022ffff010e110122020000
010f22ffff110000010f220211010000
011022ffff11ffff0110220211020000
011111000022ffff0111110122020000
011211000022ffff0112110122020000
011311000022ffff0113110122020000
011422ffff1100000114220211010000
011511000022ffff0115110122020000
011611000022ffff0116110122020000
011722ffff1100000117220211010000
011822ffff1100000118220211010000
011911000022ffff0119110122020000
011a11000022ffff011a110122020000
011b22ffff110000011b220211010000
011c11000022ffff011c110122020000
011d220000110000011d220111010000
011e22ffff110000011e220211010000
011f11000022ffff011f110122020000
012022ffff1100000120220211010000
012111ffff22ffff0121110222020000
012222ffff1100000122220211010000
012311000022ffff0123110122020000
012411000022ffff0124110122020000
012511000022ffff0125110122020000
012622ffff1100000126220211010000
012722ffff1100000127220211010000
012822ffff1100000128220211010000
012922ffff1100000129220211010000
012a11000022ffff012a110122020000
012b11000022ffff012b110122020000
012c11000022ffff012c110122020000
012d11000022ffff012d110122020000
012e11000022ffff012e110122020000
012f22ffff110000012f220211010000
01302200001100000130220111010000
013111000022ffff0131110122020000
013211ffff22ffff0132110222020000
013322ffff1100000133220211010000
013411000022ffff0134110122020000
013522ffff1100000135220211010000
013622ffff1100000136220211010000
013711000022ffff0137110122020000
013811000022ffff0138110122020000
013922ffff1100000139220211010000
013a22ffff110000013a220211010000
013b11000022ffff013b110122020000
013c22ffff110000013c220211010000
013d11000022ffff013d110122020000
013e11000022ffff013e110122020000
013f11000022ffff013f110122020000
014011000022ffff0140110122020000
014122ffff1100000141220211010000
014222ffff1100000142220211010000
014311ffff2200000143110222010000
014422ffff1100000144220211010000
014522ffff1100000145220211010000
014611000022ffff0146110122020000
014722ffff1100000147220211010000
014811000022ffff0148110122020000
014911000022ffff0149110122020000
014a11000022ffff014a110122020000
014b22ffff110000014b220211010000
014c22ffff110000014c220211010000
014d22ffff110000014d220211010000
014e22ffff110000014e220211010000
014f11000022ffff014f110122020000
015011000022ffff0150110122020000
015111000022ffff0151110122020000
015211000022ffff0152110122020000
015311000022ffff0153110122020000
015422ffff11ffff0154220211020000
015522ffff1100000155220211010000
01562200001100000156220111010000
015711000022ffff0157110122020000
015811000022ffff0158110122020000
015922ffff1100000159220211010000
015a22ffff110000015a220211010000
015b11000022ffff015b110122020000
015c11000022ffff015c110122020000
015d22ffff110000015d220211010000
015e22ffff110000015e220211010000
015f22ffff110000015f220211010000
016011000022ffff0160110122020000
016122ffff1100000161220211010000
016211000022ffff0162110122020000
016322ffff1100000163220211010000
016422ffff1100000164220211010000
016511ffff22ffff0165110222020000
016611000022ffff0166110122020000
016722ffff1100000167220211010000
016811000022ffff0168110122020000
01691100002200000169110122010000
016a11000022ffff016a110122020000
016b11000022ffff016b110122020000
016c22ffff110000016c220211010000
016d22ffff110000016d220211010000
016e22ffff110000016e220211010000
016f11000022ffff016f110122020000
017011000022ffff0170110122020000
017111000022ffff0171110122020000
017211000022ffff0172110122020000
017322ffff1100000173220211010000
017422ffff1100000174220211010000
017522ffff1100000175220211010000
017611ffff22ffff0176110222020000
017722ffff1100000177220211010000
017811000022ffff0178110122020000
017911000022ffff0179110122020000
017a11000022ffff017a110122020000
017b22ffff110000017b220211010000
017c220000110000017c220111010000
017d22ffff110000017d220211010000
017e22ffff110000017e220211010000
017f11000022ffff017f110122020000
018011000022ffff0180110122020000
018111000022ffff0181110122020000
018222ffff1100000182220211010000
018322ffff1100000183220211010000
018411000022ffff0184110122020000
018511000022ffff0185110122020000
018622ffff1100000186220211010000
018722ffff11ffff0187220211020000
018811000022ffff0188110122020000
018922ffff1100000189220211010000
018a11000022ffff018a110122020000
018b11000022ffff018b110122020000
018c22ffff110000018c220211010000
018d11000022ffff018d110122020000
018e22ffff110000018e220211010000
018f110000220000018f110122010000
019011000022ffff0190110122020000
019111000022ffff0191110122020000
019222ffff1100000192220211010000
019322ffff1100000193220211010000
019422ffff1100000194220211010000
019511000022ffff0195110122020000
019622ffff1100000196220211010000
019711000022ffff0197110122020000
019822ffff11ffff0198220211020000
019911000022ffff0199110122020000
019a22ffff110000019a220211010000
019b22ffff110000019b220211010000
019c11000022ffff019c110122020000
019d22ffff110000019d220211010000
019e11000022ffff019e110122020000
019f11000022ffff019f110122020000
01a011000022ffff01a0110122020000
01a111000022ffff01a1110122020000
01a211000022000001a2110122010000
01a311000022ffff01a3110122020000
01a422ffff11000001a4220211010000
01a511000022ffff01a5110122020000
01a611000022ffff01a6110122020000
01a711000022ffff01a7110122020000
01a811000022ffff01a8110122020000
01a911ffff22ffff01a9110222020000
01aa11000022ffff01aa110122020000
01ab22ffff11000001ab220211010000
01ac11000022ffff01ac110122020000
01ad22ffff11000001ad220211010000
01ae22ffff11000001ae220211010000
01af22ffff11000001af220211010000
01b022ffff11000001b0220211010000
01b122ffff11000001b1220211010000
01b211000022ffff01b2110122020000
01b311000022ffff01b3110122020000
01b422ffff11000001b4220211010000
01b511000022000001b5110122010000
01b622ffff11000001b6220211010000
01b711000022ffff01b7110122020000
01b822ffff11000001b8220211010000
01b911000022ffff01b9110122020000
01ba11ffff22ffff01ba110222020000
01bb11000022ffff01bb110122020000
01bc11000022ffff01bc110122020000
01bd11000022ffff01bd110122020000
01be11000022ffff01be110122020000
01bf22ffff11000001bf220211010000
01c011000022ffff01c0110122020000
01c111000022ffff01c1110122020000
01c211000022ffff01c2110122020000
01c322ffff11000001c3220211010000
01c411000022ffff01c4110122020000
01c522ffff11000001c5220211010000
01c611000022ffff01c6110122020000
01c711000022ffff01c7110122020000
01c811000022000001c8110122010000
01c911000022ffff01c9110122020000
01ca22ffff11000001ca220211010000
01cb11ffff22ffff01cb110222020000
01cc11000022ffff01cc110122020000
01cd11000022ffff01cd110122020000
01ce11000022ffff01ce110122020000
01cf11000022ffff01cf110122020000
01d011000022ffff01d0110122020000
01d111000022ffff01d1110122020000
01d222ffff11000001d2220211010000
01d311000022ffff01d3110122020000
01d422ffff11000001d4220211010000
01d511000022ffff01d5110122020000
01d611000022ffff01d6110122020000
01d722ffff11000001d7220211010000
01d822ffff11000001d8220211010000
01d922ffff11000001d9220211010000
01da22ffff11000001da220211010000
01db22000011000001db220111010000
01dc22ffff11ffff01dc220211020000
01dd11000022ffff01dd110122020000
01de22ffff11000001de220211010000
01df11000022ffff01df110122020000
01e022ffff11000001e0220211010000
01e111000022ffff01e1110122020000
01e211000022ffff01e2110122020000
01e322ffff11000001e3220211010000
01e422ffff11000001e4220211010000
01e511000022ffff01e5110122020000
01e611000022ffff01e6110122020000
01e722ffff11000001e7220211010000
01e822ffff11000001e8220211010000
01e922ffff11000001e9220211010000
01ea22ffff11000001ea220211010000
01eb22ffff11000001eb220211010000
01ec22ffff11000001ec220211010000
01ed22ffff11ffff01ed220211020000
01ee11000022000001ee110122010000
01ef22ffff11000001ef220211010000
01f022ffff11000001f0220211010000
01f122ffff11000001f1220211010000
01f222ffff11000001f2220211010000
01f322ffff11000001f3220211010000
01f422ffff11000001f4220211010000
01f511000022ffff01f5110122020000
01f622ffff11000001f6220211010000
01f711000022ffff01f7110122020000
01f822ffff11000001f8220211010000
01f911000022ffff01f9110122020000
01fa11000022ffff01fa110122020000
01fb11000022ffff01fb110122020000
01fc11000022ffff01fc110122020000
01fd22ffff11000001fd220211010000
01fe22ffff11ffff01fe220211020000
01ff11000022ffff01ff110122020000
00001100002200000000110022000000
0001110842220e380001110022000000
0002221c701110840002220011000000
00031118c6222aa80003110022000000
00041121082238e00004110022000000
000522471811294a0005220011000000
000622555011318c0006220011000000
00071139ce2263880007110022000000
00081142102271c00008110022000000
0009227ff8114a520009220011000000
000a115294228e30000a110022000000
000b115ad6229c68000b110022000000
000c22aaa0116318000c220011000000
000d116b5a22b8d8000d110022000000
000e11739c22c710000e110022000000
000f117bde22d548000f110022000000
001011842022e3800010110022000000
0011118c6222f1b80011110022000000
001222fff01194a40012220011000000
0013220000119ce60013220111000000
0014220e3811a5280014220111000000
001511ad6a221c700015110022010000
0016222aa811b5ac0016220111000000
001711bdee2238e00017110022010000
001811c6302247180018110022010000
001911ce722255500019110022010000
001a11d6b4226388001a110022010000
001b2271c011def6001b220111000000
001c227ff811e738001c220211000000
001d11ef7a228e30001d110022020000
001e229c6811f7bc001e220211000000
001f22aaa0110000001f220211010000
002011084222b8d80020110122020000
002122c7101110840021220211010000
002222d5481118c60022220211010000
002322e3801121080023220211010000
002411294a22f1b80024110122020000
002522fff011318c0025220211010000
00262200001139ce0026220111010000
0027220e381142100027220111010000
0028221c70114a520028220111010000
0029222aa81152940029220111010000
002a2238e0115ad6002a220111010000
002b224718116318002b220111020000
002c225550116b5a002c220111020000
002d11739c226388002d110222010000
002e117bde2271c0002e110222010000
002f227ff8118420002f220211020000
0030228e30118c620030220211020000
0031229c681194a40031220211020000
0032119ce622aaa00032110222020000
003322b8d811a5280033220211020000
003411ad6a22c7100034110222020000
003511b5ac22d5480035110222020000
003622e38011bdee0036220211020000
003722f1b811c6300037220211020000
003811ce7222fff00038110222020000
003911d6b42200000039110222010000
003a11def6220e38003a110222010000
003b221c7011e738003b220111020000
003c11ef7a222aa8003c110222010000
003d2238e011f7bc003d220111020000
003e110000224718003e110122010000
003f110842225550003f110122010000
00402263881110840040220111010000
00411118c62271c00041110122010000
0042112108227ff80042110122020000
0043228e3011294a0043220211010000
0044229c6811318c0044220211010000
00451139ce22aaa00045110122020000
004622b8d81142100046220211010000
004722c710114a520047220211010000
004811529422d5480048110122020000
004922e380115ad60049220211010000
004a22f1b8116318004a220211020000
004b116b5a22fff0004b110222020000
004c11739c220000004c110222010000
004d220e38117bde004d220111020000
004e221c70118420004e220111020000
004f118c62222aa8004f110222010000
00501194a42238e00050110222010000
0051119ce62247180051110222010000
005222555011a5280052220111020000
005311ad6a2263880053110222010000
00542271c011b5ac0054220111020000
005511bdee227ff80055110222020000
0056228e3011c6300056220211020000
0057229c6811ce720057220211020000
005811d6b422aaa00058110222020000
005911def622b8d80059110222020000
005a22c71011e738005a220211020000
005b11ef7a22d548005b110222020000
005c11f7bc22e380005c110222020000
005d22f1b8110000005d220211010000
005e22fff0110842005e220211010000
005f220000111084005f220111010000
0060220e381118c60060220111010000
0061112108221c700061110122010000
0062222aa811294a0062220111010000
00632238e011318c0063220111010000
00641139ce2247180064110122010000
00651142102255500065110122010000
0066114a522263880066110122010000
00671152942271c00067110122010000
0068115ad6227ff80068110122020000
0069116318228e300069110222020000
006a116b5a229c68006a110222020000
006b11739c22aaa0006b110222020000
006c117bde22b8d8006c110222020000
006d22c710118420006d220211020000
006e118c6222d548006e110222020000
006f22e3801194a4006f220211020000
0070119ce622f1b80070110222020000
007122fff011a5280071220211020000
007211ad6a2200000072110222010000
0073220e3811b5ac0073220111020000
007411bdee221c700074110222010000
007511c630222aa80075110222010000
00762238e011ce720076220111020000
007711d6b42247180077110222010000
007822555011def60078220111020000
007911e7382263880079110222010000
007a11ef7a2271c0007a110222010000
007b227ff811f7bc007b220211020000
007c110000228e30007c110122020000
007d229c68110842007d220211010000
007e22aaa0111084007e220211010000
007f22b8d81118c6007f220211010000
008011210822c7100080110122020000
008122d54811294a0081220211010000
008222e38011318c0082220211010000
008322f1b81139ce0083220211010000
008422fff01142100084220211010000
0085114a522200000085110122010000
0086220e381152940086220111010000
0087115ad6221c700087110122010000
0088116318222aa80088110222010000
00892238e0116b5a0089220111020000
008a22471811739c008a220111020000
008b117bde225550008b110222010000
008c226388118420008c220111020000
008d118c622271c0008d110222010000
008e227ff81194a4008e220211020000
008f228e30119ce6008f220211020000
009011a528229c680090110222020000
009111ad6a22aaa00091110222020000
009211b5ac22b8d80092110222020000
009311bdee22c7100093110222020000
009411c63022d5480094110222020000
009522e38011ce720095220211020000
009622f1b811d6b40096220211020000
009711def622fff00097110222020000
009822000011e7380098220111020000
009911ef7a220e380099110222010000
009a11f7bc221c70009a110222010000
009b222aa8110000009b220111010000
009c2238e0110842009c220111010000
009d111084224718009d110122010000
009e1118c6225550009e110122010000
009f226388112108009f220111010000
00a011294a2271c000a0110122010000
00a111318c227ff800a1110122020000
00a21139ce228e3000a2110122020000
00a3114210229c6800a3110122020000
00a4114a5222aaa000a4110122020000
00a522b8d811529400a5220211010000
00a6115ad622c71000a6110122020000
00a711631822d54800a7110222020000
00a822e380116b5a00a8220211020000
00a911739c22f1b800a9110222020000
00aa117bde22fff000aa110222020000
00ab11842022000000ab110222010000
00ac220e38118c6200ac220111020000
00ad1194a4221c7000ad110222010000
00ae119ce6222aa800ae110222010000
00af2238e011a52800af220111020000
00b022471811ad6a00b0220111020000
00b122555011b5ac00b1220111020000
00b211bdee22638800b2110222010000
00b32271c011c63000b3220111020000
00b411ce72227ff800b4110222020000
00b5228e3011d6b400b5220211020000
00b611def6229c6800b6110222020000
00b711e73822aaa000b7110222020000
00b822b8d811ef7a00b8220211020000
00b922c71011f7bc00b9220211020000
00ba22d54811000000ba220211010000
00bb22e38011084200bb220211010000
00bc22f1b811108400bc220211010000
00bd1118c622fff000bd110122020000
00be22000011210800be220111010000
00bf220e3811294a00bf220111010000
00c011318c221c7000c0110122010000
00c1222aa81139ce00c1220111010000
00c21142102238e000c2110122010000
00c3114a5222471800c3110122010000
00c422555011529400c4220111010000
00c5115ad622638800c5110122010000
00c62271c011631800c6220111020000
00c7227ff8116b5a00c7220211020000
00c811739c228e3000c8110222020000
00c9117bde229c6800c9110222020000
00ca11842022aaa000ca110222020000
00cb118c6222b8d800cb110222020000
00cc22c7101194a400cc220211020000
00cd22d548119ce600cd220211020000
00ce11a52822e38000ce110222020000
00cf11ad6a22f1b800cf110222020000
00d022fff011b5ac00d0220211020000
00d111bdee22000000d1110222010000
00d2220e3811c63000d2220111020000
00d3221c7011ce7200d3220111020000
00d4222aa811d6b400d4220111020000
00d52238e011def600d5220111020000
00d622471811e73800d6220111020000
00d711ef7a22555000d7110222010000
00d822638811f7bc00d8220111020000
00d92271c011000000d9220111010000
00da110842227ff800da110122020000
00db228e3011108400db220211010000
00dc229c681118c600dc220211010000
00dd11210822aaa000dd110122020000
00de11294a22b8d800de110122020000
00df22c71011318c00df220211010000
00e01139ce22d54800e0110122020000
00e111421022e38000e1110122020000
00e2114a5222f1b800e2110122020000
00e322fff011529400e3220211010000
00e4115ad622000000e4110122010000
00e5220e3811631800e5220111020000
00e6221c70116b5a00e6220111020000
00e711739c222aa800e7110222010000
00e82238e0117bde00e8220111020000
00e922471811842000e9220111020000
00ea118c6222555000ea110222010000
00eb2263881194a400eb220111020000
00ec2271c0119ce600ec220111020000
00ed227ff811a52800ed220211020000
00ee228e3011ad6a00ee220211020000
00ef11b5ac229c6800ef110222020000
00f022aaa011bdee00f0220211020000
00f111c63022b8d800f1110222020000
00f222c71011ce7200f2220211020000
00f322d54811d6b400f3220211020000
00f422e38011def600f4220211020000
00f511e73822f1b800f5110222020000
00f622fff011ef7a00f6220211020000
00f722000011f7bc00f7220111020000
00f8220e3811000000f8220111010000
00f9221c7011084200f9220111010000
00fa111084222aa800fa110122010000
00fb1118c62238e000fb110122010000
00fc11210822471800fc110122010000
00fd11294a22555000fd110122010000
00fe11318c22638800fe110122010000
00ff2271c01139ce00ff220111010000
0100227ff81142100100220211010000
0101114a52228e300101110122020000
0102115294229c680102110122020000
010322aaa0115ad60103220211010000
010422b8d81163180104220211020000
010522c710116b5a0105220211020000
010611739c22d5480106110222020000
010722e380117bde0107220211020000
010822f1b81184200108220211020000
010922fff0118c620109220211020000
010a1194a4220000010a110222010000
010b220e38119ce6010b220111020000
010c221c7011a528010c220111020000
010d222aa811ad6a010d220111020000
010e11b5ac2238e0010e110222010000
010f22471811bdee010f220111020000
011011c6302255500110110222010000
011122638811ce720111220111020000
01122271c011d6b40112220111020000
0113227ff811def60113220211020000
011411e738228e300114110222020000
011511ef7a229c680115110222020000
011622aaa011f7bc0116220211020000
011722b8d81100000117220211010000
011822c7101108420118220211010000
011911108422d5480119110122020000
011a22e3801118c6011a220211010000
011b22f1b8112108011b220211010000
011c11294a22fff0011c110122020000
011d22000011318c011d220111010000
011e220e381139ce011e220111010000
011f221c70114210011f220111010000
0120114a52222aa80120110122010000
01211152942238e00121110122010000
0122115ad62247180122110122010000
01232255501163180123220111020000
0124226388116b5a0124220111020000
012511739c2271c00125110222010000
0126227ff8117bde0126220211020000
0127228e301184200127220211020000
0128118c62229c680128110222020000
012922aaa01194a40129220211020000
012a119ce622b8d8012a110222020000
012b11a52822c710012b110222020000
012c22d54811ad6a012c220211020000
012d22e38011b5ac012d220211020000
012e11bdee22f1b8012e110222020000
012f22fff011c630012f220211020000
013011ce722200000130110222010000
013111d6b4220e380131110222010000
0132221c7011def60132220111020000
013311e738222aa80133110222010000
013411ef7a2238e00134110222010000
013522471811f7bc0135220111020000
01362255501100000136220111010000
01372263881108420137220111010000
01381110842271c00138110122010000
01391118c6227ff80139110122020000
013a228e30112108013a220211010000
013b11294a229c68013b110122020000
013c22aaa011318c013c220211010000
013d22b8d81139ce013d220211010000
013e22c710114210013e220211010000
013f114a5222d548013f110122020000
014011529422e3800140110122020000
0141115ad622f1b80141110122020000
014211631822fff00142110222020000
0143116b5a2200000143110222010000
0144220e3811739c0144220111020000
0145221c70117bde0145220111020000
0146222aa81184200146220111020000
01472238e0118c620147220111020000
01482247181194a40148220111020000
0149225550119ce60149220111020000
014a22638811a528014a220111020000
014b11ad6a2271c0014b110222010000
014c227ff811b5ac014c220211020000
014d228e3011bdee014d220211020000
014e11c630229c68014e110222020000
014f11ce7222aaa0014f110222020000
015011d6b422b8d80150110222020000
015111def622c7100151110222020000
015222d54811e7380152220211020000
015311ef7a22e3800153110222020000
015411f7bc22f1b80154110222020000
015522fff01100000155220211010000
01562200001108420156220111010000
0157220e381110840157220111010000
01581118c6221c700158110122010000
0159222aa81121080159220111010000
015a2238e011294a015a220111010000
015b11318c224718015b110122010000
015c2255501139ce015c220111010000
015d114210226388015d110122010000
015e114a522271c0015e110122010000
015f115294227ff8015f110122020000
0160115ad6228e300160110122020000
0161229c681163180161220211020000
0162116b5a22aaa00162110222020000
016311739c22b8d80163110222020000
016422c710117bde0164220211020000
016511842022d5480165110222020000
016622e380118c620166220211020000
01671194a422f1b80167110222020000
0168119ce622fff00168110222020000
016922000011a5280169220111020000
016a220e3811ad6a016a220111020000
016b11b5ac221c70016b110222010000
016c222aa811bdee016c220111020000
016d2238e011c630016d220111020000
016e22471811ce72016e220111020000
016f11d6b4225550016f110222010000
017011def62263880170110222010000
01712271c011e7380171220111020000
0172227ff811ef7a0172220211020000
0173228e3011f7bc0173220211020000
0174229c681100000174220211010000
017511084222aaa00175110122020000
017611108422b8d80176110122020000
01771118c622c7100177110122020000
017811210822d5480178110122020000
017922e38011294a0179220211010000
017a22f1b811318c017a220211010000
017b22fff01139ce017b220211010000
017c114210220000017c110122010000
017d114a52220e38017d110122010000
017e221c70115294017e220111010000
017f115ad6222aa8017f110122010000
01801163182238e00180110222010000
0181116b5a2247180181110222010000
018211739c2255500182110222010000
0183117bde2263880183110222010000
01842271c01184200184220111020000
0185227ff8118c620185220211020000
0186228e301194a40186220211020000
0187119ce6229c680187110222020000
018811a52822aaa00188110222020000
018922b8d811ad6a0189220211020000
018a22c71011b5ac018a220211020000
018b22d54811bdee018b220211020000
018c11c63022e380018c110222020000
018d11ce7222f1b8018d110222020000
018e11d6b422fff0018e110222020000
018f11def6220000018f110222010000
019011e738220e380190110222010000
019111ef7a221c700191110222010000
0192222aa811f7bc0192220111020000
01931100002238e00193110122010000
01941108422247180194110122010000
01952255501110840195220111010000
01961118c62263880196110122010000
01972271c01121080197220111010000
019811294a227ff80198110122020000
0199228e3011318c0199220211010000
019a1139ce229c68019a110122020000
019b11421022aaa0019b110122020000
019c22b8d8114a52019c220211010000
019d11529422c710019d110122020000
019e22d548115ad6019e220211010000
019f22e380116318019f220211020000
01a0116b5a22f1b801a0110222020000
01a111739c22fff001a1110222020000
01a2117bde22000001a2110222010000
01a3220e3811842001a3220111020000
01a4221c70118c6201a4220111020000
01a5222aa81194a401a5220111020000
01a6119ce62238e001a6110222010000
01a711a52822471801a7110222010000
01a822555011ad6a01a8220111020000
01a922638811b5ac01a9220111020000
01aa2271c011bdee01aa220111020000
01ab227ff811c63001ab220211020000
01ac11ce72228e3001ac110222020000
01ad11d6b4229c6801ad110222020000
01ae11def622aaa001ae110222020000
01af11e73822b8d801af110222020000
01b011ef7a22c71001b0110222020000
01b122d54811f7bc01b1220211020000
01b211000022e38001b2110122020000
01b322f1b811084201b3220211010000
01b411108422fff001b4110122020000
01b51118c622000001b5110122010000
01b6112108220e3801b6110122010000
01b711294a221c7001b7110122010000
01b8222aa811318c01b8220111010000
01b92238e01139ce01b9220111010000
01ba22471811421001ba220111010000
01bb225550114a5201bb220111010000
01bc22638811529401bc220111010000
01bd115ad62271c001bd110122010000
01be116318227ff801be110222020000
01bf116b5a228e3001bf110222020000
01c011739c229c6801c0110222020000
01c122aaa0117bde01c1220211020000
01c211842022b8d801c2110222020000
01c322c710118c6201c3220211020000
01c422d5481194a401c4220211020000
01c5119ce622e38001c5110222020000
01c622f1b811a52801c6220211020000
01c711ad6a22fff001c7110222020000
01c811b5ac22000001c8110222010000
01c9220e3811bdee01c9220111020000
01ca221c7011c63001ca220111020000
01cb11ce72222aa801cb110222010000
01cc2238e011d6b401cc220111020000
01cd11def622471801cd110222010000
01ce11e73822555001ce110222010000
01cf22638811ef7a01cf220111020000
01d02271c011f7bc01d0220111020000
01d1227ff811000001d1220211010000
01d2228e3011084201d2220211010000
01d3229c6811108401d3220211010000
01d41118c622aaa001d4110122020000
01d511210822b8d801d5110122020000
01d622c71011294a01d6220211010000
01d711318c22d54801d7110122020000
01d822e3801139ce01d8220211010000
01d911421022f1b801d9110122020000
01da22fff0114a5201da220211010000
01db11529422000001db110122010000
01dc115ad6220e3801dc110122010000
01dd221c7011631801dd220111020000
01de116b5a222aa801de110222010000
01df2238e011739c01df220111020000
01e0224718117bde01e0220111020000
01e111842022555001e1110222010000
01e2226388118c6201e2220111020000
01e32271c01194a401e3220111020000
01e4119ce6227ff801e4110222020000
01e5228e3011a52801e5220211020000
01e611ad6a229c6801e6110222020000
01e711b5ac22aaa001e7110222020000
01e822b8d811bdee01e8220211020000
01e911c63022c71001e9110222020000
01ea22d54811ce7201ea220211020000
01eb11d6b422e38001eb110222020000
01ec11def622f1b801ec110222020000
01ed11e73822fff001ed110222020000
01ee22000011ef7a01ee220111020000
01ef11f7bc220e3801ef110222010000
01f0110000221c7001f0110122010000
01f1222aa811084201f1220111010000
01f22238e011108401f2220111010000
01f32247181118c601f3220111010000
01f422555011210801f4220111010000
01f511294a22638801f5110122010000
01f611318c2271c001f6110122010000
01f7227ff81139ce01f7220211010000
01f8228e3011421001f8220211010000
01f9114a52229c6801f9110122020000
01fa11529422aaa001fa110122020000
01fb115ad622b8d801fb110122020000
01fc11631822c71001fc110222020000
01fd116b5a22d54801fd110222020000
01fe11739c22e38001fe110222020000
01ff117bde22f1b801ff110222020000
00001100002200100000110022000000
0001227fff1100010001220011000000
000222000111000f0002220011000000
00032201001100100003220011000000
000422ffff1100110004220011000000
00052200111100ff0005220011000000
00062280001101000006220011000000
000711010122000f0007110022000000
0008117fff2201010008110022000000
00092200001180000009220011000000
000a2200ff11fffe000a220011000000
000b22fffe11ffff000b220011000000
000c110000220010000c110022000000
000d227fff110001000d220011000000
000e22000111000f000e220011000000
000f220100110010000f220011000000
001011001122ffff0010110022020000
00112200111100ff0011220111000000
00122280001101000012220211000000
001311010122000f0013110022010000
0014220101117fff0014220111020000
00151180002200000015110222010000
001611fffe2200ff0016110222010000
001711ffff22fffe0017110222020000
00182200101100000018220111010000
0019227fff1100010019220211010000
001a11000f220001001a110122010000
001b220100110010001b220111010000
001c22ffff110011001c220211010000
001d1100ff220011001d110122010000
001e110100228000001e110122020000
001f22000f110101001f220111010000
0020117fff2201010020110222010000
00212200001180000021220111020000
002211fffe2200ff0022110222010000
002322fffe11ffff0023220211020000
00241100002200100024110122010000
0025227fff1100010025220211010000
002611000f2200010026110122010000
00271100102201000027110122010000
002811001122ffff0028110122020000
00292200111100ff0029220111010000
002a110100228000002a110122020000
002b11010122000f002b110122010000
002c220101117fff002c220111020000
002d118000220000002d110222010000
002e11fffe2200ff002e110222010000
002f22fffe11ffff002f220211020000
00302200101100000030220111010000
0031110001227fff0031110122020000
003211000f2200010032110122010000
00332201001100100033220111010000
003422ffff1100110034220211010000
00352200111100ff0035220111010000
00361101002280000036110122020000
003711010122000f0037110122010000
0038117fff2201010038110222010000
00391180002200000039110222010000
003a2200ff11fffe003a220111020000
003b11ffff22fffe003b110222020000
003c110000220010003c110122010000
003d227fff110001003d220211010000
003e22000111000f003e220111010000
003f220100110010003f220111010000
004011001122ffff0040110122020000
00411100ff2200110041110122010000
00421101002280000042110122020000
004322000f1101010043220111010000
0044117fff2201010044110222010000
00451180002200000045110222010000
00462200ff11fffe0046220111020000
004722fffe11ffff0047220211020000
00482200101100000048220111010000
0049227fff1100010049220211010000
004a11000f220001004a110122010000
004b220100110010004b220111010000
004c22ffff110011004c220211010000
004d1100ff220011004d110122010000
004e110100228000004e110122020000
004f11010122000f004f110122010000
0050220101117fff0050220111020000
00512200001180000051220111020000
005211fffe2200ff0052110222010000
005322fffe11ffff0053220211020000
00541100002200100054110122010000
0055227fff1100010055220211010000
005611000f2200010056110122010000
00572201001100100057220111010000
005811001122ffff0058110122020000
00591100ff2200110059110122010000
005a110100228000005a110122020000
005b22000f110101005b220111010000
005c117fff220101005c110222010000
005d118000220000005d110222010000
005e11fffe2200ff005e110222010000
005f11ffff22fffe005f110222020000
00601100002200100060110122010000
0061110001227fff0061110122020000
006211000f2200010062110122010000
00632201001100100063220111010000
006422ffff1100110064220211010000
00652200111100ff0065220111010000
00661101002280000066110122020000
006711010122000f0067110122010000
0068220101117fff0068220111020000
00692200001180000069220111020000
006a2200ff11fffe006a220111020000
006b22fffe11ffff006b220211020000
006c110000220010006c110122010000
006d110001227fff006d110122020000
006e11000f220001006e110122010000
006f110010220100006f110122010000
007022ffff1100110070220211010000
00712200111100ff0071220111010000
00721101002280000072110122020000
007322000f1101010073220111010000
0074220101117fff0074220111020000
00752200001180000075220111020000
00762200ff11fffe0076220111020000
007711ffff22fffe0077110222020000
00782200101100000078220111010000
0079110001227fff0079110122020000
007a11000f220001007a110122010000
007b220100110010007b220111010000
007c11001122ffff007c110122020000
007d2200111100ff007d220111010000
007e110100228000007e110122020000
007f11010122000f007f110122010000
0080220101117fff0080220111020000
00811180002200000081110222010000
00822200ff11fffe0082220111020000
008311ffff22fffe0083110222020000
00842200101100000084220111010000
0085227fff1100010085220211010000
008622000111000f0086220111010000
00872201001100100087220111010000
008822ffff1100110088220211010000
00891100ff2200110089110122010000
008a110100228000008a110122020000
008b22000f110101008b220111010000
008c117fff220101008c110222010000
008d220000118000008d220111020000
008e2200ff11fffe008e220111020000
008f11ffff22fffe008f110222020000
00901100002200100090110122010000
0091227fff1100010091220211010000
009222000111000f0092220111010000
00932201001100100093220111010000
009422ffff1100110094220211010000
00951100ff2200110095110122010000
00961101002280000096110122020000
009711010122000f0097110122010000
0098117fff2201010098110222010000
00992200001180000099220111020000
009a11fffe2200ff009a110222010000
009b11ffff22fffe009b110222020000
009c220010110000009c220111010000
009d110001227fff009d110122020000
009e11000f220001009e110122010000
009f220100110010009f220111010000
00a011001122ffff00a0110122020000
00a12200111100ff00a1220111010000
00a211010022800000a2110122020000
00a322000f11010100a3220111010000
00a4117fff22010100a4110222010000
00a522000011800000a5220111020000
00a611fffe2200ff00a6110222010000
00a722fffe11ffff00a7220211020000
00a822001011000000a8220111010000
00a9110001227fff00a9110122020000
00aa11000f22000100aa110122010000
00ab22010011001000ab220111010000
00ac11001122ffff00ac110122020000
00ad1100ff22001100ad110122010000
00ae22800011010000ae220211010000
00af22000f11010100af220111010000
00b0220101117fff00b0220111020000
00b111800022000000b1110222010000
00b22200ff11fffe00b2220111020000
00b322fffe11ffff00b3220211020000
00b422001011000000b4220111010000
00b5227fff11000100b5220211010000
00b611000f22000100b6110122010000
00b722010011001000b7220111010000
00b822ffff11001100b8220211010000
00b92200111100ff00b9220111010000
00ba22800011010000ba220211010000
00bb11010122000f00bb110122010000
00bc220101117fff00bc220111020000
00bd22000011800000bd220111020000
00be2200ff11fffe00be220111020000
00bf11ffff22fffe00bf110222020000
00c011000022001000c0110122010000
00c1110001227fff00c1110122020000
00c222000111000f00c2220111010000
00c311001022010000c3110122010000
00c411001122ffff00c4110122020000
00c52200111100ff00c5220111010000
00c622800011010000c6220211010000
00c722000f11010100c7220111010000
00c8220101117fff00c8220111020000
00c922000011800000c9220111020000
00ca11fffe2200ff00ca110222010000
00cb11ffff22fffe00cb110222020000
00cc11000022001000cc110122010000
00cd227fff11000100cd220211010000
00ce11000f22000100ce110122010000
00cf11001022010000cf110122010000
00d022ffff11001100d0220211010000
00d12200111100ff00d1220111010000
00d211010022800000d2110122020000
00d311010122000f00d3110122010000
00d4117fff22010100d4110222010000
00d522000011800000d5220111020000
00d62200ff11fffe00d6220111020000
00d711ffff22fffe00d7110222020000
00d822001011000000d8220111010000
00d9227fff11000100d9220211010000
00da11000f22000100da110122010000
00db11001022010000db110122010000
00dc11001122ffff00dc110122020000
00dd2200111100ff00dd220111010000
00de22800011010000de220211010000
00df22000f11010100df220111010000
00e0117fff22010100e0110222010000
00e122000011800000e1220111020000
00e22200ff11fffe00e2220111020000
00e311ffff22fffe00e3110222020000
00e422001011000000e4220111010000
00e5227fff11000100e5220211010000
00e611000f22000100e6110122010000
00e722010011001000e7220111010000
00e811001122ffff00e8110122020000
00e91100ff22001100e9110122010000
00ea22800011010000ea220211010000
00eb22000f11010100eb220111010000
00ec220101117fff00ec220111020000
00ed22000011800000ed220111020000
00ee11fffe2200ff00ee110222010000
00ef22fffe11ffff00ef220211020000
00f011000022001000f0110122010000
00f1110001227fff00f1110122020000
00f211000f22000100f2110122010000
00f322010011001000f3220111010000
00f411001122ffff00f4110122020000
00f51100ff22001100f5110122010000
00f622800011010000f6220211010000
00f711010122000f00f7110122010000
00f8220101117fff00f8220111020000
00f911800022000000f9110222010000
00fa11fffe2200ff00fa110222010000
00fb11ffff22fffe00fb110222020000
00fc22001011000000fc220111010000
00fd227fff11000100fd220211010000
00fe11000f22000100fe110122010000
00ff11001022010000ff110122010000
010022ffff1100110100220211010000
01011100ff2200110101110122010000
01022280001101000102220211010000
010311010122000f0103110122010000
0104117fff2201010104110222010000
01051180002200000105110222010000
01062200ff11fffe0106220111020000
010722fffe11ffff0107220211020000
01082200101100000108220111010000
0109110001227fff0109110122020000
010a11000f220001010a110122010000
010b110010220100010b110122010000
010c22ffff110011010c220211010000
010d1100ff220011010d110122010000
010e228000110100010e220211010000
010f22000f110101010f220111010000
0110117fff2201010110110222010000
01112200001180000111220111020000
011211fffe2200ff0112110222010000
011322fffe11ffff0113220211020000
01141100002200100114110122010000
0115227fff1100010115220211010000
011611000f2200010116110122010000
01172201001100100117220111010000
011811001122ffff0118110122020000
01191100ff2200110119110122010000
011a110100228000011a110122020000
011b22000f110101011b220111010000
011c220101117fff011c220111020000
011d118000220000011d110222010000
011e11fffe2200ff011e110222010000
011f11ffff22fffe011f110222020000
01202200101100000120220111010000
0121227fff1100010121220211010000
012222000111000f0122220111010000
01231100102201000123110122010000
012411001122ffff0124110122020000
01252200111100ff0125220111010000
01261101002280000126110122020000
012711010122000f0127110122010000
0128220101117fff0128220111020000
01291180002200000129110222010000
012a2200ff11fffe012a220111020000
012b22fffe11ffff012b220211020000
012c110000220010012c110122010000
012d227fff110001012d220211010000
012e22000111000f012e220111010000
012f110010220100012f110122010000
013011001122ffff0130110122020000
01311100ff2200110131110122010000
01322280001101000132220211010000
013311010122000f0133110122010000
0134117fff2201010134110222010000
01351180002200000135110222010000
013611fffe2200ff0136110222010000
013711ffff22fffe0137110222020000
01381100002200100138110122010000
0139110001227fff0139110122020000
013a22000111000f013a220111010000
013b220100110010013b220111010000
013c22ffff110011013c220211010000
013d2200111100ff013d220111010000
013e228000110100013e220211010000
013f11010122000f013f110122010000
0140220101117fff0140220111020000
01412200001180000141220111020000
014211fffe2200ff0142110222010000
014322fffe11ffff0143220211020000
01441100002200100144110122010000
0145227fff1100010145220211010000
014622000111000f0146220111010000
01471100102201000147110122010000
014811001122ffff0148110122020000
01491100ff2200110149110122010000
014a228000110100014a220211010000
014b11010122000f014b110122010000
014c220101117fff014c220111020000
014d220000118000014d220111020000
014e11fffe2200ff014e110222010000
014f11ffff22fffe014f110222020000
01502200101100000150220111010000
0151110001227fff0151110122020000
015211000f2200010152110122010000
01531100102201000153110122010000
015411001122ffff0154110122020000
01551100ff2200110155110122010000
01562280001101000156220211010000
015711010122000f0157110122010000
0158220101117fff0158220111020000
01591180002200000159110222010000
015a11fffe2200ff015a110222010000
015b22fffe11ffff015b220211020000
015c220010110000015c220111010000
015d110001227fff015d110122020000
015e22000111000f015e220111010000
015f220100110010015f220111010000
016011001122ffff0160110122020000
01611100ff2200110161110122010000
01621101002280000162110122020000
016322000f1101010163220111010000
0164220101117fff0164220111020000
01652200001180000165220111020000
01662200ff11fffe0166220111020000
016711ffff22fffe0167110222020000
01682200101100000168220111010000
0169227fff1100010169220211010000
016a22000111000f016a220111010000
016b220100110010016b220111010000
016c11001122ffff016c110122020000
016d2200111100ff016d220111010000
016e228000110100016e220211010000
016f22000f110101016f220111010000
0170220101117fff0170220111020000
01712200001180000171220111020000
017211fffe2200ff0172110222010000
017322fffe11ffff0173220211020000
01741100002200100174110122010000
0175227fff1100010175220211010000
017622000111000f0176220111010000
01771100102201000177110122010000
017811001122ffff0178110122020000
01792200111100ff0179220111010000
017a110100228000017a110122020000
017b11010122000f017b110122010000
017c220101117fff017c220111020000
017d220000118000017d220111020000
017e2200ff11fffe017e220111020000
017f11ffff22fffe017f110222020000
01801100002200100180110122010000
0181227fff1100010181220211010000
018222000111000f0182220111010000
01832201001100100183220111010000
018411001122ffff0184110122020000
01851100ff2200110185110122010000
01862280001101000186220211010000
018711010122000f0187110122010000
0188220101117fff0188220111020000
01892200001180000189220111020000
018a2200ff11fffe018a220111020000
018b22fffe11ffff018b220211020000
018c220010110000018c220111010000
018d227fff110001018d220211010000
018e22000111000f018e220111010000
018f220100110010018f220111010000
019011001122ffff0190110122020000
01912200111100ff0191220111010000
01921101002280000192110122020000
019311010122000f0193110122010000
0194220101117fff0194220111020000
01952200001180000195220111020000
01962200ff11fffe0196220111020000
019711ffff22fffe0197110222020000
01982200101100000198220111010000
0199227fff1100010199220211010000
019a11000f220001019a110122010000
019b110010220100019b110122010000
019c22ffff110011019c220211010000
019d1100ff220011019d110122010000
019e228000110100019e220211010000
019f11010122000f019f110122010000
01a0220101117fff01a0220111020000
01a122000011800001a1220111020000
01a211fffe2200ff01a2110222010000
01a322fffe11ffff01a3220211020000
01a411000022001001a4110122010000
01a5227fff11000101a5220211010000
01a622000111000f01a6220111010000
01a722010011001001a7220111010000
01a822ffff11001101a8220211010000
01a91100ff22001101a9110122010000
01aa11010022800001aa110122020000
01ab11010122000f01ab110122010000
01ac117fff22010101ac110222010000
01ad11800022000001ad110222010000
01ae11fffe2200ff01ae110222010000
01af22fffe11ffff01af220211020000
01b011000022001001b0110122010000
01b1227fff11000101b1220211010000
01b222000111000f01b2220111010000
01b322010011001001b3220111010000
01b422ffff11001101b4220211010000
01b52200111100ff01b5220111010000
01b611010022800001b6110122020000
01b722000f11010101b7220111010000
01b8220101117fff01b8220111020000
01b911800022000001b9110222010000
01ba11fffe2200ff01ba110222010000
01bb11ffff22fffe01bb110222020000
01bc11000022001001bc110122010000
01bd110001227fff01bd110122020000
01be11000f22000101be110122010000
01bf11001022010001bf110122010000
01c011001122ffff01c0110122020000
01c12200111100ff01c1220111010000
01c222800011010001c2220211010000
01c322000f11010101c3220111010000
01c4117fff22010101c4110222010000
01c522000011800001c5220111020000
01c62200ff11fffe01c6220111020000
01c722fffe11ffff01c7220211020000
01c811000022001001c8110122010000
01c9110001227fff01c9110122020000
01ca22000111000f01ca220111010000
01cb11001022010001cb110122010000
01cc11001122ffff01cc110122020000
01cd1100ff22001101cd110122010000
01ce22800011010001ce220211010000
01cf11010122000f01cf110122010000
01d0117fff22010101d0110222010000
01d122000011800001d1220111020000
01d22200ff11fffe01d2220111020000
01d311ffff22fffe01d3110222020000
01d422001011000001d4220111010000
01d5110001227fff01d5110122020000
01d611000f22000101d6110122010000
01d711001022010001d7110122010000
01d822ffff11001101d8220211010000
01d91100ff22001101d9110122010000
01da11010022800001da110122020000
01db11010122000f01db110122010000
01dc220101117fff01dc220111020000
01dd22000011800001dd220111020000
01de11fffe2200ff01de110222010000
01df22fffe11ffff01df220211020000
01e022001011000001e0220111010000
01e1227fff11000101e1220211010000
01e211000f22000101e2110122010000
01e311001022010001e3110122010000
01e422ffff11001101e4220211010000
01e52200111100ff01e5220111010000
01e622800011010001e6220211010000
01e722000f11010101e7220111010000
01e8220101117fff01e8220111020000
01e911800022000001e9110222010000
01ea2200ff11fffe01ea220111020000
01eb22fffe11ffff01eb220211020000
01ec11000022001001ec110122010000
01ed227fff11000101ed220211010000
01ee22000111000f01ee220111010000
01ef22010011001001ef220111010000
01f022ffff11001101f0220211010000
01f11100ff22001101f1110122010000
01f211010022800001f2110122020000
01f322000f11010101f3220111010000
01f4220101117fff01f4220111020000
01f511800022000001f5110222010000
01f62200ff11fffe01f6220111020000
01f722fffe11ffff01f7220211020000
01f822001011000001f8220111010000
01f9227fff11000101f9220211010000
01fa11000f22000101fa110122010000
01fb11001022010001fb110122010000
01fc22ffff11001101fc220211010000
01fd1100ff22001101fd110122010000
01fe11010022800001fe110122020000
01ff22000f11010101ff220111010000
000011006422012c0000110022000000
000122012c1100640001220011000000
000222012c1100640002220011000000
000322012c1100640003220011000000
000411006422012c0004110022000000
000511006422012c0005110022000000
000622012c1100640006220011000000
000722012c1100640007220011000000
000811006422012c0008110022000000
000911006422012c0009110022000000
000a11006422012c000a110022000000
000b11006422012c000b110022000000
000c11006422012c000c110022000000
000d11006422012c000d110022000000
000e22012c110064000e220011000000
000f22012c110064000f220011000000
001011006422012c0010110022000000
001122012c1100640011220011000000
001222012c1100640012220011000000
001311006422012c0013110022000000
001422012c1100640014220011000000
001511006422012c0015110022000000
001622012c1100640016220011000000
00172200001100640017220111000000
00182200001100640018220111000000
00192200001100640019220111000000
001a220000110064001a220111000000
001b110064220000001b110022010000
001c110064220000001c110022010000
001d220000110064001d220111000000
001e110064220000001e110022010000
001f110064220000001f110022010000
00201100c82200000020110222010000
00212200001100c80021220111020000
00221100c82200000022110222010000
00232200001100c80023220111020000
00242200001100c80024220111020000
00252200001100c80025220111020000
00262200001100c80026220111020000
00272200001100c80027220111020000
00282200001100c80028220111020000
00291100c82200000029110222010000
002a1100c8220000002a110222010000
002b1100c8220000002b110222010000
002c2200001100c8002c220111020000
002d2200001100c8002d220111020000
002e2201901100c8002e220211020000
002f2201901100c8002f220211020000
00301100c82201900030110222020000
00312201901100c80031220211020000
00321100c82201900032110222020000
00331100c82201900033110222020000
00342201901100c80034220211020000
00351100c82201900035110222020000
00362201901100c80036220211020000
00371100c82201900037110222020000
00381100c82201900038110222020000
00391100c82201900039110222020000
003a1100c8220190003a110222020000
003b1100c8220190003b110222020000
003c2201901100c8003c220211020000
003d1100c8220190003d110222020000
003e1100c8220190003e110222020000
003f1100c8220190003f110222020000
00401100002201900040110122020000
00411100002201900041110122020000
00422201901100000042220211010000
00432201901100000043220211010000
00442201901100000044220211010000
004511000022012c0045110122010000
004611000022012c0046110122010000
004722012c1100000047220111010000
004822012c1100000048220111010000
004922012c1100000049220111010000
004a11000022012c004a110122010000
004b11000022012c004b110122010000
004c22012c110000004c220111010000
004d11000022012c004d110122010000
004e11000022012c004e110122010000
004f11000022012c004f110122010000
005011000022012c0050110122010000
005122012c1100000051220111010000
005222012c1100000052220111010000
005322012c1100000053220111010000
005411000022012c0054110122010000
005511000022012c0055110122010000
005611000022012c0056110122010000
005722012c1100000057220111010000
005822012c1100000058220111010000
005911000022012c0059110122010000
005a11000022012c005a110122010000
005b22012c110000005b220111010000
005c110000220000005c110122010000
005d110000220000005d110122010000
005e220000110000005e220111010000
005f220000110000005f220111010000
00602200001100640060220111020000
00612200001100640061220111020000
00621100642200000062110222010000
00631100642200000063110222010000
00642200001100640064220111020000
00651100642200000065110222010000
00661100642200000066110222010000
00671100642200000067110222010000
00681100642200000068110222010000
00692200001100640069220111020000
006a110064220000006a110222010000
006b220000110064006b220111020000
006c110064220000006c110222010000
006d220000110064006d220111020000
006e220000110064006e220111020000
006f220000110064006f220111020000
00701100642200000070110222010000
00712200001100640071220111020000
00721100642200000072110222010000
00731100642201900073110222020000
00742201901100640074220211020000
00752201901100640075220211020000
00761100642201900076110222020000
00771100642201900077110222020000
00781100642201900078110222020000
00791100642201900079110222020000
007a220190110064007a220211020000
007b110064220190007b110222020000
007c220190110064007c220211020000
007d220190110064007d220211020000
007e220190110064007e220211020000
007f110064220190007f110222020000
00802201901100c80080220211020000
00812201901100c80081220211020000
00821100c82201900082110222020000
00832201901100c80083220211020000
00841100c82201900084110222020000
00852201901100c80085220211020000
00862201901100c80086220211020000
00871100c82201900087110222020000
00881100c82201900088110222020000
00891100c82201900089110222020000
008a1100c822012c008a110222010000
008b22012c1100c8008b220111020000
008c1100c822012c008c110222010000
008d1100c822012c008d110222010000
008e22012c1100c8008e220111020000
008f22012c1100c8008f220111020000
00901100c822012c0090110222010000
00911100c822012c0091110222010000
009222012c1100c80092220111020000
00931100c822012c0093110222010000
00941100c822012c0094110222010000
009522012c1100c80095220111020000
009622012c1100c80096220111020000
009722012c1100c80097220111020000
009822012c1100c80098220111020000
00991100c822012c0099110222010000
009a22012c1100c8009a220111020000
009b1100c822012c009b110222010000
009c22012c1100c8009c220111020000
009d22012c1100c8009d220111020000
009e1100c822012c009e110222010000
009f1100c822012c009f110222010000
00a011000022012c00a0110122010000
00a111000022000000a1110122010000
00a211000022000000a2110122010000
00a311000022000000a3110122010000
00a411000022000000a4110122010000
00a522000011000000a5220111010000
00a622000011000000a6220111010000
00a722000011000000a7220111010000
00a822000011000000a8220111010000
00a922000011000000a9220111010000
00aa22000011000000aa220111010000
00ab11000022000000ab110122010000
00ac22000011000000ac220111010000
00ad22000011000000ad220111010000
00ae11000022000000ae110122010000
00af22000011000000af220111010000
00b022000011000000b0220111010000
00b111000022000000b1110122010000
00b222000011000000b2220111010000
00b311000022000000b3110122010000
00b411000022000000b4110122010000
00b511000022000000b5110122010000
00b611000022000000b6110122010000
00b711000022000000b7110122010000
00b822019011000000b8220211010000
00b911000022019000b9110122020000
00ba11000022019000ba110122020000
00bb11000022019000bb110122020000
00bc11000022019000bc110122020000
00bd22019011000000bd220211010000
00be22019011000000be220211010000
00bf11000022019000bf110122020000
00c022019011006400c0220211020000
00c122019011006400c1220211020000
00c222019011006400c2220211020000
00c311006422019000c3110222020000
00c411006422019000c4110222020000
00c511006422019000c5110222020000
00c622019011006400c6220211020000
00c711006422019000c7110222020000
00c822019011006400c8220211020000
00c922019011006400c9220211020000
00ca22019011006400ca220211020000
00cb22019011006400cb220211020000
00cc22019011006400cc220211020000
00cd22019011006400cd220211020000
00ce11006422019000ce110222020000
00cf22012c11006400cf220111020000
00d011006422012c00d0110222010000
00d122012c11006400d1220111020000
00d222012c11006400d2220111020000
00d311006422012c00d3110222010000
00d411006422012c00d4110222010000
00d511006422012c00d5110222010000
00d622012c11006400d6220111020000
00d711006422012c00d7110222010000
00d811006422012c00d8110222010000
00d911006422012c00d9110222010000
00da22012c11006400da220111020000
00db22012c11006400db220111020000
00dc11006422012c00dc110222010000
00dd22012c11006400dd220111020000
00de11006422012c00de110222010000
00df22012c11006400df220111020000
00e01100c822012c00e0110222010000
00e11100c822012c00e1110222010000
00e21100c822012c00e2110222010000
00e322012c1100c800e3220111020000
00e41100c822012c00e4110222010000
00e51100c822012c00e5110222010000
00e62200001100c800e6220111020000
00e71100c822000000e7110222010000
00e82200001100c800e8220111020000
00e91100c822000000e9110222010000
00ea1100c822000000ea110222010000
00eb2200001100c800eb220111020000
00ec1100c822000000ec110222010000
00ed1100c822000000ed110222010000
00ee1100c822000000ee110222010000
00ef2200001100c800ef220111020000
00f01100c822000000f0110222010000
00f11100c822000000f1110222010000
00f21100c822000000f2110222010000
00f32200001100c800f3220111020000
00f42200001100c800f4220111020000
00f52200001100c800f5220111020000
00f62200001100c800f6220111020000
00f72200001100c800f7220111020000
00f82200001100c800f8220111020000
00f91100c822000000f9110222010000
00fa2200001100c800fa220111020000
00fb2200001100c800fb220111020000
00fc2200001100c800fc220111020000
00fd1100c822019000fd110222020000
00fe2201901100c800fe220211020000
00ff1100c822019000ff110222020000
01001100002201900100110122020000
01012201901100000101220211010000
01022201901100000102220211010000
01032201901100000103220211010000
01042201901100000104220211010000
01052201901100000105220211010000
01062201901100000106220211010000
01071100002201900107110122020000
01081100002201900108110122020000
01092201901100000109220211010000
010a110000220190010a110122020000
010b220190110000010b220211010000
010c220190110000010c220211010000
010d110000220190010d110122020000
010e220190110000010e220211010000
010f220190110000010f220211010000
01102201901100000110220211010000
01111100002201900111110122020000
01122201901100000112220211010000
01131100002201900113110122020000
011411000022012c0114110122010000
011522012c1100000115220111010000
011611000022012c0116110122010000
011711000022012c0117110122010000
011811000022012c0118110122010000
011911000022012c0119110122010000
011a22012c110000011a220111010000
011b22012c110000011b220111010000
011c22012c110000011c220111010000
011d22012c110000011d220111010000
011e22012c110000011e220111010000
011f22012c110000011f220111010000
012011006422012c0120110222010000
012111006422012c0121110222010000
012211006422012c0122110222010000
012311006422012c0123110222010000
012422012c1100640124220111020000
012511006422012c0125110222010000
012611006422012c0126110222010000
012711006422012c0127110222010000
012811006422012c0128110222010000
012911006422012c0129110222010000
012a11006422012c012a110222010000
012b220000110064012b220111020000
012c110064220000012c110222010000
012d220000110064012d220111020000
012e110064220000012e110222010000
012f110064220000012f110222010000
01301100642200000130110222010000
01312200001100640131220111020000
01322200001100640132220111020000
01331100642200000133110222010000
01342200001100640134220111020000
01351100642200000135110222010000
01361100642200000136110222010000
01371100642200000137110222010000
01382200001100640138220111020000
01392200001100640139220111020000
013a110064220000013a110222010000
013b110064220000013b110222010000
013c220000110064013c220111020000
013d110064220000013d110222010000
013e220000110064013e220111020000
013f110064220000013f110222010000
01402200001100c80140220111020000
01411100c82200000141110222010000
01421100c82201900142110222020000
01431100c82201900143110222020000
01441100c82201900144110222020000
01451100c82201900145110222020000
01462201901100c80146220211020000
01472201901100c80147220211020000
01481100c82201900148110222020000
01491100c82201900149110222020000
014a1100c8220190014a110222020000
014b1100c8220190014b110222020000
014c2201901100c8014c220211020000
014d2201901100c8014d220211020000
014e2201901100c8014e220211020000
014f2201901100c8014f220211020000
01502201901100c80150220211020000
01511100c82201900151110222020000
01522201901100c80152220211020000
01532201901100c80153220211020000
01542201901100c80154220211020000
01551100c82201900155110222020000
01562201901100c80156220211020000
01571100c82201900157110222020000
01581100c82201900158110222020000
01591100c822012c0159110222010000
015a1100c822012c015a110222010000
015b1100c822012c015b110222010000
015c22012c1100c8015c220111020000
015d1100c822012c015d110222010000
015e1100c822012c015e110222010000
015f1100c822012c015f110222010000
016011000022012c0160110122010000
016111000022012c0161110122010000
016222012c1100000162220111010000
016311000022012c0163110122010000
016422012c1100000164220111010000
016522012c1100000165220111010000
016622012c1100000166220111010000
016722012c1100000167220111010000
016822012c1100000168220111010000
016911000022012c0169110122010000
016a22012c110000016a220111010000
016b11000022012c016b110122010000
016c22012c110000016c220111010000
016d11000022012c016d110122010000
016e22012c110000016e220111010000
016f22012c110000016f220111010000
01701100002200000170110122010000
01712200001100000171220111010000
01721100002200000172110122010000
01731100002200000173110122010000
01741100002200000174110122010000
01751100002200000175110122010000
01761100002200000176110122010000
01771100002200000177110122010000
01782200001100000178220111010000
01792200001100000179220111010000
017a220000110000017a220111010000
017b220000110000017b220111010000
017c220000110000017c220111010000
017d220000110000017d220111010000
017e110000220000017e110122010000
017f110000220000017f110122010000
01801100642200000180110222010000
01811100642200000181110222010000
01822200001100640182220111020000
01831100642200000183110222010000
01842200001100640184220111020000
01851100642200000185110222010000
01862200001100640186220111020000
01872201901100640187220211020000
01881100642201900188110222020000
01892201901100640189220211020000
018a110064220190018a110222020000
018b110064220190018b110222020000
018c110064220190018c110222020000
018d110064220190018d110222020000
018e110064220190018e110222020000
018f220190110064018f220211020000
01902201901100640190220211020000
01912201901100640191220211020000
01922201901100640192220211020000
01931100642201900193110222020000
01941100642201900194110222020000
01952201901100640195220211020000
01962201901100640196220211020000
01972201901100640197220211020000
01982201901100640198220211020000
01991100642201900199110222020000
019a110064220190019a110222020000
019b110064220190019b110222020000
019c110064220190019c110222020000
019d220190110064019d220211020000
019e11006422012c019e110222010000
019f11006422012c019f110222010000
01a01100c822012c01a0110222010000
01a122012c1100c801a1220111020000
01a222012c1100c801a2220111020000
01a31100c822012c01a3110222010000
01a422012c1100c801a4220111020000
01a51100c822012c01a5110222010000
01a61100c822012c01a6110222010000
01a71100c822012c01a7110222010000
01a822012c1100c801a8220111020000
01a91100c822012c01a9110222010000
01aa1100c822012c01aa110222010000
01ab1100c822012c01ab110222010000
01ac1100c822012c01ac110222010000
01ad1100c822012c01ad110222010000
01ae22012c1100c801ae220111020000
01af1100c822012c01af110222010000
01b022012c1100c801b0220111020000
01b11100c822012c01b1110222010000
01b222012c1100c801b2220111020000
01b322012c1100c801b3220111020000
01b41100c822012c01b4110222010000
01b51100c822000001b5110222010000
01b62200001100c801b6220111020000
01b72200001100c801b7220111020000
01b82200001100c801b8220111020000
01b91100c822000001b9110222010000
01ba1100c822000001ba110222010000
01bb2200001100c801bb220111020000
01bc2200001100c801bc220111020000
01bd2200001100c801bd220111020000
01be1100c822000001be110222010000
01bf2200001100c801bf220111020000
01c022000011000001c0220111010000
01c122000011000001c1220111010000
01c222000011000001c2220111010000
01c322000011000001c3220111010000
01c422000011000001c4220111010000
01c511000022000001c5110122010000
01c611000022000001c6110122010000
01c722000011000001c7220111010000
01c811000022000001c8110122010000
01c922000011000001c9220111010000
01ca11000022000001ca110122010000
01cb22000011000001cb220111010000
01cc11000022019001cc110122020000
01cd22019011000001cd220211010000
01ce11000022019001ce110122020000
01cf11000022019001cf110122020000
01d011000022019001d0110122020000
01d122019011000001d1220211010000
01d222019011000001d2220211010000
01d322019011000001d3220211010000
01d411000022019001d4110122020000
01d522019011000001d5220211010000
01d622019011000001d6220211010000
01d711000022019001d7110122020000
01d811000022019001d8110122020000
01d922019011000001d9220211010000
01da11000022019001da110122020000
01db22019011000001db220211010000
01dc22019011000001dc220211010000
01dd11000022019001dd110122020000
01de22019011000001de220211010000
01df22019011000001df220211010000
01e011006422019001e0110222020000
01e111006422019001e1110222020000
01e222019011006401e2220211020000
01e311006422012c01e3110222010000
01e411006422012c01e4110222010000
01e522012c11006401e5220111020000
01e611006422012c01e6110222010000
01e722012c11006401e7220111020000
01e811006422012c01e8110222010000
01e922012c11006401e9220111020000
01ea11006422012c01ea110222010000
01eb11006422012c01eb110222010000
01ec11006422012c01ec110222010000
01ed11006422012c01ed110222010000
01ee11006422012c01ee110222010000
01ef11006422012c01ef110222010000
01f022012c11006401f0220111020000
01f111006422012c01f1110222010000
01f211006422012c01f2110222010000
01f322012c11006401f3220111020000
01f422012c11006401f4220111020000
01f522012c11006401f5220111020000
01f611006422012c01f6110222010000
01f722012c11006401f7220111020000
01f811006422012c01f8110222010000
01f911006422012c01f9110222010000
01fa22000011006401fa220111020000
01fb22000011006401fb220111020000
01fc22000011006401fc220111020000
01fd11006422000001fd110222010000
01fe11006422000001fe110222010000
01ff22000011006401ff220111020000
