000022000f1100000000220011000000
000111000122000e0001110022000000
000222000d1100020002220011000000
000322000c1100030003220011000000
000411000422000b0004110022000000
000511000522000a0005110022000000
00062200091100060006220011000000
00071100072200080007110022000000
00081100082200070008110022000000
00091100092200060009110022000000
000a22000511000a000a220011000000
000b22000411000b000b220011000000
000c11000c220003000c110022000000
000d22000211000d000d220011000000
000e22000111000e000e220011000000
000f11000f220000000f110022000000
001022000f1100100010220211000000
001111000022000e0011110122020000
001211000122000d0012110122020000
001311000222000c0013110122020000
001411000322000b0014110122020000
001511000422000a0015110122020000
00162200091100050016220211010000
00172200081100060017220211010000
00181100072200070018110122020000
00192200061100080019220111020000
001a110009220005001a110222010000
001b11000a220004001b110222010000
001c22000311000b001c220111020000
001d11000c220002001d110222010000
001e11000d220001001e110222010000
001f22000011000e001f220111020000
002022000f11000f0020220211020000
002122000e1100100021220211020000
002222000d1100000022220211010000
002311000122000c0023110122020000
002422000b1100020024220211010000
002522000a1100030025220211010000
00262200091100040026220211010000
00272200081100050027220211010000
00281100062200070028110122020000
00291100072200060029110122010000
002a220005110008002a220111020000
002b220004110009002b220111020000
002c11000a220003002c110222010000
002d22000211000b002d220111020000
002e11000c220001002e110222010000
002f11000d220000002f110222010000
003022000f11000e0030220211020000
003122000e11000f0031220211020000
003222000d1100100032220211020000
003322000c1100000033220211010000
003411000122000b0034110122020000
003511000222000a0035110122020000
00362200091100030036220211010000
00372200081100040037220211010000
00382200071100050038220211010000
00391100062200060039110122010000
003a220005110007003a220111010000
003b110008220004003b110222010000
003c110009220003003c110222010000
003d22000211000a003d220111020000
003e11000b220001003e110222010000
003f22000011000c003f220111020000
004011000d22000f0040110222020000
004122000e11000e0041220211020000
004211000f22000d0042110222020000
004322000c1100100043220211020000
004422000b1100000044220211010000
004522000a1100010045220211010000
00461100022200090046110122020000
00472200081100030047220211010000
00481100042200070048110122020000
00492200061100050049220111010000
004a110006220005004a110122010000
004b220004110007004b220111010000
004c220003110008004c220111020000
004d110009220002004d110222010000
004e22000111000a004e220111020000
004f22000011000b004f220111020000
005022000f11000c0050220211020000
005122000e11000d0051220211020000
005211000e22000d0052110222020000
005311000f22000c0053110222020000
005422000b1100100054220211020000
005511000022000a0055110122020000
00562200091100010056220211010000
00571100022200080057110122020000
00582200071100030058220211010000
00591100042200060059110122010000
005a110005220005005a110122010000
005b220004110006005b220111010000
005c220003110007005c220111010000
005d110008220002005d110222010000
005e220001110009005e220111020000
005f22000011000a005f220111020000
006022000f11000b0060220211020000
006122000e11000c0061220211020000
006222000d11000d0062220211020000
006322000c11000e0063220211020000
006411000f22000b0064110222020000
006511001022000a0065110222020000
00661100002200090066110122020000
00671100012200080067110122020000
00682200071100020068220211010000
00691100032200060069110122010000
006a110004220005006a110122010000
006b110005220004006b110122010000
006c220003110006006c220111010000
006d220002110007006d220111010000
006e220001110008006e220111020000
006f220000110009006f220111020000
007011000a22000f0070110222020000
007122000e11000b0071220211020000
007211000c22000d0072110222020000
007311000d22000c0073110222020000
007411000e22000b0074110222020000
007522000a11000f0075220211020000
00761100102200090076110222020000
00771100002200080077110122020000
00782200071100010078220211010000
00791100022200060079110122010000
007a220005110003007a220111010000
007b220004110004007b220111010000
007c220003110005007c220111010000
007d220002110006007d220111010000
007e220001110007007e220111010000
007f110008220000007f110222010000
008022000f1100090080220211020000
008111000a22000e0081110222020000
008222000d11000b0082220211020000
008322000c11000c0083220211020000
008422000b11000d0084220211020000
008522000a11000e0085220211020000
008622000911000f0086220211020000
00872200081100100087220211020000
00881100002200070088110122020000
00892200061100010089220111010000
008a220005110002008a220111010000
008b110003220004008b110122010000
008c220003110004008c220111010000
008d110005220002008d110122010000
008e220001110006008e220111010000
008f220000110007008f220111010000
009011000822000f0090110222020000
009122000e1100090091220211020000
009222000d11000a0092220211020000
009322000c11000b0093220211020000
009422000b11000c0094220211020000
009522000a11000d0095220211020000
009622000911000e0096220211020000
009711000f2200080097110222020000
00981100102200070098110222020000
00992200061100000099220111010000
009a110001220005009a110122010000
009b220004110002009b220111010000
009c110003220003009c110122010000
009d110004220002009d110122010000
009e110005220001009e110122010000
009f220000110006009f220111010000
00a022000f11000700a0220211010000
00a111000822000e00a1110222020000
00a222000d11000900a2220211020000
00a311000a22000c00a3110222020000
00a411000b22000b00a4110222020000
00a511000c22000a00a5110222020000
00a611000d22000900a6110222020000
00a711000e22000800a7110222020000
00a822000711000f00a8220211020000
00a922000611001000a9220111020000
00aa11000022000500aa110122010000
00ab11000122000400ab110122010000
00ac11000222000300ac110122010000
00ad22000211000300ad220111010000
00ae22000111000400ae220111010000
00af11000522000000af110122010000
00b022000f11000600b0220211010000
00b122000e11000700b1220211010000
00b211000822000d00b2110222020000
00b311000922000c00b3110222020000
00b411000a22000b00b4110222020000
00b511000b22000a00b5110222020000
00b611000c22000900b6110222020000
00b711000d22000800b7110222020000
00b811000e22000700b8110222020000
00b911000f22000600b9110222010000
00ba11001022000500ba110222010000
00bb22000411000000bb220111010000
00bc11000122000300bc110122010000
00bd11000222000200bd110122010000
00be22000111000300be220111010000
00bf11000422000000bf110122010000
00c022000f11000500c0220211010000
00c111000622000e00c1110122020000
00c211000722000d00c2110122020000
00c322000c11000800c3220211020000
00c422000b11000900c4220211020000
00c511000a22000a00c5110222020000
00c622000911000b00c6220211020000
00c711000c22000800c7110222020000
00c822000711000d00c8220211020000
00c911000e22000600c9110222010000
00ca22000511000f00ca220111020000
00cb22000411001000cb220111020000
00cc11000022000300cc110122010000
00cd22000211000100cd220111010000
00ce22000111000200ce220111010000
00cf22000011000300cf220111010000
00d022000f11000400d0220211010000
00d111000522000e00d1110122020000
00d222000d11000600d2220211010000
00d322000c11000700d3220211010000
00d422000b11000800d4220211020000
00d511000922000a00d5110222020000
00d622000911000a00d6220211020000
00d711000b22000800d7110222020000
00d822000711000c00d8220211020000
00d922000611000d00d9220111020000
00da22000511000e00da220111020000
00db22000411000f00db220111020000
00dc22000311001000dc220111020000
00dd22000211000000dd220111010000
00de22000111000100de220111010000
00df22000011000200df220111010000
00e011000322000f00e0110122020000
00e111000422000e00e1110122020000
00e211000522000d00e2110122020000
00e322000c11000600e3220211010000
00e422000b11000700e4220211010000
00e522000a11000800e5220211020000
00e611000922000900e6110222020000
00e722000811000a00e7220211020000
00e822000711000b00e8220211020000
00e911000c22000600e9110222010000
00ea11000d22000500ea110222010000
00eb11000e22000400eb110222010000
00ec22000311000f00ec220111020000
00ed22000211001000ed220111020000
00ee11000022000100ee110122010000
00ef11000122000000ef110122010000
00f011000222000f00f0110122020000
00f111000322000e00f1110122020000
00f211000422000d00f2110122020000
00f311000522000c00f3110122020000
00f411000622000b00f4110122020000
00f522000a11000700f5220211010000
00f611000822000900f6110222020000
00f722000811000900f7220211020000
00f822000711000a00f8220211020000
00f911000b22000600f9110222010000
00fa22000511000c00fa220111020000
00fb22000411000d00fb220111020000
00fc11000e22000300fc110222010000
00fd22000211000f00fd220111020000
00fe11001022000100fe110222010000
00ff22000011000000ff220111010000
010011000122000f0100110122020000
010111000222000e0101110122020000
010222000d1100030102220211010000
010322000c1100040103220211010000
010422000b1100050104220211010000
010522000a1100060105220211010000
01062200091100070106220211010000
01072200081100080107220211020000
01081100092200070108110222020000
010911000a2200060109110222010000
010a11000b220005010a110222010000
010b22000411000c010b220111020000
010c11000d220003010c110222010000
010d22000211000e010d220111020000
010e22000111000f010e220111020000
010f220000110010010f220111020000
011022000f1100000110220211010000
011122000e1100010111220211010000
011222000d1100020112220211010000
011311000322000c0113110122020000
011411000422000b0114110122020000
011522000a1100050115220211010000
01162200091100060116220211010000
01171100072200080117110122020000
01181100082200070118110222020000
01192200061100090119220111020000
011a11000a220005011a110222010000
011b22000411000b011b220111020000
011c11000c220003011c110222010000
011d11000d220002011d110222010000
011e11000e220001011e110222010000
011f22000011000f011f220111020000
012011001022000f0120110222020000
012111000022000e0121110122020000
012222000d1100010122220211010000
012322000c1100020123220211010000
012411000322000b0124110122020000
012511000422000a0125110122020000
01261100052200090126110122020000
01272200081100060127220211010000
01281100072200070128110122020000
01292200061100080129220111020000
012a110009220005012a110222010000
012b11000a220004012b110222010000
012c11000b220003012c110222010000
012d22000211000c012d220111020000
012e22000111000d012e220111020000
012f11000e220000012f110222010000
013022000f11000f0130220211020000
013111001022000e0131110222020000
013222000d1100000132220211010000
013322000c1100010133220211010000
013411000222000b0134110122020000
013522000a1100030135220211010000
01361100042200090136110122020000
01371100052200080137110122020000
01381100062200070138110122020000
01391100072200060139110122010000
013a220005110008013a220111020000
013b220004110009013b220111020000
013c11000a220003013c110222010000
013d11000b220002013d110222010000
013e22000111000c013e220111020000
013f11000d220000013f110222010000
014011000e22000f0140110222020000
014111000f22000e0141110222020000
014211001022000d0142110222020000
014311000022000c0143110122020000
014422000b1100010144220211010000
014511000222000a0145110122020000
01461100032200090146110122020000
01471100042200080147110122020000
01481100052200070148110122020000
01491100062200060149110122010000
014a110007220005014a110122010000
014b110008220004014b110222010000
014c220003110009014c220111020000
014d22000211000a014d220111020000
014e11000b220001014e110222010000
014f11000c220000014f110222010000
015022000f11000d0150220211020000
015111000e22000e0151110222020000
015222000d11000f0152220211020000
015322000c1100100153220211020000
015411000022000b0154110122020000
015522000a1100010155220211010000
01562200091100020156220211010000
01571100032200080157110122020000
01582200071100040158220211010000
01592200061100050159220111010000
015a220005110006015a220111010000
015b220004110007015b220111010000
015c110008220003015c110222010000
015d220002110009015d220111020000
015e22000111000a015e220111020000
015f22000011000b015f220111020000
016022000f11000c0160220211020000
016122000e11000d0161220211020000
016222000d11000e0162220211020000
016311000f22000c0163110222020000
016422000b1100100164220211020000
016522000a1100000165220211010000
01662200091100010166220211010000
01671100022200080167110122020000
01681100032200070168110122020000
01691100042200060169110122010000
016a220005110005016a220111010000
016b110006220004016b110122010000
016c220003110007016c220111010000
016d220002110008016d220111020000
016e220001110009016e220111020000
016f22000011000a016f220111020000
017022000f11000b0170220211020000
017122000e11000c0171220211020000
017222000d11000d0172220211020000
017311000e22000c0173110222020000
017411000f22000b0174110222020000
017522000a1100100175220211020000
01761100002200090176110122020000
01772200081100010177220211010000
01782200071100020178220211010000
01791100032200060179110122010000
017a220005110004017a220111010000
017b220004110005017b220111010000
017c220003110006017c220111010000
017d220002110007017d220111010000
017e110008220001017e110222010000
017f220000110009017f220111020000
018022000f11000a0180220211020000
018122000e11000b0181220211020000
018222000d11000c0182220211020000
018311000d22000c0183110222020000
018422000b11000e0184220211020000
018522000a11000f0185220211020000
01862200091100100186220211020000
01871100002200080187110122020000
01882200071100010188220211010000
01891100022200060189110122010000
018a220005110003018a220111010000
018b110004220004018b110122010000
018c110005220003018c110122010000
018d110006220002018d110122010000
018e220001110007018e220111010000
018f220000110008018f220111020000
019022000f1100090190220211020000
019111000a22000e0191110222020000
019211000b22000d0192110222020000
019311000c22000c0193110222020000
019422000b11000d0194220211020000
019511000e22000a0195110222020000
019622000911000f0196220211020000
01971100102200080197110222020000
01982200071100000198220211010000
01992200061100010199220111010000
019a110002220005019a110122010000
019b110003220004019b110122010000
019c110004220003019c110122010000
019d220002110005019d220111010000
019e220001110006019e220111010000
019f220000110007019f220111010000
01a011000822000f01a0110222020000
01a122000e11000901a1220211020000
01a222000d11000a01a2220211020000
01a311000b22000c01a3110222020000
01a411000c22000b01a4110222020000
01a522000a11000d01a5220211020000
01a611000e22000901a6110222020000
01a711000f22000801a7110222020000
01a822000711001001a8220211020000
01a911000022000601a9110122010000
01aa11000122000501aa110122010000
01ab22000411000201ab220111010000
01ac11000322000301ac110122010000
01ad22000211000401ad220111010000
01ae11000522000101ae110122010000
01af22000011000601af220111010000
01b022000f11000701b0220211010000
01b122000e11000801b1220211020000
01b211000922000d01b2110222020000
01b322000c11000a01b3220211020000
01b411000b22000b01b4110222020000
01b511000c22000a01b5110222020000
01b622000911000d01b6220211020000
01b722000811000e01b7220211020000
01b822000711000f01b8220211020000
01b911001022000601b9110222010000
01ba11000022000501ba110122010000
01bb11000122000401bb110122010000
01bc11000222000301bc110122010000
01bd11000322000201bd110122010000
01be22000111000401be220111010000
01bf11000522000001bf110122010000
01c022000f11000601c0220211010000
01c122000e11000701c1220211010000
01c211000822000d01c2110222020000
01c322000c11000901c3220211020000
01c411000a22000b01c4110222020000
01c511000b22000a01c5110222020000
01c611000c22000901c6110222020000
01c711000d22000801c7110222020000
01c822000711000e01c8220211020000
01c911000f22000601c9110222010000
01ca22000511001001ca220111020000
01cb11000022000401cb110122010000
01cc11000122000301cc110122010000
01cd22000211000201cd220111010000
01ce11000322000101ce110122010000
01cf22000011000401cf220111010000
01d011000522000f01d0110122020000
01d111000622000e01d1110122020000
01d211000722000d01d2110122020000
01d322000c11000801d3220211020000
01d422000b11000901d4220211020000
01d522000a11000a01d5220211020000
01d611000b22000901d6110222020000
01d722000811000c01d7220211020000
01d811000d22000701d8110222020000
01d911000e22000601d9110222010000
01da11000f22000501da110222010000
01db11001022000401db110222010000
01dc22000311000001dc220111010000
01dd22000211000101dd220111010000
01de11000222000101de110122010000
01df11000322000001df110122010000
01e022000f11000401e0220211010000
01e111000522000e01e1110122020000
01e211000622000d01e2110122020000
01e311000722000c01e3110122020000
01e411000822000b01e4110222020000
01e511000922000a01e5110222020000
01e611000a22000901e6110222020000
01e711000b22000801e7110222020000
01e822000711000c01e8220211020000
01e922000611000d01e9220111020000
01ea22000511000e01ea220111020000
01eb22000411000f01eb220111020000
01ec22000311001001ec220111020000
01ed22000211000001ed220111010000
01ee11000122000101ee110122010000
01ef22000011000201ef220111010000
01f022000f11000301f0220211010000
01f122000e11000401f1220211010000
01f222000d11000501f2220211010000
01f322000c11000601f3220211010000
01f411000722000b01f4110122020000
01f522000a11000801f5220211020000
01f622000911000901f6220211020000
01f722000811000a01f7220211020000
01f811000b22000701f8110222020000
01f911000c22000601f9110222010000
01fa22000511000d01fa220111020000
01fb11000e22000401fb110222010000
01fc11000f22000301fc110222010000
01fd22000211001001fd220111020000
01fe22000111000001fe220111010000
01ff22000011000101ff220111010000
0000117fff227ffe0000110022000000
00012280001180000001220011000000
00021180012280020002110022000000
0003227fff117fff0003220011000000
00042280011180000004220011000000
0005227ffe1180010005220011000000
0006228000117fff0006220011000000
00072280021180000007220011000000
0008227fff1180010008220011000000
0009117fff2280010009110022000000
000a227ffe118000000a220011000000
000b228000118001000b220011000000
000c228002117fff000c220011000000
000d118000227fff000d110022000000
000e118001228001000e110022000000
000f117fff227ffe000f110022000000
00101180002280000010110022000000
00112280021180010011220211020000
0012117fff227fff0012110222020000
00131180002280010013110222020000
0014227ffe1180010014220111020000
0015228000117fff0015220111020000
00161180002280020016110222020000
0017118001227fff0017110222020000
0018117fff2280010018110222020000
0019227ffe1180000019220111020000
001a118001228000001a110222010000
001b117fff228002001b110222020000
001c227fff118000001c220211020000
001d228001118001001d220211020000
001e227ffe117fff001e220111020000
001f118000228000001f110222010000
00201180012280020020110222020000
0021227fff117fff0021220211020000
00221180002280010022110222020000
0023118001227ffe0023110222010000
0024117fff2280000024110222010000
00251180002280020025110222020000
0026227fff1180010026220211020000
0027228001117fff0027220211020000
0028227ffe1180000028220111020000
00291180012280000029110222010000
002a117fff228002002a110222020000
002b118000227fff002b110222020000
002c118001228001002c110222020000
002d117fff227ffe002d110222010000
002e118000228000002e110222010000
002f228002118001002f220211020000
0030227fff117fff0030220211020000
00312280011180000031220211020000
0032118001227ffe0032110222010000
0033117fff2280000033110222010000
00341180002280020034110222020000
0035118001227fff0035110222020000
0036117fff2280010036110222020000
0037118000227ffe0037110222010000
00381180012280000038110222010000
0039228002117fff0039220211020000
003a227fff118000003a220211020000
003b118001228001003b110222020000
003c227ffe117fff003c220111020000
003d228000118000003d220111020000
003e118001228002003e110222020000
003f117fff227fff003f110222020000
00401180002280010040110222020000
0041118001227ffe0041110222010000
0042117fff2280000042110222010000
00431180002280020043110222020000
0044118001227fff0044110222020000
0045117fff2280010045110222020000
0046227ffe1180000046220111020000
00471180012280000047110222010000
0048228002117fff0048220211020000
0049118000227fff0049110222020000
004a118001228001004a110222020000
004b117fff227ffe004b110222010000
004c118000228000004c110222010000
004d228002118001004d220211020000
004e227fff117fff004e220211020000
004f118000228001004f110222020000
0050227ffe1180010050220111020000
0051117fff2280000051110222010000
00521180002280020052110222020000
0053118001227fff0053110222020000
0054228001117fff0054220211020000
0055118000227ffe0055110222010000
00562280001180010056220111020000
0057228002117fff0057220211020000
0058118000227fff0058110222020000
00592280011180010059220211020000
005a227ffe117fff005a220111020000
005b228000118000005b220111020000
005c118001228002005c110222020000
005d227fff117fff005d220211020000
005e228001118000005e220211020000
005f118001227ffe005f110222010000
0060228000117fff0060220111020000
00612280021180000061220211020000
0062118001227fff0062110222020000
0063117fff2280010063110222020000
0064118000227ffe0064110222010000
00651180012280000065110222010000
0066228002117fff0066220211020000
0067227fff1180000067220211020000
00681180012280010068110222020000
0069227ffe117fff0069220111020000
006a118000228000006a110222010000
006b228002118001006b220211020000
006c117fff227fff006c110222020000
006d118000228001006d110222020000
006e227ffe118001006e220111020000
006f117fff228000006f110222010000
00702280021180000070220211020000
0071227fff1180010071220211020000
0072228001117fff0072220211020000
0073118000227ffe0073110222010000
00741180012280000074110222010000
0075228002117fff0075220211020000
0076227fff1180000076220211020000
00771180012280010077110222020000
0078227ffe117fff0078220111020000
00791180002280000079110222010000
007a118001228002007a110222020000
007b227fff117fff007b220211020000
007c228001118000007c220211020000
007d118001227ffe007d110222010000
007e228000117fff007e220111020000
007f228002118000007f220211020000
0080227fff1180010080220211020000
0081117fff2280010081110222020000
0082118000227ffe0082110222010000
00831180012280000083110222010000
0084228002117fff0084220211020000
0085227fff1180000085220211020000
00862280011180010086220211020000
0087117fff227ffe0087110222010000
00881180002280000088110222010000
00891180012280020089110222020000
008a117fff227fff008a110222020000
008b118000228001008b110222020000
008c118001227ffe008c110222010000
008d228000117fff008d220111020000
008e228002118000008e220211020000
008f118001227fff008f110222020000
0090117fff2280010090110222020000
0091118000227ffe0091110222010000
00922280001180010092220111020000
0093117fff2280020093110222020000
0094118000227fff0094110222020000
00952280011180010095220211020000
0096227ffe117fff0096220111020000
00971180002280000097110222010000
00982280021180010098220211020000
0099117fff227fff0099110222020000
009a228001118000009a220211020000
009b118001227ffe009b110222010000
009c117fff228000009c110222010000
009d118000228002009d110222020000
009e118001227fff009e110222020000
009f117fff228001009f110222020000
00a0227ffe11800000a0220111020000
00a122800011800100a1220111020000
00a2117fff22800200a2110222020000
00a3118000227fff00a3110222020000
00a422800111800100a4220211020000
00a5117fff227ffe00a5110222010000
00a622800011800000a6220111020000
00a711800122800200a7110222020000
00a8117fff227fff00a8110222020000
00a922800111800000a9220211020000
00aa227ffe11800100aa220111020000
00ab228000117fff00ab220111020000
00ac11800022800200ac110222020000
00ad227fff11800100ad220211020000
00ae228001117fff00ae220211020000
00af227ffe11800000af220111020000
00b022800011800100b0220111020000
00b1117fff22800200b1110222020000
00b2118000227fff00b2110222020000
00b322800111800100b3220211020000
00b4117fff227ffe00b4110222010000
00b522800011800000b5220111020000
00b622800211800100b6220211020000
00b7117fff227fff00b7110222020000
00b822800111800000b8220211020000
00b9227ffe11800100b9220111020000
00ba228000117fff00ba220111020000
00bb11800022800200bb110222020000
00bc227fff11800100bc220211020000
00bd117fff22800100bd110222020000
00be118000227ffe00be110222010000
00bf11800122800000bf110222010000
00c0117fff22800200c0110222020000
00c1118000227fff00c1110222020000
00c211800122800100c2110222020000
00c3117fff227ffe00c3110222010000
00c422800011800000c4220111020000
00c511800122800200c5110222020000
00c6227fff117fff00c6220211020000
00c722800111800000c7220211020000
00c8227ffe11800100c8220111020000
00c9117fff22800000c9110222010000
00ca22800211800000ca220211020000
00cb227fff11800100cb220211020000
00cc117fff22800100cc110222020000
00cd118000227ffe00cd110222010000
00ce22800011800100ce220111020000
00cf228002117fff00cf220211020000
00d0118000227fff00d0110222020000
00d122800111800100d1220211020000
00d2227ffe117fff00d2220111020000
00d322800011800000d3220111020000
00d411800122800200d4110222020000
00d5227fff117fff00d5220211020000
00d611800022800100d6110222020000
00d7118001227ffe00d7110222010000
00d8117fff22800000d8110222010000
00d922800211800000d9220211020000
00da227fff11800100da220211020000
00db228001117fff00db220211020000
00dc118000227ffe00dc110222010000
00dd11800122800000dd110222010000
00de117fff22800200de110222020000
00df227fff11800000df220211020000
00e022800111800100e0220211020000
00e1117fff227ffe00e1110222010000
00e211800022800000e2110222010000
00e322800211800100e3220211020000
00e4227fff117fff00e4220211020000
00e511800022800100e5110222020000
00e6227ffe11800100e6220111020000
00e7228000117fff00e7220111020000
00e811800022800200e8110222020000
00e9227fff11800100e9220211020000
00ea228001117fff00ea220211020000
00eb118000227ffe00eb110222010000
00ec22800011800100ec220111020000
00ed117fff22800200ed110222020000
00ee227fff11800000ee220211020000
00ef11800122800100ef110222020000
00f0227ffe117fff00f0220111020000
00f111800022800000f1110222010000
00f211800122800200f2110222020000
00f3227fff117fff00f3220211020000
00f422800111800000f4220211020000
00f5118001227ffe00f5110222010000
00f6117fff22800000f6110222010000
00f722800211800000f7220211020000
00f8118001227fff00f8110222020000
00f9228001117fff00f9220211020000
00fa118000227ffe00fa110222010000
00fb11800122800000fb110222010000
00fc117fff22800200fc110222020000
00fd118000227fff00fd110222020000
00fe11800122800100fe110222020000
00ff117fff227ffe00ff110222010000
01001180002280000100110222010000
01011180012280020101110222020000
0102117fff227fff0102110222020000
01031180002280010103110222020000
0104118001227ffe0104110222010000
0105228000117fff0105220111020000
01062280021180000106220211020000
0107227fff1180010107220211020000
0108117fff2280010108110222020000
0109227ffe1180000109220111020000
010a228000118001010a220111020000
010b228002117fff010b220211020000
010c118000227fff010c110222020000
010d228001118001010d220211020000
010e227ffe117fff010e220111020000
010f228000118000010f220111020000
01101180012280020110110222020000
0111227fff117fff0111220211020000
01122280011180000112220211020000
0113118001227ffe0113110222010000
0114228000117fff0114220111020000
01152280021180000115220211020000
0116118001227fff0116110222020000
0117228001117fff0117220211020000
0118118000227ffe0118110222010000
01192280001180010119220111020000
011a117fff228002011a110222020000
011b227fff118000011b220211020000
011c118001228001011c110222020000
011d227ffe117fff011d220111020000
011e228000118000011e220111020000
011f118001228002011f110222020000
0120227fff117fff0120220211020000
01212280011180000121220211020000
0122118001227ffe0122110222010000
0123117fff2280000123110222010000
01242280021180000124220211020000
0125227fff1180010125220211020000
0126117fff2280010126110222020000
0127227ffe1180000127220111020000
01281180012280000128110222010000
0129117fff2280020129110222020000
012a227fff118000012a220211020000
012b118001228001012b110222020000
012c227ffe117fff012c220111020000
012d228000118000012d220111020000
012e118001228002012e110222020000
012f227fff117fff012f220211020000
01301180002280010130110222020000
0131118001227ffe0131110222010000
0132228000117fff0132220111020000
01332280021180000133220211020000
0134118001227fff0134110222020000
0135117fff2280010135110222020000
0136118000227ffe0136110222010000
01372280001180010137220111020000
0138228002117fff0138220211020000
0139227fff1180000139220211020000
013a228001118001013a220211020000
013b227ffe117fff013b220111020000
013c228000118000013c220111020000
013d118001228002013d110222020000
013e227fff117fff013e220211020000
013f118000228001013f110222020000
0140227ffe1180010140220111020000
0141117fff2280000141110222010000
01421180002280020142110222020000
0143118001227fff0143110222020000
0144117fff2280010144110222020000
0145227ffe1180000145220111020000
01461180012280000146110222010000
0147228002117fff0147220211020000
0148118000227fff0148110222020000
01491180012280010149110222020000
014a117fff227ffe014a110222010000
014b118000228000014b110222010000
014c118001228002014c110222020000
014d117fff227fff014d110222020000
014e118000228001014e110222020000
014f118001227ffe014f110222010000
0150117fff2280000150110222010000
01511180002280020151110222020000
0152227fff1180010152220211020000
0153228001117fff0153220211020000
0154118000227ffe0154110222010000
01552280001180010155220111020000
0156228002117fff0156220211020000
0157118000227fff0157110222020000
01582280011180010158220211020000
0159117fff227ffe0159110222010000
015a228000118000015a220111020000
015b118001228002015b110222020000
015c117fff227fff015c110222020000
015d228001118000015d220211020000
015e227ffe118001015e220111020000
015f117fff228000015f110222010000
01601180002280020160110222020000
0161227fff1180010161220211020000
0162228001117fff0162220211020000
0163118000227ffe0163110222010000
01642280001180010164220111020000
0165228002117fff0165220211020000
0166227fff1180000166220211020000
01672280011180010167220211020000
0168117fff227ffe0168110222010000
01692280001180000169220111020000
016a118001228002016a110222020000
016b227fff117fff016b220211020000
016c118000228001016c110222020000
016d118001227ffe016d110222010000
016e228000117fff016e220111020000
016f228002118000016f220211020000
0170118001227fff0170110222020000
0171228001117fff0171220211020000
0172227ffe1180000172220111020000
01731180012280000173110222010000
0174117fff2280020174110222020000
0175227fff1180000175220211020000
01761180012280010176110222020000
0177227ffe117fff0177220111020000
01781180002280000178110222010000
01792280021180010179220211020000
017a227fff117fff017a220211020000
017b228001118000017b220211020000
017c118001227ffe017c110222010000
017d228000117fff017d220111020000
017e118000228002017e110222020000
017f227fff118001017f220211020000
0180117fff2280010180110222020000
0181118000227ffe0181110222010000
01822280001180010182220111020000
0183228002117fff0183220211020000
0184227fff1180000184220211020000
01852280011180010185220211020000
0186117fff227ffe0186110222010000
01871180002280000187110222010000
01881180012280020188110222020000
0189227fff117fff0189220211020000
018a228001118000018a220211020000
018b227ffe118001018b220111020000
018c117fff228000018c110222010000
018d118000228002018d110222020000
018e118001227fff018e110222020000
018f228001117fff018f220211020000
0190227ffe1180000190220111020000
01912280001180010191220111020000
0192117fff2280020192110222020000
0193118000227fff0193110222020000
01941180012280010194110222020000
0195227ffe117fff0195220111020000
01961180002280000196110222010000
01971180012280020197110222020000
0198227fff117fff0198220211020000
01991180002280010199110222020000
019a118001227ffe019a110222010000
019b117fff228000019b110222010000
019c118000228002019c110222020000
019d118001227fff019d110222020000
019e117fff228001019e110222020000
019f118000227ffe019f110222010000
01a022800011800101a0220111020000
01a1228002117fff01a1220211020000
01a2227fff11800001a2220211020000
01a322800111800101a3220211020000
01a4117fff227ffe01a4110222010000
01a511800022800001a5110222010000
01a611800122800201a6110222020000
01a7227fff117fff01a7220211020000
01a822800111800001a8220211020000
01a9118001227ffe01a9110222010000
01aa228000117fff01aa220111020000
01ab11800022800201ab110222020000
01ac118001227fff01ac110222020000
01ad117fff22800101ad110222020000
01ae227ffe11800001ae220111020000
01af11800122800001af110222010000
01b0117fff22800201b0110222020000
01b1227fff11800001b1220211020000
01b211800122800101b2110222020000
01b3227ffe117fff01b3220111020000
01b422800011800001b4220111020000
01b522800211800101b5220211020000
01b6117fff227fff01b6110222020000
01b711800022800101b7110222020000
01b8118001227ffe01b8110222010000
01b9117fff22800001b9110222010000
01ba11800022800201ba110222020000
01bb118001227fff01bb110222020000
01bc117fff22800101bc110222020000
01bd118000227ffe01bd110222010000
01be22800011800101be220111020000
01bf228002117fff01bf220211020000
01c0227fff11800001c0220211020000
01c111800122800101c1110222020000
01c2227ffe117fff01c2220111020000
01c322800011800001c3220111020000
01c411800122800201c4110222020000
01c5117fff227fff01c5110222020000
01c611800022800101c6110222020000
01c7118001227ffe01c7110222010000
01c8228000117fff01c8220111020000
01c911800022800201c9110222020000
01ca118001227fff01ca110222020000
01cb117fff22800101cb110222020000
01cc118000227ffe01cc110222010000
01cd11800122800001cd110222010000
01ce117fff22800201ce110222020000
01cf227fff11800001cf220211020000
01d011800122800101d0110222020000
01d1227ffe117fff01d1220111020000
01d211800022800001d2110222010000
01d322800211800101d3220211020000
01d4117fff227fff01d4110222020000
01d522800111800001d5220211020000
01d6118001227ffe01d6110222010000
01d7228000117fff01d7220111020000
01d822800211800001d8220211020000
01d9118001227fff01d9110222020000
01da117fff22800101da110222020000
01db227ffe11800001db220111020000
01dc22800011800101dc220111020000
01dd117fff22800201dd110222020000
01de118000227fff01de110222020000
01df11800122800101df110222020000
01e0227ffe117fff01e0220111020000
01e122800011800001e1220111020000
01e211800122800201e2110222020000
01e3117fff227fff01e3110222020000
01e411800022800101e4110222020000
01e5118001227ffe01e5110222010000
01e6228000117fff01e6220111020000
01e722800211800001e7220211020000
01e8118001227fff01e8110222020000
01e9228001117fff01e9220211020000
01ea118000227ffe01ea110222010000
01eb22800011800101eb220111020000
01ec228002117fff01ec220211020000
01ed118000227fff01ed110222020000
01ee22800111800101ee220211020000
01ef227ffe117fff01ef220111020000
01f022800011800001f0220111020000
01f122800211800101f1220211020000
01f2117fff227fff01f2110222020000
01f311800022800101f3110222020000
01f4118001227ffe01f4110222010000
01f5228000117fff01f5220111020000
01f622800211800001f6220211020000
01f7227fff11800101f7220211020000
01f8117fff22800101f8110222020000
01f9227ffe11800001f9220111020000
01fa11800122800001fa110222010000
01fb228002117fff01fb220211020000
01fc118000227fff01fc110222020000
01fd22800111800101fd220211020000
01fe117fff227ffe01fe110222010000
01ff11800022800001ff110222010000
00001100062200410000110022000000
00012200611100140001220011000000
000211001d2200250002110022000000
00031100242200110003110022000000
00042200561100610004220011000000
000511004222003d0005110022000000
00061100092200300006110022000000
00072200331100120007220011000000
00082200511100510008220011000000
00092200481100280009220011000000
000a11002d220047000a110022000000
000b11000f22000c000b110022000000
000c11003c22000f000c110022000000
000d110025220031000d110022000000
000e220039110046000e220011000000
000f11003f220006000f110022000000
00102200621100510010220211000000
001111005122003c0011110022020000
00122200151100020012220111010000
001311000822002e0013110122010000
00142200391100290014220211010000
001511002d2200570015110222020000
001622004c1100310016220211020000
00172200051100450017220111020000
001822001e1100150018220111010000
00192200401100540019220211020000
001a11000d22000e001a110122010000
001b220021110048001b220111020000
001c110033220023001c110222010000
001d110053220006001d110222010000
001e220013110053001e220111020000
001f11005922002c001f110222020000
00201100392200640020110222020000
00212200281100380021220111020000
002222002f11002f0022220211010000
002322003b1100080023220211010000
00242200581100250024220211010000
002522005f11001d0025220211010000
00262200101100450026220111020000
002722006411003a0027220211020000
00282200151100130028220111010000
002922004a1100260029220211010000
002a220012110007002a220111010000
002b220006110056002b220111020000
002c11000b220013002c110122010000
002d220033110006002d220211010000
002e110057220040002e110222020000
002f110037220008002f110222010000
00302200071100010030220111010000
003111002f22003c0031110222020000
00322200221100410032220111020000
00331100302200280033110222010000
00342200161100570034220111020000
00351100332200510035110222020000
003611002c22004d0036110222020000
003711002f2200130037110222010000
003822001e11004c0038220111020000
00391100302200210039110222010000
003a110038220031003a110222020000
003b11004a220007003b110222010000
003c220004110043003c220111020000
003d22001a110013003d220111010000
003e11005022004a003e110222020000
003f110014220004003f110122010000
00401100312200180040110122010000
004111000e22003e0041110122020000
004211004b2200070042110222010000
004311001b2200580043110122020000
00441100072200430044110122020000
00451100622200310045110222020000
00462200311100480046220211020000
004722001111005d0047220111020000
00481100472200460048110222020000
004922001611005e0049220111020000
004a220004110030004a220111010000
004b11005722005c004b110222020000
004c11005f220013004c110222010000
004d110017220024004d110122010000
004e22000e110031004e220111010000
004f22002e11002a004f220211010000
005011002c22001f0050110122010000
005122002211001b0051220111010000
005211004a2200420052110222020000
00532200191100170053220111010000
00542200101100590054220111020000
00551100502200020055110222010000
00562200151100310056220111010000
00572200481100390057220211010000
00581100312200470058110122020000
005922002e1100250059220211010000
005a220060110003005a220211010000
005b110039220032005b110222020000
005c220056110041005c220211020000
005d11002c22003e005d110122020000
005e22003711002e005e220211010000
005f220009110062005f220111020000
006022004c11002d0060220211010000
006122002011004a0061220111020000
00621100492200260062110222010000
006311001422001f0063110122010000
006411003e2200430064110222020000
006522004b1100640065220211020000
00662200461100310066220211010000
006722005411002d0067220211010000
006822004811000f0068220211010000
00692200111100230069220111010000
006a110020220015006a110122010000
006b11005322005d006b110222020000
006c11003a220056006c110222020000
006d110039220054006d110222020000
006e11001c220037006e110122010000
006f11003e220058006f110222020000
007022002b1100610070220111020000
007111001b22005b0071110122020000
007211001e22004b0072110122020000
007322002c1100430073220111020000
007411005f2200330074110222010000
007511003f22004a0075110222020000
007622002311002c0076220111010000
00772200561100280077220211010000
007822003f1100520078220211020000
00792200231100210079220111010000
007a110010220007007a110122010000
007b22005611000a007b220211010000
007c110009220032007c110122010000
007d22006311003d007d220211020000
007e11000d220023007e110122010000
007f11005a220024007f110222010000
008011001422005d0080110122020000
00811100372200380081110222010000
008211000c2200450082110122020000
008311003622002f0083110222010000
00841100292200410084110222020000
008522000d1100410085220111020000
008611004e2200140086110222010000
008722003611004d0087220211020000
008811005c2200380088110222020000
008911000222000d0089110122010000
008a22000211005a008a220111020000
008b220010110064008b220111020000
008c22005f110025008c220211010000
008d22003e110052008d220211020000
008e220049110016008e220211010000
008f11004022005b008f110222020000
009011002022000f0090110122010000
009122000111002c0091220111010000
009222003a1100440092220211020000
009311000822005e0093110122020000
009411000a2200410094110122020000
009511005e2200350095110222020000
009622001711000a0096220111010000
009722003b1100500097220211020000
00981100002200440098110122020000
009911004922004c0099110222020000
009a11001e22002f009a110122010000
009b110064220013009b110222010000
009c220053110012009c220211010000
009d11001622000c009d110122010000
009e11004d220050009e110222020000
009f110039220008009f110222010000
00a022004211000700a0220211010000
00a111006322001f00a1110222010000
00a211003622003800a2110222020000
00a322001711000e00a3220111010000
00a422001211006400a4220111020000
00a522001c11002d00a5220111010000
00a622000111000300a6220111010000
00a722000511002100a7220111010000
00a811005022000500a8110222010000
00a922003411002b00a9220211010000
00aa11002422002100aa110122020000
00ab11005522002600ab110222020000
00ac22001611005f00ac220111020000
00ad22006311003000ad220211010000
00ae11005622002700ae110222020000
00af11005122001e00af110222010000
00b011006022004400b0110222020000
00b122000f11005d00b1220111020000
00b211004322001600b2110222010000
00b311000422002c00b3110122020000
00b411000f22001c00b4110122010000
00b522001611001d00b5220111010000
00b622001211001000b6220111010000
00b722005511006000b7220211020000
00b811001722002b00b8110122020000
00b911001022005000b9110122020000
00ba11001222002c00ba110122020000
00bb11003522000900bb110222010000
00bc11000322002200bc110122010000
00bd22005b11005100bd220211020000
00be11001f22000e00be110122010000
00bf22006211003b00bf220211020000
00c022005e11005600c0220211020000
00c111000822001200c1110122010000
00c222000111002800c2220111020000
00c311000e22004c00c3110122020000
00c411003b22002700c4110222010000
00c522005811006300c5220211020000
00c611004f22002900c6110222010000
00c711006322001f00c7110222010000
00c822000011000a00c8220111010000
00c911002f22001900c9110122010000
00ca22000511000e00ca220111010000
00cb11005a22004200cb110222020000
00cc11003322000e00cc110122010000
00cd22004111001700cd220211010000
00ce22004e11002d00ce220211010000
00cf11000122003200cf110122020000
00d011002b22002400d0110122010000
00d122002311000600d1220111010000
00d211002f22001400d2110222010000
00d322001411004b00d3220111020000
00d411005a22003a00d4110222020000
00d511002822002300d5110122010000
00d622000511001900d6220111010000
00d722000211003e00d7220111020000
00d822001d11004200d8220111020000
00d911001522005200d9110122020000
00da22001911005f00da220111020000
00db11004122005100db110222020000
00dc11002922005b00dc110122020000
00dd22003f11001400dd220211010000
00de11004a22003500de110222020000
00df22004d11001c00df220211010000
00e011001822003700e0110122020000
00e111004f22004600e1110222020000
00e211002b22005400e2110122020000
00e322005b11001e00e3220211010000
00e422005d11002b00e4220211010000
00e511004022005900e5110222020000
00e611003222001200e6110222010000
00e722000b11005400e7220111020000
00e811004d22003400e8110222010000
00e922004a11000e00e9220211010000
00ea22003c11005100ea220111020000
00eb11005a22000300eb110222010000
00ec22001011001a00ec220111010000
00ed11002022005400ed110122020000
00ee11005d22005b00ee110222020000
00ef11001022003f00ef110122020000
00f022004b11006000f0220211020000
00f122001411000800f1220111010000
00f222006211006000f2220211020000
00f311000922003100f3110122010000
00f422004511001b00f4220211010000
00f511001522005000f5110122020000
00f611000922001000f6110122010000
00f711001222003800f7110122010000
00f822003911005e00f8220211020000
00f922003711004c00f9220211020000
00fa11003d22005a00fa110222020000
00fb11005522002d00fb110222010000
00fc11003022006300fc110122020000
00fd11003322000300fd110222010000
00fe11001422004300fe110122020000
00ff22006311006300ff220211020000
01001100212200370100110122010000
010122000c1100270101220111010000
01021100532200600102110222020000
010322000d1100050103220111010000
010422003f1100160104220211010000
01051100152200220105110122010000
010611002f22004a0106110122020000
010711000122000a0107110122010000
010811004e2200540108110222020000
010922001811001f0109220111010000
010a110054220004010a110222010000
010b11002e22003f010b110222020000
010c11003c220005010c110222010000
010d110020220019010d110122010000
010e11003f220061010e110222020000
010f11001222001c010f110122010000
011011001d22003d0110110122020000
011122004811002f0111220211020000
011211002922004e0112110222020000
011322004411003e0113220211020000
01141100552200410114110222020000
011522002a1100150115220111010000
01162200631100340116220211020000
01171100192200340117110122010000
011811000022005e0118110122020000
011911004e2200230119110222010000
011a11006422001b011a110222010000
011b22003e110002011b220211010000
011c220035110061011c220111020000
011d11001222005c011d110122020000
011e220034110001011e220111010000
011f110048220016011f110222010000
01201100522200360120110222010000
012122001d1100250121220111010000
01221100072200070122110122010000
012311001b2200020123110122010000
012422005811001c0124220211010000
012511004f2200300125110222010000
01261100112200540126110122020000
012722005a11002b0127220211010000
012822001e11005b0128220111020000
01292200161100520129220111020000
012a11000022004c012a110122020000
012b220063110038012b220211020000
012c110009220057012c110122020000
012d220038110039012d220211020000
012e22005e110052012e220211020000
012f220026110026012f220111010000
013011004a2200550130110222020000
013111002b2200570131110122020000
013222005c1100570132220211020000
013311000f22005c0133110122020000
013422003b1100060134220111010000
01352200161100540135220111020000
01362200511100270136220211010000
013722000b11002e0137220111010000
01381100632200080138110222010000
01392200271100440139220111020000
013a22003a11001c013a220111010000
013b110064220009013b110222010000
013c22002d110046013c220111020000
013d11004f22000d013d110222010000
013e220012110058013e220111020000
013f11000c22000e013f110122010000
01402200491100400140220211020000
014111004322003b0141110222020000
01422200521100410142220211020000
01432200201100110143220111010000
01442200401100310144220211010000
014522000c1100110145220111010000
014622005d11002e0146220211010000
01472200621100430147220211020000
014811002122001e0148110122010000
01492200201100120149220111010000
014a220058110027014a220211010000
014b11005c220055014b110222020000
014c11001f22002b014c110122010000
014d110015220002014d110122010000
014e110012220022014e110122010000
014f110004220040014f110122020000
015011005a2200360150110222020000
01512200221100440151220111020000
01522200381100410152220211020000
01531100592200440153110222020000
01542200351100270154220211010000
015511004322000e0155110222010000
015611001722001e0156110122010000
015711006022001e0157110222010000
015811002922001b0158110122010000
015911005b2200620159110222020000
015a220028110045015a220111020000
015b22003d110044015b220211020000
015c220017110019015c220111010000
015d110037220055015d110122020000
015e220044110057015e220211020000
015f11001d220033015f110122020000
01601100312200180160110122010000
016122003911000b0161220211010000
01622200541100640162220211020000
016322004e11005c0163220211020000
01642200451100510164220211020000
016522002f1100370165220111010000
016611004822005d0166110222020000
016711002f2200440167110122020000
01682200621100010168220211010000
01691100632200100169110222010000
016a11003622000c016a110122010000
016b22000e11002e016b220111010000
016c22002211003f016c220111020000
016d22003411003a016d220111010000
016e110037220035016e110122010000
016f110043220030016f110222010000
017011002b2200070170110122010000
017122000b1100170171220111010000
01721100342200410172110122020000
017322003d11001b0173220211010000
017422004e1100170174220211010000
01752200381100310175220211020000
017611001c22000b0176110122010000
017711000322002e0177110122020000
017811000b22000f0178110122010000
01792200001100410179220111020000
017a11001922003a017a110122020000
017b11000622000f017b110122010000
017c110062220020017c110222010000
017d11003d22000a017d110222010000
017e220007110030017e220111020000
017f11001c220039017f110122020000
01802200421100440180220211020000
01811100432200360181110222020000
018211002822002a0182110222020000
01831100292200610183110222020000
018422004b1100320184220211020000
01852200261100240185220211010000
01861100192200640186110122020000
018722005e1100380187220211020000
01881100422200060188110222010000
01892200021100440189220111020000
018a11004222003f018a110222020000
018b220007110044018b220111020000
018c11001a22002a018c110122010000
018d11002e22001b018d110122010000
018e220024110050018e220111020000
018f110049220037018f110222020000
019022001a1100350190220111020000
01912200331100160191220211010000
01922200141100390192220111020000
019322000911000a0193220111010000
019411004c2200230194110222010000
01951100112200180195110122010000
01961100232200450196110122020000
01972200361100510197220211020000
019811000d22000a0198110122010000
019911005c22001c0199110222010000
019a22003911003c019a220211020000
019b22004d11005c019b220211020000
019c11002422000c019c110122010000
019d220062110058019d220211020000
019e220038110004019e220211010000
019f11003d220035019f110222020000
01a022003411000201a0220211010000
01a122000f11006101a1220111020000
01a222006011001a01a2220211010000
01a311005822002101a3110222010000
01a411005a22005301a4110222020000
01a522003111001a01a5220111010000
01a611004222001f01a6110222010000
01a722003711002301a7220211010000
01a822003311003001a8220111010000
01a922003811004301a9220211020000
01aa11004022004801aa110222020000
01ab22003411005d01ab220111020000
01ac22000411003201ac220111010000
01ad22000d11004601ad220111020000
01ae22003d11001201ae220211010000
01af22000411004e01af220111020000
01b011005c22000301b0110222010000
01b122002811001901b1220111010000
01b211005722003201b2110222020000
01b311005d22005a01b3110222020000
01b411005d22005601b4110222020000
01b511004e22000701b5110222010000
01b622002811002201b6220111010000
01b722000911002b01b7220111010000
01b822006411000501b8220211010000
01b911004122003101b9110222020000
01ba11004022006101ba110222020000
01bb11001422000001bb110122010000
01bc11001122000801bc110122010000
01bd22005511001101bd220211010000
01be22003511004901be220211020000
01bf22003d11002901bf220211010000
01c022001911004b01c0220111020000
01c111006122003b01c1110222020000
01c211004922000601c2110222010000
01c322003011002201c3220211010000
01c422005411001e01c4220211010000
01c511003122005301c5110222020000
01c611004022000001c6110222010000
01c711004e22004f01c7110222020000
01c822004e11001401c8220211010000
01c922000311001301c9220111010000
01ca22000b11003601ca220111020000
01cb22004c11001e01cb220211010000
01cc22001011000b01cc220111010000
01cd22000f11001501cd220111010000
01ce11003622005e01ce110222020000
01cf11001422000401cf110122010000
01d022003511000601d0220211010000
01d122003211004a01d1220211020000
01d211001a22001901d2110122010000
01d311001422001001d3110122010000
01d422005211002b01d4220211020000
01d511003822005101d5110222020000
01d622002e11002301d6220211020000
01d711005122000701d7110222010000
01d822001811000f01d8220111010000
01d911003022005801d9110222020000
01da11004c22000401da110222010000
01db22002911003901db220211020000
01dc11000e22001501dc110122010000
01dd22001011000f01dd220111010000
01de11004622005c01de110222020000
01df11001d22005b01df110122020000
01e022001b11001a01e0220111010000
01e122004611001e01e1220211010000
01e211001422006401e2110122020000
01e322000411001d01e3220111010000
01e411001022003d01e4110122020000
01e511004722000001e5110222010000
01e622005f11003701e6220211020000
01e722004911003801e7220211020000
01e811000822004d01e8110122020000
01e922002711000701e9220111010000
01ea22006011000601ea220211010000
01eb22005c11001701eb220211010000
01ec11000922000401ec110122010000
01ed11000222003e01ed110122020000
01ee11002522000701ee110222010000
01ef22003311000f01ef220111010000
01f022003d11003501f0220211020000
01f122004011003a01f1220211020000
01f211000422000c01f2110122010000
01f311002922000401f3110222010000
01f422006011000d01f4220211010000
01f522005511001201f5220211010000
01f622000011003b01f6220111020000
01f711003e22001a01f7110222010000
01f822001e11004601f8220111020000
01f922000211005801f9220111020000
01fa11002c22001201fa110222010000
01fb11003822005b01fb110222020000
01fc11002122000101fc110122010000
01fd11006022005801fd110222020000
01fe22005e11005b01fe220211020000
01ff22000411001a01ff220111010000
000011000622004a0000110022000000
000122003511000c0001220011000000
00022200161100280002220011000000
000311003a2200490003110022000000
00041100032200410004110022000000
000522000f11002d0005220011000000
000622002f11003b0006220011000000
00071100292200440007110022000000
000811003a2200180008110022000000
000922005411001d0009220011000000
000a11002e220041000a110022000000
000b110007220043000b110022000000
000c110005220034000c110022000000
000d22005f110018000d220011000000
000e11001c220006000e110022000000
000f110045220003000f110022000000
00102200241100640010220011000000
00111100182200120011110122000000
001211004c22000c0012110222000000
001322000e11000a0013220011010000
00141100342200140014110222000000
001522001611003f0015220011020000
00161100062200170016110122000000
00171100472200050017110222000000
00181100422200640018110222020000
00192200561100560019220211020000
001a11001822003c001a110122020000
001b110003220062001b110122020000
001c11003022003d001c110222020000
001d110008220038001d110122020000
001e110048220016001e110222010000
001f220006110022001f220111010000
00201100332200280020110222010000
00212200051100360021220111020000
002222002a1100610022220211020000
00231100412200050023110222010000
00241100262200280024110122010000
00251100632200140025110222010000
002611005b22005e0026110222020000
00271100192200550027110122020000
002811002922002d0028110122010000
002922002b1100330029220111020000
002a220014110034002a220111020000
002b11005d22001f002b110222010000
002c220058110053002c220211020000
002d220000110011002d220111010000
002e11005022000f002e110222010000
002f220015110032002f220111010000
003011000122001f0030110122010000
003122003f1100060031220211010000
003211004d2200500032110222020000
003322000f11000f0033220111010000
003411005e22003e0034110222020000
00352200191100580035220111020000
003622002311001a0036220111010000
00372200271100270037220211010000
003822000f11004a0038220111020000
00391100502200530039110222020000
003a220028110010003a220211010000
003b110063220043003b110222020000
003c110002220032003c110122020000
003d11001522000d003d110122010000
003e11000f22002f003e110122020000
003f220003110004003f220111010000
004011000f22004d0040110122020000
004111000b2200380041110122020000
00421100282200350042110222020000
004311002822005c0043110122020000
004422001111000f0044220111010000
00452200611100620045220211020000
004622005b11003c0046220211020000
004722000b1100040047220111010000
00482200341100410048220111020000
004911001f22001d0049110122010000
004a11002622004c004a110222020000
004b11000022004d004b110122020000
004c22006011004e004c220211020000
004d11001022000c004d110122010000
004e11001322003a004e110122020000
004f110032220009004f110222010000
005011000022000a0050110122010000
00511100412200630051110222020000
00521100492200200052110222010000
00531100622200050053110222010000
005411006122001b0054110222010000
00551100542200470055110222020000
005611005e22004d0056110222020000
00571100022200450057110122020000
00582200061100330058220111020000
00591100202200390059110122020000
005a22001411005c005a220111020000
005b22002211001f005b220111010000
005c22001411001b005c220111010000
005d22005e110000005d220211010000
005e11000822002f005e110122020000
005f11001b220049005f110122020000
006011002022004a0060110122020000
006111002922002a0061110122010000
006222005f11005a0062220211020000
006322001d1100390063220111020000
00641100552200630064110222020000
006511003522000a0065110222010000
006622005411001e0066220211010000
006722003311004a0067220111020000
00681100252200320068110122010000
00692200331100250069220111010000
006a110017220014006a110122010000
006b220006110030006b220111020000
006c22001811001b006c220111010000
006d220001110027006d220111010000
006e11004c220060006e110222020000
006f11005b220039006f110222020000
00702200531100010070220211010000
007111001a2200460071110122020000
00721100282200580072110122020000
007322005c1100530073220211020000
007411000e2200410074110122020000
007522005211004b0075220211020000
00761100642200040076110222010000
007722005d11000f0077220211010000
00782200151100440078220111020000
00792200171100350079220111020000
007a22004e110027007a220211010000
007b110033220046007b110222020000
007c22001d11002c007c220111010000
007d22005f110008007d220211010000
007e110024220029007e110122010000
007f220007110040007f220111020000
00802200121100570080220111020000
008111001822005f0081110122020000
008211000b2200390082110122020000
008311005d2200630083110222020000
00841100172200090084110122010000
008511000d2200310085110122010000
00861100132200620086110122020000
008722002b11001b0087220111010000
008811001b2200450088110122020000
008911003122000d0089110222010000
008a22002f110043008a220111020000
008b220015110006008b220111010000
008c220039110057008c220211020000
008d11004e22000f008d110222010000
008e11003f220057008e110222020000
008f11003d220034008f110222020000
009022000711005b0090220111020000
009122005811003c0091220211020000
00921100282200120092110122010000
00932200501100460093220211020000
00941100612200180094110222010000
00951100372200440095110122020000
009611005a22002a0096110222010000
00971100642200410097110222020000
009822003a1100430098220211020000
009911005122004b0099110222020000
009a11004422000e009a110122010000
009b220063110024009b220211010000
009c11004322000d009c110122010000
009d22005211002c009d220211010000
009e22004f110004009e220211010000
009f22002e11000c009f220111010000
00a022002f11003200a0220111010000
00a111003a22005100a1110122020000
00a222004b11004a00a2220211020000
00a311004722001200a3110222010000
00a411002022002d00a4110122010000
00a522002911005000a5220111020000
00a622001e11004600a6220111020000
00a711004422005200a7110222020000
00a822001511001200a8220111010000
00a922000a11005500a9220111020000
00aa22005d11002e00aa220211010000
00ab11005222001700ab110222010000
00ac22004b11000f00ac220211010000
00ad22006211002700ad220211010000
00ae11002022003900ae110122020000
00af22005e11003f00af220211020000
00b011005f22002700b0110222010000
00b111000c22005c00b1110122020000
00b222002511001f00b2220111010000
00b311003a22001300b3110222010000
00b411000322004a00b4110122020000
00b522000b11001f00b5220111010000
00b622003211003f00b6220111020000
00b711003022005a00b7110222020000
00b811006222000600b8110222010000
00b922003411001200b9220111010000
00ba11003422005300ba110222020000
00bb11005122000400bb110222010000
00bc11001e22001500bc110122010000
00bd11004622003d00bd110222020000
00be22003811000500be220211010000
00bf22002111003e00bf220111020000
00c011006122002e00c0110222020000
00c111003222000600c1110222010000
00c211004722004c00c2110222020000
00c311004022004c00c3110222020000
00c411005d22003800c4110222020000
00c522001611001100c5220111010000
00c611004f22003b00c6110222020000
00c722000711003f00c7220111020000
00c811005122005600c8110222020000
00c911003b22001900c9110122010000
00ca22004011001200ca220211010000
00cb22005111004800cb220211020000
00cc22005a11000c00cc220211010000
00cd11002f22002f00cd110122010000
00ce11000822005e00ce110122020000
00cf11006222000f00cf110222010000
00d011002e22000800d0110122010000
00d111005422002800d1110222010000
00d211003922002000d2110222010000
00d322000111006300d3220111020000
00d411001022002900d4110122010000
00d522005311005800d5220211020000
00d622003111003c00d6220211020000
00d722003911000100d7220211010000
00d811002622002000d8110122010000
00d911002822002a00d9110122010000
00da22005d11000600da220211010000
00db11005322001200db110222010000
00dc22004511005200dc220211020000
00dd11003822003300dd110222020000
00de22003211004f00de220211020000
00df11002c22005d00df110122020000
00e022004011001000e0220211010000
00e111003222005500e1110122020000
00e222004d11006300e2220211020000
00e311004222002e00e3110222010000
00e411005322000700e4110222010000
00e511003c22002e00e5110222010000
00e611001622006300e6110122020000
00e722001a11005100e7220111020000
00e811001d22003a00e8110122020000
00e911001122004d00e9110122020000
00ea22002311002600ea220111010000
00eb22000611001b00eb220111010000
00ec22005f11002300ec220211010000
00ed11005c22001500ed110222010000
00ee22000b11004a00ee220111020000
00ef11004e22002e00ef110222010000
00f011003422000000f0110122010000
00f122003711001e00f1220211010000
00f211003222005500f2110122020000
00f311004522000800f3110222010000
00f411000f22002800f4110122010000
00f522003111001f00f5220211010000
00f611000922003e00f6110122020000
00f711002122002500f7110122010000
00f822004011005200f8220211020000
00f911004822005700f9110222020000
00fa11003222000a00fa110222010000
00fb11006222000900fb110222010000
00fc22000011003200fc220111010000
00fd22004311001400fd220211010000
00fe22004c11001900fe220211010000
00ff22003911005e00ff220211020000
010011003222000a0100110222010000
010122004711004d0101220211020000
01022200051100320102220111010000
010311002e2200640103110122020000
010422003a1100150104220211010000
010511004e22004d0105110222020000
010622001c1100260106220111010000
010722002b11001e0107220111010000
01082200291100240108220111010000
01091100542200400109110222020000
010a110025220049010a110122020000
010b22003611003d010b220211020000
010c11003b220059010c110222020000
010d22004111001e010d220211010000
010e22002411005f010e220111020000
010f110024220041010f110122020000
011011001022002d0110110122010000
011122004511001c0111220211010000
011222004d1100310112220211020000
011322000b1100540113220111020000
011411000722000f0114110122010000
011522004c1100450115220211020000
01162200271100440116220111020000
011711002822004c0117110122020000
01182200481100490118220211020000
011922001211000c0119220111010000
011a110036220062011a110222020000
011b22001b110058011b220111020000
011c110060220017011c110222010000
011d11000a220056011d110122020000
011e22000e110035011e220111020000
011f11001522003f011f110122020000
01201100292200330120110122020000
01211100222200610121110122020000
01222200451100410122220211020000
012311002f2200490123110122020000
012422004e1100410124220211020000
012522002c11001c0125220111010000
01261100382200620126110222020000
012711004f2200380127110222010000
012811002622002c0128110122010000
012922003d11000e0129220111010000
012a11005a220011012a110222010000
012b11002f22002c012b110122010000
012c11003e220030012c110222010000
012d11001e22000e012d110122010000
012e11005c22001c012e110222010000
012f22001f110055012f220111020000
01301100332200260130110122010000
013122000c11000e0131220111010000
01322200431100550132220211020000
013311001e22001f0133110122010000
01342200501100610134220211020000
013511000222005b0135110122020000
013611002722004e0136110122020000
013711005822004f0137110222020000
01382200501100500138220211020000
013911001e22002e0139110122010000
013a110040220036013a110222020000
013b220062110028013b220211010000
013c220015110054013c220111020000
013d110053220008013d110222010000
013e11005522005f013e110222020000
013f220027110019013f220111010000
01401100342200270140110122010000
014122000c1100610141220111020000
014211001f2200570142110122020000
01431100172200590143110122020000
01442200401100370144220211020000
014522002011003b0145220111020000
01461100382200420146110122020000
01471100522200020147110222010000
01481100072200280148110122010000
01491100442200240149110222010000
014a220062110036014a220211010000
014b220033110043014b220211020000
014c22004f110005014c220211010000
014d110059220003014d110222010000
014e22000211002b014e220111010000
014f22006211003d014f220211020000
015011004c2200410150110222020000
015122005a1100320151220211010000
015222000811003c0152220111020000
015322003c11000a0153220211010000
015411005222003b0154110222020000
015511004722000e0155110222010000
015611005b2200290156110222010000
015722003c1100290157220211010000
015822002911003f0158220111020000
015911003c2200460159110222020000
015a220063110039015a220211020000
015b220049110008015b220211010000
015c110060220042015c110222020000
015d11005a220026015d110222010000
015e11005a22000c015e110222010000
015f22002811001d015f220111010000
016022002611005d0160220111020000
016122004a11002e0161220211010000
016222000e1100310162220111010000
01631100102200130163110122010000
01641100462200410164110222020000
01651100262200110165110122010000
016611003f2200430166110222020000
01671100422200060167110222010000
01681100492200030168110222010000
01692200461100380169220211010000
016a11005822005e016a110222020000
016b11003a22001f016b110122010000
016c22003e110029016c220211010000
016d220005110054016d220111020000
016e110026220003016e110122010000
016f220033110018016f220211010000
01702200551100340170220211010000
01711100072200620171110122020000
01721100082200320172110122020000
01731100292200140173110122010000
017411001c2200580174110122020000
017522005e1100590175220211020000
017622000e1100230176220111010000
017711005b2200330177110222010000
017811005f2200280178110222010000
017911004b2200620179110222020000
017a220012110020017a220111010000
017b22004f11000b017b220211010000
017c110022220017017c110122010000
017d22001611002f017d220111020000
017e110062220025017e110222010000
017f220041110006017f220211010000
018022003c11000f0180220211010000
018122005711003a0181220211020000
01822200501100300182220211010000
01832200431100540183220211020000
018411002922001a0184110122010000
018511000a2200080185110122010000
01861100552200280186110222010000
01871100142200210187110122010000
01881100382200440188110222020000
018911005a22003f0189110222020000
018a22003a110041018a220211020000
018b22002111005c018b220111020000
018c220038110000018c220211010000
018d220007110030018d220111010000
018e11004922004f018e110222020000
018f22002311003f018f220111020000
01901100542200350190110222020000
019111005e22005c0191110222020000
019222004f11005b0192220211020000
019322004311004f0193220211020000
01941100592200000194110222010000
019511004a2200020195110222010000
019611000d22003c0196110122020000
019722003c1100220197220211010000
01981100212200170198110122010000
01991100592200590199110222020000
019a110005220052019a110122020000
019b11006022002a019b110222010000
019c22003611001a019c220211010000
019d22001b110013019d220111010000
019e22001e110043019e220111020000
019f220058110011019f220211010000
01a011003022003f01a0110122020000
01a122002d11001801a1220111010000
01a211005022001e01a2110222010000
01a311005b22001701a3110222010000
01a422000811000d01a4220111010000
01a511003222000901a5110222010000
01a622003111000301a6220211010000
01a722003e11005301a7220211020000
01a811002c22000301a8110122010000
01a922002311004d01a9220111020000
01aa11005c22005801aa110222020000
01ab22005f11002401ab220211010000
01ac11001622000301ac110122010000
01ad11001c22004e01ad110122020000
01ae11000a22003f01ae110122020000
01af22005211005601af220211020000
01b022003d11005501b0220211020000
01b122000e11001b01b1220111010000
01b222003111006101b2220211020000
01b322000311001201b3220111010000
01b411003c22003d01b4110222020000
01b522001911002a01b5220111010000
01b611001122000a01b6110122010000
01b711003a22001601b7110222010000
01b822000a11001d01b8220111010000
01b922001f11002c01b9220111010000
01ba11004122002e01ba110222020000
01bb22004611000e01bb220211010000
01bc11003422004601bc110222020000
01bd11000222001e01bd110122010000
01be11004f22003c01be110222020000
01bf22005911005401bf220211020000
01c011000522005b01c0110122020000
01c111005c22003401c1110222020000
01c211003922003801c2110222020000
01c322001411005301c3220111020000
01c422004f11002601c4220211010000
01c522004e11003101c5220211020000
01c622006111001201c6220211010000
01c711003c22002201c7110222010000
01c822000f11006401c8220111020000
01c922001a11002d01c9220111010000
01ca11004b22000101ca110222010000
01cb11004722003001cb110222010000
01cc22003e11003801cc220211010000
01cd22000211002801cd220111010000
01ce11004822004501ce110222020000
01cf22003211001701cf220211010000
01d022003911004201d0220211020000
01d122000911005d01d1220111020000
01d222004311001c01d2220211010000
01d311002f22002601d3110122010000
01d422000c11003801d4220111010000
01d522006111005101d5220211020000
01d622002411002401d6220111010000
01d711004b22000101d7110222010000
01d811006022000701d8110222010000
01d911003d22005e01d9110222020000
01da11000a22000801da110122010000
01db11002422001901db110122010000
01dc22002d11004f01dc220211020000
01dd22003611000601dd220211010000
01de22001b11000701de220111010000
01df11001122001301df110122010000
01e022003811003b01e0220211020000
01e122003d11005c01e1220211020000
01e222004f11004301e2220211020000
01e311003222004c01e3110122020000
01e411003b22002e01e4110222020000
01e511001722006401e5110122020000
01e622004511000b01e6220211010000
01e711003322001701e7110222010000
01e811004322001601e8110222010000
01e922003c11005201e9220211020000
01ea22004811001901ea220211010000
01eb11000722000601eb110122010000
01ec11005322005401ec110222020000
01ed22001511004a01ed220111020000
01ee22003611000401ee220211010000
01ef22001611003201ef220111010000
01f011000d22005501f0110122020000
01f111000f22001101f1110122010000
01f211000422003401f2110122020000
01f311000c22001401f3110122010000
01f422002811004901f4220111020000
01f522000811001e01f5220111010000
01f611001622005901f6110122020000
01f711003022001b01f7110222010000
01f811002922004801f8110222020000
01f911004422005001f9110222020000
01fa11002922002a01fa110222010000
01fb22003711003901fb220211020000
01fc22000111001801fc220111010000
01fd11002f22004b01fd110222020000
01fe22001e11004701fe220111020000
01ff11005522002301ff110222010000
000011004922004c0000110022000000
000122001c1100130001220011000000
000222000911001d0002220011000000
000311002622005f0003110022000000
00041100262200060004110022000000
000511003122002f0005110022000000
000611004522002f0006110022000000
00072200201100360007220011000000
00082200241100390008220011000000
000922002b1100490009220011000000
000a110060220034000a110022000000
000b110017220013000b110022000000
000c11002922004a000c110022000000
000d22000411002c000d220011000000
000e11000122005b000e110022000000
000f220027110050000f220011000000
00102200241100460010220011000000
001111003022001d0011110122000000
001211003e2200430012110222020000
00132200261100090013220111010000
001422000111000b0014220111010000
001522004411004d0015220211020000
001611004c2200030016110222010000
001711005b22005c0017110222020000
001822005f11005e0018220211020000
00192200301100280019220211010000
001a110012220023001a110122010000
001b110063220049001b110222020000
001c11002e22004f001c110122020000
001d220004110047001d220111020000
001e22002e110063001e220111020000
001f22002111005d001f220111020000
002022004d1100440020220211020000
002122006111001e0021220211010000
002211005b2200370022110222020000
002322002d11003d0023220111010000
002422003d11001a0024220211010000
002522002e1100600025220111020000
002611000e2200300026110122010000
002711000022001b0027110122010000
00282200041100570028220111020000
002922001e1100530029220111020000
002a11003722000e002a110122010000
002b11001622001f002b110122010000
002c110035220055002c110122020000
002d220056110030002d220211010000
002e11004822004a002e110222020000
002f22005f11002a002f220211010000
00301100392200070030110222010000
00312200001100120031220111010000
00321100522200540032110222020000
00332200131100360033220111020000
003422003211004d0034220211020000
00352200141100010035220111010000
00361100352200210036110222010000
003722000111003c0037220111020000
003822001611003e0038220111020000
003911005f22004a0039110222020000
003a220048110022003a220211010000
003b11004c22002c003b110222010000
003c110043220044003c110222020000
003d11004622003e003d110222020000
003e110061220016003e110222010000
003f22001b110060003f220111020000
004022005d11005b0040220211020000
00412200641100030041220211010000
00421100402200560042110222020000
004311005822002d0043110222010000
004411000e2200060044110122010000
004522003411004e0045220211020000
004622001c1100350046220111010000
004711000e2200230047110122010000
00482200551100580048220211020000
004911005d22003a0049110222020000
004a22004b11002c004a220211010000
004b110046220017004b110222010000
004c110060220030004c110222010000
004d22001d110027004d220111010000
004e11004022001b004e110222010000
004f22003511001c004f220211010000
005022001e1100270050220111010000
00511100432200470051110222020000
005211003e2200350052110222020000
005311005d22001b0053110222010000
005422004011003f0054220211020000
005522002211003b0055220111010000
005622004b1100110056220211010000
00571100182200230057110122010000
005811005e22001f0058110222010000
005922002b1100010059220111010000
005a22003b110022005a220211010000
005b22002411000a005b220111010000
005c22004a11001e005c220211010000
005d22002f110055005d220211020000
005e22001411001f005e220111010000
005f22000e110044005f220111020000
00602200211100230060220111010000
006111002122003a0061110122020000
00622200351100460062220211020000
006311000f22004c0063110122020000
006411003b2200150064110222010000
00651100262200310065110122020000
006611004f2200600066110222020000
006711004422004c0067110222020000
00681100212200580068110122020000
006922002b11000f0069220111010000
006a220045110010006a220211010000
006b22005711000f006b220211010000
006c110010220012006c110122010000
006d22003911000f006d220211010000
006e110035220048006e110222020000
006f220015110041006f220111020000
007022006311002f0070220211020000
007122000e11001b0071220111010000
007222002c1100420072220111020000
007322001a1100090073220111010000
007411003d2200060074110222010000
007511004922003b0075110222020000
007611006422002f0076110222010000
007711003d22000c0077110222010000
007811004e22004b0078110222020000
00792200561100190079220211010000
007a11000d220025007a110122010000
007b11004f22003b007b110222020000
007c11001e220013007c110122010000
007d11001a22003c007d110122020000
007e11001d22002b007e110122010000
007f22004e11000c007f220211010000
00802200241100370080220111020000
008122002911005a0081220111020000
00822200571100170082220211010000
00832200431100380083220211020000
00841100422200220084110222010000
00852200411100290085220211010000
00862200351100230086220211010000
008711001722001e0087110122010000
008822001e11002e0088220111020000
008911001722003a0089110122020000
008a22002b110060008a220111020000
008b11005c220063008b110222020000
008c220054110056008c220211020000
008d110041220000008d110222010000
008e11002322001f008e110122010000
008f110049220001008f110222010000
00901100132200130090110122010000
00912200221100350091220111020000
009211001c2200340092110122020000
00932200011100410093220111020000
00941100482200370094110222020000
00952200391100240095220211010000
009611000d2200040096110122010000
009722005211001e0097220211010000
00981100442200100098110222010000
00991100392200520099110222020000
009a220051110002009a220211010000
009b22003d11001f009b220211010000
009c11001022000d009c110122010000
009d11005a220012009d110222010000
009e220021110013009e220111010000
009f22003b11003a009f220211020000
00a011002e22001b00a0110222010000
00a122001c11005b00a1220111020000
00a222001511005e00a2220111020000
00a322001a11000400a3220111010000
00a411000322006200a4110122020000
00a522003a11001100a5220211010000
00a622002911003b00a6220111020000
00a711003222001900a7110222010000
00a811000122002800a8110122010000
00a922004f11002200a9220211010000
00aa22001411002000aa220111010000
00ab22000411003700ab220111020000
00ac11004522002d00ac110222020000
00ad11003a22000900ad110222010000
00ae22003a11001100ae220211010000
00af11003b22003300af110222020000
00b022004c11004300b0220211020000
00b111002e22000c00b1110222010000
00b211000022004700b2110122020000
00b322005011000e00b3220211010000
00b411006222001500b4110222010000
00b522002811004800b5220111020000
00b622000511005300b6220111020000
00b722001f11005500b7220111020000
00b811001322000b00b8110122010000
00b911005e22000500b9110222010000
00ba22006111001c00ba220211010000
00bb11002a22003500bb110122020000
00bc11005d22003100bc110222020000
00bd22001d11005600bd220111020000
00be22001411001500be220111010000
00bf22001a11002000bf220111010000
00c011003122002000c0110122010000
00c111002422003c00c1110122020000
00c222001e11002a00c2220111010000
00c311006422004000c3110222020000
00c422004e11005500c4220211020000
00c522006311006200c5220211020000
00c611005b22001700c6110222010000
00c722001611005200c7220111020000
00c811005122003400c8110222020000
00c911001622005100c9110122020000
00ca22005f11005400ca220211020000
00cb22002111003c00cb220111010000
00cc22005e11005300cc220211020000
00cd22003111005e00cd220111020000
00ce11005422000100ce110222010000
00cf11004322002d00cf110122010000
00d022002011001000d0220111010000
00d122004911005200d1220211020000
00d211002722005900d2110122020000
00d311005722006400d3110222020000
00d422000a11003700d4220111010000
00d511004122002600d5110122010000
00d611000f22004800d6110122020000
00d711002122006300d7110122020000
00d811000622002e00d8110122010000
00d922002011002400d9220111010000
00da22005f11002000da220211010000
00db11003722004f00db110222020000
00dc22001e11003100dc220111010000
00dd11004522002f00dd110222010000
00de11000e22004a00de110122020000
00df11006422000200df110222010000
00e022001311005300e0220111020000
00e122005911004700e1220211020000
00e211004522003800e2110222020000
00e311003d22004f00e3110222020000
00e411000722000f00e4110122010000
00e522004311001300e5220211010000
00e611000522004a00e6110122020000
00e711000e22000300e7110122010000
00e822001311002900e8220111010000
00e911002522003a00e9110122020000
00ea11003622002800ea110222010000
00eb22003311006200eb220211020000
00ec22006111005b00ec220211020000
00ed22005e11001000ed220211010000
00ee11005c22000100ee110222010000
00ef11001a22002b00ef110122010000
00f022001111005000f0220111020000
00f111004222001000f1110222010000
00f222001111005e00f2220111020000
00f311005a22004b00f3110222020000
00f422003811001600f4220211010000
00f511005122006400f5110222020000
00f622003611001900f6220211010000
00f711005722004700f7110222020000
00f811004222002200f8110222010000
00f922002c11003900f9220111010000
00fa11003122002b00fa110122010000
00fb22005411001400fb220211010000
00fc22003311006400fc220211020000
00fd11002722005300fd110122020000
00fe22005711004800fe220211020000
00ff11000c22001800ff110122010000
01002200581100260100220211010000
01011100242200370101110122010000
010211003322005c0102110122020000
01032200581100270103220211010000
01041100292200020104110122010000
010522001f11005d0105220111020000
010622003e1100620106220211020000
010722001f1100570107220111020000
010822004e1100250108220211010000
01092200011100360109220111010000
010a11004922000e010a110222010000
010b110021220000010b110122010000
010c220017110012010c220111010000
010d22002011005b010d220111020000
010e11002e220000010e110122010000
010f11004f220018010f110222010000
011011003222003f0110110122020000
011122006411000c0111220211010000
01121100342200490112110122020000
011322003311002e0113220211010000
011422003a1100490114220211020000
011511004a22000a0115110222010000
011622006411000f0116220211010000
011711000e2200230117110122010000
01181100462200220118110222010000
011922004d1100550119220211020000
011a11003a22004f011a110222020000
011b11000e220023011b110122010000
011c22004411003a011c220211020000
011d11001a22003a011d110122020000
011e22000811001b011e220111010000
011f22004e11003e011f220211020000
01201100142200220120110122010000
01211100032200600121110122020000
01222200391100190122220211010000
012322000a11003e0123220111020000
012422001c11004b0124220111020000
01252200021100480125220111020000
012611004a2200270126110222010000
012711005f2200550127110222020000
01282200631100510128220211020000
012911001f22000b0129110122010000
012a22005b11002f012a220211010000
012b22002011001b012b220111010000
012c22005511003f012c220211020000
012d110035220040012d110222020000
012e220000110036012e220111020000
012f220039110025012f220211010000
013022004c1100350130220211010000
01312200411100360131220211010000
013211005a22003b0132110222020000
01332200231100400133220111020000
01342200521100000134220211010000
01351100222200520135110122020000
013622002d1100170136220111010000
01372200411100380137220211020000
013811000622000c0138110122010000
013911006222005f0139110222020000
013a11005a22005c013a110222020000
013b110053220020013b110222010000
013c220063110051013c220211020000
013d11001f220026013d110122010000
013e22001411004f013e220111020000
013f22003011005e013f220111020000
014022003711001c0140220111010000
014122004b1100540141220211020000
014211002c2200620142110122020000
014322003e11002b0143220211010000
014422005c1100420144220211020000
01452200241100630145220111020000
014611004222003e0146110222020000
014711004b2200410147110222020000
01482200521100120148220211010000
01492200451100470149220211020000
014a220033110008014a220111010000
014b220008110021014b220111010000
014c110025220030014c110122010000
014d110026220014014d110122010000
014e22004211004a014e220211020000
014f22006311004a014f220211020000
01502200361100280150220111010000
015122001a11005c0151220111020000
015222003d11004e0152220211020000
015322005a1100390153220211020000
01541100022200600154110122020000
01551100562200260155110222010000
015622004b11003c0156220211020000
015711002e2200110157110122010000
01581100382200580158110222020000
01592200391100040159220211010000
015a11002f22001d015a110122010000
015b220047110024015b220211010000
015c11000522004c015c110122020000
015d110045220054015d110222020000
015e110051220045015e110222020000
015f220011110004015f220111010000
016022001c1100400160220111020000
01611100192200070161110122010000
016222004a1100450162220211020000
016311002d2200600163110222020000
016411004422002c0164110222010000
016511001b2200180165110122010000
016622001311001e0166220111010000
016711005222002e0167110222010000
01681100342200180168110222010000
016911005022000b0169110222010000
016a22001b11004b016a220111020000
016b11003e22004a016b110222020000
016c11002922005e016c110122020000
016d220022110000016d220111010000
016e110056220054016e110222020000
016f22001b110040016f220111020000
017011001b2200300170110122020000
01711100132200460171110122020000
017222002e1100340172220111020000
017322005a11001d0173220211010000
017411000b2200300174110122020000
01752200541100030175220211010000
01761100042200420176110122020000
017722005111002b0177220211020000
01782200501100100178220211010000
017922003111005b0179220111020000
017a110037220010017a110222010000
017b11002322001c017b110122010000
017c11003a22000f017c110222010000
017d110010220029017d110122010000
017e110035220031017e110222010000
017f110058220052017f110222020000
018011005a2200110180110222010000
018111005c2200370181110222020000
018222004c1100420182220211020000
018322002111002e0183220111010000
01841100562200440184110222020000
01851100532200480185110222020000
01861100392200170186110122010000
018722004511001e0187220211010000
01881100202200120188110122010000
018911005a22002c0189110222010000
018a220018110059018a220111020000
018b22004611003d018b220211010000
018c22003211002e018c220211010000
018d220053110047018d220211020000
018e22000f11004c018e220111020000
018f220016110023018f220111010000
019022003011003c0190220111010000
019111005a22002f0191110222010000
019211001d2200270192110122010000
019322003c1100500193220211020000
019422002011005c0194220111020000
019511001a2200280195110122010000
019622005011001e0196220211010000
01972200631100180197220211010000
019822005b1100520198220211020000
019922000511003a0199220111010000
019a22003811003b019a220211020000
019b22002211000f019b220111010000
019c22002e110028019c220111010000
019d22003811003f019d220211020000
019e22001e110030019e220111010000
019f110060220022019f110222010000
01a011001722001001a0110122010000
01a122003d11001501a1220211010000
01a211004a22003b01a2110222020000
01a322001f11005e01a3220111020000
01a411002a22004401a4110122020000
01a522005c11004801a5220211020000
01a611005022004f01a6110222020000
01a711005222001a01a7110222010000
01a822005211003901a8220211020000
01a922004a11005b01a9220211020000
01aa11005f22002201aa110222010000
01ab11004d22001001ab110222010000
01ac11003b22001401ac110122010000
01ad22005f11000001ad220211010000
01ae22002811004e01ae220111020000
01af11004c22004601af110222020000
01b022002711002e01b0220111010000
01b122005411000501b1220211010000
01b211004822004f01b2110222020000
01b322000311005a01b3220111020000
01b411001222004701b4110122020000
01b522006311003b01b5220211010000
01b622004f11004501b6220211020000
01b722000c11002e01b7220111010000
01b811003522002601b8110122010000
01b922003211005001b9220111020000
01ba22006111002501ba220211010000
01bb22002a11001d01bb220111010000
01bc11001e22001901bc110122010000
01bd11003422005b01bd110122020000
01be11006122002301be110222010000
01bf22004a11001101bf220211010000
01c022000f11006101c0220111020000
01c122001a11006201c1220111020000
01c222006311001a01c2220211010000
01c322003e11005b01c3220211020000
01c422003c11004b01c4220211020000
01c511004222006201c5110222020000
01c611004d22005701c6110222020000
01c711005e22003d01c7110222020000
01c822001511002701c8220111010000
01c911000b22002f01c9110122010000
01ca22001511005601ca220111020000
01cb11003e22001401cb110122010000
01cc11002522005e01cc110122020000
01cd11004f22000b01cd110222010000
01ce11004222005301ce110222020000
01cf11002322004201cf110122020000
01d022002e11000f01d0220111010000
01d111001422002101d1110122010000
01d222004911001f01d2220211010000
01d322004f11005801d3220211020000
01d422003d11002c01d4220211010000
01d511004022002101d5110222010000
01d622003511003001d6220211010000
01d722003f11000501d7220211010000
01d822005a11001101d8220211010000
01d911004f22003901d9110222020000
01da22000111002d01da220111020000
01db11005a22003401db110222010000
01dc22002a11000401dc220111010000
01dd22004e11000b01dd220211010000
01de22001411000101de220111010000
01df11004f22001601df110222010000
01e022004611002c01e0220211020000
01e122002711003d01e1220111020000
01e211003f22000b01e2110222010000
01e311003922002b01e3110222010000
01e411006122001601e4110222010000
01e511004c22001a01e5110222010000
01e611004c22006001e6110222020000
01e722002c11000f01e7220211010000
01e822000a11005601e8220111020000
01e922004611003001e9220211010000
01ea22003a11000901ea220211010000
01eb22001911002701eb220111010000
01ec11003c22001b01ec110222010000
01ed11003022004101ed110122020000
01ee22002e11000501ee220211010000
01ef11001f22003901ef110122020000
01f022003911004a01f0220211020000
01f122004411001301f1220211010000
01f222002c11001601f2220111010000
01f311001522001d01f3110122010000
01f411006222003001f4110222010000
01f522000b11001401f5220111010000
01f611004322004401f6110222020000
01f722004d11003d01f7220211020000
01f822001e11001101f8220111010000
01f922006311003d01f9220211020000
01fa22004111005f01fa220211020000
01fb11002622002f01fb110122010000
01fc22002411001d01fc220111010000
01fd22005d11001f01fd220211010000
01fe22000d11001e01fe220111010000
01ff22004e11000801ff220211010000
000022005011002b0000220011000000
00011100262200310001110022000000
000211005922002c0002110022000000
00031100442200000003110022000000
00042200231100500004220011000000
00052200241100300005220011000000
000622002711005d0006220011000000
00072200621100340007220011000000
00081100172200010008110022000000
00091100392200150009110022000000
000a110058220015000a110022000000
000b220037110061000b220011000000
000c22005d110013000c220011000000
000d110016220064000d110022000000
000e220031110024000e220011000000
000f220014110056000f220011000000
001022001a1100190010220011010000
00112200511100140011220211010000
001211002922000a0012110122010000
00132200381100410013220211020000
001422002211004c0014220111020000
001522002a1100070015220111010000
001611002622000c0016110122010000
00171100012200300017110122020000
00181100412200350018110222020000
001922001a1100470019220111020000
001a110031220006001a110222010000
001b11005f220006001b110222010000
001c11000c22001b001c110122010000
001d110032220003001d110222010000
001e220031110022001e220211010000
001f22002c110045001f220211020000
00202200471100260020220211010000
002122002911004f0021220211020000
00222200471100550022220211020000
00232200501100050023220211010000
002422005e11004e0024220211020000
002511000d2200550025110122020000
002622003411004a0026220211020000
00272200271100620027220111020000
002811001e2200250028110122010000
002911002a2200530029110122020000
002a220000110050002a220111020000
002b22001611004f002b220111020000
002c11000022001f002c110122010000
002d22003d11000d002d220211010000
002e110060220002002e110222010000
002f220002110003002f220111010000
003022004311002c0030220211010000
00312200281100050031220111010000
003222005a1100580032220211020000
00332200501100610033220211020000
00341100132200200034110122010000
003522000c1100010035220111010000
00361100122200170036110122010000
00371100132200440037110122020000
003822005a1100110038220211010000
003911003522000a0039110222010000
003a22002d110042003a220211020000
003b11000c220030003b110122020000
003c220043110005003c220211010000
003d22001f110026003d220111020000
003e220044110011003e220211010000
003f220021110052003f220111020000
00402200301100430040220111020000
004122002c1100540041220111020000
004222001711004b0042220111020000
004322000911000c0043220111010000
00442200101100390044220111020000
00451100482200240045110222010000
00462200581100240046220211010000
004711005322000e0047110222010000
004811003122005b0048110122020000
00492200301100530049220211020000
004a11004c220049004a110222020000
004b11002e220049004b110122020000
004c110064220048004c110222020000
004d220024110051004d220111020000
004e110030220031004e110122020000
004f11000b22005b004f110122020000
00501100572200230050110222010000
00511100012200360051110122020000
00522200381100110052220211010000
005311005b2200420053110222020000
005422004d1100150054220211010000
005511004d2200250055110222010000
005611004b22001b0056110222010000
005722000c11000c0057220111010000
00582200621100580058220211020000
005922001111001c0059220111010000
005a11000e220042005a110122020000
005b11001322001c005b110122010000
005c11003822005e005c110222020000
005d11003a220002005d110222010000
005e11006422000a005e110222010000
005f220046110054005f220211020000
006011003222004e0060110222020000
006122005e1100640061220211020000
006222002011004f0062220111020000
006311003322003a0063110122020000
006411002d22000a0064110122010000
006522000a1100530065220111020000
00661100302200450066110122020000
00671100102200620067110122020000
006811001c22005d0068110122020000
00692200321100620069220111020000
006a22004d110040006a220211020000
006b11003d220006006b110122010000
006c220009110014006c220111010000
006d22002c110011006d220111010000
006e22002811004e006e220111020000
006f22002411003d006f220111020000
007011005f2200610070110222020000
007111001e2200240071110122010000
00722200261100370072220111020000
007322005e1100310073220211010000
00742200401100640074220211020000
007511000522000f0075110122010000
00761100532200580076110222020000
007711002d2200050077110122010000
00782200491100410078220211020000
00791100222200440079110122020000
007a11003622000c007a110222010000
007b220038110010007b220211010000
007c110014220010007c110122010000
007d220029110048007d220111020000
007e22005a11004b007e220211020000
007f220033110060007f220111020000
008022004711005d0080220211020000
008111002722003b0081110122020000
008211000e22003d0082110122020000
008322002911000e0083220111010000
008422000b1100050084220111010000
008522002311004c0085220111020000
00861100462200280086110222010000
008722005c11004b0087220211020000
00882200171100300088220111010000
008922003711001f0089220211010000
008a110043220003008a110222010000
008b22002e110032008b220211010000
008c220036110048008c220211020000
008d11001222002b008d110122010000
008e11000022000c008e110122010000
008f22004d110046008f220211020000
009011003e2200350090110222020000
00912200161100020091220111010000
009211006122002e0092110222020000
00932200431100160093220211010000
00942200341100630094220211020000
009522005c11003c0095220211020000
00962200041100440096220111020000
00971100342200130097110222010000
00981100192200420098110122020000
00991100522200430099110222020000
009a220021110053009a220111020000
009b11006322003a009b110222020000
009c110003220027009c110122010000
009d110046220021009d110222010000
009e22000311001e009e220111010000
009f22003e110005009f220211010000
00a022006111002d00a0220211010000
00a122004911005500a1220211020000
00a222005c11004100a2220211020000
00a311004422004300a3110222020000
00a411002022002700a4110122010000
00a511004022002100a5110222010000
00a611005122000900a6110222010000
00a722004111004d00a7220211020000
00a822002611005000a8220111020000
00a922001511004b00a9220111020000
00aa11006322001f00aa110222010000
00ab11001322005d00ab110122020000
00ac22001d11004700ac220111020000
00ad11006122005100ad110222020000
00ae22000011002200ae220111010000
00af22004311005200af220211020000
00b011005522002600b0110222010000
00b111005422003700b1110222020000
00b211000422004500b2110122020000
00b311004e22001a00b3110222010000
00b411000022004c00b4110122020000
00b522000411001a00b5220111010000
00b622006411004600b6220211020000
00b722001611004f00b7220111020000
00b822003c11003900b8220211010000
00b922004411004100b9220211020000
00ba11005322001b00ba110222010000
00bb11000c22000300bb110122010000
00bc11000d22001000bc110122010000
00bd22001011003b00bd220111020000
00be22002b11004100be220111020000
00bf22004711003500bf220211020000
00c022003e11002f00c0220211010000
00c111003222004900c1110222020000
00c222000611002100c2220111010000
00c322002d11000500c3220211010000
00c422003711004500c4220211020000
00c522000c11004a00c5220111020000
00c611001022002300c6110122010000
00c722005011001700c7220211010000
00c811005e22003100c8110222020000
00c922005e11005900c9220211020000
00ca11004722002c00ca110222020000
00cb22003711005800cb220211020000
00cc11003c22004c00cc110222020000
00cd11005c22001d00cd110222010000
00ce22001c11004700ce220111020000
00cf22004611005900cf220211020000
00d011001322005100d0110122020000
00d122004f11004f00d1220211020000
00d211000722002f00d2110122010000
00d322004611004b00d3220211020000
00d422004011004f00d4220211020000
00d522000a11000900d5220111010000
00d622000e11004d00d6220111020000
00d711005e22000e00d7110222010000
00d822001a11005100d8220111020000
00d911006222001b00d9110222010000
00da22004411002500da220211010000
00db22001c11001300db220111010000
00dc11004822003a00dc110222020000
00dd11000622004400dd110122020000
00de22004a11002500de220211010000
00df11004f22000200df110222010000
00e022004911004700e0220211020000
00e122001211002100e1220111010000
00e222000a11001a00e2220111010000
00e311002b22003000e3110122020000
00e422002c11003700e4220211020000
00e522004711006000e5220211020000
00e611000e22001800e6110122010000
00e711003d22001500e7110222010000
00e822000111004b00e8220111020000
00e911000622000700e9110122010000
00ea22002711001c00ea220211010000
00eb22004e11005900eb220211020000
00ec11002e22002100ec110122010000
00ed11001f22005a00ed110122020000
00ee11003c22003200ee110222020000
00ef11005122005400ef110222020000
00f011005322002d00f0110222020000
00f122003f11006200f1220211020000
00f211004122005d00f2110222020000
00f322000511004500f3220111020000
00f422003711003d00f4220211020000
00f522001a11000000f5220111010000
00f611006022003900f6110222020000
00f711001622000c00f7110122010000
00f822004e11006300f8220211020000
00f911002a22003b00f9110122020000
00fa22003711004c00fa220211020000
00fb11000222001e00fb110122010000
00fc11002322005300fc110122020000
00fd11003c22004500fd110222020000
00fe11005722005600fe110222020000
00ff11001922000400ff110122010000
010022004f1100440100220211020000
010111005c22002b0101110222010000
01022200541100020102220211010000
010322006211004a0103220211020000
01042200531100220104220211010000
01051100152200550105110122020000
01061100072200530106110122020000
010711004e2200310107110222010000
01081100132200190108110122010000
01092200611100300109220211020000
010a22001e110002010a220111010000
010b110019220037010b110122010000
010c110044220028010c110222010000
010d110006220032010d110122010000
010e22003711000a010e220111010000
010f110052220052010f110222020000
011011003a2200110110110222010000
011122001011001d0111220111010000
011222002e1100510112220111020000
011322001d1100380113220111020000
011411002a22005c0114110222020000
01152200251100230115220111010000
011611003c2200150116110222010000
011711003422004f0117110222020000
01181100582200490118110222020000
011922003d11001c0119220211010000
011a110008220011011a110122010000
011b22001911004c011b220111020000
011c11003c22001d011c110222010000
011d22005411003c011d220211020000
011e22002211005d011e220111020000
011f220001110028011f220111010000
01202200511100050120220211010000
01212200181100430121220111020000
012211005322001c0122110222010000
01232200521100350123220211020000
012422004e1100160124220211010000
012522004811002f0125220211010000
01262200411100030126220211010000
01271100092200390127110122020000
01282200411100450128220211020000
012922000e1100220129220111010000
012a22003a110051012a220211020000
012b22004f110052012b220211020000
012c110007220031012c110122010000
012d220000110017012d220111010000
012e22002e11001a012e220111010000
012f22000311001f012f220111010000
013011001d2200440130110122020000
01312200381100210131220211010000
013222003b1100260132220211020000
01332200271100400133220111020000
013411002f2200340134110222020000
013522001a1100110135220111010000
01362200531100490136220211020000
01372200621100400137220211020000
013811002022002a0138110122010000
013922003d1100230139220211010000
013a22001311003a013a220111020000
013b220057110029013b220211020000
013c220058110060013c220211020000
013d11003222002c013d110222010000
013e22005111000e013e220211010000
013f11004a220005013f110222010000
01402200261100440140220111020000
014122002c11001a0141220111010000
014222002c1100090142220111010000
01432200611100460143220211020000
014422002111003c0144220111020000
014511000c22000f0145110122010000
014611001922004b0146110122020000
01472200421100450147220211020000
014822002711002b0148220111010000
014922001e11002a0149220111010000
014a11005f22003b014a110222020000
014b110051220062014b110222020000
014c110034220048014c110222020000
014d220023110064014d220111020000
014e22003511004c014e220211020000
014f110046220010014f110222010000
015011001f22001b0150110122010000
015111005122005a0151110222020000
01521100522200070152110222010000
015322002d1100120153220111010000
015411005f2200360154110222020000
015511005f22003d0155110222020000
015622003611004b0156220211020000
015711004e2200530157110222020000
015811000a2200210158110122010000
01592200601100140159220211010000
015a11003122003c015a110122020000
015b22004f11004b015b220211020000
015c110012220023015c110122010000
015d11000922004e015d110122020000
015e22002011000e015e220111010000
015f11001f220057015f110122020000
016011003622003e0160110222020000
016122004511003f0161220211020000
016222002511004e0162220111020000
016322004411000a0163220211010000
01642200131100550164220111020000
01652200491100420165220211020000
01662200241100310166220111020000
01671100542200170167110222010000
016811003b22003c0168110222020000
016911005722000f0169110222010000
016a110041220064016a110222020000
016b110024220030016b110122010000
016c220019110059016c220111020000
016d110003220038016d110122020000
016e22000a11002c016e220111010000
016f22006411004f016f220211020000
017011006422002d0170110222010000
01711100232200600171110122020000
01721100462200470172110222020000
017311005b2200080173110222010000
017411001d22002d0174110122010000
017511004722001d0175110222010000
017622001511005b0176220111020000
017711003f2200360177110222020000
01782200491100200178220211010000
017911005d22005f0179110222020000
017a220023110037017a220111010000
017b220043110059017b220211020000
017c220001110002017c220111010000
017d22005a11004b017d220211020000
017e110031220046017e110122020000
017f11001122001e017f110122010000
018011005022001f0180110222010000
018122000c1100110181220111010000
018211002d22000d0182110122010000
018311005522003c0183110222020000
018422002d1100240184220211010000
01851100172200210185110122010000
018611003e22004c0186110222020000
01872200191100130187220111010000
018822000e1100120188220111010000
018911002e22003c0189110222020000
018a11004d22001f018a110222010000
018b11003e220034018b110222020000
018c11005a220035018c110222020000
018d11002522003f018d110122020000
018e220028110017018e220211010000
018f22002811004d018f220211020000
019011003422005a0190110222020000
019122000411002b0191220111010000
01922200621100520192220211020000
01932200441100590193220211020000
019411002a2200350194110122020000
019522005411005b0195220211020000
01961100062200550196110122020000
01971100282200450197110122020000
019811005a22002d0198110222010000
01991100442200420199110222020000
019a22001111000e019a220111010000
019b22000c110025019b220111010000
019c22004a110047019c220211020000
019d220036110035019d220111010000
019e220017110002019e220111010000
019f22000211001b019f220111010000
01a022000011001201a0220111010000
01a111004322000a01a1110222010000
01a222004511004001a2220211020000
01a322002d11000501a3220211010000
01a422001f11006001a4220111020000
01a522000b11000501a5220111010000
01a611003c22005b01a6110222020000
01a722002411005101a7220211020000
01a811005422002a01a8110222020000
01a922002d11005a01a9220211020000
01aa11005122000401aa110222010000
01ab22004211006001ab220211020000
01ac22002611003301ac220211010000
01ad11004c22000f01ad110222010000
01ae22002111005701ae220111020000
01af22000511000901af220111010000
01b011004a22002801b0110222020000
01b122003c11006301b1220211020000
01b222003011005001b2220211020000
01b322002811004801b3220211020000
01b422002f11005501b4220211020000
01b511001b22005401b5110122020000
01b622000611004f01b6220111020000
01b722002011002c01b7220111010000
01b822002e11001901b8220211010000
01b911003222002301b9110122010000
01ba22004b11000b01ba220211010000
01bb11004d22001e01bb110222010000
01bc11005a22003c01bc110222020000
01bd11000822003301bd110122020000
01be11004f22003601be110222020000
01bf22000911005701bf220111020000
01c011002422001801c0110122010000
01c111005322000a01c1110222010000
01c211001622006001c2110122020000
01c322006011003b01c3220211020000
01c411004e22005301c4110222020000
01c511002c22001301c5110122010000
01c611005122002e01c6110222010000
01c711001922004501c7110122020000
01c811002f22002801c8110122010000
01c911003c22005f01c9110222020000
01ca22001511003001ca220111010000
01cb22005c11002201cb220211010000
01cc11005d22003701cc110222020000
01cd11005522002c01cd110222010000
01ce22006011002201ce220211010000
01cf22005c11000201cf220211010000
01d011005822003f01d0110222020000
01d122001111005801d1220111020000
01d222001c11001401d2220111010000
01d311000522002501d3110122010000
01d422000211002b01d4220111010000
01d522000d11004401d5220111020000
01d622005911000f01d6220211010000
01d722001711001501d7220111010000
01d822005711001501d8220211010000
01d911005022005901d9110222020000
01da11004722002501da110222010000
01db11000022004901db110122020000
01dc22003b11002601dc220211010000
01dd11000622001501dd110122010000
01de22000511004801de220111020000
01df11000a22002901df110122010000
01e011002c22003001e0110222020000
01e122003411003601e1220211020000
01e211004922004201e2110222020000
01e311000522004a01e3110122020000
01e422005e11003e01e4220211020000
01e522001c11001b01e5220111010000
01e622003011005901e6220111020000
01e711006422000001e7110222010000
01e811001a22005401e8110122020000
01e911003222002201e9110222010000
01ea22002511001901ea220111010000
01eb22004611000801eb220211010000
01ec22001111004a01ec220111020000
01ed22000b11002301ed220111010000
01ee11001022005b01ee110122020000
01ef22002c11005501ef220111020000
01f011002f22004101f0110122020000
01f111001522002201f1110122010000
01f211005222002f01f2110222010000
01f311001b22001e01f3110122010000
01f422005311004a01f4220211020000
01f511000e22001201f5110122010000
01f622000f11000e01f6220111010000
01f722002711003c01f7220111020000
01f811002522003201f8110122020000
01f911006122003901f9110222020000
01fa11001a22000501fa110122010000
01fb11003d22002901fb110222020000
01fc22003c11004101fc220211020000
01fd11001322000b01fd110122010000
01fe11003c22002501fe110222010000
01ff22005611004b01ff220211020000
000022e885111b7d0000220011000000
000111f3f322d53e0001110022000000
0002225fa411071a0002220011000000
00031115e422d3e20003110022000000
0004118ab222944b0004110022000000
0005220b8511e12a0005220011000000
000622ac2c1107a00006220011000000
000722b57911279e0007220011000000
000811d98922ccac0008110022000000
000922d57711ed110009220011000000
000a224135113f73000a220011000000
000b229e9a11c358000b220011000000
000c112abc221d91000c110022000000
000d114c4e222638000d110022000000
000e119a5222248f000e110022000000
000f22671a1123bd000f220011000000
0010221e0311c0930010220011020000
00112202b61162340011220011010000
0012115fb222c85a0012110122020000
001311e5df2293a50013110222020000
00142212a9111fd60014220111010000
0015114a0e22153b0015110122010000
00162265041130580016220211010000
0017114f7022ff400017110122020000
001822055111593c0018220111010000
0019220d2e110d2f0019220111010000
001a22457c11fca6001a220111020000
001b223c17111b23001b220111010000
001c2257d0112fc2001c220211010000
001d112cc1222a79001d110122010000
001e11063d22e29c001e110122020000
001f11a7cc228eb7001f110222020000
002011b2f322bb350020110222020000
0021113e8a2231560021110122010000
002211fafc2227f20022110222010000
0023113bbd226ece0023110122020000
00241126e4220cdd0024110122010000
00252205bf113a750025220111010000
00261106ed22a01a0026110122020000
00271198d62234e70027110222010000
0028119b132276540028110222020000
0029113d2d22e0f50029110122020000
002a11ab7b22d55c002a110222020000
002b11c797226a80002b110222010000
002c11bb8f2216bb002c110222010000
002d1176b622f9ce002d110222020000
002e22a9301142a2002e220211010000
002f2234ae119ffd002f220111020000
003022f3b11164b70030220211010000
00312295a01125d60031220211010000
003222f2bd1192fa0032220211020000
0033113df222a22a0033110122020000
0034224b3e11dd490034220111020000
00351104d62229bc0035110122010000
0036118de5226afb0036110222010000
00372298de1136af0037220211010000
00381113fe22c4ed0038110122020000
00391111222286020039110122010000
003a11a2f822f30d003a110222020000
003b22eb27111378003b220211010000
003c11b9fc228398003c110222010000
003d1109f022eadd003d110122020000
003e22d3701140a6003e220211010000
003f11b6ff2209e3003f110222010000
00401195e62240990040110222010000
00412274461180a10041220111020000
004222f2c811715c0042220211020000
004311881e22b3620043110222020000
004422d69e1132800044220211010000
004522d4ad1113eb0045220211010000
004611ab6f22918c0046110222010000
0047229d1011aedc0047220111020000
004811b8622201b50048110222010000
004922e6ef110d100049220211010000
004a11d98c2234ae004a110222010000
004b11c3322200d5004b110222010000
004c1158f8224d71004c110122010000
004d2265fd11f52d004d220111020000
004e229f7b111b21004e220211010000
004f22868411656c004f220211010000
00502252b7118d3a0050220111020000
0051119dd4225ce10051110222010000
0052227575119ea40052220111020000
005322a4a411c83f0053220211020000
0054111d2c22b4930054110122020000
005522bae011d0c70055220211020000
005622a13e115fbb0056220211010000
0057112d1722dd570057110122020000
005822574e11274b0058220111010000
005922780211025f0059220111010000
005a22ed2f113a25005a220211010000
005b2271fb11504a005b220111010000
005c220b2911a762005c220111020000
005d11762c225c57005d110222010000
005e11ca4f221aa7005e110222010000
005f11a242229d73005f110222020000
0060229c2511c9d30060220211020000
006122f4d711b47a0061220211020000
006222d2e911d6b00062220211020000
006322ed6b11e26c0063220211020000
00642216e11169470064220111010000
0065110fed22a2bd0065110122020000
006611b9692237ae0066110222010000
006722799d11f14d0067220111020000
0068225269119ea90068220111020000
0069227e0d1140810069220111010000
006a116a432225ac006a110122010000
006b22dd2011268c006b220211010000
006c11446822c3d4006c110122020000
006d22dc07113ff7006d220211010000
006e229a5011c9c5006e220211020000
006f22edb01119cf006f220211010000
0070116d6522aeca0070110122020000
0071116497223b670071110122010000
0072227fb8116e520072220111010000
0073110f0122bce50073110122020000
00742233741159cc0074220111010000
007522bc6c1174480075220211020000
00762281e511b29b0076220111020000
007711bc5022d8960077110222020000
00781168f92296a60078110222010000
007911886f2283600079110222010000
007a1126d122a448007a110122020000
007b11a43422594c007b110222010000
007c115b4c224ab0007c110122010000
007d116214220c88007d110122010000
007e223c13117465007e220111020000
007f119793222d20007f110222010000
00801111e322143f0080110122010000
008111cca322f44a0081110222020000
00822287201143440082220211010000
008322f87f1129ca0083220211010000
00841164d522ce020084110122020000
008511a92e22b7d60085110222020000
008611c05e22518d0086110222010000
008711b53a22bb310087110222020000
008822bca811fb8b0088220211020000
008911c30b22305c0089110222010000
008a22618a11eca3008a220111020000
008b117b8b227e7a008b110122020000
008c227f4e111930008c220211010000
008d11ea812239b9008d110222010000
008e224428118bc8008e220111010000
008f11069e22ca84008f110122020000
009022bcab118cec0090220211010000
009111dee12279350091110222010000
009211085022b1830092110122020000
00932229ff110a4e0093220111010000
009422e06d11f7480094220211020000
0095118c692268f80095110122010000
0096227c6c1193560096220111020000
009711ceba2274010097110222010000
009822d8901147060098220211010000
0099229cd5113c400099220211010000
009a111fd42268ea009a110122010000
009b1109f32295d6009b110122020000
009c11a64522bec8009c110222020000
009d2262f6115084009d220111010000
009e1193ac220cd0009e110222010000
009f22ebc311b0f3009f220211020000
00a011a01222541200a0110222010000
00a122d65b11fe3b00a1220211020000
00a222817311195900a2220111010000
00a32282d011bb4700a3220111020000
00a422cabc11eb6300a4220211020000
00a522891211bc0200a5220111020000
00a622c07511405400a6220211010000
00a72217c611138400a7220111010000
00a811d36b224bce00a8110222010000
00a92221ba11147000a9220111010000
00aa1132de22e05d00aa110122020000
00ab11cd8622a61600ab110222020000
00ac11f81e22b05a00ac110222020000
00ad11a99d22f76200ad110222020000
00ae112ba822c27d00ae110122020000
00af228e79116d7f00af220111010000
00b022579111211500b0220111010000
00b111f4ef22db0d00b1110222020000
00b21180dc22a60b00b2110122020000
00b311ffc422b2ae00b3110222020000
00b41168502272e100b4110122010000
00b5114cf9223ffd00b5110122010000
00b611797f2213b700b6110122010000
00b722b77011427f00b7220211010000
00b8229b951197d400b8220211020000
00b911514e22f5e300b9110122020000
00ba11e0db226acf00ba110222010000
00bb227b3211669000bb220111010000
00bc11bc4622500200bc110222010000
00bd227b6e11f78e00bd220111020000
00be22a53c113d5b00be220211010000
00bf11790622a4a100bf110122020000
00c0117f98221d4500c0110122010000
00c1222f7011dbd800c1220111020000
00c2227488119e9600c2220111020000
00c322d16311e1af00c3220211020000
00c422697f11fd3100c4220111020000
00c522ddb01105f000c5220211010000
00c611d6f6225a5300c6110222010000
00c722c8611102dd00c7220211010000
00c82275a411b90000c8220111020000
00c922b18c11407600c9220211010000
00ca22c4dc11d66400ca220211020000
00cb11b95722b4d900cb110222020000
00cc11f75c22abb700cc110222020000
00cd118fc922c85a00cd110122020000
00ce22a7a0112cdb00ce220211010000
00cf2257ef116fbc00cf220111010000
00d011004822c66000d0110122020000
00d122e15611178900d1220211010000
00d211fc5422c0ee00d2110222020000
00d31126b922b4ef00d3110122020000
00d4111a6322628300d4110122010000
00d511f3ce2270ea00d5110222010000
00d61138e622855e00d6110122010000
00d7112dc722f3ec00d7110122020000
00d81131b8220f4b00d8110122010000
00d922590a1190e600d9220111020000
00da11b9ef22961f00da110222010000
00db11c24f22f89500db110222020000
00dc226b2111c65a00dc220111020000
00dd22bbd5113ad500dd220211010000
00de22e53b11585f00de220211010000
00df11a5c6221cdb00df110222010000
00e02261d211475e00e0220111010000
00e11163dc2249ed00e1110122010000
00e211edfb22421100e2110222010000
00e3227a3a1196b000e3220111020000
00e422426611b7f600e4220111020000
00e522177711054d00e5220111010000
00e6224bb711561b00e6220111010000
00e72211bf111f0d00e7220111010000
00e8227403113abb00e8220211010000
00e911d6b3228ed400e9110222020000
00ea22054311269700ea220111010000
00eb22aece111dba00eb220211010000
00ec1199652226e000ec110222010000
00ed22bce6116e7b00ed220211020000
00ee11aabf220c2b00ee110222010000
00ef22b2f811479800ef220211010000
00f0112eba22aed200f0110122020000
00f111d99222ae4e00f1110222020000
00f211c685229ebf00f2110222020000
00f322e41911a62200f3220211020000
00f411b3b92208d100f4110222010000
00f5111c5122df2800f5110122020000
00f611950522c45500f6110222020000
00f722b1ab117bd000f7220211020000
00f8225a3d1190f800f8220111020000
00f922fac4117bf600f9220211020000
00fa221b931103e600fa220111010000
00fb224bdc11988e00fb220111020000
00fc2277db11294b00fc220111010000
00fd22268b11515e00fd220111010000
00fe225c9011579a00fe220111010000
00ff1111852260bf00ff110122010000
010022883111d5300100220211020000
01012227c111d0e80101220111020000
01021185562236bc0102110222010000
010311890722fc880103110222020000
010422107c1167ae0104220111010000
010522a05d1147f50105220211010000
01061164f722911a0106110122020000
010722a7401144200107220211010000
0108229b401162250108220211010000
010922aa7311847a0109220211020000
010a11368e22b7da010a110122020000
010b11835922ac57010b110222020000
010c114b972287c9010c110122020000
010d11faa522c99b010d110222020000
010e2298f6113530010e220211010000
010f117dfe22d1e6010f110222020000
01102298e811731d0110220211010000
0111222d3011510e0111220111010000
01122295071144990112220111010000
01132220f91182a00113220111020000
011422134811a7770114220111020000
011511bdcf22e3d90115110222020000
01161158ae22560e0116110122010000
01171128e7228d420117110122020000
01181140b322b74f0118110122020000
0119229e241148e80119220211010000
011a11eef1222953011a110222010000
011b22016c1182f5011b220111020000
011c11ddb4224df4011c110222010000
011d222cc1114f87011d220111010000
011e229dcc11132e011e220211010000
011f22609511e196011f220111020000
0120220ac411de270120220111020000
012111c8462217a70121110222010000
012211e4072228710122110222010000
0123117f8622615d0123110122020000
012411516722614b0124110122020000
012511c6392294a50125110222020000
0126110d752239b90126110122010000
0127114b092208220127110122010000
0128113dcc22a2e20128110122020000
012911dccb22fe980129110222020000
012a22ec9911b53d012a220211020000
012b220b4811cd81012b220111020000
012c22123a117315012c220111010000
012d116b3a22b58e012d110122020000
012e22123e110320012e220111010000
012f22342d11fffb012f220111020000
013011f0ef22c6600130110222020000
013122207e11341d0131220111010000
013222767b112bdb0132220211010000
013311fe8b22b0750133110222020000
013411a5c82266d50134110222010000
0135115e2622e2fe0135110122020000
0136227c02110c260136220211010000
013722bd4f1173d30137220211010000
01382252e0116dd10138220111010000
013922994e1138100139220211010000
013a112e3722cb26013a110122020000
013b11e76e221e4d013b110222010000
013c227b33116abc013c220111010000
013d22dd6e113e10013d220211010000
013e227b7711e6d2013e220111020000
013f11de6e229ff8013f110222020000
014011f45c22b8550140110222020000
014111bf9d22f2180141110222020000
014211e5212244460142110222010000
014311c947221b7c0143110222010000
0144222bf41199f10144220111020000
014511ec1422af770145110222020000
014611bf0122ba180146110222020000
014722f2b311dce40147220211020000
01481190ad2225060148110122010000
014911d97622e96d0149110222020000
014a22a3fa11cf7e014a220211020000
014b22f31c11af8c014b220211010000
014c1166df2283d6014c110122010000
014d111a8d22903d014d110122010000
014e221a941139f8014e220111010000
014f22487211b236014f220111020000
015011bb4b221c4b0150110222010000
015122026c11e4790151220111020000
015211cc92221a020152110222010000
015322379d1153660153220111010000
015422521e116fdf0154220111010000
01552220561108b90155220111010000
01561176ed2228cd0156110122010000
0157225fb411a77e0157220211020000
0158220899116a0e0158220111010000
015911baa2226c670159110222020000
015a1116b722bc8a015a110122020000
015b22ec6211156f015b220211010000
015c225d1f112017015c220211010000
015d11c59e22a1d2015d110222020000
015e22040611fcdf015e220111020000
015f22d22d1174f7015f220211010000
016022a4bf1105000160220211010000
016111562622af050161110122020000
016211476322277c0162110122010000
0163229d2111ad680163220211020000
016422ba3911e17d0164220211020000
016522767811c7750165220111020000
0166117bf4225d4b0166110122010000
016722b85d1112d10167220211010000
0168228f551111f20168220211010000
016911073b22d03a0169110122020000
016a119ec2228a15016a110222010000
016b227cd611c517016b220111020000
016c110cc422e06a016c110122020000
016d1163f7222a51016d110122010000
016e11e313226038016e110222010000
016f119dfe228fb8016f110222020000
017011d9432253a10170110222010000
017122ada4110a4a0171220211010000
017211970d2251830172110222010000
017311ddca22f1240173110222020000
01742260d0116b910174220111010000
017522f51b11cfa70175220211020000
017611e92122d1f40176110222020000
017722a7a911a7a60177220211020000
017811914f22908a0178110222010000
0179228ed2110e3e0179220111010000
017a1109ce220e85017a110122010000
017b119ae3222e68017b110222010000
017c11cd7922ad9e017c110222020000
017d116c3b226b09017d110122010000
017e1115e322ee42017e110122020000
017f22e4d111008c017f220211010000
018022f6ef11bf790180220211020000
018122782d1195650181220111020000
018222dae911a6180182220211020000
01832206a3114bab0183220111010000
0184224c9a11f15e0184220111020000
01851161c7223c660185110122010000
0186117bc322bfd10186110222020000
01872218b1116edb0187220111010000
018822c2fe11c48e0188220211020000
018911b56122165b0189110222010000
018a2296d611ad3a018a220211020000
018b2296cf11a6ec018b220211020000
018c11cebb229f08018c110222020000
018d1151b322b17c018d110122020000
018e227a3d115dac018e220111010000
018f113c07220bd4018f110122010000
019011a23822752b0190110222020000
019122d80b11a2c60191220211020000
019211360d22e16d0192110122020000
0193227b3911b53e0193220111020000
01941152f52272e30194110122010000
019511f1f42297e90195110222020000
0196228c4511b5760196220211020000
019711ce8522db310197110222020000
019811f87d227f9e0198110222010000
019922b1bb1195d60199220211010000
019a22eda6110301019a220211010000
019b11487e226444019b110122010000
019c11e7202290b1019c110222010000
019d2208d811f417019d220111020000
019e11b35d22c33a019e110222020000
019f11f01522a1ff019f110222020000
01a0221ce7112fa501a0220111010000
01a1221c2111927901a1220111010000
01a222451f11d1f801a2220111020000
01a322761d11beb501a3220111020000
01a411477b22eb0301a4110122020000
01a511244d2259fd01a5110122010000
01a611c9fc22673101a6110222010000
01a7229b7b115d7e01a7220211010000
01a82218b711266401a8220111010000
01a9119ea122c01701a9110222020000
01aa11bcb922adc301aa110222020000
01ab22319511149801ab220111010000
01ac11412a22cb8101ac110122020000
01ad2265cf114ab201ad220111010000
01ae1122eb222ade01ae110122010000
01af224a39112ee401af220111010000
01b0225caa11a8ea01b0220111020000
01b11137b82206f401b1110122010000
01b222b52211714b01b2220211020000
01b311649422fc4101b3110222020000
01b411fc672249b701b4110222010000
01b522c8b41125e801b5220211010000
01b622c605118ab301b6220211020000
01b71106bd22616001b7110122010000
01b822806f11990501b8220111020000
01b911a8be22193e01b9110222010000
01ba116ac522946e01ba110222020000
01bb22ad3d11d00401bb220211020000
01bc222582112e3c01bc220111010000
01bd22afc3117db601bd220211020000
01be220c3d11a22e01be220111020000
01bf221d5a119bf801bf220111020000
01c0115e6322d7ca01c0110122020000
01c111c1a322800301c1110222010000
01c222f94a118ce201c2220211020000
01c322d7f811db9301c3220211020000
01c411fd01227f7701c4110222010000
01c511108b22ddcc01c5110122020000
01c622890c110f3201c6220211010000
01c7224db311516201c7220111010000
01c811a5ee22be0e01c8110222020000
01c9227fee1189a801c9220111020000
01ca110cd222aab501ca110122020000
01cb22c15c113b4601cb220211010000
01cc225df2111e7b01cc220111010000
01cd22c87411147a01cd220211010000
01ce114fc722fae301ce110122020000
01cf11aa6022de4801cf110222020000
01d0223bde11540d01d0220111010000
01d122efed11951201d1220211020000
01d2117a8a224bf701d2110222010000
01d32258ab116fdd01d3220111020000
01d41184de229d8b01d4110222020000
01d522a8471119d801d5220211010000
01d6223c5d1145ca01d6220111010000
01d7222a8211303d01d7220111010000
01d822dc90112d8301d8220211010000
01d92254c411c0ab01d9220111020000
01da222e91113c4601da220111010000
01db2271f211461c01db220111010000
01dc115ad922944801dc110122020000
01dd11c774221ac301dd110222010000
01de22311511c83801de220111020000
01df118a9122676401df110222010000
01e022b2cb11a58401e0220211020000
01e122f1d311188701e1220211010000
01e211b93722103b01e2110222010000
01e311d52522b9b001e3110222020000
01e422db1a116a0301e4220211010000
01e522d751110a1c01e5220211010000
01e622121811349a01e6220111010000
01e711888b22615b01e7110222010000
01e8224e7211accb01e8220111020000
01e911c35322984101e9110222020000
01ea1157b222013c01ea110122010000
01eb1127e522b38001eb110122020000
01ec11a0c822e38201ec110222020000
01ed11ed8b22191201ed110222010000
01ee2241e011fde501ee220111020000
01ef11ef65222a8301ef110222010000
01f0220f0b112a4001f0220111010000
01f122e0f41189d701f1220211010000
01f22225731142db01f2220111010000
01f311719422f9b601f3110122020000
01f422fe8311454401f4220211010000
01f5114fab22fbde01f5110122020000
01f62257b311464701f6220111010000
01f711516e22d35501f7110122020000
01f81123dc22a64601f8110122020000
01f92273c411bfab01f9220111020000
01fa22924a11ae3201fa220211020000
01fb22c6a711019a01fb220211010000
01fc22f57d11aa2601fc220211020000
01fd22126c11c87b01fd220111020000
01fe22a47a11cddf01fe220211020000
01ff115ef122dcc801ff110122020000
000011574f22d78d0000110022000000
00011134162278350001110022000000
00021147e522c7cb0002110022000000
000322861411d61d0003220011000000
000422055311a34b0004220011000000
0005111d3c2230fd0005110022000000
0006118d6f2257c80006110022000000
00072214c11195750007220011000000
0008221e3011b40d0008220011000000
000911c20d22cd620009110022000000
000a1166f0221738000a110022000000
000b22da9c114288000b220011000000
000c223287111ffc000c220011000000
000d2239c6110222000d220011000000
000e11be30227073000e110022000000
000f221fcd11a278000f220011000000
001011823c22de500010110022020000
00111195e922df160011110022020000
001222206011fdba0012220111000000
001322ee981184190013220211000000
001411665822576f0014110122010000
00152267201108360015220111010000
0016221edc110fab0016220111010000
001722d14c1157c00017220211010000
001822a8a711dbdd0018220211020000
0019118eeb2296fb0019110222020000
001a22bfbb1176a5001a220211020000
001b1155f0225918001b110122010000
001c22e2eb110246001c220211010000
001d1187b122b453001d110222020000
001e11f33c22fb5a001e110222020000
001f228d9e1194f4001f220111020000
002011178d224ced0020110122010000
002122dcbd117b2c0021220211020000
002211483022e45e0022110122020000
002322aa5a1156240023220211010000
002411342e22ae6a0024110122020000
00252273b71109060025220111010000
002611f986228bb30026110222010000
002722aafa110dce0027220211010000
002822ff0911dc1e0028220211020000
0029112df0225c6d0029110122010000
002a227be8111497002a220111010000
002b22789e11ce8d002b220111020000
002c229594119d39002c220111020000
002d11caeb225054002d110222010000
002e117cbe227e4f002e110222010000
002f22c6da114222002f220211010000
0030228f9b1136c80030220111010000
003122d4f711af840031220211020000
0032117a7922ef070032110222020000
003311282c22d2cf0033110122020000
0034228c0011f9410034220111020000
003522d62b1134960035220211010000
00361152bb2287020036110122010000
003711812c2280be0037110222010000
00381192a922ca720038110222020000
0039223cd311a9520039220111020000
003a11eac522a50c003a110222020000
003b22cba7118cdc003b220211020000
003c11fbc222c22f003c110222020000
003d11120922d97a003d110122020000
003e22930f11874d003e220111020000
003f11187e227917003f110122010000
004022c27611ff360040220211020000
004111c85022d86b0041110222020000
00421142ea22ee620042110122020000
004311979922c4a30043110222020000
0044112b8b22d7b30044110122020000
00451163e02227ad0045110122010000
004622d9e411b1120046220211020000
00472235011124740047220111010000
0048228faa1136fb0048220111010000
00492247b411439f0049220111010000
004a1178c62290aa004a110222010000
004b2214fd1151e3004b220111010000
004c11b849220d47004c110222010000
004d110c78226732004d110122010000
004e11fe19220cca004e110222010000
004f1178f922edb7004f110222020000
005022f9c1114bc70050220211010000
005111a05f223a620051110222010000
00521180152217d20052110222010000
00531102ba22a4da0053110122020000
0054111613222abc0054110122010000
00552245a8117a610055220111020000
005622d57d11fed70056220211020000
005711641722bf530057110122020000
005822804211e5c80058220211020000
005922f90d11ded90059220211020000
005a112f45222c50005a110122010000
005b11ae7222680d005b110222010000
005c112940228e4f005c110122020000
005d2248d711f586005d220111020000
005e22751211e8da005e220111020000
005f11f0bd22cd5d005f110222020000
006011aa4522c2f80060110222020000
0061227aef11b1940061220111020000
0062112b802271680062110122010000
006311a88122e0550063110222020000
006411f3d5225e8a0064110222010000
0065112d9c2293290065110122010000
00661180a72279a00066110122010000
006711ab8c225e090067110222010000
00682236b7111fd00068220111010000
0069112a6922bf6f0069110122020000
006a11e9d92232b0006a110222010000
006b2294c111ba5c006b220211020000
006c11e543228851006c110222020000
006d22005e114806006d220111010000
006e11255d22942b006e110122020000
006f1182ea22e72b006f110122020000
00701161ab22f7c10070110122020000
007111a550225f3c0071110222010000
00722203f011b81e0072220111020000
00732285ce11678f0073220211010000
00741155a52214990074110122010000
0075114e9e221ece0075110122010000
007611c4c8229f500076110222020000
0077116e53221cb80077110122010000
00782287e411d6290078220211020000
00792246b611a7980079220111020000
007a22c79511ab85007a220211020000
007b22306811a877007b220111020000
007c11ee3922323c007c110222010000
007d22895a110500007d220211010000
007e22b93811e421007e220211020000
007f11fefb22e229007f110222020000
008011645322622a0080110122010000
0081113cd922479e0081110122010000
008222e63d11171e0082220211010000
008311702522ccad0083110122020000
008411a04a229bbb0084110222020000
008522e4931185290085220211010000
008622fa2b11f65e0086220211020000
008722d39d118c090087220211010000
008811c05c22ba780088110222020000
00891189d9223d750089110122010000
008a11f48022ce97008a110222020000
008b2242e211317e008b220111010000
008c223a04117887008c220111010000
008d226766110bf6008d220111010000
008e220dd8119a06008e220111020000
008f11c5ac22a254008f110222020000
00901195fb22f04f0090110222020000
009111e6f522b49d0091110222020000
009211b32c221df10092110222010000
00931152e02212390093110122010000
009422788a1148300094220111010000
0095110b7122c1960095110122020000
009611f63022cb300096110222020000
0097226f7c117e980097220111010000
009822cc241134990098220211010000
0099220e1311150d0099220111010000
009a113ca72201b2009a110122010000
009b11accd2255ef009b110222010000
009c11f2df221775009c110222010000
009d224f3c111a16009d220111010000
009e11942b22ffa5009e110222020000
009f220d7011276b009f220111010000
00a02241e611d48600a0220111020000
00a122ec6411f1df00a1220211020000
00a21181e7228ad300a2110222020000
00a3225d49118e3600a3220111020000
00a411ac9e22165d00a4110222010000
00a5229ef9111dec00a5220211010000
00a611c943223e1c00a6110222010000
00a7224afe1170ac00a7220111010000
00a811ff32229e3f00a8110222020000
00a911676f220a5d00a9110122010000
00aa22f65e11cb7000aa220211020000
00ab22bfa211ae4400ab220211020000
00ac11c67522200400ac110222010000
00ad11697722140e00ad110122010000
00ae11f18122bfdf00ae110222020000
00af22b74b1122e000af220211010000
00b0223f0f11164000b0220111010000
00b111134622740800b1110122020000
00b21194612243b700b2110222010000
00b311a7d222c62100b3110222020000
00b41177a422f96300b4110122020000
00b5221019117a9c00b5220111010000
00b611a38322153000b6110222010000
00b7220c20119eac00b7220111020000
00b822192f115e6e00b8220111010000
00b9116dea22e04700b9110122020000
00ba228ee911994200ba220211020000
00bb2211eb11b18a00bb220111020000
00bc2282961172a300bc220211010000
00bd2235eb11eff300bd220111020000
00be22004311273d00be220111010000
00bf22f7e611120d00bf220211010000
00c011ca8c22c98d00c0110222020000
00c1227b5711f10000c1220211020000
00c2119ec6220d4100c2110222010000
00c311b3fd2237d100c3110222010000
00c4116696220e3300c4110122010000
00c511961d22790c00c5110222020000
00c622aa311179f500c6220211010000
00c7222bfd11c4d400c7220111020000
00c822a08b11205800c8220211010000
00c9229b83116a6100c9220211010000
00ca1110d12214de00ca110122010000
00cb110fdd229e0e00cb110122020000
00cc11e97422aea900cc110222020000
00cd11eae12218bc00cd110222010000
00ce11147b22e3a500ce110122020000
00cf116a4022550800cf110122010000
00d011d5cf22044600d0110222010000
00d122e87611897900d1220211020000
00d222b25f118e9900d2220211020000
00d322dcd411375800d3220211010000
00d411e1272234ab00d4110222010000
00d522aa401106ad00d5220211010000
00d6226cfd11ce1900d6220111020000
00d7119cbc225f5e00d7110222010000
00d822213511210e00d8220111010000
00d911e25e22da4200d9110222020000
00da11d88022b47800da110222020000
00db114029227a1400db110122010000
00dc22231d1121ac00dc220111010000
00dd11e68b22c66100dd110222020000
00de224f4d11083f00de220111010000
00df22f12f1183bb00df220211020000
00e022809511c4e600e0220111020000
00e111d37422f87400e1110222020000
00e2223d3e1115eb00e2220111010000
00e311d63e22293d00e3110222010000
00e411d35d22711c00e4110222010000
00e522c2f211fee600e5220211020000
00e6116be2223edd00e6110122010000
00e7226aa51141b400e7220111010000
00e8222e0a11033e00e8220111010000
00e911312322d45f00e9110122020000
00ea11fe4a22d62500ea110222020000
00eb11f0bd229ace00eb110222020000
00ec22065b1113f600ec220111010000
00ed2221e011e97c00ed220111020000
00ee22d2bf11e85800ee220211020000
00ef11940b2213b500ef110122010000
00f0117cd422564200f0110122010000
00f122474811f39800f1220111020000
00f222c69911b5b400f2220211020000
00f311e72822e3a100f3110222020000
00f411e4cc22faf500f4110222020000
00f52294831120a800f5220211010000
00f6226dbb11dfd700f6220111020000
00f711ce37223fa100f7110222010000
00f822afab11968300f8220211010000
00f9119e7a22b7f100f9110122020000
00fa11b50322c6d600fa110222020000
00fb1167962226ab00fb110122010000
00fc1125be22986e00fc110122020000
00fd11da4d22f90800fd110222020000
00fe11c30c222f4b00fe110222010000
00ff11380922536d00ff110122010000
010022670011000b0100220111010000
01012291ad11c1f70101220111020000
010211e8d322e18c0102110222020000
010322b7b01113270103220211010000
010411faad22857f0104110222010000
010522973f1157250105220211010000
010622015e1117e80106220111010000
010711334c22454d0107110122010000
010811a28322b5f30108110222020000
010911dbbf22ae490109110222020000
010a2200101157a5010a220111010000
010b22e59b11256d010b220211010000
010c1173322297f7010c110122020000
010d229573119157010d220211020000
010e22d95d11a655010e220211020000
010f2235bd11977f010f220111020000
011022ff4311e2fc0110220211020000
011111d56822f7d10111110222020000
0112116d3e2257c40112110122010000
0113112ec0229dda0113110122020000
011422a632118ff60114220211020000
0115221f6e1137820115220111010000
011622c151110a3a0116220211010000
0117221d4c11738c0117220111010000
011822dd5011fdcc0118220211020000
011911a83a22b2870119110222020000
011a1155e6220b5a011a110122010000
011b228fb411d829011b220211020000
011c117286221b61011c110122010000
011d22a2c911c578011d220211020000
011e226fc9115219011e220111010000
011f11184c2246dd011f110122010000
012022d53111a6090120220211020000
012122b4fe1109320121220211010000
012222da92118a360122220211020000
0123221206113fc00123220111010000
012422f2a21105010124220211010000
01251121fd22d80e0125110122020000
012622fe56110bf20126220211010000
0127119dee2258a80127110222010000
012811f05622da440128110222020000
0129110a1a221b820129110122010000
012a1104ee22e62c012a110122020000
012b11c33c229355012b110222010000
012c1118f6221052012c110122010000
012d22ee86112bf1012d220211010000
012e110d47225ac2012e110122010000
012f11ea472261c3012f110222010000
013022066f11b1c20130220111020000
013111f1202213010131110222010000
0132117fd32209f70132110222010000
013322318411f37b0133220111020000
013422c1911106d10134220211010000
013511c4bd2213fb0135110222010000
013622e8a21179db0136220211010000
0137228ed211c6610137220211020000
0138220dee1191730138220111020000
0139221b6f11a5a50139220111020000
013a11d83722850a013a110222020000
013b11b036228823013b110222020000
013c225c6711df9b013c220111020000
013d22d41511540d013d220211010000
013e11fa412248fd013e110222010000
013f114b4122dee5013f110122020000
01402276e31104f10140220211010000
014111849722c2c60141110122020000
014222b62a1101aa0142220211010000
0143222aa31130110143220111010000
01441156fa220ec70144110122010000
01452202bd11e78a0145220111020000
01461172c3224e470146110122010000
014722f8e711e00e0147220211020000
014822853c11305e0148220211010000
01492232181121010149220111010000
014a22d90e11d9bd014a220211020000
014b2289e611f848014b220211020000
014c227f69119462014c220111020000
014d22fe2b11eac1014d220211020000
014e223a3d113f55014e220111010000
014f22a0d9110dad014f220211010000
0150111a902270340150110122010000
015122d00d11db0f0151220211020000
015222fdf3115d470152220211010000
01532207e21176e90153220111010000
0154119c532219d90154110222010000
015511ceb622879a0155110222010000
01561192d022ecde0156110222020000
01572272dd1169590157220111010000
01582226b411013a0158220111010000
015911a53122b0f40159110222020000
015a11f91c22dd79015a110222020000
015b11e8b522eb53015b110222020000
015c22f226119276015c220211020000
015d22cb8d11816e015d220211010000
015e22781a1187b9015e220111020000
015f2220ba1121a7015f220111010000
016022bb6611a9c50160220211020000
016122e94211fcdf0161220211020000
01621124e1228b110162110122010000
016311d1012206610163110222010000
016422d49211a98e0164220211020000
01651162f62236cd0165110122010000
01661175222215af0166110122010000
016711ef5d22bfed0167110222020000
016811e2f322b5b30168110222020000
01691170ac22c0350169110122020000
016a11ff46229330016a110222010000
016b11ca462276cc016b110222010000
016c221b76119053016c220111010000
016d229fd7114abf016d220211010000
016e2233ce11303d016e220111010000
016f2293d8118a60016f220211010000
0170223fb21101d40170220111010000
017122e7ac11d1340171220211020000
0172112e8f2263780172110122010000
017311ad0622a07f0173110222020000
0174223a9911cd6b0174220111020000
017511301122958c0175110122020000
017622453d11412b0176220111010000
01771139df22cffb0177110122020000
017811344422da6a0178110122020000
017911f3092278980179110222010000
017a11baab2243a6017a110222010000
017b226dcc1140c6017b220111010000
017c225db0114b0e017c220111010000
017d2267ad114287017d220111010000
017e22ed3e11ccf1017e220211020000
017f224c6d113a22017f220111010000
018011e7ec228df80180110222020000
0181228c7911355b0181220211010000
018222c79811461d0182220211010000
0183118944223e070183110222010000
018422652611e7870184220111020000
018522407f1199aa0185220111020000
018611b6e92217430186110222010000
0187229bf71113df0187220211010000
018811f82422fdce0188110222020000
018911e10222e4130189110222020000
018a11100d226c2f018a110122010000
018b11516c22d729018b110122020000
018c22bda91115a8018c220211010000
018d1159a1225e88018d110122010000
018e11bf45221091018e110222010000
018f115a0f2226d1018f110122010000
01901147b7224ece0190110122010000
019122da7a1104720191220211010000
019211dff52280eb0192110222020000
019311513f22cb440193110122020000
019411a52b22a4700194110222020000
01951129f422bf410195110122020000
01961133be22ff9a0196110122020000
01972295d711527f0197220111010000
01981174b022201a0198110222010000
01992289fb1169540199220111020000
019a229e21115285019a220211010000
019b22c1021115e6019b220211010000
019c227a1711fbed019c220111020000
019d22b5b9111889019d220211010000
019e2286ed116c10019e220111020000
019f226fea114c55019f220111010000
01a01173a4223b5501a0110222010000
01a111793722156501a1110222010000
01a21178b122b67101a2110222020000
01a322c8de1149ac01a3220211010000
01a411d08722d6eb01a4110222020000
01a511268922ddf801a5110122020000
01a622b8aa117d1101a6220211020000
01a711fa9e22655c01a7110222010000
01a822385911bc0201a8220111020000
01a92258cf11670a01a9220111010000
01aa11d15422f3b101aa110222020000
01ab11685c22de6201ab110122020000
01ac228039112c0801ac220111010000
01ad1195cf225f2701ad110222010000
01ae11640a22ed9101ae110122020000
01af2222e91133c301af220111010000
01b022ccd91184d301b0220211020000
01b122ce0b1180b001b1220211020000
01b222117d115d9201b2220111010000
01b322dcda111c1e01b3220211010000
01b422fd1a115b2701b4220211010000
01b52257aa1102d301b5220111010000
01b611bab322265801b6110222010000
01b71154fc22838f01b7110122010000
01b8111a7f22b3e601b8110122020000
01b9221aa91190c901b9220111020000
01ba22c8c711a3df01ba220211020000
01bb222e2511df6901bb220111020000
01bc22e15211779301bc220211020000
01bd22af221104f901bd220211010000
01be11aa4d226dc901be110222010000
01bf11f4142279c401bf110222010000
01c022cc751100aa01c0220211010000
01c11170ae22a96001c1110222020000
01c222791711b18e01c2220111020000
01c311f88a220dbb01c3110222010000
01c4222d8d118fd401c4220111020000
01c5110462220ee001c5110122010000
01c6114bb422edd601c6110122020000
01c7228eee11570901c7220211010000
01c811453622502901c8110122010000
01c9111ebb22771101c9110122010000
01ca11c129220f2f01ca110222010000
01cb11d1a72235ab01cb110222010000
01cc22588d1160bf01cc220111010000
01cd224b7011f16301cd220111020000
01ce11871222953301ce110222020000
01cf111d9022f12301cf110122020000
01d011c1fe22c5cb01d0110222020000
01d12269d1116f9701d1220111010000
01d222e03511925101d2220211020000
01d322a576115d0701d3220211010000
01d422409811671301d4220111010000
01d522b63711d98401d5220211020000
01d6222bae112ff401d6220111010000
01d722748a11bac501d7220111020000
01d8226059118bc001d8220111020000
01d9117f2f222cd701d9110122010000
01da22ee1e11f38901da220211020000
01db22f96b11635101db220211010000
01dc112b9822c66001dc110122020000
01dd22787211760101dd220111010000
01de226bbc11653d01de220111010000
01df11d78d22785801df110222010000
01e01119d322f4b801e0110122020000
01e1225a8e11699301e1220111010000
01e2222c6d11270601e2220111010000
01e322d2c8119ed701e3220211020000
01e411cd1b228bde01e4110222010000
01e51118a022257701e5110122010000
01e6112bac22571901e6110122010000
01e7220df31185fa01e7220111020000
01e81113ab22163a01e8110122010000
01e91143e322cf4c01e9110122020000
01ea11a3b7223d6901ea110222010000
01eb22ed6711b61d01eb220211020000
01ec118bd7229c6501ec110222020000
01ed22256a11d08a01ed220111020000
01ee2241c811f3e901ee220111020000
01ef11b4c7224b1c01ef110222010000
01f01111b522b18a01f0110122020000
01f122ed2111ce6801f1220211020000
01f222606911fa3901f2220111020000
01f322ba8b11f4cf01f3220211020000
01f422c4fd11495501f4220211010000
01f522005f11e51901f5220111020000
01f611ce2a22856601f6110222020000
01f722b6731197e501f7220211010000
01f81104a92263ef01f8110122010000
01f9220d6b1182cf01f9220111010000
01fa11884822574f01fa110122010000
01fb226175113e5401fb220111010000
01fc11c1ec220bd301fc110222010000
01fd114f4e22a76201fd110122020000
01fe117c4c22a0ba01fe110122020000
01ff11f804226f4601ff110222010000
